#ifndef WONTHOUND_BG_H
#define WONTHOUND_BG_H
#include <pgmspace.h>

#define WONTHOUND_BG_W 240
#define WONTHOUND_BG_H 320

// RGB565, 240x320, dim=0.55. Use: tft.setSwapBytes(true); tft.pushImage(0,0,240,320,wonthound_bg);
const uint16_t wonthound_bg[76800] PROGMEM = {
  0x0000,0x0000,0x0000,0x0000,0x0000,0x0000,0x0000,0x0000,0x0000,0x0000,0x0000,0x0000,
  0x0000,0x0000,0x0000,0x0000,0x0000,0x0000,0x0000,0x0000,0x0000,0x0000,0x0000,0x0000,
  0x0000,0x0000,0x0000,0x0000,0x0000,0x0000,0x0000,0x0000,0x0000,0x0000,0x0000,0x0000,
  0x0000,0x0000,0x0000,0x0000,0x0000,0x0000,0x0000,0x0000,0x0000,0x0000,0x0000,0x0000,
  0x0000,0x0000,0x0000,0x0000,0x0000,0x0000,0x0000,0x0000,0x0000,0x0000,0x0000,0x0000,
  0x0000,0x0000,0x0000,0x0000,0x0000,0x0000,0x0000,0x0000,0x0000,0x0000,0x0000,0x0000,
  0x0000,0x0000,0x0000,0x0000,0x0000,0x0000,0x0000,0x0000,0x0000,0x0000,0x0000,0x0000,
  0x0000,0x0000,0x0000,0x0000,0x0000,0x0000,0x0000,0x0000,0x0000,0x0000,0x0000,0x0000,
  0x0000,0x0000,0x0000,0x0000,0x0000,0x0000,0x0000,0x0000,0x0000,0x0000,0x0000,0x0000,
  0x0000,0x0000,0x0000,0x0000,0x0000,0x0000,0x0000,0x0000,0x0000,0x0000,0x0000,0x0000,
  0x0000,0x0000,0x0000,0x0000,0x0000,0x0000,0x0000,0x0000,0x0000,0x0000,0x0000,0x0000,
  0x0000,0x0000,0x0000,0x0000,0x0000,0x0000,0x0000,0x0000,0x0000,0x0000,0x0000,0x0000,
  0x0000,0x0000,0x0000,0x0000,0x0000,0x0000,0x0000,0x0000,0x0000,0x0000,0x0000,0x0000,
  0x0000,0x0000,0x0000,0x0000,0x0000,0x0000,0x0000,0x0000,0x0000,0x0000,0x0000,0x0000,
  0x0000,0x0000,0x0000,0x0000,0x0000,0x0000,0x0000,0x0000,0x0000,0x0000,0x0000,0x0000,
  0x0000,0x0000,0x0000,0x0000,0x0000,0x0000,0x0000,0x0000,0x0000,0x0000,0x0000,0x0000,
  0x0000,0x0000,0x0000,0x0000,0x0000,0x0000,0x0000,0x0000,0x0000,0x0000,0x0000,0x0000,
  0x0000,0x0000,0x0000,0x0000,0x0000,0x0000,0x0000,0x0000,0x0000,0x0000,0x0000,0x0000,
  0x0000,0x0000,0x0000,0x0000,0x0000,0x0000,0x0000,0x0000,0x0000,0x0000,0x0000,0x0000,
  0x0000,0x0000,0x0000,0x0000,0x0000,0x0000,0x0000,0x0000,0x0000,0x0000,0x0000,0x0000,
  0x0000,0x0000,0x0000,0x0000,0x0000,0x0000,0x0000,0x0000,0x0000,0x0000,0x0000,0x0000,
  0x0000,0x0000,0x0000,0x0000,0x0000,0x0000,0x0000,0x0000,0x0000,0x0000,0x0000,0x0000,
  0x0000,0x0000,0x0000,0x0000,0x0000,0x0000,0x0000,0x0000,0x0000,0x0000,0x0000,0x0000,
  0x0000,0x0000,0x0000,0x0000,0x0000,0x0000,0x0000,0x0000,0x0000,0x0000,0x0000,0x0000,
  0x0000,0x0000,0x0000,0x0000,0x0000,0x0000,0x0000,0x0000,0x0000,0x0000,0x0000,0x0000,
  0x0000,0x0000,0x0000,0x0000,0x0000,0x0000,0x0000,0x0000,0x0000,0x0000,0x0000,0x0000,
  0x0000,0x0000,0x0000,0x0000,0x0000,0x0000,0x0000,0x0000,0x0000,0x0000,0x0000,0x0000,
  0x0000,0x0000,0x0000,0x0000,0x0000,0x0000,0x0000,0x0000,0x0000,0x0000,0x0000,0x0000,
  0x0000,0x0000,0x0000,0x0000,0x0000,0x0000,0x0000,0x0000,0x0000,0x0000,0x0000,0x0000,
  0x0000,0x0000,0x0000,0x0000,0x0000,0x0000,0x0000,0x0000,0x0000,0x0000,0x0000,0x0000,
  0x0000,0x0000,0x0000,0x0000,0x0000,0x0000,0x0000,0x0000,0x0000,0x0000,0x0000,0x0000,
  0x0000,0x0000,0x0000,0x0000,0x0000,0x0000,0x0000,0x0000,0x0000,0x0000,0x0000,0x0000,
  0x0000,0x0000,0x0000,0x0000,0x0000,0x0000,0x0000,0x0000,0x0000,0x0000,0x0000,0x0000,
  0x0000,0x0000,0x0000,0x0000,0x0000,0x0000,0x0000,0x0000,0x0000,0x0000,0x0000,0x0000,
  0x0000,0x0000,0x0000,0x0000,0x0000,0x0000,0x0000,0x0000,0x0000,0x0000,0x0000,0x0000,
  0x0000,0x0000,0x0000,0x0000,0x0000,0x0000,0x0000,0x0000,0x0000,0x0000,0x0000,0x0000,
  0x0000,0x0000,0x0000,0x0000,0x0000,0x0000,0x0000,0x0000,0x0000,0x0000,0x0000,0x0000,
  0x0000,0x0000,0x0000,0x0000,0x0000,0x0000,0x0000,0x0000,0x0000,0x0000,0x0000,0x0000,
  0x0000,0x0000,0x0000,0x0000,0x0000,0x0000,0x0000,0x0000,0x0000,0x0000,0x0000,0x0000,
  0x0000,0x0000,0x0000,0x0000,0x0000,0x0000,0x0000,0x0000,0x0000,0x0000,0x0000,0x0000,
  0x0000,0x0000,0x0000,0x0000,0x0000,0x0000,0x0000,0x0000,0x0000,0x0000,0x0000,0x0000,
  0x0000,0x0000,0x0000,0x0000,0x0000,0x0000,0x0000,0x0000,0x0000,0x0000,0x0000,0x0000,
  0x0000,0x0000,0x0000,0x0000,0x0000,0x0000,0x0000,0x0000,0x0000,0x0000,0x0000,0x0000,
  0x0000,0x0000,0x0000,0x0000,0x0000,0x0000,0x0000,0x0000,0x0000,0x0000,0x0000,0x0000,
  0x0000,0x0000,0x0000,0x0000,0x0000,0x0000,0x0000,0x0000,0x0000,0x0000,0x0000,0x0000,
  0x0000,0x0000,0x0000,0x0000,0x0000,0x0000,0x0000,0x0000,0x0000,0x0000,0x0000,0x0000,
  0x0000,0x0000,0x0000,0x0000,0x0000,0x0000,0x0000,0x0000,0x0000,0x0000,0x0000,0x0000,
  0x0000,0x0000,0x0000,0x0000,0x0000,0x0000,0x0000,0x0000,0x0000,0x0000,0x0000,0x0000,
  0x0000,0x0000,0x0000,0x0000,0x0000,0x0000,0x0000,0x0000,0x0000,0x0000,0x0000,0x0000,
  0x0000,0x0000,0x0000,0x0000,0x0000,0x0000,0x0000,0x0000,0x0000,0x0000,0x0000,0x0000,
  0x0000,0x0000,0x0000,0x0000,0x0000,0x0000,0x0000,0x0000,0x0000,0x0000,0x0000,0x0000,
  0x0000,0x0000,0x0000,0x0000,0x0000,0x0000,0x0000,0x0000,0x0000,0x0000,0x0000,0x0000,
  0x0000,0x0000,0x0000,0x0000,0x0000,0x0000,0x0000,0x0000,0x0000,0x0000,0x0000,0x0000,
  0x0000,0x0000,0x0000,0x0000,0x0000,0x0000,0x0000,0x0000,0x0000,0x0000,0x0000,0x0000,
  0x0000,0x0000,0x0000,0x0000,0x0000,0x0000,0x0000,0x0000,0x0000,0x0000,0x0000,0x0000,
  0x0000,0x0000,0x0000,0x0000,0x0000,0x0000,0x0000,0x0000,0x0000,0x0000,0x0000,0x0000,
  0x0000,0x0000,0x0000,0x0000,0x0000,0x0000,0x0000,0x0000,0x0000,0x0000,0x0000,0x0000,
  0x0000,0x0000,0x0000,0x0000,0x0000,0x0000,0x0000,0x0000,0x0000,0x0000,0x0000,0x0000,
  0x0000,0x0000,0x0000,0x0000,0x0000,0x0000,0x0000,0x0000,0x0000,0x0000,0x0000,0x0000,
  0x0000,0x0000,0x0000,0x0000,0x0000,0x0000,0x0000,0x0000,0x0000,0x0000,0x0000,0x0000,
  0x0000,0x0000,0x0000,0x0000,0x0000,0x0000,0x0000,0x0000,0x0000,0x0000,0x0000,0x0000,
  0x0000,0x0000,0x0000,0x0000,0x0000,0x0000,0x0000,0x0000,0x0000,0x0000,0x0000,0x0000,
  0x0000,0x0000,0x0000,0x0000,0x0000,0x0000,0x0000,0x0000,0x0000,0x0000,0x0000,0x0000,
  0x0000,0x0000,0x0000,0x0000,0x0000,0x0000,0x0000,0x0000,0x0000,0x0000,0x0000,0x0000,
  0x0000,0x0000,0x0000,0x0000,0x0000,0x0000,0x0000,0x0000,0x0000,0x0000,0x0000,0x0000,
  0x0000,0x0000,0x0000,0x0000,0x0000,0x0000,0x0000,0x0000,0x0000,0x0000,0x0000,0x0000,
  0x0000,0x0000,0x0000,0x0000,0x0000,0x0000,0x0000,0x0000,0x0000,0x0000,0x0000,0x0000,
  0x0000,0x0000,0x0000,0x0000,0x0000,0x0000,0x0000,0x0000,0x0000,0x0000,0x0000,0x0000,
  0x0000,0x0000,0x0000,0x0000,0x0000,0x0000,0x0000,0x0000,0x0000,0x0000,0x0000,0x0000,
  0x0000,0x0000,0x0000,0x0000,0x0000,0x0000,0x0000,0x0000,0x0000,0x0000,0x0000,0x0000,
  0x0000,0x0000,0x0000,0x0000,0x0000,0x0000,0x0000,0x0000,0x0000,0x0000,0x0000,0x0000,
  0x0000,0x0000,0x0000,0x0000,0x0000,0x0000,0x0000,0x0000,0x0000,0x0000,0x0000,0x0000,
  0x0000,0x0000,0x0000,0x0000,0x0000,0x0000,0x0000,0x0000,0x0000,0x0000,0x0000,0x0000,
  0x0000,0x0000,0x0000,0x0000,0x0000,0x0000,0x0000,0x0000,0x0000,0x0000,0x0000,0x0000,
  0x0000,0x0000,0x0000,0x0000,0x0000,0x0000,0x0000,0x0000,0x0000,0x0000,0x0000,0x0000,
  0x0000,0x0000,0x0000,0x0000,0x0000,0x0000,0x0000,0x0000,0x0000,0x0000,0x0000,0x0000,
  0x0000,0x0000,0x0000,0x0000,0x0000,0x0000,0x0000,0x0000,0x0000,0x0000,0x0000,0x0000,
  0x0000,0x0000,0x0000,0x0000,0x0000,0x0000,0x0000,0x0000,0x0000,0x0000,0x0000,0x0000,
  0x0000,0x0000,0x0000,0x0000,0x0000,0x0000,0x0000,0x0000,0x0000,0x0000,0x0000,0x0000,
  0x0000,0x0000,0x0000,0x0000,0x0000,0x0000,0x0000,0x0000,0x0000,0x0000,0x0000,0x0000,
  0x0000,0x0000,0x0000,0x0000,0x0000,0x0000,0x0000,0x0000,0x0000,0x0000,0x0000,0x0000,
  0x0000,0x0000,0x0000,0x0000,0x0000,0x0000,0x0000,0x0000,0x0000,0x0000,0x0000,0x0000,
  0x0000,0x0000,0x0000,0x0000,0x0000,0x0000,0x0000,0x0000,0x0000,0x0000,0x0000,0x0000,
  0x0000,0x0000,0x0000,0x0000,0x0000,0x0000,0x0000,0x0000,0x0000,0x0000,0x0000,0x0000,
  0x0000,0x0000,0x0000,0x0000,0x0000,0x0000,0x0000,0x0000,0x0000,0x0000,0x0000,0x0000,
  0x0000,0x0000,0x0000,0x0000,0x0000,0x0000,0x0000,0x0000,0x0000,0x0000,0x0000,0x0000,
  0x0000,0x0000,0x0000,0x0000,0x0000,0x0000,0x0000,0x0000,0x0000,0x0000,0x0000,0x0000,
  0x0000,0x0000,0x0000,0x0000,0x0000,0x0000,0x0000,0x0000,0x0000,0x0000,0x0000,0x0000,
  0x0000,0x0000,0x0000,0x0000,0x0000,0x0000,0x0000,0x0000,0x0000,0x0000,0x0000,0x0000,
  0x0000,0x0000,0x0000,0x0000,0x0000,0x0000,0x0000,0x0000,0x0000,0x0000,0x0000,0x0000,
  0x0000,0x0000,0x0000,0x0000,0x0000,0x0000,0x0000,0x0000,0x0000,0x0000,0x0000,0x0000,
  0x0000,0x0000,0x0000,0x0000,0x0000,0x0000,0x0000,0x0000,0x0000,0x0000,0x0000,0x0000,
  0x0000,0x0000,0x0000,0x0000,0x0000,0x0000,0x0000,0x0000,0x0000,0x0000,0x0000,0x0000,
  0x0000,0x0000,0x0000,0x0000,0x0000,0x0000,0x0000,0x0000,0x0000,0x0000,0x0000,0x0000,
  0x0000,0x0000,0x0000,0x0000,0x0000,0x0000,0x0000,0x0000,0x0000,0x0000,0x0000,0x0000,
  0x0000,0x0000,0x0000,0x0000,0x0000,0x0000,0x0000,0x0000,0x0000,0x0000,0x0000,0x0000,
  0x0000,0x0000,0x0000,0x0000,0x0000,0x0000,0x0000,0x0000,0x0000,0x0000,0x0000,0x0000,
  0x0000,0x0000,0x0000,0x0000,0x0000,0x0000,0x0000,0x0000,0x0000,0x0000,0x0000,0x0000,
  0x0000,0x0000,0x0000,0x0000,0x0000,0x0000,0x0000,0x0000,0x0000,0x0000,0x0000,0x0000,
  0x0000,0x0000,0x0000,0x0000,0x0000,0x0000,0x0000,0x0000,0x0000,0x0000,0x0000,0x0000,
  0x0000,0x0000,0x0000,0x0000,0x0000,0x0000,0x0000,0x0000,0x0000,0x0000,0x0000,0x0000,
  0x0000,0x0000,0x0000,0x0000,0x0000,0x0000,0x0000,0x0000,0x0000,0x0000,0x0000,0x0000,
  0x0000,0x0000,0x0000,0x0000,0x0000,0x0000,0x0000,0x0000,0x0000,0x0000,0x0000,0x0000,
  0x0000,0x0000,0x0000,0x0000,0x0000,0x0000,0x0000,0x0000,0x0000,0x0000,0x0000,0x0000,
  0x0000,0x0000,0x0000,0x0000,0x0000,0x0000,0x0000,0x0000,0x0000,0x0000,0x0000,0x0000,
  0x0000,0x0000,0x0000,0x0000,0x0000,0x0000,0x0000,0x0000,0x0000,0x0000,0x0000,0x0000,
  0x0000,0x0000,0x0000,0x0000,0x0000,0x0000,0x0000,0x0000,0x0000,0x0000,0x0000,0x0000,
  0x0000,0x0000,0x0000,0x0000,0x0000,0x0000,0x0000,0x0000,0x0000,0x0000,0x0000,0x0000,
  0x0000,0x0000,0x0000,0x0000,0x0000,0x0000,0x0000,0x0000,0x0000,0x0000,0x0000,0x0000,
  0x0000,0x0000,0x0000,0x0000,0x0000,0x0000,0x0000,0x0000,0x0000,0x0000,0x0000,0x0000,
  0x0000,0x0000,0x0000,0x0000,0x0000,0x0000,0x0000,0x0000,0x0000,0x0000,0x0000,0x0000,
  0x0000,0x0000,0x0000,0x0000,0x0000,0x0000,0x0000,0x0000,0x0000,0x0000,0x0000,0x0000,
  0x0000,0x0000,0x0000,0x0000,0x0000,0x0000,0x0000,0x0000,0x0000,0x0000,0x0000,0x0000,
  0x0000,0x0000,0x0000,0x0000,0x0000,0x0000,0x0000,0x0000,0x0000,0x0000,0x0000,0x0000,
  0x0000,0x0000,0x0000,0x0000,0x0000,0x0000,0x0000,0x0000,0x0000,0x0000,0x0000,0x0000,
  0x0000,0x0000,0x0000,0x0000,0x0000,0x0000,0x0000,0x0000,0x0000,0x0000,0x0000,0x0000,
  0x0000,0x0000,0x0000,0x0000,0x0000,0x0000,0x0000,0x0000,0x0000,0x0000,0x0000,0x0000,
  0x0000,0x0000,0x0000,0x0000,0x0000,0x0000,0x0000,0x0000,0x0000,0x0000,0x0000,0x0000,
  0x0000,0x0000,0x0000,0x0000,0x0000,0x0000,0x0000,0x0000,0x0000,0x0001,0x0001,0x0000,
  0x0000,0x0000,0x0000,0x0000,0x0000,0x0000,0x0000,0x0000,0x0000,0x0000,0x0000,0x0000,
  0x0000,0x0000,0x0000,0x0000,0x0000,0x0000,0x0000,0x0000,0x0000,0x0000,0x0000,0x0000,
  0x0000,0x0000,0x0000,0x0000,0x0000,0x0000,0x0000,0x0000,0x0000,0x0000,0x0000,0x0000,
  0x0000,0x0000,0x0000,0x0000,0x0000,0x0000,0x0000,0x0000,0x0000,0x0000,0x0000,0x0000,
  0x0000,0x0000,0x0000,0x0000,0x0000,0x0000,0x0000,0x0000,0x0000,0x0000,0x0000,0x0000,
  0x0000,0x0000,0x0000,0x0000,0x0000,0x0000,0x0000,0x0000,0x0000,0x0000,0x0000,0x0000,
  0x0000,0x0000,0x0000,0x0000,0x0000,0x0000,0x0000,0x0000,0x0000,0x0000,0x0000,0x0000,
  0x0000,0x0000,0x0000,0x0000,0x0000,0x0000,0x0000,0x0000,0x0000,0x0000,0x0000,0x0000,
  0x0000,0x0000,0x0000,0x0000,0x0000,0x0000,0x0000,0x0000,0x0000,0x0000,0x0000,0x0000,
  0x0000,0x0000,0x0000,0x0000,0x0000,0x0000,0x0000,0x0000,0x0000,0x0000,0x0000,0x0000,
  0x0000,0x0000,0x0000,0x0000,0x0000,0x0000,0x0000,0x0000,0x0000,0x0000,0x0000,0x0000,
  0x0000,0x0000,0x0000,0x0000,0x0000,0x0000,0x0000,0x0000,0x0000,0x0000,0x0000,0x0000,
  0x0000,0x0000,0x0000,0x0000,0x0000,0x0000,0x0000,0x0000,0x0000,0x0000,0x0000,0x0000,
  0x0000,0x0000,0x0000,0x0000,0x0000,0x0000,0x0000,0x0000,0x0000,0x0000,0x0000,0x0000,
  0x0000,0x0000,0x0000,0x0000,0x0000,0x0000,0x0000,0x0000,0x0000,0x0000,0x0000,0x0000,
  0x0000,0x0000,0x0000,0x0000,0x0000,0x0000,0x0000,0x0000,0x0000,0x0000,0x0000,0x0000,
  0x0000,0x0000,0x0000,0x0000,0x0000,0x0000,0x0000,0x0000,0x0000,0x0000,0x0000,0x0000,
  0x0000,0x0000,0x0000,0x0000,0x0000,0x0000,0x0000,0x0000,0x0000,0x0000,0x0000,0x0000,
  0x0000,0x0000,0x0000,0x0000,0x0000,0x0000,0x0000,0x0000,0x0000,0x0000,0x0000,0x0000,
  0x0000,0x0000,0x0000,0x0000,0x0000,0x0000,0x0000,0x0000,0x0000,0x0001,0x0000,0x0000,
  0x0000,0x0000,0x0000,0x0000,0x0000,0x0000,0x0000,0x0000,0x0000,0x0000,0x0000,0x0000,
  0x0000,0x0000,0x0000,0x0000,0x0000,0x0000,0x0000,0x0000,0x0000,0x0000,0x0000,0x0000,
  0x0000,0x0000,0x0000,0x0000,0x0000,0x0000,0x0000,0x0000,0x0000,0x0000,0x0000,0x0000,
  0x0000,0x0000,0x0000,0x0000,0x0000,0x0000,0x0000,0x0000,0x0000,0x0000,0x0000,0x0000,
  0x0000,0x0000,0x0000,0x0000,0x0000,0x0000,0x0000,0x0000,0x0000,0x0000,0x0000,0x0000,
  0x0000,0x0000,0x0000,0x0000,0x0000,0x0000,0x0000,0x0000,0x0000,0x0000,0x0000,0x0000,
  0x0000,0x0000,0x0000,0x0000,0x0000,0x0000,0x0000,0x0000,0x0000,0x0000,0x0000,0x0000,
  0x0000,0x0000,0x0000,0x0000,0x0000,0x0000,0x0000,0x0000,0x0000,0x0000,0x0000,0x0000,
  0x0000,0x0000,0x0000,0x0000,0x0000,0x0000,0x0000,0x0000,0x0000,0x0000,0x0000,0x0000,
  0x0000,0x0000,0x0000,0x0000,0x0000,0x0000,0x0000,0x0000,0x0000,0x0000,0x0000,0x0000,
  0x0000,0x0000,0x0000,0x0000,0x0000,0x0000,0x0000,0x0000,0x0000,0x0000,0x0000,0x0000,
  0x0000,0x0000,0x0000,0x0000,0x0000,0x0000,0x0000,0x0000,0x0000,0x0000,0x0000,0x0000,
  0x0000,0x0000,0x0000,0x0000,0x0000,0x0000,0x0000,0x0000,0x0000,0x0000,0x0000,0x0000,
  0x0000,0x0000,0x0000,0x0000,0x0000,0x0000,0x0000,0x0000,0x0000,0x0000,0x0000,0x0000,
  0x0000,0x0000,0x0000,0x0000,0x0000,0x0000,0x0000,0x0000,0x0000,0x0000,0x0000,0x0000,
  0x0000,0x0000,0x0000,0x0000,0x0000,0x0000,0x0000,0x0000,0x0000,0x0000,0x0000,0x0000,
  0x0000,0x0000,0x0000,0x0000,0x0000,0x0000,0x0000,0x0000,0x0000,0x0000,0x0000,0x0000,
  0x0000,0x0000,0x0000,0x0000,0x0000,0x0000,0x0000,0x0000,0x0000,0x0000,0x0000,0x0000,
  0x0000,0x0000,0x0000,0x0000,0x0000,0x0000,0x0000,0x0000,0x0000,0x0000,0x0000,0x0000,
  0x0000,0x0000,0x0000,0x0000,0x0000,0x0000,0x0000,0x0000,0x0000,0x0000,0x0000,0x0000,
  0x0000,0x0000,0x0000,0x0000,0x0000,0x0000,0x0000,0x0000,0x0000,0x0000,0x0000,0x0000,
  0x0000,0x0000,0x0000,0x0000,0x0000,0x0000,0x0000,0x0000,0x0000,0x0000,0x0000,0x0000,
  0x0000,0x0000,0x0000,0x0000,0x0000,0x0000,0x0000,0x0000,0x0000,0x0000,0x0000,0x0000,
  0x0000,0x0000,0x0000,0x0000,0x0000,0x0000,0x0000,0x0000,0x0000,0x0000,0x0000,0x0000,
  0x0000,0x0000,0x0000,0x0000,0x0000,0x0000,0x0000,0x0000,0x0000,0x0000,0x0000,0x0000,
  0x0000,0x0000,0x0000,0x0000,0x0000,0x0000,0x0000,0x0000,0x0000,0x0000,0x0000,0x0000,
  0x0000,0x0000,0x0000,0x0000,0x0000,0x0000,0x0000,0x0000,0x0000,0x0000,0x0000,0x0000,
  0x0000,0x0000,0x0000,0x0000,0x0000,0x0000,0x0000,0x0000,0x0000,0x0000,0x0000,0x0000,
  0x0000,0x0000,0x0000,0x0000,0x0000,0x0000,0x0000,0x0000,0x0000,0x0000,0x0000,0x0000,
  0x0000,0x0000,0x0000,0x0000,0x0000,0x0000,0x0000,0x0000,0x0000,0x0000,0x0000,0x0000,
  0x0000,0x0000,0x0000,0x0000,0x0000,0x0000,0x0000,0x0000,0x0000,0x0000,0x0000,0x0000,
  0x0000,0x0000,0x0000,0x0000,0x0000,0x0000,0x0000,0x0000,0x0000,0x0000,0x0000,0x0000,
  0x0000,0x0000,0x0000,0x0000,0x0000,0x0000,0x0000,0x0000,0x0000,0x0000,0x0000,0x0000,
  0x0000,0x0000,0x0000,0x0000,0x0000,0x0000,0x0000,0x0000,0x0000,0x0000,0x0000,0x0000,
  0x0000,0x0000,0x0000,0x0000,0x0000,0x0000,0x0000,0x0000,0x0000,0x0000,0x0000,0x0000,
  0x0000,0x0000,0x0000,0x0000,0x0000,0x0000,0x0000,0x0000,0x0000,0x0000,0x0000,0x0000,
  0x0000,0x0000,0x0000,0x0000,0x0000,0x0000,0x0000,0x0000,0x0000,0x0000,0x0000,0x0000,
  0x0000,0x0000,0x0000,0x0000,0x0000,0x0000,0x0000,0x0000,0x0000,0x0000,0x0000,0x0000,
  0x0000,0x0000,0x0000,0x0000,0x0000,0x0000,0x0000,0x0000,0x0000,0x0000,0x0000,0x0000,
  0x0000,0x0000,0x0000,0x0000,0x0000,0x0000,0x0000,0x0000,0x0000,0x0000,0x0000,0x0000,
  0x0000,0x0000,0x0000,0x0000,0x0000,0x0000,0x0000,0x0000,0x0000,0x0000,0x0000,0x0000,
  0x0000,0x0000,0x0000,0x0000,0x0000,0x0000,0x0000,0x0000,0x0000,0x0000,0x0000,0x0000,
  0x0000,0x0000,0x0000,0x0000,0x0000,0x0000,0x0000,0x0000,0x0000,0x0000,0x0000,0x0000,
  0x0000,0x0000,0x0000,0x0000,0x0000,0x0000,0x0000,0x0000,0x0000,0x0000,0x0000,0x0000,
  0x0000,0x0000,0x0000,0x0000,0x0000,0x0000,0x0000,0x0000,0x0000,0x0000,0x0000,0x0000,
  0x0000,0x0000,0x0000,0x0000,0x0000,0x0000,0x0000,0x0000,0x0000,0x0000,0x0000,0x0000,
  0x0000,0x0000,0x0000,0x0000,0x0000,0x0000,0x0000,0x0000,0x0000,0x0000,0x0000,0x0000,
  0x0000,0x0000,0x0000,0x0000,0x0000,0x0000,0x0000,0x0000,0x0000,0x0000,0x0000,0x0000,
  0x0000,0x0000,0x0000,0x0000,0x0000,0x0000,0x0000,0x0000,0x0000,0x0000,0x0000,0x0000,
  0x0000,0x0000,0x0000,0x0000,0x0000,0x0000,0x0000,0x0000,0x0000,0x0000,0x0000,0x0000,
  0x0000,0x0000,0x0000,0x0000,0x0000,0x0000,0x0000,0x0000,0x0000,0x0000,0x0000,0x0000,
  0x0000,0x0000,0x0000,0x0000,0x0000,0x0000,0x0000,0x0000,0x0000,0x0000,0x0000,0x0000,
  0x0000,0x0000,0x0000,0x0000,0x0000,0x0000,0x0000,0x0000,0x0000,0x0000,0x0000,0x0000,
  0x0000,0x0000,0x0000,0x0000,0x0000,0x0000,0x0000,0x0000,0x0000,0x0000,0x0000,0x0000,
  0x0000,0x0000,0x0000,0x0000,0x0000,0x0000,0x0000,0x0000,0x0000,0x0000,0x0000,0x0000,
  0x0000,0x0000,0x0000,0x0000,0x0000,0x0000,0x0000,0x0000,0x0000,0x0000,0x0000,0x0000,
  0x0000,0x0000,0x0000,0x0000,0x0000,0x0000,0x0000,0x0000,0x0000,0x0000,0x0000,0x0000,
  0x0000,0x0000,0x0000,0x0000,0x0000,0x0000,0x0000,0x0000,0x0000,0x0000,0x0000,0x0000,
  0x0000,0x0000,0x0000,0x0000,0x0000,0x0000,0x0000,0x0000,0x0000,0x0000,0x0000,0x0000,
  0x0000,0x0000,0x0000,0x0000,0x0000,0x0000,0x0000,0x0000,0x0000,0x0000,0x0000,0x0000,
  0x0000,0x0000,0x0000,0x0000,0x0000,0x0000,0x0000,0x0000,0x0000,0x0000,0x0000,0x0000,
  0x0000,0x0000,0x0000,0x0000,0x0000,0x0000,0x0000,0x0000,0x0000,0x0000,0x0000,0x0000,
  0x0000,0x0000,0x0000,0x0000,0x0000,0x0000,0x0000,0x0000,0x0000,0x0000,0x0000,0x0000,
  0x0000,0x0000,0x0000,0x0000,0x0000,0x0000,0x0000,0x0000,0x0000,0x0000,0x0000,0x0000,
  0x0000,0x0000,0x0000,0x0000,0x0000,0x0000,0x0000,0x0000,0x0000,0x0000,0x0000,0x0000,
  0x0000,0x0000,0x0000,0x0000,0x0000,0x0000,0x0000,0x0000,0x0000,0x0000,0x0000,0x0000,
  0x0000,0x0000,0x0000,0x0000,0x0000,0x0000,0x0000,0x0000,0x0000,0x0000,0x0000,0x0000,
  0x0000,0x0000,0x0000,0x0000,0x0000,0x0000,0x0000,0x0000,0x0000,0x0000,0x0000,0x0000,
  0x0000,0x0000,0x0000,0x0000,0x0000,0x0000,0x0000,0x0000,0x0000,0x0000,0x0000,0x0000,
  0x0000,0x0000,0x0000,0x0000,0x0000,0x0000,0x0000,0x0000,0x0000,0x0000,0x0000,0x0000,
  0x0000,0x0000,0x0000,0x0000,0x0000,0x0000,0x0000,0x0000,0x0000,0x0000,0x0000,0x0000,
  0x0000,0x0000,0x0000,0x0000,0x0000,0x0000,0x0000,0x0000,0x0000,0x0000,0x0000,0x0000,
  0x0000,0x0000,0x0000,0x0000,0x0000,0x0000,0x0000,0x0000,0x0000,0x0000,0x0000,0x0000,
  0x0000,0x0000,0x0000,0x0000,0x0000,0x0000,0x0000,0x0000,0x0000,0x0000,0x0000,0x0000,
  0x0000,0x0000,0x0000,0x0000,0x0000,0x0000,0x0000,0x0000,0x0000,0x0000,0x0000,0x0000,
  0x0000,0x0000,0x0000,0x0000,0x0000,0x0000,0x0000,0x0000,0x0000,0x0000,0x0000,0x0000,
  0x0000,0x0000,0x0000,0x0000,0x0000,0x0000,0x0000,0x0000,0x0000,0x0000,0x0000,0x0000,
  0x0000,0x0000,0x0000,0x0000,0x0000,0x0000,0x0000,0x0000,0x0000,0x0000,0x0000,0x0000,
  0x0000,0x0000,0x0000,0x0000,0x0000,0x0000,0x0000,0x0000,0x0000,0x0000,0x0000,0x0000,
  0x0000,0x0000,0x0000,0x0000,0x0000,0x0000,0x0000,0x0000,0x0000,0x0000,0x0000,0x0000,
  0x0000,0x0000,0x0000,0x0000,0x0000,0x0000,0x0000,0x0000,0x0000,0x0000,0x0000,0x0000,
  0x0000,0x0000,0x0000,0x0000,0x0000,0x0000,0x0000,0x0000,0x0000,0x0000,0x0000,0x0000,
  0x0000,0x0000,0x0000,0x0000,0x0000,0x0000,0x0000,0x0000,0x0000,0x0000,0x0000,0x0000,
  0x0000,0x0000,0x0000,0x0000,0x0000,0x0000,0x0000,0x0000,0x0000,0x0000,0x0000,0x0000,
  0x0000,0x0000,0x0000,0x0000,0x0000,0x0000,0x0000,0x0000,0x0000,0x0000,0x0000,0x0000,
  0x0000,0x0000,0x0000,0x0000,0x0000,0x0000,0x0000,0x0000,0x0000,0x0000,0x0000,0x0000,
  0x0000,0x0000,0x0000,0x0000,0x0000,0x0000,0x0000,0x0000,0x0000,0x0000,0x0000,0x0000,
  0x0000,0x0000,0x0000,0x0000,0x0000,0x0000,0x0000,0x0000,0x0000,0x0000,0x0000,0x0000,
  0x0000,0x0000,0x0000,0x0000,0x0000,0x0000,0x0000,0x0000,0x0000,0x0000,0x0000,0x0000,
  0x0000,0x0000,0x0000,0x0000,0x0000,0x0000,0x0000,0x0000,0x0000,0x0000,0x0000,0x0000,
  0x0000,0x0000,0x0000,0x0000,0x0000,0x0000,0x0000,0x0000,0x0000,0x0000,0x0000,0x0000,
  0x0000,0x0000,0x0000,0x0000,0x0000,0x0000,0x0000,0x0000,0x0000,0x0000,0x0000,0x0000,
  0x0000,0x0000,0x0000,0x0000,0x0000,0x0000,0x0000,0x0000,0x0000,0x0000,0x0000,0x0000,
  0x0000,0x0000,0x0000,0x0000,0x0000,0x0000,0x0000,0x0000,0x0000,0x0000,0x0000,0x0000,
  0x0000,0x0000,0x0000,0x0000,0x0000,0x0000,0x0000,0x0000,0x0000,0x0000,0x0000,0x0000,
  0x0000,0x0000,0x0000,0x0000,0x0000,0x0000,0x0000,0x0000,0x0000,0x0000,0x0000,0x0000,
  0x0000,0x0000,0x0000,0x0000,0x0000,0x0000,0x0000,0x0000,0x0000,0x0000,0x0000,0x0000,
  0x0000,0x0000,0x0000,0x0000,0x0000,0x0000,0x0000,0x0000,0x0000,0x0000,0x0000,0x0000,
  0x0000,0x0000,0x0000,0x0000,0x0000,0x0000,0x0000,0x0000,0x0000,0x0000,0x0000,0x0000,
  0x0000,0x0000,0x0000,0x0000,0x0000,0x0000,0x0000,0x0000,0x0000,0x0000,0x0000,0x0000,
  0x0000,0x0000,0x0000,0x0000,0x0000,0x0000,0x0000,0x0000,0x0000,0x0000,0x0000,0x0000,
  0x0000,0x0000,0x0000,0x0000,0x0000,0x0000,0x0000,0x0000,0x0000,0x0000,0x0000,0x0000,
  0x0000,0x0000,0x0000,0x0000,0x0000,0x0000,0x0000,0x0000,0x0000,0x0000,0x0000,0x0000,
  0x0000,0x0000,0x0000,0x0000,0x0000,0x0000,0x0000,0x0000,0x0000,0x0000,0x0000,0x0000,
  0x0000,0x0000,0x0000,0x0000,0x0000,0x0000,0x0000,0x0000,0x0000,0x0000,0x0000,0x0000,
  0x0000,0x0000,0x0000,0x0000,0x0000,0x0000,0x0000,0x0000,0x0000,0x0000,0x0000,0x0000,
  0x0000,0x0000,0x0000,0x0000,0x0000,0x0000,0x0000,0x0000,0x0000,0x0000,0x0000,0x0000,
  0x0000,0x0000,0x0000,0x0000,0x0000,0x0000,0x0000,0x0000,0x0000,0x0000,0x0000,0x0000,
  0x0000,0x0000,0x0000,0x0000,0x0000,0x0000,0x0000,0x0000,0x0000,0x0000,0x0000,0x0000,
  0x0000,0x0000,0x0000,0x0000,0x0000,0x0000,0x0000,0x0000,0x0000,0x0000,0x0000,0x0000,
  0x0000,0x0000,0x0000,0x0000,0x0000,0x0000,0x0000,0x0000,0x0000,0x0000,0x0000,0x0000,
  0x0000,0x0000,0x0000,0x0000,0x0000,0x0000,0x0000,0x0000,0x0000,0x0000,0x0000,0x0000,
  0x0000,0x0000,0x0000,0x0000,0x0000,0x0000,0x0000,0x0000,0x0000,0x0000,0x0000,0x0000,
  0x0000,0x0000,0x0000,0x0000,0x0000,0x0000,0x0000,0x0000,0x0000,0x0000,0x0000,0x0000,
  0x0000,0x0000,0x0000,0x0000,0x0000,0x0000,0x0000,0x0000,0x0000,0x0000,0x0000,0x0000,
  0x0000,0x0000,0x0000,0x0000,0x0000,0x0000,0x0000,0x0000,0x0000,0x0000,0x0000,0x0000,
  0x0000,0x0000,0x0000,0x0000,0x0000,0x0000,0x0000,0x0000,0x0000,0x0000,0x0000,0x0000,
  0x0000,0x0000,0x0000,0x0000,0x0000,0x0000,0x0000,0x0000,0x0000,0x0000,0x0000,0x0000,
  0x0000,0x0000,0x0000,0x0000,0x0000,0x0000,0x0000,0x0000,0x0000,0x0000,0x0000,0x0000,
  0x0000,0x0000,0x0000,0x0000,0x0000,0x0000,0x0000,0x0000,0x0000,0x0000,0x0000,0x0000,
  0x0000,0x0000,0x0000,0x0000,0x0000,0x0000,0x0000,0x0000,0x0000,0x0000,0x0000,0x0000,
  0x0000,0x0000,0x0000,0x0000,0x0000,0x0000,0x0000,0x0000,0x0000,0x0000,0x0000,0x0000,
  0x0000,0x0000,0x0000,0x0000,0x0000,0x0000,0x0000,0x0000,0x0000,0x0000,0x0000,0x0000,
  0x0000,0x0000,0x0000,0x0000,0x0000,0x0000,0x0000,0x0000,0x0000,0x0000,0x0000,0x0000,
  0x0000,0x0000,0x0000,0x0000,0x0000,0x0000,0x0000,0x0000,0x0000,0x0000,0x0000,0x0000,
  0x0000,0x0000,0x0000,0x0000,0x0000,0x0000,0x0000,0x0000,0x0000,0x0000,0x0000,0x0000,
  0x0000,0x0000,0x0000,0x0000,0x0000,0x0000,0x0000,0x0000,0x0000,0x0000,0x0000,0x0000,
  0x0000,0x0000,0x0000,0x0000,0x0000,0x0000,0x0000,0x0000,0x0000,0x0000,0x0000,0x0000,
  0x0000,0x0000,0x0000,0x0000,0x0000,0x0000,0x0000,0x0000,0x0000,0x0000,0x0000,0x0000,
  0x0000,0x0000,0x0000,0x0000,0x0000,0x0000,0x0000,0x0000,0x0000,0x0000,0x0000,0x0000,
  0x0000,0x0000,0x0000,0x0000,0x0000,0x0000,0x0000,0x0000,0x0000,0x0000,0x0000,0x0000,
  0x0000,0x0000,0x0000,0x0000,0x0000,0x0000,0x0000,0x0000,0x0000,0x0000,0x0000,0x0000,
  0x0000,0x0000,0x0000,0x0000,0x0000,0x0000,0x0000,0x0000,0x0000,0x0000,0x0000,0x0000,
  0x0000,0x0000,0x0000,0x0000,0x0000,0x0000,0x0000,0x0000,0x0000,0x0000,0x0000,0x0000,
  0x0000,0x0000,0x0000,0x0000,0x0000,0x0000,0x0000,0x0000,0x0000,0x0000,0x0000,0x0000,
  0x0000,0x0000,0x0000,0x0000,0x0000,0x0000,0x0000,0x0000,0x0000,0x0000,0x0000,0x0000,
  0x0000,0x0000,0x0000,0x0000,0x0000,0x0000,0x0000,0x0000,0x0000,0x0000,0x0000,0x0000,
  0x0000,0x0000,0x0000,0x0000,0x0000,0x0000,0x0000,0x0000,0x0000,0x0000,0x0000,0x0000,
  0x0000,0x0000,0x0000,0x0000,0x0000,0x0000,0x0000,0x0000,0x0000,0x0000,0x0000,0x0000,
  0x0000,0x0000,0x0000,0x0000,0x0000,0x0000,0x0000,0x0000,0x0000,0x0000,0x0000,0x0000,
  0x0000,0x0000,0x0000,0x0000,0x0000,0x0000,0x0000,0x0000,0x0000,0x0000,0x0000,0x0000,
  0x0000,0x0000,0x0000,0x0000,0x0000,0x0000,0x0000,0x0000,0x0000,0x0000,0x0000,0x0000,
  0x0000,0x0000,0x0000,0x0000,0x0000,0x0000,0x0000,0x0000,0x0000,0x0000,0x0000,0x0000,
  0x0000,0x0000,0x0000,0x0000,0x0000,0x0000,0x0000,0x0000,0x0000,0x0000,0x0000,0x0000,
  0x0000,0x0000,0x0000,0x0000,0x0000,0x0000,0x0000,0x0000,0x0000,0x0000,0x0000,0x0000,
  0x0000,0x0000,0x0000,0x0000,0x0000,0x0000,0x0000,0x0000,0x0000,0x0000,0x0000,0x0000,
  0x0000,0x0000,0x0000,0x0000,0x0000,0x0000,0x0000,0x0000,0x0000,0x0000,0x0000,0x0000,
  0x0000,0x0000,0x0000,0x0000,0x0000,0x0000,0x0000,0x0000,0x0000,0x0000,0x0000,0x0000,
  0x0000,0x0000,0x0000,0x0000,0x0000,0x0000,0x0000,0x0000,0x0000,0x0000,0x0000,0x0000,
  0x0000,0x0000,0x0000,0x0000,0x0000,0x0000,0x0000,0x0000,0x0000,0x0000,0x0000,0x0000,
  0x0000,0x0000,0x0000,0x0000,0x0000,0x0000,0x0000,0x0000,0x0000,0x0000,0x0000,0x0000,
  0x0000,0x0000,0x0000,0x0000,0x0000,0x0000,0x0000,0x0000,0x0000,0x0000,0x0000,0x0000,
  0x0000,0x0000,0x0000,0x0000,0x0000,0x0000,0x0000,0x0000,0x0000,0x0000,0x0000,0x0000,
  0x0000,0x0000,0x0000,0x0000,0x0000,0x0000,0x0000,0x0000,0x0000,0x0000,0x0000,0x0000,
  0x0000,0x0000,0x0000,0x0000,0x0000,0x0000,0x0000,0x0000,0x0000,0x0000,0x0000,0x0000,
  0x0000,0x0000,0x0000,0x0000,0x0000,0x0000,0x0000,0x0000,0x0000,0x0000,0x0000,0x0000,
  0x0000,0x0000,0x0000,0x0000,0x0000,0x0000,0x0000,0x0000,0x0000,0x0000,0x0000,0x0000,
  0x0000,0x0000,0x0000,0x0000,0x0000,0x0000,0x0000,0x0000,0x0000,0x0000,0x0000,0x0000,
  0x0000,0x0000,0x0000,0x0000,0x0000,0x0000,0x0000,0x0000,0x0000,0x0000,0x0000,0x0000,
  0x0000,0x0000,0x0000,0x0000,0x0000,0x0000,0x0000,0x0000,0x0000,0x0000,0x0000,0x0000,
  0x0000,0x0000,0x0000,0x0000,0x0000,0x0000,0x0000,0x0000,0x0000,0x0000,0x0000,0x0000,
  0x0000,0x0000,0x0000,0x0000,0x0000,0x0000,0x0000,0x0000,0x0000,0x0000,0x0000,0x0000,
  0x0000,0x0000,0x0000,0x0000,0x0000,0x0000,0x0000,0x0000,0x0000,0x0000,0x0000,0x0000,
  0x0000,0x0000,0x0000,0x0000,0x0000,0x0000,0x0000,0x0000,0x0000,0x0000,0x0000,0x0000,
  0x0000,0x0000,0x0000,0x0000,0x0000,0x0000,0x0000,0x0000,0x0000,0x0000,0x0000,0x0000,
  0x0000,0x0000,0x0000,0x0000,0x0000,0x0000,0x0000,0x0000,0x0000,0x0000,0x0000,0x0000,
  0x0000,0x0000,0x0000,0x0000,0x0000,0x0000,0x0000,0x0000,0x0000,0x0000,0x0000,0x0000,
  0x0000,0x0000,0x0000,0x0000,0x0000,0x0000,0x0000,0x0000,0x0000,0x0000,0x0000,0x0000,
  0x0000,0x0000,0x0000,0x0000,0x0000,0x0000,0x0000,0x0000,0x0000,0x0000,0x0000,0x0000,
  0x0000,0x0000,0x0000,0x0000,0x0000,0x0000,0x0000,0x0000,0x0000,0x0000,0x0000,0x0000,
  0x0000,0x0000,0x0000,0x0000,0x0000,0x0000,0x0000,0x0000,0x0000,0x0001,0x0000,0x0000,
  0x0000,0x0000,0x0000,0x0000,0x0000,0x0000,0x0000,0x0000,0x0000,0x0000,0x0000,0x0000,
  0x0000,0x0001,0x0000,0x0000,0x0000,0x0000,0x0000,0x0000,0x0000,0x0000,0x0000,0x0000,
  0x0000,0x0000,0x0000,0x0000,0x0000,0x0000,0x0000,0x0000,0x0000,0x0000,0x0000,0x0000,
  0x0000,0x0000,0x0000,0x0000,0x0000,0x0000,0x0000,0x0000,0x0000,0x0000,0x0000,0x0000,
  0x0000,0x0000,0x0000,0x0000,0x0000,0x0000,0x0000,0x0000,0x0000,0x0000,0x0000,0x0000,
  0x0000,0x0000,0x0000,0x0000,0x0000,0x0000,0x0000,0x0000,0x0000,0x0000,0x0000,0x0000,
  0x0000,0x0000,0x0000,0x0000,0x0000,0x0000,0x0000,0x0000,0x0000,0x0000,0x0000,0x0000,
  0x0000,0x0000,0x0000,0x0000,0x0000,0x0000,0x0000,0x0000,0x0000,0x0000,0x0000,0x0000,
  0x0000,0x0000,0x0000,0x0000,0x0000,0x0000,0x0000,0x0000,0x0000,0x0000,0x0000,0x0000,
  0x0000,0x0000,0x0000,0x0000,0x0000,0x0000,0x0000,0x0000,0x0000,0x0000,0x0000,0x0000,
  0x0000,0x0000,0x0000,0x0000,0x0000,0x0000,0x0000,0x0000,0x0000,0x0000,0x0000,0x0000,
  0x0000,0x0000,0x0000,0x0000,0x0000,0x0000,0x0000,0x0000,0x0000,0x0000,0x0000,0x0000,
  0x0000,0x0000,0x0000,0x0000,0x0000,0x0000,0x0000,0x0000,0x0000,0x0000,0x0000,0x0000,
  0x0000,0x0000,0x0000,0x0000,0x0000,0x0000,0x0000,0x0000,0x0000,0x0000,0x0000,0x0000,
  0x0000,0x0000,0x0000,0x0000,0x0000,0x0000,0x0000,0x0000,0x0000,0x0000,0x0000,0x0000,
  0x0000,0x0000,0x0000,0x0000,0x0000,0x0000,0x0000,0x0000,0x0000,0x0000,0x0000,0x0000,
  0x0000,0x0000,0x0000,0x0000,0x0000,0x0000,0x0000,0x0000,0x0000,0x0000,0x0000,0x0000,
  0x0000,0x0000,0x0000,0x0000,0x0000,0x0000,0x0000,0x0000,0x0000,0x0000,0x0000,0x0000,
  0x0000,0x0000,0x0000,0x0000,0x0000,0x0000,0x0000,0x0000,0x0000,0x0000,0x0000,0x0000,
  0x0000,0x0000,0x0000,0x0000,0x0000,0x0000,0x0000,0x0000,0x0000,0x0001,0x0000,0x0000,
  0x0000,0x0000,0x0000,0x0000,0x0000,0x0000,0x0000,0x0000,0x0000,0x0000,0x0000,0x0000,
  0x0000,0x0000,0x0000,0x0000,0x0000,0x0000,0x0000,0x0000,0x0000,0x0000,0x0000,0x0000,
  0x0000,0x0000,0x0000,0x0000,0x0000,0x0000,0x0000,0x0000,0x0000,0x0000,0x0000,0x0000,
  0x0000,0x0000,0x0000,0x0000,0x0000,0x0000,0x0000,0x0000,0x0000,0x0000,0x0000,0x0000,
  0x0000,0x0000,0x0000,0x0000,0x0000,0x0000,0x0000,0x0000,0x0000,0x0000,0x0000,0x0000,
  0x0000,0x0000,0x0000,0x0000,0x0000,0x0000,0x0000,0x0000,0x0000,0x0000,0x0000,0x0000,
  0x0000,0x0000,0x0000,0x0000,0x0000,0x0000,0x0000,0x0000,0x0000,0x0000,0x0000,0x0000,
  0x0000,0x0000,0x0000,0x0000,0x0000,0x0000,0x0000,0x0000,0x0000,0x0000,0x0000,0x0000,
  0x0000,0x0000,0x0000,0x0000,0x0000,0x0000,0x0000,0x0000,0x0000,0x0000,0x0000,0x0000,
  0x0000,0x0000,0x0000,0x0000,0x0000,0x0000,0x0000,0x0000,0x0000,0x0000,0x0000,0x0000,
  0x0000,0x0000,0x0000,0x0000,0x0000,0x0000,0x0000,0x0000,0x0000,0x0000,0x0000,0x0000,
  0x0000,0x0000,0x0000,0x0000,0x0000,0x0000,0x0000,0x0000,0x0000,0x0000,0x0000,0x0000,
  0x0000,0x0000,0x0000,0x0000,0x0000,0x0000,0x0000,0x0000,0x0000,0x0000,0x0000,0x0000,
  0x0000,0x0000,0x0000,0x0000,0x0000,0x0000,0x0000,0x0000,0x0000,0x0000,0x0000,0x0000,
  0x0000,0x0000,0x0000,0x0000,0x0000,0x0000,0x0000,0x0000,0x0000,0x0000,0x0000,0x0000,
  0x0000,0x0000,0x0000,0x0000,0x0000,0x0000,0x0000,0x0000,0x0000,0x0000,0x0000,0x0000,
  0x0000,0x0000,0x0000,0x0000,0x0000,0x0000,0x0000,0x0000,0x0000,0x0000,0x0000,0x0000,
  0x0000,0x0000,0x0000,0x0000,0x0000,0x0000,0x0000,0x0000,0x0000,0x0000,0x0000,0x0000,
  0x0000,0x0000,0x0000,0x0000,0x0000,0x0000,0x0000,0x0000,0x0000,0x0000,0x0000,0x0000,
  0x0000,0x0000,0x0000,0x0000,0x0000,0x0000,0x0000,0x0000,0x0000,0x0001,0x0000,0x0000,
  0x0000,0x0000,0x0000,0x0000,0x0000,0x0000,0x0000,0x0000,0x0000,0x0000,0x0000,0x0000,
  0x0000,0x0000,0x0000,0x0000,0x0000,0x0000,0x0000,0x0000,0x0000,0x0000,0x0000,0x0000,
  0x0000,0x0000,0x0000,0x0000,0x0000,0x0000,0x0000,0x0000,0x0000,0x0000,0x0000,0x0000,
  0x0000,0x0000,0x0000,0x0000,0x0000,0x0000,0x0000,0x0000,0x0000,0x0000,0x0000,0x0000,
  0x0000,0x0000,0x0000,0x0000,0x0000,0x0000,0x0000,0x0000,0x0000,0x0000,0x0000,0x0000,
  0x0000,0x0000,0x0000,0x0000,0x0000,0x0000,0x0000,0x0000,0x0000,0x0000,0x0000,0x0000,
  0x0000,0x0000,0x0000,0x0000,0x0000,0x0000,0x0000,0x0000,0x0000,0x0000,0x0000,0x0000,
  0x0000,0x0000,0x0000,0x0000,0x0000,0x0000,0x0000,0x0000,0x0000,0x0000,0x0000,0x0000,
  0x0000,0x0000,0x0000,0x0000,0x0000,0x0000,0x0000,0x0000,0x0000,0x0000,0x0000,0x0000,
  0x0000,0x0000,0x0000,0x0000,0x0000,0x0000,0x0000,0x0000,0x0000,0x0000,0x0000,0x0000,
  0x0000,0x0000,0x0000,0x0000,0x0000,0x0000,0x0000,0x0000,0x0000,0x0000,0x0000,0x0000,
  0x0000,0x0000,0x0000,0x0000,0x0000,0x0000,0x0000,0x0000,0x0000,0x0000,0x0000,0x0000,
  0x0000,0x0000,0x0000,0x0000,0x0000,0x0000,0x0000,0x0000,0x0000,0x0000,0x0000,0x0000,
  0x0000,0x0000,0x0000,0x0000,0x0000,0x0000,0x0000,0x0000,0x0000,0x0000,0x0000,0x0000,
  0x0000,0x0000,0x0000,0x0000,0x0000,0x0000,0x0000,0x0000,0x0000,0x0000,0x0000,0x0000,
  0x0000,0x0000,0x0000,0x0000,0x0000,0x0000,0x0000,0x0000,0x0000,0x0000,0x0000,0x0000,
  0x0000,0x0000,0x0000,0x0000,0x0000,0x0000,0x0000,0x0000,0x0000,0x0000,0x0000,0x0000,
  0x0000,0x0000,0x0000,0x0000,0x0000,0x0000,0x0000,0x0000,0x0000,0x0000,0x0000,0x0000,
  0x0000,0x0000,0x0000,0x0000,0x0000,0x0000,0x0000,0x0000,0x0000,0x0000,0x0000,0x0000,
  0x0000,0x0000,0x0000,0x0000,0x0000,0x0000,0x0000,0x0000,0x0000,0x0000,0x0000,0x0000,
  0x0000,0x0000,0x0000,0x0000,0x0000,0x0000,0x0000,0x0000,0x0000,0x0000,0x0000,0x0000,
  0x0000,0x0001,0x0000,0x0000,0x0000,0x0000,0x0000,0x0000,0x0000,0x0000,0x0000,0x0000,
  0x0000,0x0000,0x0000,0x0000,0x0000,0x0000,0x0000,0x0000,0x0000,0x0000,0x0000,0x0000,
  0x0000,0x0000,0x0000,0x0000,0x0000,0x0000,0x0000,0x0000,0x0000,0x0000,0x0000,0x0000,
  0x0000,0x0000,0x0000,0x0000,0x0000,0x0000,0x0000,0x0000,0x0000,0x0000,0x0000,0x0000,
  0x0000,0x0000,0x0000,0x0000,0x0000,0x0000,0x0000,0x0000,0x0000,0x0000,0x0000,0x0000,
  0x0000,0x0000,0x0000,0x0000,0x0000,0x0000,0x0000,0x0000,0x0000,0x0000,0x0000,0x0000,
  0x0000,0x0000,0x0000,0x0000,0x0000,0x0000,0x0000,0x0000,0x0000,0x0000,0x0000,0x0000,
  0x0000,0x0000,0x0000,0x0000,0x0000,0x0000,0x0000,0x0000,0x0000,0x0000,0x0000,0x0000,
  0x0000,0x0000,0x0000,0x0000,0x0000,0x0000,0x0000,0x0000,0x0000,0x0000,0x0000,0x0000,
  0x0000,0x0000,0x0000,0x0000,0x0000,0x0000,0x0000,0x0000,0x0000,0x0000,0x0000,0x0000,
  0x0000,0x0000,0x0000,0x0000,0x0000,0x0000,0x0000,0x0000,0x0000,0x0000,0x0000,0x0000,
  0x0000,0x0000,0x0000,0x0000,0x0000,0x0000,0x0000,0x0000,0x0000,0x0000,0x0000,0x0000,
  0x0000,0x0000,0x0000,0x0000,0x0000,0x0000,0x0000,0x0000,0x0000,0x0000,0x0000,0x0000,
  0x0000,0x0000,0x0000,0x0000,0x0000,0x0000,0x0000,0x0000,0x0000,0x0000,0x0000,0x0000,
  0x0000,0x0000,0x0000,0x0000,0x0000,0x0000,0x0000,0x0000,0x0000,0x0000,0x0000,0x0000,
  0x0000,0x0000,0x0000,0x0000,0x0000,0x0000,0x0000,0x0000,0x0000,0x0000,0x0000,0x0000,
  0x0000,0x0000,0x0000,0x0000,0x0000,0x0000,0x0000,0x0000,0x0000,0x0000,0x0000,0x0000,
  0x0000,0x0000,0x0000,0x0000,0x0000,0x0000,0x0000,0x0000,0x0000,0x0000,0x0000,0x0000,
  0x0000,0x0000,0x0000,0x0000,0x0000,0x0000,0x0000,0x0000,0x0000,0x0000,0x0000,0x0000,
  0x0000,0x0000,0x0000,0x0000,0x0000,0x0000,0x0000,0x0000,0x0000,0x0000,0x0000,0x0000,
  0x0000,0x0000,0x0000,0x0000,0x0000,0x0000,0x0000,0x0000,0x0000,0x0000,0x0000,0x0000,
  0x0000,0x0000,0x0000,0x0000,0x0000,0x0000,0x0000,0x0000,0x0000,0x0000,0x0000,0x0000,
  0x0000,0x0000,0x0000,0x0000,0x0000,0x0000,0x0000,0x0000,0x0000,0x0000,0x0000,0x0000,
  0x0000,0x0000,0x0000,0x0000,0x0000,0x0000,0x0000,0x0000,0x0000,0x0000,0x0000,0x0000,
  0x0000,0x0000,0x0000,0x0000,0x0000,0x0000,0x0000,0x0000,0x0000,0x0000,0x0000,0x0000,
  0x0000,0x0000,0x0000,0x0000,0x0000,0x0000,0x0000,0x0000,0x0000,0x0000,0x0000,0x0000,
  0x0000,0x0000,0x0000,0x0000,0x0000,0x0000,0x0000,0x0000,0x0000,0x0000,0x0000,0x0000,
  0x0000,0x0000,0x0000,0x0000,0x0000,0x0000,0x0000,0x0000,0x0000,0x0000,0x0000,0x0000,
  0x0000,0x0000,0x0000,0x0000,0x0000,0x0000,0x0000,0x0000,0x0000,0x0000,0x0000,0x0000,
  0x0000,0x0000,0x0000,0x0000,0x0000,0x0000,0x0000,0x0000,0x0000,0x0000,0x0000,0x0000,
  0x0000,0x0000,0x0000,0x0000,0x0000,0x0000,0x0000,0x0000,0x0000,0x0000,0x0000,0x0000,
  0x0000,0x0000,0x0000,0x0000,0x0000,0x0000,0x0000,0x0000,0x0000,0x0000,0x0000,0x0000,
  0x0000,0x0000,0x0000,0x0000,0x0000,0x0000,0x0000,0x0000,0x0000,0x0000,0x0000,0x0000,
  0x0000,0x0000,0x0000,0x0000,0x0000,0x0000,0x0000,0x0000,0x0000,0x0000,0x0000,0x0000,
  0x0000,0x0000,0x0000,0x0000,0x0000,0x0000,0x0000,0x0000,0x0000,0x0000,0x0000,0x0000,
  0x0000,0x0000,0x0000,0x0000,0x0000,0x0000,0x0000,0x0000,0x0000,0x0000,0x0000,0x0000,
  0x0000,0x0000,0x0000,0x0000,0x0000,0x0000,0x0000,0x0000,0x0000,0x0000,0x0000,0x0000,
  0x0000,0x0000,0x0000,0x0000,0x0000,0x0000,0x0000,0x0000,0x0000,0x0000,0x0000,0x0000,
  0x0000,0x0000,0x0000,0x0000,0x0000,0x0000,0x0000,0x0000,0x0000,0x0001,0x0000,0x0000,
  0x0000,0x0000,0x0000,0x0000,0x0000,0x0000,0x0000,0x0000,0x0000,0x0000,0x0000,0x0000,
  0x0000,0x0001,0x0000,0x0000,0x0000,0x0000,0x0000,0x0000,0x0000,0x0000,0x0000,0x0000,
  0x0000,0x0000,0x0000,0x0000,0x0000,0x0000,0x0000,0x0000,0x0000,0x0000,0x0000,0x0000,
  0x0000,0x0000,0x0000,0x0000,0x0000,0x0000,0x0000,0x0000,0x0000,0x0000,0x0000,0x0000,
  0x0000,0x0000,0x0000,0x0000,0x0000,0x0000,0x0000,0x0000,0x0000,0x0000,0x0000,0x0000,
  0x0000,0x0000,0x0000,0x0000,0x0000,0x0000,0x0000,0x0000,0x0000,0x0000,0x0000,0x0000,
  0x0000,0x0000,0x0000,0x0000,0x0000,0x0000,0x0000,0x0000,0x0000,0x0000,0x0000,0x0000,
  0x0000,0x0000,0x0000,0x0000,0x0000,0x0000,0x0000,0x0000,0x0000,0x0000,0x0000,0x0000,
  0x0000,0x0000,0x0000,0x0000,0x0000,0x0000,0x0000,0x0000,0x0000,0x0000,0x0000,0x0000,
  0x0000,0x0000,0x0000,0x0000,0x0000,0x0000,0x0000,0x0000,0x0000,0x0000,0x0000,0x0000,
  0x0000,0x0000,0x0000,0x0000,0x0000,0x0000,0x0000,0x0000,0x0000,0x0000,0x0000,0x0000,
  0x0000,0x0000,0x0000,0x0000,0x0000,0x0000,0x0000,0x0000,0x0000,0x0000,0x0000,0x0000,
  0x0000,0x0000,0x0000,0x0000,0x0000,0x0000,0x0000,0x0000,0x0000,0x0000,0x0000,0x0000,
  0x0000,0x0000,0x0000,0x0000,0x0000,0x0000,0x0000,0x0000,0x0000,0x0000,0x0000,0x0000,
  0x0000,0x0000,0x0000,0x0000,0x0000,0x0000,0x0000,0x0000,0x0000,0x0000,0x0000,0x0000,
  0x0000,0x0000,0x0000,0x0000,0x0000,0x0000,0x0000,0x0000,0x0000,0x0000,0x0000,0x0000,
  0x0000,0x0000,0x0000,0x0000,0x0000,0x0000,0x0000,0x0000,0x0000,0x0000,0x0000,0x0000,
  0x0000,0x0000,0x0000,0x0000,0x0000,0x0000,0x0000,0x0000,0x0000,0x0000,0x0000,0x0000,
  0x0000,0x0000,0x0000,0x0000,0x0000,0x0000,0x0000,0x0000,0x0000,0x0000,0x0000,0x0000,
  0x0000,0x0000,0x0000,0x0000,0x0000,0x0000,0x0000,0x0000,0x0000,0x0001,0x0000,0x0000,
  0x0001,0x0000,0x0000,0x0000,0x0000,0x0000,0x0000,0x0000,0x0000,0x0000,0x0000,0x0001,
  0x0001,0x0001,0x0001,0x0001,0x0000,0x0000,0x0000,0x0000,0x0000,0x0000,0x0000,0x0000,
  0x0000,0x0000,0x0000,0x0000,0x0000,0x0000,0x0000,0x0000,0x0000,0x0000,0x0000,0x0000,
  0x0000,0x0000,0x0000,0x0000,0x0000,0x0000,0x0000,0x0000,0x0000,0x0000,0x0000,0x0000,
  0x0000,0x0000,0x0000,0x0000,0x0000,0x0000,0x0000,0x0000,0x0000,0x0000,0x0000,0x0000,
  0x0000,0x0000,0x0000,0x0000,0x0000,0x0000,0x0000,0x0000,0x0000,0x0000,0x0000,0x0000,
  0x0000,0x0000,0x0000,0x0000,0x0000,0x0000,0x0000,0x0000,0x0000,0x0000,0x0000,0x0000,
  0x0000,0x0000,0x0000,0x0000,0x0000,0x0000,0x0000,0x0000,0x0000,0x0000,0x0000,0x0000,
  0x0000,0x0000,0x0000,0x0000,0x0000,0x0000,0x0000,0x0000,0x0000,0x0000,0x0000,0x0000,
  0x0000,0x0000,0x0000,0x0000,0x0000,0x0000,0x0000,0x0000,0x0000,0x0000,0x0000,0x0000,
  0x0000,0x0000,0x0000,0x0000,0x0000,0x0000,0x0000,0x0000,0x0000,0x0000,0x0000,0x0000,
  0x0000,0x0000,0x0000,0x0000,0x0000,0x0000,0x0000,0x0000,0x0000,0x0000,0x0000,0x0000,
  0x0000,0x0000,0x0000,0x0000,0x0000,0x0000,0x0000,0x0000,0x0000,0x0000,0x0000,0x0000,
  0x0000,0x0000,0x0000,0x0000,0x0000,0x0000,0x0000,0x0000,0x0000,0x0000,0x0000,0x0000,
  0x0000,0x0000,0x0000,0x0000,0x0000,0x0000,0x0000,0x0000,0x0000,0x0000,0x0000,0x0000,
  0x0000,0x0000,0x0000,0x0000,0x0000,0x0000,0x0000,0x0000,0x0000,0x0000,0x0000,0x0000,
  0x0000,0x0000,0x0000,0x0000,0x0000,0x0000,0x0000,0x0000,0x0000,0x0000,0x0000,0x0000,
  0x0000,0x0000,0x0000,0x0000,0x0000,0x0000,0x0000,0x0000,0x0000,0x0000,0x0000,0x0000,
  0x0000,0x0000,0x0000,0x0000,0x0000,0x0000,0x0000,0x0000,0x0000,0x0000,0x0000,0x0000,
  0x0000,0x0000,0x0000,0x0000,0x0000,0x0000,0x0000,0x0000,0x0001,0x0001,0x0000,0x0000,
  0x0001,0x0001,0x0000,0x0000,0x0000,0x0000,0x0000,0x0000,0x0000,0x0000,0x0001,0x0001,
  0x0001,0x0001,0x0001,0x0000,0x0001,0x0000,0x0000,0x0000,0x0000,0x0000,0x0000,0x0000,
  0x0000,0x0000,0x0000,0x0000,0x0000,0x0000,0x0000,0x0000,0x0000,0x0000,0x0000,0x0000,
  0x0000,0x0000,0x0000,0x0000,0x0000,0x0000,0x0000,0x0000,0x0000,0x0000,0x0000,0x0000,
  0x0000,0x0000,0x0000,0x0000,0x0000,0x0000,0x0000,0x0000,0x0000,0x0000,0x0000,0x0000,
  0x0000,0x0000,0x0000,0x0000,0x0000,0x0000,0x0000,0x0000,0x0000,0x0000,0x0000,0x0000,
  0x0000,0x0000,0x0000,0x0000,0x0000,0x0000,0x0000,0x0000,0x0000,0x0000,0x0000,0x0000,
  0x0000,0x0000,0x0000,0x0000,0x0000,0x0000,0x0000,0x0000,0x0000,0x0000,0x0000,0x0000,
  0x0000,0x0000,0x0000,0x0000,0x0000,0x0000,0x0000,0x0000,0x0000,0x0000,0x0000,0x0000,
  0x0000,0x0000,0x0000,0x0000,0x0000,0x0000,0x0000,0x0000,0x0000,0x0000,0x0000,0x0000,
  0x0000,0x0000,0x0000,0x0000,0x0000,0x0000,0x0000,0x0000,0x0000,0x0000,0x0000,0x0000,
  0x0000,0x0000,0x0000,0x0000,0x0000,0x0000,0x0000,0x0000,0x0000,0x0000,0x0000,0x0000,
  0x0000,0x0000,0x0000,0x0000,0x0000,0x0000,0x0000,0x0000,0x0000,0x0000,0x0000,0x0000,
  0x0000,0x0000,0x0000,0x0000,0x0000,0x0000,0x0000,0x0000,0x0000,0x0000,0x0000,0x0000,
  0x0000,0x0000,0x0000,0x0000,0x0000,0x0000,0x0000,0x0000,0x0000,0x0000,0x0000,0x0000,
  0x0000,0x0000,0x0000,0x0000,0x0000,0x0000,0x0000,0x0000,0x0000,0x0000,0x0000,0x0000,
  0x0000,0x0000,0x0000,0x0000,0x0000,0x0000,0x0000,0x0000,0x0000,0x0000,0x0000,0x0000,
  0x0000,0x0000,0x0000,0x0000,0x0000,0x0000,0x0000,0x0000,0x0000,0x0000,0x0000,0x0000,
  0x0000,0x0000,0x0000,0x0000,0x0000,0x0000,0x0000,0x0000,0x0000,0x0000,0x0000,0x0000,
  0x0000,0x0000,0x0000,0x0000,0x0000,0x0000,0x0000,0x0000,0x0001,0x0001,0x0001,0x0001,
  0x0001,0x0001,0x0001,0x0001,0x0001,0x0001,0x0001,0x0001,0x0001,0x0001,0x0001,0x0001,
  0x0001,0x0001,0x0001,0x0001,0x0001,0x0001,0x0000,0x0000,0x0000,0x0000,0x0000,0x0000,
  0x0000,0x0000,0x0000,0x0000,0x0000,0x0000,0x0000,0x0000,0x0000,0x0000,0x0000,0x0000,
  0x0000,0x0000,0x0000,0x0000,0x0000,0x0000,0x0000,0x0000,0x0000,0x0000,0x0000,0x0000,
  0x0000,0x0000,0x0000,0x0000,0x0000,0x0000,0x0000,0x0000,0x0000,0x0000,0x0000,0x0000,
  0x0000,0x0000,0x0000,0x0000,0x0000,0x0000,0x0000,0x0000,0x0000,0x0000,0x0000,0x0000,
  0x0000,0x0000,0x0000,0x0000,0x0000,0x0000,0x0000,0x0000,0x0000,0x0000,0x0000,0x0000,
  0x0000,0x0000,0x0000,0x0000,0x0000,0x0000,0x0000,0x0000,0x0000,0x0000,0x0000,0x0000,
  0x0000,0x0000,0x0000,0x0000,0x0000,0x0000,0x0000,0x0000,0x0000,0x0000,0x0000,0x0000,
  0x0000,0x0000,0x0000,0x0000,0x0000,0x0000,0x0000,0x0000,0x0000,0x0000,0x0000,0x0000,
  0x0000,0x0000,0x0000,0x0000,0x0000,0x0000,0x0000,0x0000,0x0000,0x0000,0x0000,0x0000,
  0x0000,0x0000,0x0000,0x0000,0x0000,0x0000,0x0000,0x0000,0x0000,0x0000,0x0000,0x0000,
  0x0000,0x0000,0x0000,0x0000,0x0000,0x0000,0x0000,0x0000,0x0000,0x0000,0x0000,0x0000,
  0x0000,0x0000,0x0000,0x0000,0x0000,0x0000,0x0000,0x0000,0x0000,0x0000,0x0000,0x0000,
  0x0000,0x0000,0x0000,0x0000,0x0000,0x0000,0x0000,0x0000,0x0000,0x0000,0x0000,0x0000,
  0x0000,0x0000,0x0000,0x0000,0x0000,0x0000,0x0000,0x0000,0x0000,0x0000,0x0000,0x0000,
  0x0000,0x0000,0x0000,0x0000,0x0000,0x0000,0x0000,0x0000,0x0000,0x0000,0x0000,0x0000,
  0x0000,0x0000,0x0000,0x0000,0x0000,0x0000,0x0000,0x0000,0x0000,0x0000,0x0000,0x0000,
  0x0000,0x0000,0x0000,0x0000,0x0000,0x0000,0x0000,0x0000,0x0000,0x0000,0x0000,0x0000,
  0x0000,0x0000,0x0000,0x0000,0x0000,0x0000,0x0001,0x0001,0x0001,0x0001,0x0001,0x0001,
  0x0001,0x0001,0x0001,0x0001,0x0001,0x0001,0x0001,0x0001,0x0001,0x0001,0x0001,0x0001,
  0x0001,0x0001,0x0001,0x0001,0x0001,0x0001,0x0001,0x0001,0x0001,0x0000,0x0000,0x0000,
  0x0000,0x0000,0x0000,0x0000,0x0000,0x0001,0x0001,0x0000,0x0000,0x0000,0x0000,0x0000,
  0x0000,0x0000,0x0000,0x0000,0x0000,0x0000,0x0000,0x0000,0x0000,0x0000,0x0000,0x0000,
  0x0000,0x0000,0x0000,0x0000,0x0000,0x0000,0x0000,0x0000,0x0000,0x0000,0x0000,0x0000,
  0x0000,0x0000,0x0000,0x0000,0x0000,0x0000,0x0000,0x0000,0x0000,0x0000,0x0000,0x0000,
  0x0000,0x0000,0x0000,0x0000,0x0000,0x0000,0x0000,0x0000,0x0000,0x0000,0x0000,0x0000,
  0x0000,0x0000,0x0000,0x0000,0x0000,0x0000,0x0000,0x0000,0x0000,0x0000,0x0000,0x0000,
  0x0000,0x0000,0x0000,0x0000,0x0000,0x0000,0x0000,0x0000,0x0000,0x0000,0x0000,0x0000,
  0x0000,0x0000,0x0000,0x0000,0x0000,0x0000,0x0000,0x0000,0x0000,0x0000,0x0000,0x0000,
  0x0000,0x0000,0x0000,0x0000,0x0000,0x0000,0x0000,0x0000,0x0000,0x0000,0x0000,0x0000,
  0x0000,0x0000,0x0000,0x0000,0x0000,0x0000,0x0000,0x0000,0x0000,0x0000,0x0000,0x0000,
  0x0000,0x0000,0x0000,0x0000,0x0000,0x0000,0x0000,0x0000,0x0000,0x0000,0x0000,0x0000,
  0x0000,0x0000,0x0000,0x0000,0x0000,0x0000,0x0000,0x0000,0x0000,0x0000,0x0000,0x0000,
  0x0000,0x0000,0x0000,0x0000,0x0000,0x0000,0x0000,0x0000,0x0000,0x0000,0x0000,0x0000,
  0x0000,0x0000,0x0000,0x0000,0x0000,0x0000,0x0000,0x0000,0x0000,0x0000,0x0000,0x0000,
  0x0000,0x0000,0x0000,0x0000,0x0000,0x0000,0x0000,0x0000,0x0000,0x0000,0x0000,0x0000,
  0x0000,0x0000,0x0000,0x0000,0x0000,0x0000,0x0000,0x0000,0x0000,0x0000,0x0000,0x0000,
  0x0000,0x0000,0x0000,0x0000,0x0000,0x0000,0x0000,0x0000,0x0000,0x0000,0x0000,0x0000,
  0x0000,0x0000,0x0000,0x0000,0x0001,0x0001,0x0001,0x0001,0x0001,0x0801,0x0001,0x0001,
  0x0001,0x0001,0x0001,0x0001,0x0001,0x0001,0x0001,0x0001,0x0001,0x0001,0x0001,0x0001,
  0x0001,0x0001,0x0001,0x0001,0x0001,0x0001,0x0001,0x0001,0x0001,0x0001,0x0001,0x0001,
  0x0001,0x0001,0x0001,0x0001,0x0001,0x0001,0x0001,0x0000,0x0000,0x0000,0x0000,0x0000,
  0x0000,0x0000,0x0000,0x0000,0x0000,0x0000,0x0000,0x0000,0x0000,0x0000,0x0000,0x0000,
  0x0000,0x0000,0x0000,0x0000,0x0000,0x0000,0x0000,0x0000,0x0000,0x0000,0x0000,0x0000,
  0x0000,0x0000,0x0000,0x0000,0x0000,0x0000,0x0000,0x0000,0x0000,0x0000,0x0000,0x0000,
  0x0000,0x0000,0x0000,0x0000,0x0000,0x0000,0x0000,0x0000,0x0000,0x0000,0x0000,0x0000,
  0x0000,0x0000,0x0000,0x0000,0x0000,0x0000,0x0000,0x0000,0x0000,0x0000,0x0000,0x0000,
  0x0000,0x0000,0x0000,0x0000,0x0000,0x0000,0x0000,0x0000,0x0000,0x0000,0x0000,0x0000,
  0x0000,0x0000,0x0000,0x0000,0x0000,0x0000,0x0000,0x0000,0x0000,0x0000,0x0000,0x0000,
  0x0000,0x0000,0x0000,0x0000,0x0000,0x0000,0x0000,0x0000,0x0000,0x0000,0x0000,0x0000,
  0x0000,0x0000,0x0000,0x0000,0x0000,0x0000,0x0000,0x0000,0x0000,0x0000,0x0000,0x0000,
  0x0000,0x0000,0x0000,0x0000,0x0000,0x0000,0x0000,0x0000,0x0000,0x0000,0x0000,0x0000,
  0x0000,0x0000,0x0000,0x0000,0x0000,0x0000,0x0000,0x0000,0x0000,0x0000,0x0000,0x0000,
  0x0000,0x0000,0x0000,0x0000,0x0000,0x0000,0x0000,0x0000,0x0000,0x0000,0x0000,0x0000,
  0x0000,0x0000,0x0000,0x0000,0x0000,0x0000,0x0000,0x0000,0x0000,0x0000,0x0000,0x0000,
  0x0000,0x0000,0x0000,0x0000,0x0000,0x0000,0x0000,0x0000,0x0000,0x0000,0x0000,0x0000,
  0x0000,0x0000,0x0000,0x0000,0x0000,0x0000,0x0000,0x0000,0x0000,0x0000,0x0000,0x0000,
  0x0000,0x0000,0x0000,0x0000,0x0000,0x0001,0x0000,0x0000,0x0000,0x0000,0x0000,0x0001,
  0x0001,0x0001,0x0001,0x0001,0x0001,0x0001,0x0001,0x0001,0x0001,0x0001,0x0000,0x0001,
  0x0001,0x0001,0x0801,0x0801,0x0802,0x0801,0x0801,0x0801,0x0801,0x0001,0x0801,0x0001,
  0x0001,0x0001,0x0000,0x0000,0x0000,0x0001,0x0001,0x0001,0x0001,0x0001,0x0001,0x0001,
  0x0001,0x0001,0x0001,0x0001,0x0001,0x0001,0x0001,0x0001,0x0001,0x0001,0x0000,0x0000,
  0x0000,0x0000,0x0000,0x0000,0x0000,0x0000,0x0000,0x0000,0x0000,0x0000,0x0001,0x0000,
  0x0000,0x0000,0x0000,0x0000,0x0000,0x0000,0x0000,0x0000,0x0000,0x0000,0x0000,0x0000,
  0x0000,0x0000,0x0000,0x0000,0x0000,0x0000,0x0000,0x0000,0x0000,0x0000,0x0000,0x0000,
  0x0000,0x0000,0x0000,0x0000,0x0000,0x0000,0x0000,0x0000,0x0000,0x0000,0x0000,0x0000,
  0x0000,0x0000,0x0000,0x0000,0x0000,0x0000,0x0000,0x0000,0x0000,0x0000,0x0000,0x0000,
  0x0000,0x0000,0x0000,0x0000,0x0000,0x0000,0x0000,0x0000,0x0000,0x0000,0x0000,0x0000,
  0x0000,0x0000,0x0000,0x0000,0x0000,0x0000,0x0000,0x0000,0x0000,0x0000,0x0000,0x0000,
  0x0000,0x0000,0x0000,0x0000,0x0000,0x0000,0x0000,0x0000,0x0000,0x0000,0x0000,0x0000,
  0x0000,0x0000,0x0000,0x0000,0x0000,0x0000,0x0000,0x0000,0x0000,0x0000,0x0000,0x0000,
  0x0000,0x0000,0x0000,0x0000,0x0000,0x0000,0x0000,0x0000,0x0000,0x0000,0x0000,0x0000,
  0x0000,0x0000,0x0000,0x0000,0x0000,0x0000,0x0000,0x0000,0x0000,0x0000,0x0000,0x0000,
  0x0000,0x0000,0x0000,0x0000,0x0000,0x0000,0x0000,0x0000,0x0000,0x0000,0x0000,0x0000,
  0x0000,0x0000,0x0000,0x0000,0x0000,0x0000,0x0000,0x0000,0x0000,0x0000,0x0000,0x0000,
  0x0000,0x0000,0x0000,0x0000,0x0000,0x0000,0x0000,0x0000,0x0000,0x0000,0x0000,0x0000,
  0x0000,0x0000,0x0000,0x0000,0x0000,0x0000,0x0000,0x0000,0x0000,0x0000,0x0000,0x0000,
  0x0000,0x0000,0x0000,0x0000,0x0001,0x0001,0x0000,0x0000,0x0001,0x0001,0x0001,0x0001,
  0x0001,0x0001,0x0001,0x0000,0x0001,0x0801,0x0801,0x1802,0x2003,0x3004,0x3004,0x3805,
  0x4005,0x4006,0x4806,0x4006,0x3805,0x4006,0x4807,0x4006,0x3806,0x3806,0x3006,0x3006,
  0x2805,0x2806,0x2805,0x2005,0x1804,0x0802,0x0802,0x0001,0x0001,0x0001,0x0000,0x0000,
  0x0000,0x0001,0x0001,0x0001,0x0001,0x0001,0x0001,0x0001,0x0001,0x0001,0x0000,0x0000,
  0x0000,0x0000,0x0000,0x0000,0x0000,0x0000,0x0000,0x0000,0x0000,0x0000,0x0001,0x0000,
  0x0000,0x0000,0x0000,0x0000,0x0000,0x0000,0x0000,0x0000,0x0000,0x0000,0x0000,0x0000,
  0x0000,0x0000,0x0000,0x0000,0x0000,0x0000,0x0000,0x0000,0x0000,0x0000,0x0000,0x0000,
  0x0000,0x0000,0x0000,0x0000,0x0000,0x0000,0x0000,0x0000,0x0000,0x0000,0x0000,0x0000,
  0x0000,0x0000,0x0000,0x0000,0x0000,0x0000,0x0000,0x0000,0x0000,0x0000,0x0000,0x0000,
  0x0000,0x0000,0x0000,0x0000,0x0000,0x0000,0x0000,0x0000,0x0000,0x0000,0x0000,0x0000,
  0x0000,0x0000,0x0000,0x0000,0x0000,0x0000,0x0000,0x0000,0x0000,0x0000,0x0000,0x0000,
  0x0000,0x0000,0x0000,0x0000,0x0000,0x0000,0x0000,0x0000,0x0000,0x0000,0x0000,0x0000,
  0x0000,0x0000,0x0000,0x0000,0x0000,0x0000,0x0000,0x0000,0x0000,0x0000,0x0000,0x0000,
  0x0000,0x0000,0x0000,0x0000,0x0000,0x0000,0x0000,0x0000,0x0000,0x0000,0x0000,0x0000,
  0x0000,0x0000,0x0000,0x0000,0x0000,0x0000,0x0000,0x0000,0x0000,0x0000,0x0000,0x0000,
  0x0000,0x0000,0x0000,0x0000,0x0000,0x0000,0x0000,0x0000,0x0000,0x0000,0x0000,0x0000,
  0x0000,0x0000,0x0000,0x0000,0x0000,0x0000,0x0000,0x0000,0x0000,0x0000,0x0000,0x0000,
  0x0000,0x0000,0x0000,0x0000,0x0000,0x0000,0x0000,0x0000,0x0000,0x0000,0x0000,0x0000,
  0x0000,0x0000,0x0000,0x0000,0x0000,0x0000,0x0000,0x0000,0x0000,0x0000,0x0000,0x0000,
  0x0000,0x0000,0x0000,0x0000,0x0001,0x0001,0x0001,0x0001,0x0001,0x0001,0x0001,0x0001,
  0x0801,0x1002,0x1803,0x3004,0x4005,0x4806,0x5007,0x5007,0x5827,0x5828,0x5847,0x5088,
  0x58E9,0x5909,0x5909,0x5929,0x5969,0x616B,0x616B,0x598A,0x598B,0x598A,0x516A,0x494A,
  0x48E9,0x40A9,0x3889,0x488A,0x488A,0x488A,0x4069,0x3048,0x2027,0x1825,0x0804,0x0823,
  0x0802,0x0001,0x0000,0x0000,0x0001,0x0001,0x0001,0x0001,0x0001,0x0001,0x0001,0x0001,
  0x0001,0x0000,0x0000,0x0000,0x0000,0x0000,0x0000,0x0000,0x0000,0x0001,0x0001,0x0000,
  0x0000,0x0000,0x0000,0x0000,0x0000,0x0000,0x0000,0x0000,0x0000,0x0000,0x0000,0x0000,
  0x0000,0x0000,0x0000,0x0000,0x0000,0x0000,0x0000,0x0000,0x0000,0x0000,0x0000,0x0000,
  0x0000,0x0000,0x0000,0x0000,0x0000,0x0000,0x0000,0x0000,0x0000,0x0000,0x0000,0x0000,
  0x0000,0x0000,0x0000,0x0000,0x0000,0x0000,0x0000,0x0000,0x0000,0x0000,0x0000,0x0000,
  0x0000,0x0000,0x0000,0x0000,0x0000,0x0000,0x0000,0x0000,0x0000,0x0000,0x0000,0x0000,
  0x0000,0x0001,0x0043,0x0000,0x0000,0x0000,0x0000,0x0000,0x0000,0x0000,0x0000,0x0000,
  0x0000,0x0000,0x0000,0x0000,0x0000,0x0000,0x0000,0x0000,0x0000,0x0000,0x0000,0x0000,
  0x0000,0x0000,0x0000,0x0000,0x0000,0x0000,0x0000,0x0000,0x0000,0x0000,0x0000,0x0000,
  0x0000,0x0000,0x0000,0x0000,0x0000,0x0000,0x0000,0x0000,0x0000,0x0000,0x0000,0x0000,
  0x0000,0x0000,0x0000,0x0000,0x0000,0x0000,0x0000,0x0000,0x0000,0x0000,0x0000,0x0000,
  0x0000,0x0000,0x0000,0x0000,0x0000,0x0000,0x0000,0x0000,0x0000,0x0000,0x0000,0x0000,
  0x0000,0x0000,0x0000,0x0000,0x0000,0x0000,0x0000,0x0000,0x0000,0x0000,0x0000,0x0000,
  0x0000,0x0000,0x0000,0x0000,0x0000,0x0000,0x0000,0x0000,0x0000,0x0000,0x0000,0x0000,
  0x0000,0x0000,0x0000,0x0000,0x0000,0x0000,0x0000,0x0000,0x0000,0x0000,0x0000,0x0000,
  0x0000,0x0000,0x0000,0x0000,0x0001,0x0001,0x0001,0x0001,0x0001,0x0801,0x1002,0x2003,
  0x3805,0x4826,0x5888,0x60E9,0x694B,0x718B,0x71CC,0x79AB,0x81EC,0x822D,0x8A8E,0x8A0D,
  0x89CD,0x89CE,0x89CE,0x89EE,0x896D,0x892D,0x890D,0x894D,0x896E,0x898E,0x898E,0x896E,
  0x816E,0x816E,0x714E,0x694D,0x614D,0x58EC,0x58CC,0x58AC,0x508C,0x406B,0x386A,0x2849,
  0x1848,0x1047,0x0845,0x0023,0x0002,0x0001,0x0000,0x0001,0x0001,0x0001,0x0001,0x0001,
  0x0001,0x0001,0x0001,0x0001,0x0001,0x0000,0x0000,0x0001,0x0000,0x0001,0x0001,0x0000,
  0x0000,0x0000,0x0000,0x0000,0x0000,0x0000,0x0000,0x0000,0x0000,0x0000,0x0000,0x0000,
  0x0000,0x0000,0x0000,0x0000,0x0000,0x0000,0x0000,0x0000,0x0000,0x0000,0x0000,0x0000,
  0x0000,0x0000,0x0000,0x0000,0x0000,0x0000,0x0000,0x0000,0x0000,0x0000,0x0000,0x0000,
  0x0000,0x0000,0x0000,0x0000,0x0000,0x0000,0x0000,0x0000,0x0000,0x0000,0x0000,0x0000,
  0x0000,0x0000,0x0000,0x0000,0x0000,0x0000,0x0000,0x0000,0x0000,0x0000,0x0000,0x0000,
  0x0000,0x0065,0x0044,0x0000,0x0000,0x0000,0x0000,0x0000,0x0000,0x0000,0x0000,0x0000,
  0x0000,0x0000,0x0000,0x0000,0x0000,0x0000,0x0000,0x0000,0x0000,0x0000,0x0000,0x0000,
  0x0000,0x0000,0x0000,0x0000,0x0000,0x0000,0x0000,0x0000,0x0000,0x0000,0x0000,0x0000,
  0x0000,0x0000,0x0000,0x0000,0x0000,0x0000,0x0000,0x0000,0x0000,0x0000,0x0000,0x0000,
  0x0000,0x0000,0x0000,0x0000,0x0000,0x0000,0x0000,0x0000,0x0000,0x0000,0x0000,0x0000,
  0x0000,0x0000,0x0000,0x0000,0x0000,0x0000,0x0000,0x0000,0x0000,0x0000,0x0000,0x0000,
  0x0000,0x0000,0x0000,0x0000,0x0000,0x0000,0x0000,0x0000,0x0000,0x0000,0x0000,0x0000,
  0x0000,0x0000,0x0000,0x0000,0x0000,0x0000,0x0000,0x0000,0x0000,0x0000,0x0000,0x0000,
  0x0000,0x0000,0x0000,0x0000,0x0000,0x0000,0x0000,0x0000,0x0000,0x0000,0x0000,0x0000,
  0x0000,0x0001,0x0001,0x0000,0x0001,0x0801,0x1002,0x2003,0x3004,0x4026,0x58A8,0x710A,
  0x79AC,0x81EC,0x818C,0x814C,0x80EB,0x788A,0x786A,0x806A,0x7829,0x7029,0x7049,0x7049,
  0x7009,0x7029,0x6849,0x5849,0x4828,0x4829,0x4829,0x4029,0x3829,0x3849,0x4049,0x402A,
  0x402A,0x404B,0x406B,0x406B,0x408B,0x40AB,0x408C,0x408B,0x288A,0x186A,0x288A,0x288A,
  0x206A,0x186A,0x188A,0x0889,0x0088,0x0067,0x0045,0x0022,0x0001,0x0001,0x0001,0x0001,
  0x0001,0x0001,0x0001,0x0001,0x0001,0x0001,0x0001,0x0001,0x0001,0x0001,0x0001,0x0000,
  0x0000,0x0000,0x0000,0x0000,0x0000,0x0000,0x0000,0x0000,0x0000,0x0000,0x0000,0x0000,
  0x0000,0x0000,0x0000,0x0000,0x0000,0x0000,0x0000,0x0000,0x0000,0x0000,0x0000,0x0000,
  0x0000,0x0000,0x0000,0x0000,0x0000,0x0000,0x0000,0x0000,0x0000,0x0000,0x0000,0x0000,
  0x0000,0x0000,0x0000,0x0000,0x0000,0x0000,0x0000,0x0000,0x0000,0x0000,0x0000,0x0000,
  0x0000,0x0000,0x0000,0x0000,0x0000,0x0000,0x0000,0x0000,0x0000,0x0000,0x0000,0x0000,
  0x0001,0x0065,0x0000,0x0000,0x0000,0x0000,0x0000,0x0000,0x0000,0x0000,0x0000,0x0000,
  0x0000,0x0000,0x0000,0x0000,0x0000,0x0000,0x0000,0x0000,0x0000,0x0000,0x0000,0x0000,
  0x0000,0x0000,0x0000,0x0000,0x0000,0x0000,0x0000,0x0000,0x0000,0x0000,0x0000,0x0000,
  0x0000,0x0000,0x0000,0x0000,0x0000,0x0000,0x0000,0x0000,0x0000,0x0000,0x0000,0x0000,
  0x0000,0x0000,0x0000,0x0000,0x0000,0x0000,0x0000,0x0000,0x0000,0x0000,0x0000,0x0000,
  0x0000,0x0000,0x0000,0x0000,0x0000,0x0000,0x0000,0x0000,0x0000,0x0000,0x0000,0x0000,
  0x0000,0x0000,0x0000,0x0000,0x0000,0x0000,0x0000,0x0000,0x0000,0x0000,0x0000,0x0000,
  0x0000,0x0000,0x0000,0x0000,0x0000,0x0000,0x0000,0x0000,0x0000,0x0000,0x0000,0x0000,
  0x0000,0x0000,0x0000,0x0000,0x0000,0x0000,0x0000,0x0000,0x0000,0x0000,0x0001,0x0001,
  0x0000,0x0001,0x0801,0x1002,0x2003,0x3004,0x4846,0x60E9,0x716B,0x814C,0x812C,0x80EB,
  0x7869,0x7009,0x7829,0x7049,0x6828,0x7049,0x7049,0x5808,0x5008,0x5008,0x5028,0x3807,
  0x3827,0x3826,0x2004,0x1804,0x1804,0x1805,0x2026,0x2027,0x2007,0x2007,0x2828,0x2828,
  0x2028,0x1027,0x0827,0x1027,0x0848,0x0048,0x0068,0x0069,0x0089,0x0088,0x0068,0x0068,
  0x0089,0x088A,0x10CC,0x20CC,0x20AB,0x10AB,0x08AB,0x00AA,0x00A8,0x0066,0x0022,0x0001,
  0x0001,0x0001,0x0001,0x0001,0x0001,0x0001,0x0001,0x0001,0x0001,0x0001,0x0001,0x0001,
  0x0001,0x0001,0x0001,0x0001,0x0001,0x0001,0x0001,0x0001,0x0000,0x0000,0x0000,0x0000,
  0x0000,0x0001,0x0001,0x0000,0x0000,0x0000,0x0000,0x0000,0x0000,0x0000,0x0000,0x0000,
  0x0000,0x0000,0x0000,0x0000,0x0000,0x0000,0x0000,0x0000,0x0000,0x0000,0x0000,0x0000,
  0x0000,0x0000,0x0000,0x0000,0x0000,0x0000,0x0000,0x0000,0x0000,0x0000,0x0000,0x0000,
  0x0000,0x0000,0x0000,0x0000,0x0000,0x0000,0x0000,0x0000,0x0000,0x0000,0x0000,0x0000,
  0x0844,0x0001,0x0000,0x0000,0x0000,0x0000,0x0000,0x0000,0x0000,0x0000,0x0000,0x0000,
  0x0000,0x0000,0x0000,0x0000,0x0000,0x0000,0x0000,0x0000,0x0000,0x0000,0x0000,0x0000,
  0x0000,0x0000,0x0000,0x0000,0x0000,0x0000,0x0000,0x0000,0x0000,0x0000,0x0000,0x0000,
  0x0000,0x0000,0x0000,0x0000,0x0000,0x0000,0x0000,0x0000,0x0000,0x0000,0x0000,0x0000,
  0x0000,0x0000,0x0000,0x0000,0x0000,0x0000,0x0000,0x0000,0x0000,0x0000,0x0000,0x0000,
  0x0000,0x0000,0x0000,0x0000,0x0000,0x0000,0x0000,0x0000,0x0000,0x0000,0x0000,0x0000,
  0x0000,0x0000,0x0000,0x0000,0x0000,0x0000,0x0000,0x0000,0x0000,0x0000,0x0000,0x0000,
  0x0000,0x0000,0x0000,0x0000,0x0000,0x0000,0x0000,0x0000,0x0000,0x0000,0x0000,0x0000,
  0x0000,0x0000,0x0000,0x0000,0x0000,0x0000,0x0000,0x0000,0x0000,0x0000,0x0000,0x0001,
  0x1002,0x1803,0x2804,0x4026,0x50A8,0x694A,0x714B,0x70EB,0x6869,0x6028,0x5807,0x5007,
  0x5807,0x6028,0x688A,0x696B,0x69AB,0x5068,0x3005,0x2004,0x3006,0x3026,0x2825,0x2805,
  0x3026,0x5089,0x6069,0x5869,0x5069,0x2826,0x2005,0x2005,0x2806,0x3828,0x4049,0x4049,
  0x3029,0x3049,0x2049,0x1068,0x0868,0x0068,0x0089,0x0089,0x0089,0x0089,0x0089,0x0089,
  0x0068,0x0068,0x0089,0x08CB,0x08AB,0x18AC,0x20AC,0x10EC,0x00EC,0x010D,0x012C,0x00C9,
  0x0044,0x0001,0x0000,0x0001,0x0001,0x0001,0x0001,0x0001,0x0001,0x0001,0x0001,0x0001,
  0x0001,0x0001,0x0001,0x0001,0x0001,0x0000,0x0000,0x0000,0x0000,0x0000,0x0000,0x0000,
  0x0000,0x0000,0x0000,0x0000,0x0000,0x0000,0x0000,0x0000,0x0000,0x0000,0x0000,0x0000,
  0x0000,0x0000,0x0000,0x0000,0x0000,0x0000,0x0000,0x0000,0x0000,0x0000,0x0000,0x0000,
  0x0000,0x0000,0x0000,0x0000,0x0000,0x0000,0x0000,0x0000,0x0000,0x0000,0x0000,0x0000,
  0x0000,0x0000,0x0000,0x0000,0x0000,0x0000,0x0000,0x0000,0x0000,0x0000,0x0000,0x0001,
  0x0001,0x0000,0x0000,0x0000,0x0000,0x0000,0x0000,0x0000,0x0000,0x0000,0x0000,0x0000,
  0x0000,0x0000,0x0000,0x0000,0x0000,0x0000,0x0000,0x0000,0x0000,0x0000,0x0000,0x0000,
  0x0000,0x0000,0x0000,0x0000,0x0000,0x0000,0x0000,0x0000,0x0000,0x0000,0x0000,0x0000,
  0x0000,0x0000,0x0000,0x0000,0x0000,0x0000,0x0000,0x0000,0x0000,0x0000,0x0000,0x0000,
  0x0000,0x0000,0x0000,0x0000,0x0000,0x0000,0x0000,0x0000,0x0000,0x0000,0x0000,0x0000,
  0x0000,0x0000,0x0000,0x0000,0x0000,0x0000,0x0000,0x0000,0x0000,0x0000,0x0000,0x0000,
  0x0000,0x0000,0x0000,0x0000,0x0000,0x0000,0x0000,0x0000,0x0000,0x0000,0x0000,0x0000,
  0x0000,0x0000,0x0000,0x0000,0x0000,0x0000,0x0000,0x0000,0x0000,0x0000,0x0000,0x0000,
  0x0000,0x0000,0x0000,0x0000,0x0000,0x0000,0x0000,0x0000,0x0000,0x0001,0x1802,0x2804,
  0x3005,0x4867,0x610A,0x692B,0x58A9,0x5848,0x5007,0x4807,0x5007,0x5007,0x4807,0x5028,
  0x5808,0x5008,0x3005,0x3005,0x3005,0x2805,0x3027,0x3847,0x3828,0x3828,0x3848,0x3849,
  0x404A,0x404B,0x486B,0x488C,0x488C,0x48AC,0x58EC,0x40AB,0x30AA,0x38AA,0x30AA,0x308A,
  0x3069,0x406A,0x404B,0x206A,0x1069,0x0869,0x0069,0x0089,0x0089,0x008A,0x00AA,0x00AA,
  0x00AA,0x0089,0x0089,0x00A9,0x0068,0x008A,0x088A,0x08AA,0x00EC,0x00EC,0x012D,0x096F,
  0x016E,0x00EA,0x0085,0x0022,0x0001,0x0001,0x0001,0x0001,0x0001,0x0001,0x0001,0x0001,
  0x0001,0x0001,0x0001,0x0001,0x0001,0x0001,0x0000,0x0000,0x0000,0x0000,0x0000,0x0000,
  0x0000,0x0000,0x0000,0x0000,0x0000,0x0000,0x0000,0x0000,0x0000,0x0000,0x0000,0x0000,
  0x0000,0x0000,0x0000,0x0000,0x0000,0x0000,0x0000,0x0000,0x0000,0x0000,0x0000,0x0000,
  0x0000,0x0000,0x0000,0x0000,0x0000,0x0000,0x0000,0x0000,0x0000,0x0000,0x0000,0x0000,
  0x0000,0x0000,0x0000,0x0000,0x0000,0x0000,0x0000,0x0000,0x0000,0x0000,0x0000,0x0000,
  0x0000,0x0000,0x0000,0x0000,0x0000,0x0000,0x0000,0x0000,0x0000,0x0000,0x0000,0x0000,
  0x0000,0x0000,0x0000,0x0000,0x0000,0x0000,0x0000,0x0801,0x0000,0x0000,0x0000,0x0000,
  0x0000,0x0000,0x0001,0x0000,0x0000,0x0000,0x0000,0x0000,0x0000,0x0000,0x0000,0x0000,
  0x0000,0x0000,0x0000,0x0000,0x0000,0x0000,0x0000,0x0000,0x0000,0x0000,0x0000,0x0000,
  0x0000,0x0000,0x0000,0x0000,0x0000,0x0000,0x0000,0x0000,0x0000,0x0000,0x0000,0x0000,
  0x0000,0x0000,0x0000,0x0000,0x0000,0x0000,0x0000,0x0000,0x0000,0x0000,0x0000,0x0000,
  0x0000,0x0000,0x0000,0x0000,0x0000,0x0000,0x0000,0x0000,0x0000,0x0000,0x0000,0x0000,
  0x0000,0x0000,0x0000,0x0000,0x0000,0x0000,0x0000,0x0000,0x0000,0x0000,0x0000,0x0000,
  0x0000,0x0000,0x0000,0x0000,0x0000,0x0000,0x0000,0x0801,0x1803,0x2803,0x2804,0x48A7,
  0x694B,0x692B,0x5869,0x5007,0x4807,0x5007,0x4807,0x4807,0x4807,0x4006,0x3806,0x3006,
  0x3806,0x2804,0x2805,0x4027,0x3006,0x3827,0x3028,0x2807,0x2807,0x2807,0x2807,0x2007,
  0x2027,0x2028,0x2028,0x2829,0x2849,0x204A,0x38AB,0x20AB,0x0069,0x0089,0x008A,0x08AB,
  0x18EC,0x18EC,0x20EC,0x20EC,0x310D,0x38EC,0x20CB,0x08AA,0x008A,0x0089,0x008A,0x00AA,
  0x00CB,0x00CB,0x00CB,0x00CA,0x00CA,0x00AA,0x0089,0x0088,0x0068,0x0089,0x0089,0x00AA,
  0x00ED,0x118F,0x11AF,0x012C,0x00A7,0x0022,0x0001,0x0001,0x0001,0x0001,0x0001,0x0001,
  0x0001,0x0001,0x0001,0x0001,0x0001,0x0001,0x0001,0x0000,0x0000,0x0000,0x0000,0x0000,
  0x0000,0x0000,0x0001,0x0000,0x0000,0x0000,0x0000,0x0000,0x0000,0x0000,0x0000,0x0000,
  0x0000,0x0000,0x0000,0x0000,0x0000,0x0000,0x0000,0x0000,0x0000,0x0000,0x0000,0x0000,
  0x0000,0x0000,0x0000,0x0000,0x0000,0x0000,0x0000,0x0000,0x0000,0x0000,0x0000,0x0000,
  0x0000,0x0000,0x0000,0x0000,0x0000,0x0000,0x0000,0x0000,0x0000,0x0000,0x0000,0x0000,
  0x0000,0x0000,0x0000,0x0000,0x0000,0x0000,0x0000,0x0000,0x0000,0x0000,0x0000,0x0000,
  0x0000,0x0000,0x0801,0x0000,0x0000,0x0000,0x0000,0x0801,0x0000,0x0000,0x0000,0x0000,
  0x0000,0x0000,0x0001,0x0001,0x0000,0x0801,0x0000,0x0000,0x0801,0x0000,0x0001,0x0000,
  0x0000,0x0000,0x0000,0x0000,0x0000,0x0000,0x0000,0x0000,0x0000,0x0000,0x0000,0x0000,
  0x0000,0x0000,0x0000,0x0000,0x0000,0x0000,0x0000,0x0000,0x0000,0x0000,0x0000,0x0000,
  0x0000,0x0000,0x0000,0x0000,0x0000,0x0000,0x0000,0x0000,0x0000,0x0000,0x0000,0x0000,
  0x0000,0x0000,0x0000,0x0000,0x0000,0x0000,0x0000,0x0000,0x0000,0x0000,0x0000,0x0000,
  0x0000,0x0000,0x0000,0x0000,0x0000,0x0000,0x0000,0x0000,0x0000,0x0000,0x0000,0x0000,
  0x0000,0x0000,0x0001,0x0001,0x0000,0x0801,0x2003,0x2804,0x3004,0x4087,0x692B,0x70EB,
  0x5849,0x4007,0x5028,0x5028,0x4807,0x4006,0x3806,0x3005,0x3005,0x2805,0x2005,0x2005,
  0x1804,0x3025,0x4848,0x2806,0x2006,0x2006,0x2006,0x2006,0x2027,0x2006,0x1806,0x2006,
  0x2006,0x2007,0x2007,0x2828,0x2829,0x2849,0x2869,0x1848,0x0847,0x0047,0x0068,0x0068,
  0x0069,0x0089,0x00AB,0x00CC,0x012D,0x114E,0x214E,0x316E,0x314D,0x210C,0x10CB,0x00AA,
  0x008A,0x00CB,0x00EC,0x00EB,0x00EC,0x00CB,0x00CB,0x0089,0x0068,0x0067,0x1068,0x48CB,
  0x58AC,0x50CC,0x212D,0x014E,0x098F,0x096D,0x00C8,0x0023,0x0001,0x0002,0x0002,0x0001,
  0x0001,0x0001,0x0001,0x0001,0x0001,0x0001,0x0001,0x0001,0x0001,0x0000,0x0000,0x0000,
  0x0000,0x0001,0x0001,0x0000,0x0000,0x0000,0x0000,0x0000,0x0000,0x0000,0x0000,0x0000,
  0x0000,0x0000,0x0000,0x0000,0x0000,0x0000,0x0000,0x0000,0x0000,0x0000,0x0000,0x0000,
  0x0000,0x0000,0x0000,0x0000,0x0000,0x0000,0x0000,0x0000,0x0000,0x0000,0x0000,0x0000,
  0x0000,0x0000,0x0000,0x0000,0x0000,0x0000,0x0000,0x0000,0x0000,0x0000,0x0000,0x0000,
  0x0000,0x0000,0x0000,0x0000,0x0000,0x0000,0x0000,0x0000,0x0000,0x0000,0x0000,0x0000,
  0x0000,0x0000,0x0801,0x0000,0x0000,0x0000,0x0000,0x0001,0x0000,0x0000,0x0000,0x0000,
  0x0000,0x0000,0x0000,0x0000,0x0000,0x0801,0x0000,0x0801,0x0801,0x0000,0x0801,0x0000,
  0x0000,0x0000,0x0000,0x0000,0x0000,0x0000,0x0000,0x0000,0x0000,0x0000,0x0000,0x0000,
  0x0000,0x0000,0x0000,0x0000,0x0000,0x0000,0x0000,0x0000,0x0000,0x0000,0x0000,0x0000,
  0x0000,0x0000,0x0000,0x0000,0x0000,0x0000,0x0000,0x0000,0x0000,0x0000,0x0000,0x0000,
  0x0000,0x0000,0x0000,0x0000,0x0000,0x0000,0x0000,0x0000,0x0000,0x0000,0x0000,0x0000,
  0x0000,0x0000,0x0000,0x0000,0x0000,0x0000,0x0000,0x0000,0x0000,0x0000,0x0000,0x0000,
  0x0001,0x0001,0x0000,0x0801,0x2003,0x3004,0x3004,0x4046,0x68CB,0x78AB,0x5828,0x3005,
  0x4807,0x5828,0x4827,0x3005,0x2805,0x2805,0x2805,0x2805,0x2005,0x2005,0x2005,0x2005,
  0x2004,0x3846,0x3026,0x2005,0x2005,0x2005,0x2006,0x2006,0x2006,0x2006,0x2006,0x2807,
  0x2807,0x2807,0x2828,0x2828,0x2827,0x2027,0x1827,0x1828,0x2049,0x2049,0x1869,0x1869,
  0x1089,0x0889,0x0089,0x0089,0x00AB,0x216E,0x192E,0x094E,0x118F,0x298F,0x398F,0x296D,
  0x116C,0x010C,0x00EB,0x00CB,0x00CB,0x00EB,0x00CB,0x008A,0x10AA,0x40AB,0x68EC,0x58AB,
  0x60AC,0x186A,0x008A,0x00AB,0x00EC,0x016E,0x018F,0x016D,0x00C8,0x0003,0x0001,0x0002,
  0x0002,0x0001,0x0001,0x0001,0x0001,0x0001,0x0001,0x0001,0x0001,0x0001,0x0001,0x0001,
  0x0000,0x0001,0x0001,0x0001,0x0001,0x0000,0x0000,0x0000,0x0000,0x0000,0x0000,0x0000,
  0x0000,0x0000,0x0000,0x0000,0x0000,0x0000,0x0000,0x0000,0x0000,0x0000,0x0000,0x0000,
  0x0000,0x0000,0x0000,0x0000,0x0000,0x0000,0x0000,0x0000,0x0000,0x0000,0x0000,0x0000,
  0x0000,0x0000,0x0000,0x0000,0x0000,0x0000,0x0000,0x0000,0x0000,0x0000,0x0000,0x0000,
  0x0000,0x0000,0x0000,0x0000,0x0000,0x0000,0x0000,0x0000,0x0000,0x0000,0x0000,0x0000,
  0x0000,0x0000,0x0000,0x0000,0x0000,0x0000,0x0000,0x0000,0x0000,0x0000,0x0000,0x0000,
  0x0000,0x0000,0x0000,0x0000,0x0000,0x0000,0x0000,0x0000,0x0000,0x0000,0x0000,0x0000,
  0x0000,0x0000,0x0000,0x0000,0x0000,0x0000,0x0000,0x0000,0x0000,0x0000,0x0000,0x0000,
  0x0000,0x0000,0x0000,0x0000,0x0000,0x0000,0x0000,0x0000,0x0000,0x0000,0x0000,0x0000,
  0x0000,0x0000,0x0000,0x0000,0x0000,0x0000,0x0000,0x0000,0x0000,0x0000,0x0000,0x0000,
  0x0000,0x0000,0x0000,0x0000,0x0000,0x0000,0x0000,0x0000,0x0000,0x0000,0x0000,0x0000,
  0x0000,0x0000,0x0000,0x0000,0x0000,0x0000,0x0000,0x0000,0x0000,0x0000,0x0000,0x0001,
  0x0001,0x0000,0x1802,0x3004,0x3004,0x3845,0x68CB,0x810E,0x686B,0x3806,0x2804,0x5008,
  0x5008,0x3005,0x2805,0x3005,0x2805,0x2805,0x2805,0x2805,0x2004,0x2005,0x2005,0x1805,
  0x1805,0x2005,0x2806,0x2806,0x2005,0x2005,0x2806,0x2806,0x2806,0x2806,0x2806,0x2006,
  0x2006,0x2006,0x1806,0x1806,0x1806,0x1806,0x1806,0x1827,0x1827,0x1828,0x1828,0x1828,
  0x1849,0x186A,0x108A,0x108A,0x088A,0x10CC,0x310D,0x08ED,0x00EC,0x012D,0x116E,0x196F,
  0x198F,0x11EF,0x09CE,0x016C,0x00EB,0x00AB,0x00AB,0x20EB,0x28AA,0x386A,0x40AB,0x408B,
  0x1849,0x0068,0x0089,0x0089,0x008A,0x00CB,0x012D,0x016E,0x01AF,0x098D,0x00A7,0x0002,
  0x0002,0x0002,0x0001,0x0001,0x0001,0x0001,0x0001,0x0001,0x0001,0x0001,0x0001,0x0001,
  0x0001,0x0001,0x0001,0x0001,0x0001,0x0000,0x0000,0x0000,0x0000,0x0000,0x0000,0x0000,
  0x0000,0x0000,0x0000,0x0000,0x0000,0x0000,0x0000,0x0000,0x0000,0x0000,0x0000,0x0000,
  0x0000,0x0000,0x0000,0x0000,0x0000,0x0000,0x0000,0x0000,0x0000,0x0000,0x0000,0x0000,
  0x0000,0x0000,0x0000,0x0000,0x0000,0x0000,0x0000,0x0000,0x0000,0x0000,0x0000,0x0000,
  0x0000,0x0000,0x0000,0x0000,0x0000,0x0000,0x0000,0x0000,0x0000,0x0000,0x0000,0x0000,
  0x0000,0x0000,0x0000,0x0000,0x0000,0x0000,0x0000,0x0000,0x0000,0x0000,0x0000,0x0000,
  0x0000,0x0000,0x0000,0x0000,0x0000,0x0000,0x0000,0x0000,0x0000,0x0000,0x0000,0x0000,
  0x0000,0x0000,0x0000,0x0000,0x0000,0x0000,0x0000,0x0000,0x0000,0x0000,0x0000,0x0000,
  0x0000,0x0000,0x0000,0x0000,0x0000,0x0000,0x0000,0x0000,0x0000,0x0000,0x0000,0x0000,
  0x0000,0x0000,0x0000,0x0000,0x0000,0x0000,0x0000,0x0000,0x0000,0x0000,0x0000,0x0000,
  0x0000,0x0000,0x0000,0x0000,0x0000,0x0000,0x0000,0x0000,0x0000,0x0000,0x0000,0x0000,
  0x0000,0x0000,0x0000,0x0000,0x0000,0x0000,0x0000,0x0000,0x0000,0x0000,0x0001,0x0000,
  0x0801,0x2804,0x2804,0x3025,0x60AA,0x80CD,0x606B,0x4027,0x2804,0x2004,0x4807,0x4006,
  0x2805,0x3005,0x3806,0x2805,0x2004,0x1804,0x2005,0x2005,0x2005,0x2005,0x1804,0x1804,
  0x1805,0x1004,0x1805,0x2005,0x2005,0x2806,0x2806,0x2806,0x2806,0x2806,0x2006,0x2006,
  0x2005,0x1805,0x1005,0x1005,0x1005,0x1005,0x1005,0x1005,0x1006,0x1827,0x1827,0x1027,
  0x1027,0x1047,0x1048,0x1069,0x1069,0x18AA,0x20CC,0x18CC,0x00CB,0x00CB,0x00CB,0x00EC,
  0x010D,0x014E,0x01AF,0x0210,0x09EF,0x114D,0x618D,0x590C,0x40CB,0x48CC,0x386A,0x0847,
  0x0026,0x1847,0x1849,0x0069,0x0089,0x0089,0x00AA,0x00EC,0x014D,0x01AF,0x0A10,0x098B,
  0x0064,0x0002,0x0002,0x0001,0x0001,0x0001,0x0001,0x0001,0x0001,0x0001,0x0001,0x0001,
  0x0001,0x0001,0x0001,0x0001,0x0001,0x0001,0x0000,0x0000,0x0000,0x0000,0x0000,0x0000,
  0x0000,0x0000,0x0000,0x0000,0x0000,0x0000,0x0000,0x0000,0x0000,0x0000,0x0000,0x0000,
  0x0000,0x0000,0x0000,0x0000,0x0000,0x0000,0x0000,0x0000,0x0000,0x0000,0x0000,0x0000,
  0x0000,0x0000,0x0000,0x0000,0x0000,0x0000,0x0000,0x0000,0x0000,0x0000,0x0000,0x0000,
  0x0000,0x0000,0x0000,0x0000,0x0000,0x0000,0x0000,0x0000,0x0000,0x0000,0x0000,0x0000,
  0x0000,0x0000,0x0000,0x0000,0x0000,0x0000,0x0000,0x0000,0x0000,0x0000,0x0000,0x0000,
  0x0000,0x0000,0x0000,0x0000,0x0000,0x0000,0x0000,0x0000,0x0000,0x0000,0x0000,0x0000,
  0x0000,0x0000,0x0000,0x0000,0x0000,0x0000,0x0000,0x0000,0x0000,0x0000,0x0000,0x0000,
  0x0000,0x0000,0x0000,0x0000,0x0000,0x0000,0x0000,0x0000,0x0000,0x0000,0x0000,0x0000,
  0x0000,0x0000,0x0000,0x0000,0x0000,0x0000,0x0000,0x0000,0x0000,0x0000,0x0000,0x0000,
  0x0000,0x0000,0x0000,0x0000,0x0000,0x0000,0x0000,0x0000,0x0000,0x0000,0x0000,0x0000,
  0x0000,0x0000,0x0000,0x0000,0x0000,0x0000,0x0000,0x0000,0x0000,0x0000,0x0000,0x2003,
  0x3004,0x2804,0x4807,0x606B,0x584A,0x3806,0x3005,0x2804,0x2804,0x4007,0x5808,0x3005,
  0x3806,0x3806,0x2805,0x2805,0x2805,0x2005,0x2005,0x2005,0x2005,0x1804,0x1804,0x1804,
  0x1804,0x1805,0x1004,0x1004,0x2805,0x3006,0x2806,0x2006,0x2005,0x2005,0x1805,0x1804,
  0x1004,0x1004,0x1004,0x1004,0x1004,0x0804,0x0804,0x0804,0x1004,0x1025,0x1025,0x1005,
  0x1025,0x1026,0x0826,0x0846,0x0847,0x0848,0x20AB,0x58EE,0x18AB,0x00AA,0x00AA,0x00AA,
  0x00AA,0x00CB,0x010D,0x012E,0x018F,0x1A30,0x31CF,0x598F,0x89D0,0x590C,0x0826,0x0025,
  0x0025,0x0025,0x0826,0x2047,0x1069,0x0089,0x00A9,0x00AA,0x00EB,0x012D,0x016E,0x0A30,
  0x0A4F,0x00E8,0x0002,0x0001,0x0002,0x0001,0x0001,0x0001,0x0001,0x0001,0x0001,0x0001,
  0x0001,0x0001,0x0001,0x0001,0x0001,0x0001,0x0001,0x0001,0x0000,0x0000,0x0000,0x0000,
  0x0000,0x0000,0x0000,0x0000,0x0000,0x0000,0x0000,0x0000,0x0000,0x0000,0x0000,0x0000,
  0x0000,0x0000,0x0000,0x0000,0x0000,0x0000,0x0000,0x0000,0x0000,0x0000,0x0000,0x0000,
  0x0000,0x0000,0x0000,0x0000,0x0000,0x0000,0x0000,0x0000,0x0000,0x0000,0x0000,0x0000,
  0x0000,0x0000,0x0000,0x0000,0x0000,0x0000,0x0000,0x0000,0x0000,0x0000,0x0000,0x0000,
  0x0000,0x0000,0x0000,0x0000,0x0000,0x0000,0x0000,0x0000,0x0000,0x0000,0x0000,0x0000,
  0x0000,0x0000,0x0000,0x0000,0x0000,0x0000,0x0000,0x0000,0x0000,0x0000,0x0000,0x0000,
  0x0000,0x0000,0x0000,0x0000,0x0000,0x0000,0x0000,0x0000,0x0000,0x0000,0x0000,0x0000,
  0x0000,0x0000,0x0000,0x0000,0x0000,0x0000,0x0000,0x0000,0x0000,0x0000,0x0000,0x0000,
  0x0000,0x0000,0x0000,0x0000,0x0000,0x0000,0x0000,0x0000,0x0000,0x0000,0x0000,0x0000,
  0x0000,0x0000,0x0000,0x0000,0x0000,0x0000,0x0000,0x0000,0x0000,0x0000,0x0000,0x0000,
  0x0000,0x0000,0x0000,0x0000,0x0000,0x0000,0x0000,0x0001,0x0000,0x0801,0x3004,0x3004,
  0x3005,0x5029,0x4808,0x3806,0x2805,0x3005,0x4006,0x2804,0x3005,0x3806,0x2805,0x2804,
  0x3005,0x3806,0x3806,0x2806,0x2005,0x1804,0x1804,0x1804,0x1004,0x1004,0x1804,0x1804,
  0x1804,0x1804,0x1004,0x1804,0x3806,0x3006,0x2005,0x2005,0x2005,0x1804,0x1804,0x1804,
  0x1004,0x1004,0x1004,0x1004,0x0803,0x0803,0x0803,0x0803,0x0804,0x0804,0x0804,0x0804,
  0x0804,0x0824,0x0825,0x0825,0x0826,0x1068,0x0868,0x510C,0x614D,0x08A9,0x0089,0x0089,
  0x00A9,0x00A9,0x00A9,0x00AA,0x112C,0x5250,0x3A10,0x11D0,0x216D,0x00A9,0x0026,0x0025,
  0x0046,0x0025,0x0025,0x0025,0x1047,0x0889,0x0089,0x0089,0x00AA,0x00EC,0x010D,0x012D,
  0x0210,0x0A91,0x09AC,0x0044,0x0002,0x0022,0x0002,0x0001,0x0001,0x0001,0x0001,0x0001,
  0x0001,0x0001,0x0001,0x0001,0x0001,0x0001,0x0001,0x0001,0x0000,0x0000,0x0000,0x0000,
  0x0000,0x0000,0x0000,0x0000,0x0000,0x0000,0x0000,0x0000,0x0000,0x0000,0x0000,0x0000,
  0x0000,0x0000,0x0000,0x0000,0x0000,0x0000,0x0000,0x0000,0x0000,0x0000,0x0000,0x0000,
  0x0000,0x0000,0x0000,0x0000,0x0000,0x0000,0x0000,0x0000,0x0000,0x0000,0x0000,0x0000,
  0x0000,0x0000,0x0000,0x0000,0x0000,0x0000,0x0000,0x0000,0x0000,0x0000,0x0000,0x0000,
  0x0000,0x0000,0x0000,0x0000,0x0000,0x0000,0x0000,0x0000,0x0000,0x0000,0x0000,0x0000,
  0x0000,0x0000,0x0000,0x0000,0x0000,0x0000,0x0000,0x0000,0x0000,0x0000,0x0000,0x0000,
  0x0000,0x0000,0x0000,0x0000,0x0000,0x0000,0x0000,0x0000,0x0000,0x0000,0x0000,0x0000,
  0x0000,0x0000,0x0000,0x0000,0x0000,0x0000,0x0000,0x0000,0x0000,0x0000,0x0000,0x0000,
  0x0000,0x0000,0x0000,0x0000,0x0000,0x0000,0x0000,0x0000,0x0000,0x0000,0x0000,0x0000,
  0x0000,0x0000,0x0000,0x0000,0x0000,0x0000,0x0000,0x0000,0x0000,0x0000,0x0000,0x0000,
  0x0000,0x0000,0x0000,0x0000,0x0000,0x0000,0x0001,0x0000,0x1803,0x3805,0x2804,0x4047,
  0x604B,0x3807,0x2805,0x3005,0x4006,0x4006,0x2804,0x2805,0x3005,0x2804,0x2825,0x3826,
  0x4007,0x3006,0x1804,0x1004,0x1804,0x1004,0x1804,0x1804,0x1804,0x1804,0x1804,0x1804,
  0x1004,0x1003,0x1003,0x1805,0x3006,0x3006,0x1804,0x1804,0x1004,0x1003,0x1003,0x1003,
  0x1004,0x1004,0x1004,0x1003,0x0803,0x0803,0x0803,0x0803,0x0803,0x0803,0x0803,0x0803,
  0x0803,0x0804,0x0824,0x0824,0x0824,0x1046,0x0847,0x28C9,0x71AE,0x28EA,0x0068,0x0089,
  0x0089,0x0089,0x0089,0x00A9,0x00AB,0x216F,0x5A50,0x51CD,0x010C,0x010B,0x00EA,0x0087,
  0x0825,0x0825,0x0025,0x0025,0x0025,0x0046,0x0868,0x0889,0x0089,0x00A9,0x00CB,0x00EB,
  0x012D,0x01CF,0x0AB1,0x0A4F,0x00C7,0x0002,0x0002,0x0002,0x0001,0x0001,0x0001,0x0001,
  0x0001,0x0001,0x0001,0x0001,0x0001,0x0001,0x0001,0x0001,0x0001,0x0000,0x0000,0x0000,
  0x0000,0x0000,0x0000,0x0000,0x0000,0x0000,0x0000,0x0000,0x0000,0x0000,0x0000,0x0000,
  0x0000,0x0000,0x0000,0x0000,0x0000,0x0000,0x0000,0x0000,0x0000,0x0000,0x0000,0x0000,
  0x0000,0x0000,0x0000,0x0000,0x0000,0x0000,0x0000,0x0000,0x0000,0x0000,0x0000,0x0000,
  0x0000,0x0000,0x0000,0x0000,0x0000,0x0000,0x0000,0x0000,0x0000,0x0000,0x0000,0x0000,
  0x0000,0x0000,0x0000,0x0000,0x0000,0x0000,0x0000,0x0000,0x0000,0x0000,0x0000,0x0000,
  0x0000,0x0000,0x0000,0x0000,0x0000,0x0000,0x0000,0x0000,0x0000,0x0000,0x0000,0x0000,
  0x0000,0x0000,0x0000,0x0000,0x0000,0x0000,0x0000,0x0000,0x0000,0x0000,0x0000,0x0000,
  0x0000,0x0000,0x0000,0x0000,0x0000,0x0000,0x0000,0x0000,0x0000,0x0000,0x0000,0x0000,
  0x0000,0x0000,0x0000,0x0000,0x0000,0x0000,0x0000,0x0000,0x0000,0x0000,0x0000,0x0000,
  0x0000,0x0000,0x0000,0x0000,0x0000,0x0000,0x0000,0x0000,0x0000,0x0000,0x0000,0x0000,
  0x0000,0x0000,0x0000,0x0000,0x0001,0x0000,0x0001,0x3004,0x3806,0x2804,0x4848,0x504A,
  0x2806,0x2004,0x3025,0x4006,0x4806,0x4006,0x4006,0x3005,0x1803,0x3025,0x4828,0x3806,
  0x1804,0x1004,0x1804,0x1004,0x1003,0x1004,0x1804,0x1804,0x1804,0x1804,0x1003,0x1003,
  0x1003,0x1003,0x0803,0x2845,0x3846,0x3006,0x1804,0x1804,0x1003,0x1003,0x1003,0x1003,
  0x1003,0x1003,0x1003,0x0803,0x0803,0x0803,0x0803,0x0803,0x0803,0x0803,0x0803,0x0803,
  0x0803,0x0803,0x0804,0x0804,0x0824,0x0024,0x0846,0x0025,0x414B,0x310B,0x0047,0x0067,
  0x0068,0x0088,0x0088,0x0088,0x00AB,0x096F,0x214E,0x10EB,0x01B0,0x018F,0x00EB,0x00EA,
  0x00C9,0x0825,0x0825,0x0045,0x0025,0x0025,0x0025,0x0067,0x0089,0x0088,0x0089,0x00AA,
  0x00EB,0x012D,0x018F,0x0A91,0x0AB0,0x016A,0x0023,0x0002,0x0002,0x0001,0x0001,0x0001,
  0x0001,0x0001,0x0001,0x0001,0x0001,0x0001,0x0001,0x0001,0x0001,0x0000,0x0001,0x0000,
  0x0000,0x0000,0x0000,0x0000,0x0000,0x0000,0x0000,0x0000,0x0000,0x0000,0x0000,0x0000,
  0x0000,0x0000,0x0000,0x0000,0x0000,0x0000,0x0000,0x0000,0x0000,0x0000,0x0000,0x0000,
  0x0000,0x0000,0x0000,0x0000,0x0000,0x0000,0x0000,0x0000,0x0000,0x0000,0x0000,0x0000,
  0x0000,0x0000,0x0000,0x0000,0x0000,0x0000,0x0000,0x0000,0x0000,0x0000,0x0000,0x0000,
  0x0000,0x0000,0x0000,0x0000,0x0000,0x0000,0x0000,0x0000,0x0000,0x0000,0x0000,0x0000,
  0x0000,0x0000,0x0000,0x0000,0x0000,0x0000,0x0000,0x0000,0x0000,0x0000,0x0000,0x0000,
  0x0000,0x0000,0x0000,0x0000,0x0000,0x0000,0x0000,0x0000,0x0000,0x0000,0x0000,0x0000,
  0x0000,0x0000,0x0000,0x0000,0x0000,0x0000,0x0000,0x0000,0x0000,0x0000,0x0000,0x0000,
  0x0000,0x0000,0x0000,0x0000,0x0000,0x0000,0x0000,0x0000,0x0000,0x0000,0x0000,0x0000,
  0x0000,0x0000,0x0000,0x0000,0x0000,0x0000,0x0000,0x0000,0x0000,0x0000,0x0000,0x0000,
  0x0000,0x0000,0x0000,0x0001,0x0000,0x0801,0x3004,0x3005,0x3026,0x5049,0x4809,0x2005,
  0x1803,0x1803,0x3005,0x3805,0x3806,0x4006,0x1803,0x1803,0x4007,0x5029,0x2806,0x1804,
  0x1804,0x1804,0x1003,0x1003,0x1804,0x2005,0x1804,0x1804,0x1003,0x1003,0x0803,0x0803,
  0x0803,0x0803,0x0803,0x2866,0x5068,0x2805,0x1804,0x1804,0x1003,0x1003,0x1003,0x1003,
  0x0803,0x0803,0x0803,0x0803,0x0803,0x0803,0x0803,0x1804,0x1003,0x0803,0x0803,0x0803,
  0x0803,0x0003,0x0824,0x0824,0x0004,0x0824,0x0825,0x0025,0x0867,0x0868,0x0047,0x0066,
  0x0066,0x0067,0x0067,0x0889,0x18AB,0x110D,0x10EB,0x010C,0x012D,0x016E,0x0190,0x012D,
  0x00EA,0x00EB,0x0067,0x0004,0x0025,0x0025,0x0045,0x0025,0x0046,0x0088,0x0068,0x0088,
  0x00A9,0x00EB,0x010D,0x016F,0x0A50,0x0AF0,0x01EC,0x0044,0x0002,0x0002,0x0001,0x0001,
  0x0001,0x0001,0x0001,0x0001,0x0001,0x0001,0x0001,0x0001,0x0001,0x0001,0x0001,0x0000,
  0x0000,0x0000,0x0000,0x0000,0x0000,0x0000,0x0000,0x0000,0x0000,0x0000,0x0000,0x0000,
  0x0000,0x0000,0x0000,0x0000,0x0000,0x0000,0x0000,0x0000,0x0000,0x0000,0x0000,0x0000,
  0x0000,0x0000,0x0000,0x0000,0x0000,0x0000,0x0000,0x0000,0x0000,0x0000,0x0000,0x0000,
  0x0000,0x0000,0x0000,0x0000,0x0000,0x0000,0x0000,0x0000,0x0000,0x0000,0x0000,0x0000,
  0x0000,0x0000,0x0000,0x0000,0x0000,0x0000,0x0000,0x0000,0x0000,0x0000,0x0000,0x0000,
  0x0000,0x0000,0x0000,0x0000,0x0000,0x0000,0x0000,0x0000,0x0000,0x0000,0x0000,0x0000,
  0x0000,0x0000,0x0000,0x0000,0x0000,0x0000,0x0000,0x0000,0x0000,0x0000,0x0000,0x0000,
  0x0000,0x0000,0x0000,0x0000,0x0000,0x0000,0x0000,0x0000,0x0000,0x0000,0x0000,0x0000,
  0x0000,0x0000,0x0000,0x0000,0x0000,0x0000,0x0000,0x0000,0x0000,0x0000,0x0000,0x0000,
  0x0000,0x0000,0x0000,0x0000,0x0000,0x0000,0x0000,0x0000,0x0000,0x0000,0x0000,0x0000,
  0x0000,0x0000,0x0001,0x0000,0x1002,0x3005,0x2004,0x3826,0x584A,0x3807,0x1803,0x1803,
  0x1803,0x3005,0x4807,0x3806,0x2805,0x1002,0x2805,0x5829,0x4829,0x2805,0x2004,0x2004,
  0x1804,0x1804,0x2004,0x2005,0x2005,0x1804,0x1003,0x1804,0x1003,0x0803,0x0803,0x0803,
  0x0803,0x0803,0x0803,0x1844,0x48A9,0x2805,0x1003,0x2005,0x1804,0x1003,0x1003,0x0803,
  0x0803,0x0802,0x0802,0x0802,0x0803,0x0803,0x0802,0x1003,0x1003,0x0803,0x0803,0x0002,
  0x0002,0x0003,0x0803,0x0003,0x0003,0x0003,0x0024,0x0024,0x0025,0x0847,0x1848,0x0046,
  0x0045,0x0867,0x2889,0x288A,0x188A,0x10EB,0x00CA,0x00EB,0x00EB,0x00EB,0x012D,0x018F,
  0x016E,0x00EB,0x010B,0x00A8,0x0824,0x0025,0x0025,0x0025,0x0025,0x0046,0x0068,0x0088,
  0x0088,0x00A9,0x00CB,0x012C,0x016F,0x0230,0x0AF0,0x0A4D,0x0065,0x0002,0x0022,0x0002,
  0x0001,0x0001,0x0001,0x0001,0x0001,0x0001,0x0001,0x0001,0x0001,0x0001,0x0001,0x0000,
  0x0000,0x0000,0x0000,0x0000,0x0001,0x0000,0x0000,0x0000,0x0000,0x0000,0x0000,0x0000,
  0x0000,0x0000,0x0000,0x0000,0x0000,0x0000,0x0000,0x0000,0x0000,0x0000,0x0000,0x0000,
  0x0000,0x0000,0x0000,0x0000,0x0000,0x0000,0x0000,0x0000,0x0000,0x0000,0x0000,0x0000,
  0x0000,0x0000,0x0000,0x0000,0x0000,0x0000,0x0000,0x0000,0x0000,0x0000,0x0000,0x0000,
  0x0000,0x0000,0x0000,0x0000,0x0000,0x0000,0x0000,0x0000,0x0000,0x0000,0x0000,0x0000,
  0x0000,0x0000,0x0000,0x0000,0x0000,0x0000,0x0000,0x0000,0x0000,0x0000,0x0000,0x0000,
  0x0000,0x0000,0x0000,0x0000,0x0000,0x0000,0x0000,0x0000,0x0000,0x0000,0x0000,0x0000,
  0x0000,0x0000,0x0000,0x0000,0x0000,0x0000,0x0000,0x0000,0x0000,0x0000,0x0000,0x0000,
  0x0000,0x0000,0x0000,0x0000,0x0000,0x0000,0x0000,0x0000,0x0000,0x0000,0x0000,0x0000,
  0x0000,0x0000,0x0000,0x0000,0x0000,0x0000,0x0000,0x0000,0x0000,0x0000,0x0000,0x0000,
  0x0000,0x0000,0x0000,0x1802,0x3805,0x2004,0x4028,0x5009,0x2805,0x1003,0x1803,0x1803,
  0x2004,0x5028,0x4006,0x1803,0x1803,0x4807,0x5009,0x3807,0x2005,0x2005,0x2005,0x1804,
  0x1804,0x2805,0x2805,0x1804,0x1804,0x1004,0x1003,0x1003,0x0803,0x0803,0x0803,0x0803,
  0x0803,0x0803,0x0803,0x0803,0x1003,0x2025,0x2825,0x2004,0x2805,0x1804,0x0803,0x0803,
  0x0802,0x0802,0x0802,0x0802,0x0802,0x0802,0x0802,0x0802,0x0803,0x0803,0x0802,0x0802,
  0x0002,0x0002,0x0002,0x0002,0x0003,0x0003,0x0003,0x0003,0x0003,0x0024,0x0825,0x0025,
  0x2067,0x408A,0x3069,0x0048,0x08CA,0x0088,0x0088,0x0089,0x00AA,0x00CA,0x00EB,0x010C,
  0x016E,0x01AF,0x012C,0x012C,0x012A,0x0024,0x0025,0x0025,0x0025,0x0025,0x0046,0x0068,
  0x0088,0x0088,0x00A9,0x00EB,0x012D,0x018F,0x0230,0x1311,0x128F,0x0086,0x0002,0x0022,
  0x0002,0x0002,0x0001,0x0001,0x0001,0x0001,0x0001,0x0001,0x0001,0x0001,0x0001,0x0001,
  0x0000,0x0000,0x0000,0x0000,0x0001,0x0000,0x0000,0x0000,0x0000,0x0000,0x0000,0x0000,
  0x0000,0x0000,0x0000,0x0000,0x0000,0x0000,0x0000,0x0000,0x0000,0x0000,0x0000,0x0000,
  0x0000,0x0000,0x0000,0x0000,0x0000,0x0000,0x0000,0x0000,0x0000,0x0000,0x0000,0x0000,
  0x0000,0x0000,0x0000,0x0000,0x0000,0x0000,0x0000,0x0000,0x0000,0x0000,0x0000,0x0000,
  0x0000,0x0000,0x0000,0x0000,0x0000,0x0000,0x0000,0x0000,0x0000,0x0000,0x0000,0x0000,
  0x0000,0x0000,0x0000,0x0000,0x0000,0x0000,0x0000,0x0000,0x0000,0x0000,0x0000,0x0000,
  0x0000,0x0000,0x0000,0x0000,0x0000,0x0000,0x0000,0x0000,0x0000,0x0000,0x0000,0x0000,
  0x0000,0x0000,0x0000,0x0000,0x0000,0x0000,0x0000,0x0000,0x0000,0x0000,0x0000,0x0000,
  0x0000,0x0000,0x0000,0x0000,0x0000,0x0000,0x0000,0x0000,0x0000,0x0000,0x0000,0x0000,
  0x0000,0x0000,0x0000,0x0000,0x0000,0x0000,0x0000,0x0000,0x0000,0x0000,0x0000,0x0000,
  0x0000,0x0000,0x1802,0x3005,0x2004,0x4027,0x4008,0x2805,0x1003,0x1803,0x1803,0x2003,
  0x4006,0x3005,0x1002,0x2804,0x5809,0x4809,0x3006,0x2805,0x2005,0x1804,0x1804,0x2005,
  0x2805,0x2005,0x1804,0x1804,0x1804,0x1003,0x1003,0x0803,0x0803,0x0803,0x0803,0x0803,
  0x0802,0x0803,0x0803,0x0803,0x0803,0x0803,0x2024,0x2004,0x2804,0x2004,0x0802,0x0802,
  0x0802,0x0802,0x0002,0x0002,0x0002,0x0002,0x0002,0x0002,0x0002,0x0002,0x0002,0x0002,
  0x0002,0x0002,0x0002,0x0002,0x0002,0x0002,0x0002,0x0003,0x0003,0x0023,0x0003,0x0825,
  0x3068,0x4069,0x2868,0x1088,0x0887,0x0046,0x0066,0x0067,0x0088,0x00A9,0x00CA,0x00EB,
  0x010C,0x014E,0x01B0,0x014D,0x014D,0x016C,0x0025,0x0024,0x0025,0x0024,0x0024,0x0826,
  0x1048,0x08CA,0x00A9,0x00A9,0x00EB,0x012C,0x016E,0x0210,0x1331,0x12CF,0x00E7,0x0002,
  0x0023,0x0002,0x0002,0x0001,0x0001,0x0001,0x0001,0x0001,0x0001,0x0001,0x0001,0x0001,
  0x0001,0x0000,0x0000,0x0000,0x0001,0x0001,0x0000,0x0000,0x0000,0x0000,0x0000,0x0001,
  0x0801,0x0001,0x0000,0x0000,0x0000,0x0000,0x0000,0x0000,0x0000,0x0000,0x0000,0x0000,
  0x0085,0x0022,0x0000,0x0000,0x0000,0x0000,0x0000,0x0000,0x0000,0x0000,0x0000,0x0000,
  0x0000,0x0000,0x0000,0x0000,0x0000,0x0000,0x0000,0x0000,0x0000,0x0000,0x0000,0x0000,
  0x0000,0x0000,0x0000,0x0000,0x0000,0x0000,0x0000,0x0000,0x0000,0x0000,0x0000,0x0000,
  0x0000,0x0000,0x0000,0x0000,0x0000,0x0000,0x0000,0x0000,0x0000,0x0000,0x0000,0x0000,
  0x0000,0x0000,0x0000,0x0000,0x0000,0x0000,0x0000,0x0000,0x0000,0x0000,0x0000,0x0000,
  0x0000,0x0000,0x0000,0x0000,0x0000,0x0000,0x0000,0x0000,0x0000,0x0000,0x0000,0x0000,
  0x0000,0x0000,0x0000,0x0000,0x0000,0x0000,0x0000,0x0000,0x0000,0x0000,0x0000,0x0000,
  0x0000,0x0000,0x0000,0x0000,0x0000,0x0000,0x0000,0x0000,0x0001,0x0000,0x0000,0x0001,
  0x0000,0x1802,0x3005,0x1804,0x4027,0x3807,0x3005,0x1803,0x1803,0x1803,0x1803,0x3805,
  0x2804,0x0802,0x4006,0x600A,0x4008,0x3007,0x3006,0x2805,0x2004,0x2004,0x2805,0x2806,
  0x2005,0x1804,0x1804,0x1004,0x1003,0x1003,0x0803,0x0803,0x0803,0x0803,0x0803,0x0803,
  0x0803,0x0803,0x0803,0x0803,0x0803,0x0803,0x0002,0x1003,0x48A7,0x2004,0x1002,0x0802,
  0x0002,0x0002,0x0002,0x0002,0x0002,0x0002,0x0002,0x0002,0x0002,0x0002,0x0002,0x0002,
  0x0002,0x0002,0x0002,0x0002,0x0002,0x0002,0x0002,0x0002,0x0003,0x0003,0x0804,0x1826,
  0x0825,0x0826,0x1088,0x08A7,0x0025,0x0045,0x0045,0x0066,0x0067,0x0087,0x00A9,0x00CA,
  0x00CB,0x00EC,0x012D,0x018F,0x014D,0x016D,0x018D,0x0066,0x0004,0x0024,0x0024,0x0825,
  0x1026,0x0046,0x00A9,0x00A9,0x00A9,0x00EB,0x012C,0x018F,0x0230,0x0B31,0x12D0,0x0908,
  0x0003,0x0023,0x0002,0x0002,0x0002,0x0001,0x0001,0x0001,0x0001,0x0001,0x0001,0x0001,
  0x0001,0x0001,0x0001,0x0001,0x0001,0x0001,0x0001,0x0001,0x0001,0x0001,0x0000,0x0822,
  0x2865,0x0000,0x0001,0x0000,0x0000,0x0000,0x0000,0x0000,0x0000,0x0001,0x0000,0x0043,
  0x0086,0x0000,0x0000,0x0000,0x0000,0x0000,0x0000,0x0000,0x0000,0x0000,0x0000,0x0000,
  0x0000,0x0000,0x0000,0x0000,0x0000,0x0000,0x0000,0x0000,0x0000,0x0000,0x0000,0x0000,
  0x0000,0x0000,0x0000,0x0000,0x0000,0x0000,0x0000,0x0000,0x0000,0x0000,0x0000,0x0000,
  0x0000,0x0000,0x0000,0x0000,0x0000,0x0000,0x0000,0x0000,0x0000,0x0000,0x0000,0x0000,
  0x0000,0x0000,0x0000,0x0000,0x0000,0x0000,0x0000,0x0000,0x0000,0x0000,0x0000,0x0000,
  0x0000,0x0000,0x0000,0x0000,0x0000,0x0000,0x0000,0x0000,0x0000,0x0000,0x0000,0x0000,
  0x0000,0x0000,0x0000,0x0000,0x0000,0x0000,0x0000,0x0000,0x0000,0x0000,0x0000,0x0000,
  0x0000,0x0000,0x0000,0x0000,0x0000,0x0000,0x0000,0x0000,0x0000,0x0000,0x0000,0x0000,
  0x1803,0x2804,0x1803,0x4007,0x3806,0x3806,0x3005,0x1002,0x1803,0x1803,0x2004,0x1803,
  0x0802,0x4808,0x580A,0x4007,0x3006,0x3807,0x2005,0x1804,0x2005,0x3006,0x2805,0x2005,
  0x1804,0x1804,0x1804,0x1003,0x1003,0x1003,0x0803,0x0803,0x0803,0x0803,0x0802,0x1003,
  0x1003,0x0803,0x0803,0x0802,0x0802,0x0802,0x0802,0x0002,0x2064,0x38C6,0x2864,0x0001,
  0x0002,0x0001,0x0001,0x0001,0x0001,0x0001,0x0001,0x0001,0x0001,0x0002,0x0002,0x0802,
  0x0002,0x0002,0x0002,0x0002,0x0002,0x0002,0x0002,0x0002,0x0002,0x0002,0x2005,0x1025,
  0x1805,0x1047,0x10A8,0x0024,0x0024,0x0024,0x0044,0x0045,0x0045,0x0066,0x0067,0x0088,
  0x00A9,0x00CA,0x00EB,0x012C,0x016E,0x016E,0x016D,0x01AD,0x0087,0x0004,0x0024,0x1005,
  0x0825,0x0025,0x0046,0x0088,0x00A9,0x00A9,0x00EB,0x010C,0x018E,0x0250,0x0B11,0x0AF0,
  0x0109,0x0003,0x0023,0x0002,0x0002,0x0001,0x0001,0x0001,0x0001,0x0001,0x0001,0x0001,
  0x0001,0x0001,0x0001,0x0001,0x0001,0x0001,0x0000,0x0000,0x0000,0x0000,0x0000,0x0001,
  0x0001,0x0000,0x0000,0x0000,0x0000,0x0000,0x0000,0x0000,0x0000,0x0000,0x0000,0x0001,
  0x0000,0x0000,0x0000,0x0000,0x0000,0x0000,0x0000,0x0000,0x0000,0x0000,0x0000,0x0000,
  0x0000,0x0000,0x0000,0x0000,0x0000,0x0000,0x0000,0x0000,0x0000,0x0000,0x0000,0x0000,
  0x0000,0x0000,0x0000,0x0000,0x0000,0x0000,0x0000,0x0000,0x0000,0x0000,0x0000,0x0000,
  0x0000,0x0000,0x0000,0x0000,0x0000,0x0000,0x0000,0x0000,0x0000,0x0000,0x0000,0x0000,
  0x0000,0x0000,0x0000,0x0000,0x0000,0x0000,0x0000,0x0000,0x0000,0x0000,0x0000,0x0000,
  0x0000,0x0000,0x0000,0x0000,0x0000,0x0000,0x0000,0x0000,0x0000,0x0000,0x0000,0x0000,
  0x0000,0x0000,0x0000,0x0000,0x0000,0x0000,0x0000,0x0000,0x0000,0x0000,0x0000,0x0000,
  0x0000,0x0000,0x0000,0x0000,0x0000,0x0000,0x0000,0x0000,0x0001,0x0001,0x0000,0x1803,
  0x3805,0x1803,0x3806,0x3806,0x3807,0x4807,0x1803,0x1002,0x2004,0x2804,0x1003,0x1003,
  0x5009,0x5009,0x3807,0x3006,0x3006,0x2805,0x1804,0x2805,0x2806,0x2005,0x2004,0x1804,
  0x1804,0x1004,0x1003,0x1003,0x0803,0x0803,0x0803,0x0803,0x0803,0x0802,0x0803,0x1003,
  0x1003,0x0802,0x0002,0x0002,0x0002,0x0002,0x0802,0x0803,0x0001,0x3907,0x5989,0x1022,
  0x0001,0x0001,0x0001,0x0001,0x0001,0x0001,0x0001,0x0001,0x0001,0x0001,0x0002,0x0002,
  0x0002,0x0002,0x0002,0x0002,0x0002,0x0002,0x0002,0x0002,0x0002,0x0002,0x2806,0x2006,
  0x1006,0x1088,0x0023,0x0023,0x0023,0x0024,0x0024,0x0044,0x0044,0x0045,0x0066,0x0067,
  0x0087,0x0088,0x00A9,0x00CA,0x010C,0x014E,0x018E,0x016D,0x01AE,0x0087,0x0004,0x2067,
  0x0845,0x0024,0x0025,0x0066,0x0088,0x00AA,0x00A9,0x00CB,0x010C,0x01AF,0x0250,0x0B11,
  0x1330,0x0108,0x0003,0x0023,0x0002,0x0002,0x0001,0x0001,0x0001,0x0001,0x0001,0x0001,
  0x0001,0x0001,0x0001,0x0001,0x0001,0x0001,0x0000,0x0000,0x0000,0x0000,0x0001,0x0001,
  0x0000,0x0000,0x0000,0x0000,0x0000,0x0000,0x0000,0x0000,0x0000,0x0000,0x0000,0x0000,
  0x0000,0x0000,0x0000,0x0000,0x0000,0x0000,0x0000,0x0000,0x0000,0x0000,0x0000,0x0000,
  0x0000,0x0000,0x0000,0x0000,0x0000,0x0000,0x0000,0x0000,0x0000,0x0000,0x0000,0x0000,
  0x0000,0x0000,0x0000,0x0000,0x0000,0x0000,0x0000,0x0000,0x0000,0x0000,0x0000,0x0000,
  0x0000,0x0000,0x0000,0x0000,0x0000,0x0000,0x0000,0x0000,0x0000,0x0000,0x0000,0x0000,
  0x0000,0x0000,0x0000,0x0000,0x0000,0x0000,0x0000,0x0000,0x0000,0x0000,0x0000,0x0000,
  0x0000,0x0000,0x0000,0x0000,0x0000,0x0000,0x0000,0x0000,0x0000,0x0000,0x0000,0x0000,
  0x0000,0x0000,0x0000,0x0000,0x0000,0x0000,0x0000,0x0000,0x0000,0x0000,0x0000,0x0000,
  0x0000,0x0000,0x0000,0x0000,0x0000,0x0000,0x0000,0x0000,0x0001,0x0000,0x1802,0x4006,
  0x2004,0x2804,0x3005,0x3005,0x4006,0x1802,0x1002,0x2804,0x2804,0x1003,0x2805,0x602A,
  0x5009,0x3807,0x3806,0x3006,0x2805,0x1804,0x2005,0x2805,0x2004,0x1804,0x1804,0x1804,
  0x1003,0x1003,0x1003,0x1003,0x0803,0x0803,0x0803,0x0803,0x0803,0x0803,0x0803,0x0802,
  0x0002,0x0002,0x0002,0x0001,0x0001,0x0002,0x0802,0x0802,0x1002,0x0802,0x3885,0x3865,
  0x0001,0x0001,0x0001,0x0001,0x0001,0x0001,0x0001,0x0001,0x0001,0x0001,0x0001,0x0001,
  0x0001,0x0001,0x0001,0x0001,0x0001,0x0002,0x0002,0x0002,0x0002,0x2025,0x4829,0x1006,
  0x1089,0x0024,0x0002,0x0003,0x0003,0x0023,0x0024,0x0024,0x0024,0x0044,0x0045,0x0066,
  0x0066,0x0067,0x0088,0x00A9,0x00CA,0x010C,0x016E,0x01AF,0x016D,0x01AD,0x08C8,0x3868,
  0x0866,0x0025,0x0025,0x0025,0x0046,0x0067,0x00A9,0x00A9,0x00CB,0x016D,0x01CF,0x0250,
  0x1351,0x1AF0,0x00C8,0x0003,0x0023,0x0002,0x0002,0x0001,0x0001,0x0001,0x0001,0x0001,
  0x0001,0x0001,0x0001,0x0001,0x0001,0x0001,0x0000,0x0000,0x0000,0x0000,0x0000,0x0000,
  0x0000,0x0000,0x0000,0x0000,0x0000,0x0000,0x0000,0x0000,0x0000,0x0000,0x0000,0x0000,
  0x0000,0x0000,0x0000,0x0000,0x0000,0x0000,0x0000,0x0000,0x0000,0x0000,0x0000,0x0000,
  0x0000,0x0000,0x0000,0x0000,0x0000,0x0000,0x0000,0x0000,0x0000,0x0000,0x0000,0x0000,
  0x0000,0x0000,0x0000,0x0000,0x0000,0x0000,0x0000,0x0000,0x0000,0x0000,0x0000,0x0000,
  0x0000,0x0000,0x0000,0x0000,0x0000,0x0000,0x0000,0x0000,0x0000,0x0000,0x0000,0x0000,
  0x0000,0x0000,0x0000,0x0000,0x0000,0x0000,0x0000,0x0000,0x0000,0x0000,0x0000,0x0000,
  0x0000,0x0000,0x0000,0x0000,0x0000,0x0000,0x0000,0x0000,0x0000,0x0000,0x0000,0x0000,
  0x0000,0x0000,0x0000,0x0000,0x0000,0x0000,0x0000,0x0000,0x0000,0x0000,0x0000,0x0000,
  0x0000,0x0000,0x0000,0x0000,0x0000,0x0000,0x0000,0x0000,0x0001,0x1002,0x5027,0x2804,
  0x1803,0x3005,0x2804,0x4006,0x2803,0x4025,0x2803,0x2804,0x1002,0x2024,0x682B,0x5009,
  0x4007,0x3806,0x2806,0x2806,0x2004,0x2005,0x2005,0x2004,0x1804,0x1804,0x1804,0x1003,
  0x1003,0x1003,0x1003,0x0803,0x0803,0x0803,0x1003,0x0803,0x0802,0x0802,0x0002,0x0001,
  0x0001,0x0001,0x0001,0x0001,0x0001,0x0002,0x0002,0x0001,0x0802,0x0802,0x0801,0x1002,
  0x0802,0x0001,0x0001,0x0002,0x0001,0x0001,0x0001,0x0001,0x0001,0x0001,0x0001,0x0001,
  0x0001,0x0001,0x0001,0x0001,0x0001,0x0002,0x0002,0x0002,0x1023,0x3828,0x2007,0x1088,
  0x0865,0x0002,0x0003,0x0003,0x0002,0x0003,0x0023,0x0023,0x0023,0x0024,0x0044,0x0045,
  0x0045,0x0066,0x0067,0x0088,0x00A9,0x00CA,0x010C,0x016E,0x01AF,0x014D,0x19AE,0x28C9,
  0x0046,0x0045,0x0025,0x0025,0x0025,0x0846,0x0067,0x00CA,0x00AA,0x00EB,0x016D,0x01CF,
  0x0271,0x1B71,0x22F0,0x00C8,0x0003,0x0023,0x0002,0x0002,0x0001,0x0001,0x0001,0x0001,
  0x0001,0x0001,0x0001,0x0001,0x0001,0x0001,0x0001,0x0000,0x0000,0x0001,0x0000,0x0000,
  0x0000,0x0000,0x0000,0x0000,0x0000,0x0000,0x0000,0x0000,0x0000,0x0000,0x0000,0x0000,
  0x0000,0x0000,0x0000,0x0000,0x0000,0x0000,0x0000,0x0000,0x0000,0x0000,0x0000,0x0000,
  0x0000,0x0000,0x0000,0x0000,0x0000,0x1003,0x0801,0x0000,0x0000,0x0000,0x0000,0x0001,
  0x0000,0x0000,0x0000,0x0000,0x0000,0x0000,0x0000,0x0000,0x0000,0x0000,0x0000,0x0000,
  0x0000,0x0000,0x0000,0x0000,0x0000,0x0000,0x0000,0x0000,0x0000,0x0000,0x0000,0x0000,
  0x0000,0x0000,0x0000,0x0000,0x0000,0x0000,0x0000,0x0000,0x0000,0x0000,0x0000,0x0000,
  0x0000,0x0000,0x0000,0x0000,0x0000,0x0000,0x0000,0x0000,0x0000,0x0000,0x0000,0x0000,
  0x0000,0x0000,0x0000,0x0000,0x0000,0x0000,0x0000,0x0000,0x0000,0x0000,0x0000,0x0000,
  0x0000,0x0000,0x0000,0x0000,0x0000,0x0000,0x0000,0x0000,0x1001,0x5827,0x4806,0x1803,
  0x2804,0x1803,0x2804,0x2003,0x4887,0x3004,0x2003,0x1002,0x2023,0x684B,0x5009,0x4808,
  0x4008,0x3006,0x3006,0x2005,0x2005,0x2805,0x2004,0x2004,0x1804,0x1804,0x1003,0x1003,
  0x1003,0x1003,0x0803,0x0802,0x0803,0x0803,0x0802,0x0802,0x0002,0x0002,0x0001,0x0002,
  0x0001,0x0001,0x0001,0x0001,0x0001,0x0001,0x0001,0x0001,0x0001,0x0802,0x0802,0x0001,
  0x2824,0x0801,0x0001,0x0001,0x0001,0x0001,0x0001,0x0001,0x0001,0x0001,0x0001,0x0001,
  0x0001,0x0001,0x0001,0x0001,0x0001,0x0001,0x0002,0x0002,0x2045,0x2827,0x1867,0x18A7,
  0x0001,0x0003,0x0002,0x0002,0x0002,0x0002,0x0002,0x0023,0x0023,0x0023,0x0023,0x0024,
  0x0044,0x0045,0x0066,0x0067,0x0087,0x0088,0x00A9,0x010B,0x014D,0x018F,0x014D,0x08EA,
  0x118B,0x0026,0x0045,0x0025,0x0025,0x0045,0x0045,0x0067,0x00EB,0x00CB,0x010C,0x016D,
  0x01AF,0x0291,0x1B91,0x1AD0,0x00A7,0x0003,0x0023,0x0002,0x0001,0x0001,0x0001,0x0001,
  0x0001,0x0001,0x0001,0x0001,0x0001,0x0001,0x0001,0x0001,0x38A8,0x0002,0x0000,0x0001,
  0x0000,0x0000,0x0000,0x0000,0x0000,0x0000,0x0000,0x0000,0x0000,0x0000,0x0000,0x0000,
  0x0000,0x0000,0x0000,0x0000,0x0000,0x0000,0x0000,0x0000,0x0000,0x0000,0x0000,0x0000,
  0x0000,0x0000,0x0000,0x0000,0x0001,0x1002,0x0001,0x0000,0x0000,0x0002,0x0044,0x0845,
  0x0000,0x0000,0x0000,0x0000,0x0000,0x0000,0x0000,0x0000,0x0000,0x0000,0x0000,0x0000,
  0x0000,0x0000,0x0000,0x0000,0x0000,0x0000,0x0000,0x0000,0x0000,0x0000,0x0000,0x0000,
  0x0000,0x0000,0x0000,0x0000,0x0000,0x0000,0x0000,0x0000,0x0000,0x0000,0x0000,0x0000,
  0x0000,0x0000,0x0000,0x0000,0x0000,0x0000,0x0000,0x0000,0x0000,0x0000,0x0000,0x0000,
  0x0000,0x0000,0x0000,0x0000,0x0000,0x0000,0x0000,0x0000,0x0000,0x0000,0x0000,0x0000,
  0x0000,0x0000,0x0000,0x0000,0x0000,0x0000,0x0000,0x0801,0x5006,0x5828,0x2003,0x2003,
  0x2804,0x2803,0x3805,0x4846,0x4046,0x3805,0x3825,0x2824,0x686B,0x600A,0x4008,0x4007,
  0x3006,0x3006,0x2805,0x2005,0x2005,0x2004,0x1804,0x1804,0x1804,0x1003,0x1003,0x1003,
  0x1804,0x1804,0x0803,0x0803,0x0802,0x0802,0x0002,0x0002,0x0001,0x0802,0x0802,0x0001,
  0x0001,0x0001,0x0001,0x0001,0x0001,0x0001,0x0001,0x0001,0x0001,0x0001,0x0001,0x0001,
  0x2003,0x2003,0x0001,0x0001,0x0001,0x0001,0x0001,0x0001,0x0001,0x0001,0x0001,0x0001,
  0x0001,0x0001,0x0001,0x0001,0x0001,0x0001,0x0002,0x0001,0x1004,0x3048,0x2087,0x0002,
  0x0002,0x0002,0x0002,0x0002,0x0002,0x0002,0x0002,0x0002,0x0022,0x0023,0x0023,0x0024,
  0x0044,0x0044,0x0045,0x0066,0x0066,0x0087,0x0088,0x00A9,0x00EB,0x012D,0x018E,0x00C9,
  0x1270,0x096B,0x0025,0x0046,0x0045,0x0025,0x0025,0x0046,0x0068,0x00EB,0x00EB,0x012C,
  0x014D,0x01AF,0x02B1,0x1B71,0x12AF,0x0066,0x0003,0x0023,0x0002,0x0001,0x0001,0x0001,
  0x0001,0x0001,0x0001,0x0001,0x0001,0x0001,0x0001,0x0001,0x2086,0x0001,0x0000,0x0001,
  0x0000,0x0000,0x0000,0x0000,0x0000,0x0000,0x0000,0x0000,0x0000,0x0000,0x0000,0x0000,
  0x0000,0x0000,0x0000,0x0000,0x0000,0x0000,0x0000,0x0000,0x0000,0x0000,0x0000,0x0000,
  0x0000,0x0000,0x0000,0x0000,0x0001,0x0000,0x0000,0x0002,0x1804,0x4007,0x1005,0x0803,
  0x0000,0x0000,0x0000,0x0000,0x0000,0x0000,0x0000,0x0000,0x0000,0x0000,0x0000,0x0000,
  0x0000,0x0000,0x0000,0x0000,0x0000,0x0000,0x0000,0x0000,0x0000,0x0000,0x0000,0x0000,
  0x0000,0x0000,0x0000,0x0000,0x0000,0x0000,0x0000,0x0000,0x0000,0x0000,0x0000,0x0000,
  0x0000,0x0000,0x0000,0x0000,0x0000,0x0000,0x0000,0x0000,0x0000,0x0000,0x0000,0x0000,
  0x0000,0x0000,0x0000,0x0000,0x0000,0x0000,0x0000,0x0000,0x0000,0x0000,0x0000,0x0000,
  0x0000,0x0000,0x0000,0x0000,0x0000,0x0000,0x0000,0x4005,0x6028,0x2804,0x1803,0x1002,
  0x1002,0x3805,0x3004,0x5827,0x6008,0x4826,0x3846,0x608A,0x700B,0x5008,0x3807,0x3806,
  0x2806,0x2805,0x2004,0x2005,0x2005,0x2004,0x1804,0x1804,0x1803,0x1003,0x1003,0x1003,
  0x1804,0x0803,0x0802,0x0802,0x0802,0x0802,0x0802,0x0001,0x0001,0x0002,0x0802,0x0001,
  0x0001,0x0001,0x0001,0x0001,0x0001,0x0001,0x0001,0x0001,0x0001,0x0001,0x0001,0x0001,
  0x1823,0x3825,0x0001,0x0001,0x0001,0x0001,0x0001,0x0001,0x0001,0x0001,0x0001,0x0001,
  0x0001,0x0001,0x0001,0x0001,0x0001,0x0001,0x0001,0x0802,0x2826,0x1024,0x0001,0x0002,
  0x0002,0x0002,0x0002,0x0002,0x0002,0x0002,0x0002,0x0002,0x0002,0x0023,0x0023,0x0023,
  0x0023,0x0044,0x0044,0x0045,0x0065,0x0066,0x0087,0x0088,0x00C9,0x00EB,0x012D,0x094A,
  0x0230,0x0290,0x018B,0x0026,0x0066,0x0025,0x0025,0x0045,0x0046,0x0088,0x00EA,0x00EB,
  0x010C,0x014D,0x01D0,0x02D1,0x1391,0x0A4E,0x0024,0x0023,0x0002,0x0002,0x0001,0x0001,
  0x0001,0x0001,0x0001,0x0001,0x0001,0x0001,0x0001,0x0001,0x0000,0x0001,0x0001,0x0000,
  0x0000,0x0000,0x0000,0x0000,0x0000,0x0000,0x0000,0x0000,0x0000,0x0000,0x0000,0x0000,
  0x0000,0x0000,0x0000,0x0000,0x0000,0x0000,0x0000,0x0000,0x0000,0x0000,0x0000,0x0000,
  0x0000,0x0000,0x0000,0x0000,0x0000,0x0002,0x0002,0x0002,0x0002,0x2005,0x2806,0x1804,
  0x0000,0x0000,0x0000,0x0000,0x0000,0x0000,0x0000,0x0000,0x0000,0x0000,0x0000,0x0000,
  0x0000,0x0000,0x0000,0x0000,0x0000,0x0000,0x0000,0x0000,0x0000,0x0000,0x0000,0x0000,
  0x0000,0x0000,0x0000,0x0000,0x0000,0x0000,0x0000,0x0000,0x0000,0x0000,0x0000,0x0000,
  0x0000,0x0000,0x0000,0x0000,0x0000,0x0000,0x0000,0x0000,0x0000,0x0000,0x0000,0x0000,
  0x0000,0x0000,0x0000,0x0000,0x0000,0x0000,0x0000,0x0000,0x0000,0x0000,0x0000,0x0000,
  0x0000,0x0000,0x0000,0x0000,0x0000,0x0000,0x3003,0x6008,0x3005,0x1803,0x1002,0x1002,
  0x1002,0x2003,0x2002,0x4805,0x2803,0x2804,0x1824,0x606A,0x600A,0x4007,0x3006,0x2805,
  0x2004,0x2004,0x2004,0x2005,0x2805,0x2004,0x1804,0x1804,0x1003,0x1003,0x1003,0x1003,
  0x0802,0x0802,0x0802,0x0802,0x0802,0x0002,0x0001,0x0001,0x0001,0x0001,0x0001,0x0001,
  0x0001,0x0001,0x0001,0x0001,0x0001,0x0001,0x0001,0x0001,0x0001,0x0001,0x0001,0x0802,
  0x1823,0x2844,0x2024,0x0001,0x0001,0x0001,0x0001,0x0001,0x0001,0x0001,0x0001,0x0001,
  0x0001,0x0001,0x0001,0x0001,0x0001,0x0002,0x0001,0x1804,0x1825,0x0001,0x0002,0x0001,
  0x0002,0x0002,0x0001,0x0002,0x0002,0x0002,0x0002,0x0002,0x0002,0x0003,0x0003,0x0023,
  0x0023,0x0023,0x0024,0x0044,0x0045,0x0045,0x0066,0x0087,0x00A8,0x00A9,0x00EB,0x118B,
  0x0230,0x01EF,0x0311,0x09AC,0x0047,0x0046,0x0025,0x0024,0x0025,0x0045,0x0088,0x00AA,
  0x00CA,0x010C,0x016E,0x0230,0x02D1,0x23B1,0x09EC,0x0003,0x0023,0x0002,0x0002,0x0001,
  0x0001,0x0001,0x0001,0x0001,0x0001,0x0001,0x0001,0x0001,0x0001,0x0001,0x0001,0x0001,
  0x0001,0x0000,0x0000,0x0000,0x0000,0x0000,0x0000,0x0000,0x0000,0x0000,0x0000,0x0000,
  0x0000,0x0000,0x0000,0x0000,0x0000,0x0000,0x0000,0x0000,0x0000,0x0000,0x0001,0x0802,
  0x0000,0x0000,0x0000,0x0000,0x0023,0x0044,0x0002,0x0002,0x0002,0x0002,0x1004,0x0802,
  0x0000,0x0000,0x0000,0x0000,0x0000,0x0000,0x0000,0x0000,0x0000,0x0000,0x0000,0x0000,
  0x0000,0x0000,0x0000,0x0000,0x0000,0x0000,0x0000,0x0000,0x0000,0x0000,0x0000,0x0000,
  0x0000,0x0000,0x0000,0x0000,0x0000,0x0000,0x0000,0x0000,0x0000,0x0000,0x0000,0x0000,
  0x0000,0x0000,0x0000,0x0000,0x0000,0x0000,0x0000,0x0000,0x0000,0x0000,0x0000,0x0000,
  0x0000,0x0000,0x0000,0x0000,0x0000,0x0000,0x0000,0x0000,0x0000,0x0000,0x0000,0x0000,
  0x0000,0x0000,0x0000,0x0001,0x0000,0x2803,0x6027,0x4005,0x2003,0x1002,0x1002,0x0802,
  0x1002,0x1002,0x3804,0x3004,0x2003,0x3004,0x4828,0x5028,0x5008,0x3807,0x2806,0x2005,
  0x1804,0x2004,0x2004,0x2004,0x1804,0x1804,0x1804,0x1003,0x1003,0x1003,0x1003,0x0802,
  0x0802,0x0802,0x1003,0x0802,0x0002,0x0001,0x0001,0x0001,0x0001,0x0001,0x0001,0x0001,
  0x0001,0x0001,0x0001,0x0001,0x0001,0x0001,0x0001,0x0001,0x0001,0x0001,0x2023,0x2023,
  0x0001,0x0801,0x3866,0x1003,0x0001,0x0001,0x0001,0x0001,0x0001,0x0001,0x0001,0x0001,
  0x0001,0x0001,0x0001,0x0001,0x0001,0x0001,0x0001,0x2845,0x0002,0x0002,0x0002,0x0001,
  0x0001,0x0002,0x0001,0x0001,0x0001,0x0001,0x0002,0x0002,0x0002,0x0003,0x0002,0x0023,
  0x0023,0x0023,0x0023,0x0044,0x0044,0x0045,0x0065,0x0066,0x0087,0x00A8,0x00C9,0x116A,
  0x01F0,0x01F0,0x0230,0x0B51,0x096B,0x0026,0x0045,0x0024,0x0024,0x0024,0x0024,0x0088,
  0x00A9,0x00EA,0x012C,0x01CF,0x0250,0x0B31,0x2BD1,0x0129,0x0003,0x0023,0x0002,0x0002,
  0x0001,0x0001,0x0001,0x0001,0x0001,0x0001,0x0001,0x0001,0x0001,0x0001,0x0001,0x0001,
  0x0001,0x0000,0x0000,0x0000,0x0000,0x0000,0x0000,0x0000,0x0000,0x0000,0x0000,0x0000,
  0x0000,0x0000,0x0001,0x0801,0x0000,0x0000,0x0000,0x0000,0x0000,0x0000,0x0802,0x1803,
  0x0000,0x0000,0x0000,0x0001,0x3929,0x0823,0x0001,0x0002,0x0002,0x0001,0x0802,0x0000,
  0x0000,0x0000,0x0000,0x0000,0x0000,0x0000,0x0000,0x0000,0x0000,0x0000,0x0000,0x0000,
  0x0000,0x0000,0x0000,0x0000,0x0000,0x0000,0x0000,0x0000,0x0000,0x0000,0x0000,0x0000,
  0x0000,0x0000,0x0000,0x0000,0x0000,0x0000,0x0000,0x0000,0x0000,0x0000,0x0000,0x0000,
  0x0000,0x0000,0x0000,0x0000,0x0000,0x0000,0x0000,0x0000,0x0000,0x0000,0x0000,0x0000,
  0x0000,0x0000,0x0000,0x0000,0x0000,0x0000,0x0000,0x0000,0x0000,0x0000,0x0000,0x0000,
  0x0000,0x0000,0x0001,0x0000,0x2003,0x5827,0x4806,0x2804,0x1803,0x1002,0x0802,0x0802,
  0x1803,0x2003,0x3004,0x2003,0x2803,0x5008,0x5809,0x4007,0x3806,0x3807,0x2805,0x2005,
  0x2005,0x2005,0x2004,0x1804,0x1804,0x1803,0x2004,0x1003,0x1003,0x0803,0x0802,0x0802,
  0x0802,0x0802,0x0802,0x0001,0x0001,0x0001,0x0001,0x0001,0x0001,0x0001,0x0001,0x0001,
  0x0001,0x0001,0x0001,0x0001,0x0001,0x0001,0x0001,0x0001,0x0801,0x3045,0x2844,0x0001,
  0x0001,0x0001,0x1823,0x2825,0x0802,0x0001,0x0002,0x0002,0x0001,0x0001,0x0001,0x0001,
  0x0001,0x0001,0x0001,0x0001,0x0001,0x0001,0x1803,0x1003,0x0001,0x0002,0x0001,0x0001,
  0x0001,0x0002,0x0001,0x0001,0x0001,0x0001,0x0001,0x0001,0x0002,0x0023,0x0002,0x0022,
  0x0022,0x0022,0x0023,0x0023,0x0024,0x0044,0x0045,0x0065,0x0066,0x00A8,0x00E9,0x116A,
  0x018F,0x01CF,0x0210,0x0290,0x0B51,0x092A,0x0027,0x0046,0x0025,0x0024,0x0024,0x0045,
  0x0088,0x00A9,0x00EB,0x016E,0x0210,0x0291,0x1351,0x1B50,0x0087,0x0003,0x0023,0x0002,
  0x0001,0x0001,0x0001,0x0001,0x0001,0x0001,0x0001,0x0001,0x0001,0x0001,0x0001,0x0001,
  0x0001,0x0000,0x0000,0x0000,0x0000,0x0000,0x0000,0x0000,0x0001,0x0001,0x0000,0x0000,
  0x0000,0x0000,0x0001,0x0001,0x0000,0x0000,0x0000,0x0000,0x0000,0x0000,0x0000,0x0000,
  0x0000,0x0000,0x0000,0x0000,0x1022,0x0845,0x0088,0x1025,0x0802,0x0002,0x0000,0x0000,
  0x0000,0x0000,0x0000,0x0000,0x0000,0x0000,0x0000,0x0000,0x0000,0x0000,0x0000,0x0000,
  0x0000,0x0000,0x0000,0x0000,0x0000,0x0000,0x0000,0x0000,0x0000,0x0000,0x0000,0x0000,
  0x0000,0x0000,0x0000,0x0000,0x0000,0x0000,0x0000,0x0000,0x0000,0x0000,0x0000,0x0000,
  0x0000,0x0000,0x0000,0x0000,0x0000,0x0000,0x0000,0x0000,0x0000,0x0000,0x0000,0x0000,
  0x0000,0x0000,0x0000,0x0000,0x0000,0x0000,0x0000,0x0000,0x0000,0x0000,0x0000,0x0000,
  0x0000,0x0001,0x0000,0x1002,0x5827,0x4826,0x3004,0x1803,0x1002,0x0802,0x0802,0x1002,
  0x1803,0x2803,0x2803,0x1803,0x5829,0x5008,0x4808,0x4808,0x1804,0x3006,0x2805,0x2005,
  0x2005,0x2004,0x1804,0x1804,0x1003,0x2004,0x1803,0x0803,0x0803,0x0802,0x0802,0x0802,
  0x0001,0x0001,0x0001,0x0001,0x0001,0x0001,0x0001,0x0001,0x0001,0x0001,0x0001,0x0801,
  0x0001,0x0001,0x0001,0x0001,0x0001,0x0001,0x0001,0x0001,0x1002,0x1002,0x0001,0x0001,
  0x0001,0x0001,0x0802,0x2804,0x1803,0x0802,0x0002,0x0002,0x0001,0x0001,0x0001,0x0001,
  0x0001,0x0001,0x0001,0x0001,0x0001,0x0802,0x2023,0x0001,0x0002,0x0001,0x0001,0x0001,
  0x0001,0x0001,0x0001,0x0001,0x0001,0x0001,0x0001,0x0002,0x0002,0x0002,0x0002,0x0002,
  0x0002,0x0002,0x0023,0x0023,0x0024,0x0044,0x0044,0x0045,0x0046,0x00A8,0x0929,0x11AB,
  0x014E,0x018E,0x01F0,0x0230,0x02F0,0x1370,0x00C9,0x0047,0x0045,0x0024,0x0024,0x0045,
  0x0046,0x0089,0x00CA,0x012C,0x01AF,0x0250,0x0291,0x1391,0x12CF,0x0025,0x0003,0x0002,
  0x0001,0x0001,0x0001,0x0001,0x0001,0x0001,0x0001,0x0001,0x0001,0x0001,0x0001,0x0001,
  0x0001,0x0000,0x0000,0x0000,0x0000,0x0000,0x0000,0x0801,0x1002,0x0000,0x0000,0x0000,
  0x0000,0x0000,0x0000,0x0000,0x0000,0x0000,0x0000,0x0000,0x0000,0x0000,0x0000,0x0000,
  0x0000,0x0000,0x0000,0x0000,0x0001,0x0000,0x10C6,0x20E8,0x0002,0x0001,0x0000,0x0000,
  0x0000,0x0000,0x0000,0x0000,0x0000,0x0000,0x0000,0x0000,0x0000,0x0000,0x0000,0x0000,
  0x0000,0x0000,0x0000,0x0000,0x0000,0x0000,0x0000,0x0000,0x0000,0x0000,0x0000,0x0000,
  0x0000,0x0000,0x0000,0x0000,0x0000,0x0000,0x0000,0x0000,0x0000,0x0000,0x0000,0x0000,
  0x0000,0x0000,0x0000,0x0000,0x0000,0x0000,0x0000,0x0000,0x0000,0x0000,0x0000,0x0000,
  0x0000,0x0000,0x0000,0x0000,0x0000,0x0000,0x0000,0x0000,0x0000,0x0000,0x0000,0x0000,
  0x0000,0x0001,0x0001,0x5026,0x5827,0x3004,0x2003,0x1002,0x0802,0x0802,0x1002,0x1002,
  0x2003,0x3004,0x2003,0x4827,0x5009,0x4007,0x5008,0x4808,0x2805,0x2826,0x3007,0x2004,
  0x2004,0x1804,0x1804,0x1803,0x2004,0x1803,0x0802,0x0803,0x0802,0x0802,0x0802,0x0001,
  0x0001,0x0001,0x0001,0x0001,0x0001,0x0001,0x0001,0x0001,0x0001,0x0001,0x0001,0x0802,
  0x0802,0x0001,0x0001,0x0001,0x0001,0x0001,0x0801,0x0001,0x0001,0x0001,0x0001,0x0001,
  0x0001,0x0001,0x0001,0x2023,0x2825,0x2845,0x0802,0x0002,0x0002,0x0001,0x0001,0x0001,
  0x0001,0x0001,0x0001,0x0001,0x0001,0x0002,0x0001,0x0001,0x0002,0x0001,0x0001,0x0001,
  0x0001,0x0001,0x0001,0x0001,0x0001,0x0002,0x0001,0x0002,0x0002,0x0002,0x0002,0x0002,
  0x0002,0x0002,0x0002,0x0023,0x0044,0x0044,0x0044,0x0045,0x0045,0x0087,0x00E8,0x094B,
  0x010C,0x014D,0x01AF,0x0210,0x0230,0x0351,0x12CE,0x0027,0x0045,0x0024,0x0024,0x0044,
  0x0045,0x0067,0x00A9,0x010B,0x014D,0x01CF,0x0271,0x0291,0x1BD1,0x0A0C,0x0003,0x0002,
  0x0002,0x0001,0x0001,0x0001,0x0001,0x0001,0x0001,0x1024,0x0803,0x0000,0x0001,0x0001,
  0x0001,0x0000,0x0000,0x0000,0x0000,0x0000,0x0000,0x0001,0x0001,0x0000,0x0001,0x0000,
  0x0000,0x0000,0x0000,0x0000,0x0000,0x0000,0x0000,0x0000,0x0000,0x0000,0x0000,0x0000,
  0x0000,0x0000,0x0000,0x0000,0x0001,0x0001,0x0000,0x0000,0x0001,0x0000,0x0000,0x0000,
  0x0000,0x0000,0x0000,0x0000,0x0000,0x0000,0x0000,0x0000,0x0000,0x0000,0x0000,0x0000,
  0x0000,0x0000,0x0000,0x0000,0x0000,0x0000,0x0000,0x0000,0x0000,0x0000,0x0000,0x0000,
  0x0000,0x0000,0x0000,0x0000,0x0000,0x0000,0x0000,0x0000,0x0000,0x0000,0x0000,0x0000,
  0x0000,0x0000,0x0000,0x0000,0x0000,0x0000,0x0000,0x0000,0x0000,0x0000,0x0000,0x0000,
  0x0000,0x0000,0x0000,0x0000,0x0000,0x0000,0x0000,0x0000,0x0000,0x0000,0x0000,0x0000,
  0x0001,0x0000,0x3004,0x7029,0x3805,0x2804,0x1002,0x0802,0x0802,0x0802,0x0802,0x1002,
  0x3004,0x1803,0x3826,0x5008,0x4007,0x4808,0x4007,0x4007,0x3005,0x2866,0x3869,0x2805,
  0x1804,0x2004,0x3806,0x3006,0x1803,0x0803,0x0803,0x0802,0x0802,0x0802,0x0001,0x0001,
  0x0001,0x0001,0x0001,0x0001,0x0001,0x0001,0x0001,0x0001,0x0001,0x0001,0x0001,0x1002,
  0x0801,0x0001,0x0001,0x0001,0x1002,0x2823,0x0802,0x0001,0x0001,0x0001,0x0001,0x0001,
  0x0001,0x0001,0x0001,0x0801,0x3846,0x1804,0x1824,0x0001,0x0002,0x0002,0x0001,0x0002,
  0x0002,0x0002,0x0001,0x0001,0x0002,0x0802,0x0001,0x0001,0x0001,0x0001,0x0001,0x0001,
  0x0001,0x0001,0x0001,0x0001,0x0002,0x0002,0x0002,0x0002,0x0002,0x0002,0x0002,0x0002,
  0x0002,0x0023,0x0023,0x0023,0x0023,0x0023,0x0044,0x0045,0x0045,0x0087,0x00C7,0x012B,
  0x00CB,0x010C,0x014D,0x01CF,0x0210,0x0270,0x0BB1,0x0A4D,0x0005,0x0045,0x0045,0x0024,
  0x0024,0x0045,0x0088,0x00A9,0x010B,0x018E,0x01AE,0x096D,0x09EE,0x0AD0,0x00C8,0x0002,
  0x0002,0x0001,0x0001,0x0001,0x0001,0x0001,0x1887,0x1025,0x1846,0x0843,0x0000,0x0001,
  0x0001,0x0000,0x0000,0x0000,0x0000,0x0000,0x0000,0x0001,0x0000,0x0001,0x0001,0x0001,
  0x0000,0x0000,0x0000,0x0000,0x0000,0x0000,0x0000,0x0000,0x0000,0x0000,0x0000,0x0000,
  0x0000,0x0000,0x0000,0x0000,0x0000,0x0000,0x0001,0x0000,0x0000,0x0000,0x0000,0x0000,
  0x0000,0x0000,0x0000,0x0000,0x0000,0x0000,0x0000,0x0000,0x0000,0x0000,0x0000,0x0000,
  0x0000,0x0000,0x0000,0x0000,0x0000,0x0000,0x0000,0x0000,0x0000,0x0000,0x0000,0x0000,
  0x0000,0x0000,0x0000,0x0000,0x0000,0x0000,0x0000,0x0000,0x0000,0x0000,0x0000,0x0000,
  0x0000,0x0000,0x0000,0x0000,0x0000,0x0000,0x0000,0x0000,0x0000,0x0000,0x0000,0x0000,
  0x0000,0x0000,0x0000,0x0000,0x0000,0x0000,0x0000,0x0000,0x0000,0x0000,0x0000,0x0000,
  0x0000,0x1802,0x6829,0x5807,0x2003,0x1803,0x1002,0x0802,0x0802,0x0802,0x1002,0x2803,
  0x2003,0x2024,0x5829,0x4007,0x4807,0x4007,0x4807,0x3006,0x2004,0x1003,0x2867,0x3028,
  0x2846,0x3005,0x3005,0x1003,0x0803,0x0803,0x0802,0x0802,0x0802,0x0001,0x0001,0x0001,
  0x0001,0x0001,0x0001,0x0001,0x0001,0x0001,0x0001,0x0001,0x0001,0x0001,0x0001,0x1002,
  0x2003,0x1002,0x0802,0x1802,0x2002,0x1002,0x0001,0x0001,0x0001,0x0001,0x0001,0x0001,
  0x0001,0x0001,0x0001,0x0001,0x1002,0x1804,0x1004,0x1003,0x0002,0x0002,0x0002,0x0002,
  0x0001,0x0001,0x0002,0x0001,0x1845,0x0802,0x0001,0x0001,0x0001,0x0001,0x0001,0x0001,
  0x0001,0x0001,0x0001,0x0002,0x0002,0x0002,0x0002,0x0002,0x0002,0x0002,0x0002,0x0002,
  0x0002,0x0022,0x0023,0x0023,0x0023,0x0023,0x0044,0x0066,0x0065,0x0067,0x00C9,0x012C,
  0x00AA,0x00EB,0x010C,0x018E,0x01CF,0x0230,0x02B1,0x0B91,0x096A,0x0025,0x0045,0x0024,
  0x0024,0x0024,0x0065,0x0087,0x00A8,0x00EB,0x1A0D,0x4B90,0x094D,0x098D,0x0087,0x0002,
  0x0002,0x0001,0x0001,0x0001,0x0043,0x08A8,0x1006,0x0804,0x40A8,0x2884,0x0000,0x0001,
  0x0001,0x0000,0x0000,0x0000,0x0000,0x0000,0x0000,0x0001,0x0001,0x0001,0x0000,0x0001,
  0x0001,0x0000,0x0000,0x0000,0x0000,0x0000,0x0000,0x0000,0x0000,0x0000,0x0000,0x0000,
  0x0000,0x0000,0x0000,0x0000,0x0000,0x0000,0x0000,0x0000,0x0000,0x0000,0x0000,0x0000,
  0x0000,0x0000,0x0000,0x0000,0x0000,0x0000,0x0000,0x0000,0x0000,0x0000,0x0000,0x0000,
  0x0000,0x0000,0x0000,0x0000,0x0000,0x0000,0x0000,0x0000,0x0000,0x0000,0x0000,0x0000,
  0x0000,0x0000,0x0000,0x0000,0x0000,0x0000,0x0000,0x0000,0x0000,0x0000,0x0000,0x0000,
  0x0000,0x0000,0x0000,0x0000,0x0000,0x0000,0x0000,0x0000,0x0000,0x0000,0x0000,0x0000,
  0x0000,0x0000,0x0000,0x0000,0x0000,0x0000,0x0000,0x0000,0x0000,0x0000,0x0000,0x0001,
  0x0801,0x5047,0x6829,0x2804,0x1803,0x1002,0x0802,0x1002,0x1002,0x0802,0x2003,0x3004,
  0x1803,0x5049,0x4808,0x4007,0x4007,0x5008,0x5008,0x2004,0x1804,0x1803,0x1823,0x2826,
  0x3868,0x4848,0x1804,0x1003,0x1003,0x0802,0x0802,0x0802,0x0002,0x0001,0x0001,0x0001,
  0x0001,0x0001,0x0001,0x0001,0x0001,0x0001,0x0001,0x0001,0x0001,0x0001,0x0001,0x1802,
  0x4005,0x3004,0x2823,0x0801,0x0001,0x0001,0x0801,0x0001,0x0001,0x0001,0x0001,0x0001,
  0x0001,0x0001,0x0001,0x0001,0x0001,0x1804,0x0803,0x3046,0x0803,0x0002,0x0002,0x0002,
  0x0002,0x0002,0x0001,0x0803,0x1845,0x0001,0x0001,0x0001,0x0001,0x0001,0x0002,0x0002,
  0x0001,0x0002,0x0002,0x0002,0x0002,0x0002,0x0002,0x0002,0x0003,0x0002,0x0002,0x0002,
  0x0023,0x0023,0x0023,0x0023,0x0023,0x0023,0x0044,0x0065,0x0066,0x00E9,0x092B,0x010B,
  0x00A9,0x00EB,0x00EB,0x014D,0x01AF,0x0210,0x0270,0x02F1,0x0330,0x00A7,0x0045,0x0065,
  0x0065,0x0044,0x0024,0x0025,0x0066,0x08E9,0x2351,0x1290,0x09CE,0x1A0D,0x0004,0x0002,
  0x0002,0x0002,0x0001,0x0043,0x0A8E,0x10CB,0x1804,0x1023,0x0802,0x0000,0x0001,0x0001,
  0x0001,0x0000,0x0000,0x0000,0x0000,0x0001,0x0801,0x0001,0x0001,0x0001,0x0001,0x0001,
  0x0000,0x0000,0x0001,0x1002,0x0000,0x0000,0x0000,0x0000,0x0000,0x0000,0x0000,0x0000,
  0x0000,0x0000,0x0000,0x0000,0x0000,0x0000,0x0000,0x0000,0x0000,0x0000,0x0000,0x0000,
  0x0000,0x0000,0x0000,0x0000,0x0000,0x0000,0x0000,0x0000,0x0000,0x0000,0x0000,0x0000,
  0x0000,0x0000,0x0000,0x0000,0x0000,0x0000,0x0000,0x0000,0x0000,0x0000,0x0000,0x0000,
  0x0000,0x0000,0x0000,0x0000,0x0000,0x0000,0x0000,0x0000,0x0000,0x0000,0x0000,0x0000,
  0x0000,0x0000,0x0000,0x0000,0x0000,0x0000,0x0000,0x0000,0x0000,0x0000,0x0000,0x0000,
  0x0000,0x0000,0x0000,0x0000,0x0000,0x0000,0x0000,0x0000,0x0000,0x0000,0x0801,0x0000,
  0x3004,0x7049,0x4006,0x1803,0x1002,0x1002,0x1803,0x1002,0x1002,0x1002,0x3804,0x1803,
  0x3827,0x5009,0x3807,0x4007,0x4808,0x6009,0x3006,0x1804,0x1804,0x1803,0x1002,0x2845,
  0x5028,0x5069,0x1003,0x0803,0x0803,0x0803,0x0802,0x0802,0x0002,0x0001,0x0001,0x0001,
  0x0001,0x0001,0x0001,0x0001,0x0001,0x0001,0x0001,0x0001,0x0001,0x0001,0x0001,0x0001,
  0x3005,0x2023,0x0001,0x0001,0x0001,0x0001,0x0001,0x0001,0x0001,0x0001,0x0001,0x0001,
  0x0001,0x0001,0x0001,0x0001,0x0001,0x1003,0x1003,0x3066,0x3867,0x0001,0x0002,0x0002,
  0x0002,0x0002,0x0001,0x3947,0x1064,0x0001,0x0002,0x0002,0x0001,0x0002,0x0002,0x0002,
  0x0002,0x0002,0x0001,0x0002,0x0002,0x0002,0x0002,0x0002,0x0002,0x0002,0x0003,0x0002,
  0x0023,0x0023,0x0002,0x0003,0x0023,0x0023,0x0044,0x0045,0x0045,0x010B,0x09AD,0x00CA,
  0x00CA,0x00EB,0x00EB,0x012C,0x018E,0x01CF,0x01CF,0x020F,0x0B71,0x128E,0x094B,0x116B,
  0x110A,0x28E9,0x394A,0x2908,0x0026,0x118B,0x2391,0x01CF,0x33B1,0x00C8,0x0002,0x0002,
  0x0002,0x0002,0x0001,0x0948,0x09EE,0x1847,0x0822,0x0001,0x0001,0x0001,0x0001,0x0001,
  0x0001,0x0001,0x0001,0x0001,0x0000,0x1003,0x1003,0x0000,0x0001,0x0001,0x0001,0x0001,
  0x0001,0x0001,0x0001,0x0001,0x0001,0x0000,0x0000,0x0000,0x0000,0x0000,0x0000,0x0000,
  0x0001,0x0001,0x0000,0x0000,0x0000,0x0000,0x0000,0x0000,0x0000,0x0000,0x0000,0x0000,
  0x0000,0x0000,0x0000,0x0000,0x0000,0x0000,0x0000,0x0000,0x0000,0x0000,0x0000,0x0000,
  0x0000,0x0000,0x0000,0x0000,0x0000,0x0000,0x0000,0x0000,0x0000,0x0000,0x0000,0x0000,
  0x0000,0x0000,0x0000,0x0000,0x0000,0x0000,0x0000,0x0000,0x0000,0x0000,0x0000,0x0000,
  0x0000,0x0000,0x0000,0x0000,0x0000,0x0000,0x0000,0x0000,0x0000,0x0000,0x0000,0x0000,
  0x0000,0x0000,0x0000,0x0000,0x0000,0x0000,0x0000,0x0000,0x0000,0x0001,0x0000,0x1001,
  0x6028,0x6028,0x2003,0x1002,0x0802,0x1803,0x1002,0x0802,0x1002,0x2803,0x2003,0x2804,
  0x5009,0x4007,0x4007,0x4007,0x3807,0x5808,0x2004,0x1804,0x1803,0x1003,0x1003,0x1003,
  0x3046,0x2088,0x2109,0x0802,0x0803,0x0802,0x0802,0x0001,0x0001,0x0001,0x0001,0x0001,
  0x0001,0x0001,0x0001,0x0001,0x0001,0x0001,0x0001,0x0001,0x0001,0x0001,0x0001,0x0001,
  0x2825,0x0802,0x0001,0x0001,0x0001,0x0001,0x0001,0x0001,0x0001,0x0001,0x0001,0x0001,
  0x0001,0x0001,0x0001,0x0001,0x0001,0x0001,0x2024,0x0802,0x3026,0x1003,0x0002,0x0002,
  0x0002,0x0002,0x1043,0x49A9,0x0002,0x0002,0x0001,0x0001,0x0002,0x0002,0x0002,0x0002,
  0x0002,0x0002,0x0002,0x0002,0x0002,0x0002,0x0003,0x0003,0x0002,0x0002,0x0002,0x0002,
  0x0002,0x0002,0x0023,0x0023,0x0023,0x0023,0x0024,0x0044,0x0026,0x09AD,0x2AB0,0x010C,
  0x0089,0x00AA,0x00CA,0x010B,0x016E,0x022F,0x0AB0,0x2B30,0x21AB,0x3089,0x2848,0x0805,
  0x1005,0x1005,0x3067,0x40E9,0x412B,0x21CC,0x0AF1,0x1AD0,0x3B90,0x0025,0x0002,0x0002,
  0x0002,0x0001,0x0002,0x10EA,0x1026,0x0001,0x0001,0x0001,0x0001,0x0001,0x0001,0x0001,
  0x0001,0x0001,0x0001,0x0001,0x0000,0x1002,0x2805,0x0001,0x0001,0x0001,0x0001,0x0001,
  0x0001,0x0001,0x0001,0x0001,0x0000,0x0000,0x0000,0x0000,0x0000,0x0000,0x0000,0x0000,
  0x1024,0x0002,0x0000,0x0000,0x0000,0x0000,0x0000,0x0000,0x0000,0x0000,0x0000,0x0000,
  0x0000,0x0000,0x0000,0x0000,0x0000,0x0000,0x0000,0x0000,0x0000,0x0000,0x0000,0x0000,
  0x0000,0x0000,0x0000,0x0000,0x0000,0x0000,0x0000,0x0000,0x0000,0x0000,0x0000,0x0000,
  0x0000,0x0000,0x0000,0x0000,0x0000,0x0000,0x0000,0x0000,0x0000,0x0000,0x0000,0x0000,
  0x0000,0x0000,0x0000,0x0000,0x0000,0x0000,0x0000,0x0000,0x0000,0x0000,0x0000,0x0000,
  0x0000,0x0000,0x0000,0x0000,0x0000,0x0000,0x0000,0x0000,0x0000,0x0801,0x0000,0x4025,
  0x7049,0x3805,0x1803,0x0802,0x1002,0x1803,0x1002,0x1002,0x2003,0x2804,0x1803,0x5008,
  0x4007,0x3807,0x4007,0x3807,0x5808,0x4807,0x1804,0x1803,0x1003,0x1003,0x1003,0x0802,
  0x1023,0x1066,0x08EB,0x0824,0x0802,0x0802,0x0802,0x0001,0x0001,0x0001,0x0001,0x0001,
  0x0001,0x0002,0x0001,0x0001,0x0001,0x0001,0x0001,0x0001,0x0001,0x0001,0x0001,0x1002,
  0x2864,0x0001,0x0001,0x0001,0x0001,0x0001,0x0001,0x0001,0x0001,0x0001,0x0001,0x0001,
  0x0001,0x0001,0x0001,0x0001,0x0001,0x0001,0x0802,0x0803,0x4088,0x2825,0x0001,0x0802,
  0x0002,0x0001,0x38E8,0x1865,0x0001,0x0002,0x0001,0x0002,0x0002,0x0002,0x0002,0x0002,
  0x0001,0x0002,0x0002,0x0002,0x0002,0x0002,0x0023,0x0024,0x0002,0x0002,0x0002,0x0002,
  0x0002,0x0002,0x0023,0x0003,0x0023,0x0023,0x0024,0x0045,0x0067,0x2AF0,0x3B51,0x09EF,
  0x09AD,0x11CD,0x016D,0x01AE,0x01CF,0x022F,0x120E,0x20A8,0x0805,0x3807,0x5829,0x1805,
  0x0804,0x1004,0x1804,0x1005,0x2867,0x2868,0x10EB,0x43F1,0x21EC,0x0002,0x0023,0x0002,
  0x0002,0x0001,0x0823,0x28A8,0x0002,0x0001,0x0001,0x0001,0x0001,0x0001,0x0001,0x0001,
  0x0001,0x0001,0x0001,0x0001,0x0000,0x1003,0x1803,0x0000,0x0001,0x0001,0x0001,0x0001,
  0x0000,0x0001,0x0001,0x0001,0x0000,0x0000,0x0000,0x0000,0x0000,0x0000,0x0000,0x0000,
  0x0000,0x0000,0x0000,0x0000,0x0000,0x0000,0x0000,0x0000,0x0000,0x0000,0x0000,0x0000,
  0x0000,0x0000,0x0000,0x0000,0x0000,0x0000,0x0000,0x0000,0x0000,0x0000,0x0000,0x0000,
  0x0000,0x0000,0x0000,0x0000,0x0000,0x0000,0x0000,0x0000,0x0000,0x0000,0x0000,0x0000,
  0x0000,0x0000,0x0000,0x0000,0x0000,0x0000,0x0000,0x0000,0x0000,0x0000,0x0000,0x0000,
  0x0000,0x0000,0x0000,0x0000,0x0000,0x0000,0x0000,0x0000,0x0000,0x0000,0x0000,0x0000,
  0x0000,0x0000,0x0000,0x0000,0x0000,0x0000,0x0000,0x0000,0x0001,0x0001,0x1802,0x6848,
  0x5027,0x2003,0x1002,0x1002,0x1002,0x1002,0x1002,0x1002,0x3004,0x1802,0x4007,0x5008,
  0x3806,0x3807,0x3806,0x4007,0x6009,0x2004,0x1803,0x1003,0x1003,0x1003,0x0802,0x0802,
  0x0002,0x1044,0x116D,0x0887,0x0802,0x0803,0x0802,0x0002,0x0002,0x0001,0x0001,0x0001,
  0x0002,0x0802,0x0001,0x0001,0x0001,0x0001,0x0001,0x0001,0x0001,0x0001,0x0001,0x2044,
  0x1823,0x0001,0x0001,0x0001,0x0001,0x0001,0x0001,0x0001,0x0001,0x0001,0x0001,0x0001,
  0x0001,0x0001,0x0001,0x0001,0x0001,0x0001,0x0001,0x0802,0x3887,0x3867,0x0803,0x0002,
  0x0002,0x3907,0x30A7,0x0802,0x0002,0x0002,0x0001,0x0002,0x0002,0x0002,0x0002,0x0002,
  0x0002,0x0002,0x0002,0x0002,0x0002,0x0002,0x0002,0x0024,0x0002,0x0002,0x0002,0x0002,
  0x0002,0x0003,0x0002,0x0003,0x0023,0x0023,0x0024,0x0025,0x090A,0x1250,0x1A70,0x11CE,
  0x014D,0x012D,0x01EF,0x12F0,0x0250,0x016D,0x0826,0x2005,0x0825,0x1806,0x4828,0x5028,
  0x2005,0x2805,0x1004,0x0824,0x0825,0x2027,0x2006,0x1909,0x08A6,0x0002,0x0002,0x0002,
  0x0002,0x0001,0x2866,0x0824,0x0001,0x0001,0x0001,0x0001,0x0001,0x0001,0x0001,0x0001,
  0x0001,0x0001,0x0001,0x0001,0x0001,0x0001,0x0001,0x0001,0x0001,0x0001,0x0001,0x0001,
  0x2086,0x0802,0x0001,0x0001,0x0001,0x0000,0x0000,0x0000,0x0000,0x0000,0x0000,0x0000,
  0x0000,0x0000,0x0000,0x0000,0x0000,0x0000,0x0000,0x0000,0x0000,0x0000,0x0000,0x0000,
  0x0000,0x0000,0x0000,0x0000,0x0000,0x0000,0x0000,0x0000,0x0000,0x0000,0x0000,0x0000,
  0x0000,0x0000,0x0000,0x0000,0x0000,0x0000,0x0000,0x0000,0x0000,0x0000,0x0000,0x0000,
  0x0000,0x0000,0x0000,0x0000,0x0000,0x0000,0x0000,0x0000,0x0000,0x0000,0x0000,0x0000,
  0x0000,0x0000,0x0000,0x0000,0x0000,0x0000,0x0000,0x0000,0x0000,0x0000,0x0000,0x0000,
  0x0000,0x0000,0x0000,0x0000,0x0000,0x0000,0x0000,0x0000,0x0801,0x0801,0x4826,0x7049,
  0x3004,0x1803,0x1002,0x1002,0x1803,0x1002,0x1002,0x2003,0x2803,0x2804,0x600A,0x4007,
  0x4007,0x4007,0x3806,0x4807,0x3005,0x1803,0x1803,0x1003,0x1003,0x1002,0x0802,0x0002,
  0x0802,0x0802,0x194A,0x31CD,0x1824,0x0802,0x0802,0x0002,0x0002,0x0002,0x0001,0x0001,
  0x0802,0x0802,0x0001,0x0001,0x0001,0x0001,0x0001,0x0001,0x0001,0x0001,0x0001,0x1002,
  0x0001,0x0001,0x0001,0x0001,0x0001,0x0001,0x0001,0x0001,0x0001,0x0001,0x0001,0x0001,
  0x0001,0x0001,0x0001,0x0001,0x0001,0x0001,0x0001,0x0001,0x2825,0x1824,0x2865,0x1064,
  0x28C6,0x1844,0x1003,0x0002,0x0002,0x0002,0x0002,0x0002,0x0002,0x0002,0x0002,0x0002,
  0x0002,0x0002,0x0002,0x0002,0x0002,0x0002,0x0002,0x0003,0x0002,0x0002,0x0002,0x0002,
  0x0002,0x0003,0x0003,0x0023,0x0023,0x0024,0x0044,0x0025,0x092A,0x0A30,0x010E,0x00EB,
  0x00AB,0x012D,0x0270,0x024F,0x0250,0x00E9,0x0003,0x0004,0x1004,0x1004,0x3827,0x5829,
  0x3807,0x2806,0x0803,0x0823,0x0824,0x1826,0x1026,0x1846,0x0002,0x0002,0x0002,0x0002,
  0x0002,0x2004,0x38EC,0x00CA,0x0001,0x0001,0x0001,0x0001,0x0001,0x0001,0x0001,0x0001,
  0x0001,0x0001,0x0000,0x0001,0x0000,0x0001,0x0802,0x0001,0x0001,0x0001,0x0002,0x112A,
  0x38ED,0x1004,0x0001,0x0001,0x0001,0x0000,0x0000,0x0000,0x0000,0x0000,0x0000,0x0000,
  0x0000,0x0000,0x0000,0x0000,0x0000,0x0000,0x0000,0x0000,0x0000,0x0000,0x0000,0x0000,
  0x0000,0x0000,0x0000,0x0000,0x0000,0x0000,0x0000,0x0000,0x0000,0x0000,0x0000,0x0000,
  0x0000,0x0000,0x0000,0x0000,0x0000,0x0000,0x0000,0x0000,0x0000,0x0000,0x0000,0x0000,
  0x0000,0x0000,0x0000,0x0000,0x0000,0x0000,0x0000,0x0000,0x0000,0x0000,0x0000,0x0000,
  0x0000,0x0000,0x0000,0x0000,0x0000,0x0000,0x0000,0x0000,0x0000,0x0000,0x0000,0x0000,
  0x0000,0x0000,0x0000,0x0000,0x0000,0x0000,0x0000,0x0801,0x0001,0x2003,0x7069,0x4827,
  0x2003,0x1002,0x1002,0x2003,0x1803,0x1002,0x1802,0x2804,0x1802,0x5828,0x5008,0x4007,
  0x4808,0x4807,0x3806,0x2005,0x2004,0x1803,0x1003,0x1003,0x1002,0x0802,0x0802,0x0001,
  0x0802,0x0801,0x0886,0x212B,0x48CA,0x1005,0x0002,0x0802,0x0802,0x0002,0x0002,0x0002,
  0x0002,0x0002,0x0001,0x0001,0x0001,0x0001,0x0001,0x0001,0x0001,0x0001,0x0801,0x0802,
  0x0001,0x0001,0x0001,0x0001,0x0001,0x0001,0x0001,0x0001,0x0001,0x0001,0x0001,0x0001,
  0x0001,0x0001,0x0001,0x0001,0x0001,0x0001,0x0001,0x0002,0x2846,0x1804,0x4149,0x3148,
  0x0843,0x0002,0x1824,0x0002,0x0002,0x0002,0x0002,0x0002,0x0001,0x0002,0x0002,0x0002,
  0x0002,0x0002,0x0002,0x0002,0x0002,0x0002,0x0002,0x0003,0x0003,0x0002,0x0002,0x0002,
  0x0023,0x0023,0x0003,0x0023,0x0023,0x0024,0x0045,0x0025,0x11EC,0x09AE,0x00ED,0x00CC,
  0x012D,0x01CE,0x014D,0x0250,0x016B,0x0004,0x0824,0x1044,0x0803,0x0803,0x1804,0x3806,
  0x3026,0x2826,0x0803,0x0003,0x0804,0x1806,0x2047,0x1865,0x0001,0x0002,0x0002,0x0001,
  0x4867,0x586A,0x0869,0x00EC,0x00A6,0x0001,0x0002,0x0001,0x0001,0x0001,0x0001,0x0001,
  0x0001,0x0001,0x0001,0x0001,0x0001,0x0001,0x0801,0x0001,0x0001,0x0001,0x220B,0x1A2D,
  0x0005,0x0087,0x0001,0x0001,0x0001,0x0000,0x0000,0x0000,0x0000,0x0000,0x0000,0x0000,
  0x0000,0x0000,0x0000,0x0000,0x0000,0x0000,0x0000,0x0000,0x0000,0x0000,0x0000,0x0000,
  0x0000,0x0000,0x0000,0x0000,0x0000,0x0000,0x0000,0x0000,0x0000,0x0000,0x0000,0x0000,
  0x0000,0x0000,0x0000,0x0000,0x0000,0x0000,0x0000,0x0000,0x0000,0x0000,0x0000,0x0000,
  0x0000,0x0000,0x0000,0x0000,0x0000,0x0000,0x0000,0x0000,0x0000,0x0000,0x0000,0x0000,
  0x0000,0x0000,0x0000,0x0000,0x0000,0x0000,0x0000,0x0000,0x0000,0x0000,0x0000,0x0000,
  0x0000,0x0000,0x0000,0x0000,0x0000,0x0000,0x0000,0x0801,0x0801,0x6047,0x7069,0x2003,
  0x1803,0x1002,0x2003,0x3004,0x1002,0x1002,0x2803,0x2003,0x3025,0x680A,0x5008,0x5008,
  0x4808,0x4006,0x2805,0x2805,0x2004,0x1803,0x1003,0x0802,0x0802,0x0001,0x0001,0x0001,
  0x0802,0x0802,0x0823,0x08EA,0x1007,0x2007,0x1004,0x0802,0x0802,0x0802,0x0802,0x0802,
  0x0802,0x0001,0x0001,0x0001,0x0001,0x0001,0x0001,0x0001,0x0001,0x0001,0x1002,0x0802,
  0x0001,0x0001,0x0001,0x0001,0x0001,0x0001,0x0001,0x0001,0x0001,0x0001,0x0001,0x0001,
  0x0001,0x0001,0x0001,0x0001,0x0001,0x0001,0x0002,0x0002,0x2887,0x412A,0x0843,0x0001,
  0x0002,0x0002,0x0802,0x0002,0x0002,0x0002,0x0002,0x0002,0x0002,0x0002,0x0002,0x0002,
  0x0002,0x0002,0x0002,0x0002,0x0002,0x0002,0x0002,0x0003,0x0003,0x0003,0x0003,0x0003,
  0x0023,0x0023,0x0023,0x0023,0x0024,0x0024,0x0087,0x0068,0x122E,0x00CC,0x012D,0x016E,
  0x01EF,0x014C,0x018E,0x01AD,0x0004,0x0003,0x0023,0x1044,0x1004,0x4027,0x4006,0x3005,
  0x2025,0x2005,0x0003,0x0003,0x0024,0x2026,0x2887,0x0003,0x0002,0x0803,0x0002,0x1003,
  0x486A,0x28AA,0x0047,0x0089,0x014C,0x0022,0x0001,0x0001,0x0001,0x0001,0x0001,0x0001,
  0x0001,0x0001,0x0001,0x0001,0x0001,0x0001,0x1803,0x0001,0x0001,0x0002,0x0065,0x0045,
  0x0023,0x0045,0x0002,0x0001,0x0001,0x0000,0x0000,0x0000,0x0000,0x0000,0x0000,0x0000,
  0x0001,0x0001,0x0000,0x0000,0x0000,0x0000,0x0000,0x0000,0x0000,0x0000,0x0000,0x0000,
  0x0000,0x0000,0x0000,0x0000,0x0000,0x0000,0x0000,0x0000,0x0000,0x0000,0x0000,0x0000,
  0x0000,0x0000,0x0000,0x0000,0x0000,0x0000,0x0000,0x0000,0x0000,0x0000,0x0000,0x0000,
  0x0000,0x0000,0x0000,0x0000,0x0000,0x0000,0x0000,0x0000,0x0000,0x0000,0x0000,0x0000,
  0x0000,0x0000,0x0000,0x0000,0x0000,0x0000,0x0000,0x0000,0x0000,0x0000,0x0000,0x0000,
  0x0000,0x0000,0x0000,0x0000,0x0000,0x0000,0x0801,0x0000,0x2803,0x888C,0x4026,0x1802,
  0x1002,0x1002,0x4005,0x1803,0x1002,0x1802,0x2803,0x1802,0x6049,0x6009,0x5808,0x6009,
  0x4007,0x2805,0x2804,0x2804,0x2004,0x1803,0x0802,0x0802,0x0001,0x0001,0x0001,0x0001,
  0x0001,0x0802,0x0001,0x1886,0x2866,0x2866,0x2827,0x1804,0x0002,0x0802,0x0802,0x0802,
  0x0802,0x0002,0x0001,0x0002,0x0002,0x0001,0x0001,0x0001,0x0001,0x0802,0x2824,0x0001,
  0x0002,0x0001,0x0001,0x0001,0x0001,0x0001,0x0001,0x0001,0x0001,0x0001,0x0001,0x0001,
  0x0001,0x0001,0x0001,0x0002,0x0001,0x0001,0x0001,0x0001,0x2066,0x1865,0x0001,0x0823,
  0x0002,0x0002,0x0003,0x0002,0x0002,0x0002,0x0002,0x0002,0x0002,0x0002,0x0002,0x0002,
  0x0002,0x0002,0x0002,0x0002,0x0002,0x0002,0x0002,0x0003,0x0003,0x0003,0x0003,0x0023,
  0x0023,0x0023,0x0023,0x0024,0x0024,0x0046,0x0027,0x11AC,0x1A8F,0x00AC,0x11EE,0x01EF,
  0x016C,0x096C,0x00CA,0x0004,0x0003,0x0002,0x0002,0x0002,0x0002,0x1003,0x1804,0x3005,
  0x2005,0x1025,0x0023,0x0003,0x0003,0x1025,0x1024,0x0001,0x0002,0x0822,0x0002,0x2867,
  0x088A,0x090A,0x0067,0x0047,0x010C,0x00E9,0x0001,0x0001,0x0001,0x0001,0x0001,0x0001,
  0x0001,0x0001,0x0001,0x0001,0x0001,0x0001,0x0001,0x0801,0x0001,0x0001,0x0001,0x0002,
  0x0002,0x0002,0x0001,0x0001,0x0001,0x0001,0x0001,0x0000,0x0000,0x0000,0x0000,0x0000,
  0x0000,0x0001,0x0000,0x0000,0x0000,0x0000,0x0000,0x0000,0x0000,0x0000,0x0000,0x0000,
  0x0000,0x0000,0x0000,0x0000,0x0000,0x0000,0x0000,0x0000,0x0000,0x0000,0x0000,0x0000,
  0x0000,0x0000,0x0000,0x0000,0x0000,0x0000,0x0000,0x0000,0x0000,0x0000,0x0000,0x0000,
  0x0000,0x0000,0x0000,0x0000,0x0000,0x0000,0x0000,0x0000,0x0000,0x0000,0x0000,0x0000,
  0x0000,0x0000,0x0000,0x0000,0x0000,0x0000,0x0000,0x0000,0x0000,0x0000,0x0000,0x0000,
  0x0000,0x0000,0x0000,0x0000,0x0000,0x0000,0x0801,0x0801,0x5847,0x704A,0x2003,0x1802,
  0x1802,0x2003,0x2803,0x1002,0x1802,0x2803,0x2002,0x3825,0x802A,0x6809,0x700A,0x5808,
  0x3005,0x2804,0x2004,0x2004,0x2004,0x1803,0x0802,0x0802,0x0001,0x0001,0x0001,0x0001,
  0x0001,0x0001,0x0002,0x0802,0x4086,0x5088,0x1005,0x2867,0x0803,0x0803,0x0802,0x0802,
  0x0802,0x0802,0x0802,0x0002,0x0001,0x0001,0x0001,0x0802,0x0001,0x2864,0x2864,0x0001,
  0x0002,0x0001,0x0001,0x0001,0x0001,0x0001,0x0001,0x0001,0x0001,0x0001,0x0001,0x0001,
  0x0001,0x0001,0x0002,0x0001,0x0001,0x0001,0x0001,0x0001,0x28A6,0x1844,0x0002,0x0002,
  0x0002,0x0002,0x0803,0x0803,0x0002,0x0002,0x0002,0x0002,0x0002,0x0002,0x0002,0x0002,
  0x0002,0x0002,0x0002,0x0002,0x0002,0x0003,0x0003,0x0003,0x0003,0x0003,0x0023,0x0023,
  0x0023,0x0024,0x0024,0x0024,0x0025,0x1067,0x28EB,0x32CF,0x2AB0,0x282C,0x40AC,0x292E,
  0x196E,0x19AD,0x0004,0x0002,0x0002,0x0002,0x0002,0x0002,0x0002,0x0001,0x0001,0x0001,
  0x1003,0x2826,0x1024,0x0002,0x0023,0x0002,0x0001,0x0001,0x0001,0x0001,0x0802,0x106A,
  0x08EB,0x00C9,0x00A9,0x0068,0x0089,0x018E,0x0023,0x0001,0x0001,0x0001,0x0001,0x0001,
  0x0001,0x0001,0x0001,0x0001,0x0802,0x0001,0x0001,0x0001,0x0001,0x0001,0x0001,0x0001,
  0x0001,0x0001,0x0001,0x0001,0x0001,0x0001,0x0000,0x0000,0x0000,0x0000,0x0000,0x0000,
  0x0001,0x0001,0x0000,0x0000,0x0000,0x0000,0x0000,0x0000,0x0000,0x0000,0x0000,0x0000,
  0x0000,0x0000,0x0000,0x0000,0x0000,0x0000,0x0000,0x0000,0x0000,0x0000,0x0000,0x0000,
  0x0000,0x0000,0x0000,0x0000,0x0000,0x0000,0x0000,0x0000,0x0000,0x0000,0x0000,0x0000,
  0x0000,0x0000,0x0000,0x0000,0x0000,0x0000,0x0000,0x0000,0x0000,0x0000,0x0000,0x0000,
  0x0000,0x0000,0x0000,0x0000,0x0000,0x0000,0x0000,0x0000,0x0000,0x0000,0x0000,0x0000,
  0x0000,0x0000,0x0000,0x0000,0x0000,0x0001,0x0000,0x2824,0x788A,0x5027,0x1802,0x1802,
  0x1803,0x1803,0x1803,0x2003,0x2003,0x2803,0x2803,0x6849,0x802B,0x780A,0x700A,0x4006,
  0x2804,0x2804,0x1803,0x2004,0x2004,0x0802,0x0802,0x0802,0x0001,0x0001,0x0001,0x0001,
  0x0001,0x0001,0x0002,0x0001,0x1023,0x2047,0x1089,0x1868,0x1024,0x0002,0x0802,0x0802,
  0x0802,0x0802,0x0802,0x0802,0x0002,0x0002,0x0002,0x0802,0x0002,0x4989,0x1843,0x0002,
  0x0002,0x0002,0x0001,0x0001,0x0001,0x0802,0x0001,0x0001,0x0001,0x0001,0x0001,0x0001,
  0x0802,0x0802,0x0001,0x0001,0x0001,0x0001,0x0001,0x0001,0x0803,0x1845,0x0002,0x0002,
  0x0002,0x0001,0x1845,0x1845,0x0002,0x0002,0x0002,0x0002,0x0002,0x0002,0x0002,0x0002,
  0x0002,0x0002,0x0002,0x0003,0x0003,0x0003,0x0003,0x0003,0x0003,0x0023,0x0023,0x0023,
  0x0024,0x0025,0x0024,0x1066,0x2887,0x30A8,0x1067,0x090B,0x220F,0x712E,0x788C,0x582A,
  0x4069,0x18A8,0x0045,0x0023,0x0002,0x0002,0x0002,0x0002,0x0002,0x0002,0x0001,0x0001,
  0x0001,0x1023,0x3047,0x0025,0x0002,0x0001,0x0001,0x0001,0x0002,0x0001,0x0846,0x210D,
  0x190B,0x0068,0x0067,0x0047,0x0047,0x016D,0x010A,0x0001,0x0001,0x0001,0x0001,0x0000,
  0x0064,0x08A8,0x0001,0x0001,0x0001,0x0001,0x0001,0x0801,0x0802,0x0001,0x0001,0x0001,
  0x0001,0x0001,0x0001,0x0000,0x0001,0x0001,0x0000,0x0000,0x0000,0x0000,0x0000,0x0001,
  0x0001,0x0001,0x0000,0x0000,0x0000,0x0000,0x0000,0x0000,0x0000,0x0000,0x0000,0x0000,
  0x0000,0x0000,0x0000,0x0000,0x0000,0x0000,0x0000,0x0000,0x0000,0x0000,0x0000,0x0000,
  0x0000,0x0000,0x0000,0x0000,0x0000,0x0000,0x0000,0x0000,0x0000,0x0000,0x0000,0x0000,
  0x0000,0x0000,0x0000,0x0000,0x0000,0x0000,0x0000,0x0000,0x0000,0x0000,0x0000,0x0000,
  0x0000,0x0000,0x0000,0x0000,0x0000,0x0000,0x0000,0x0000,0x0000,0x0000,0x0000,0x0000,
  0x0000,0x0000,0x0000,0x0000,0x0001,0x0801,0x0801,0x5067,0x788A,0x2804,0x1002,0x1803,
  0x1803,0x1803,0x1802,0x1803,0x2003,0x1002,0x2844,0x88CD,0x886C,0x780A,0x6008,0x3005,
  0x2804,0x2804,0x2004,0x2804,0x1002,0x0001,0x0802,0x0802,0x0001,0x0001,0x0001,0x0001,
  0x0001,0x0001,0x0001,0x0002,0x0002,0x1086,0x112E,0x088B,0x1006,0x2825,0x1003,0x0802,
  0x0802,0x0802,0x0802,0x0802,0x0802,0x0002,0x0002,0x0802,0x1023,0x3947,0x0802,0x0802,
  0x0002,0x0001,0x0001,0x0002,0x0002,0x0802,0x0802,0x0802,0x0002,0x0002,0x0002,0x1804,
  0x3866,0x1023,0x0001,0x0001,0x0001,0x0001,0x0001,0x0002,0x0001,0x1044,0x1024,0x0002,
  0x0803,0x0001,0x28C6,0x1865,0x0002,0x0002,0x0002,0x0002,0x0002,0x0002,0x0002,0x0002,
  0x0002,0x0804,0x0003,0x0003,0x0003,0x0003,0x0003,0x0003,0x0024,0x0024,0x0024,0x0024,
  0x0004,0x1086,0x38E9,0x38A8,0x1045,0x0024,0x0005,0x0909,0x118D,0x2089,0x4069,0x3848,
  0x0004,0x0004,0x0065,0x0024,0x0002,0x0002,0x0002,0x0002,0x0002,0x0002,0x0001,0x0001,
  0x0001,0x0001,0x0803,0x0824,0x0001,0x0001,0x0001,0x0002,0x0001,0x0003,0x20AB,0x30AA,
  0x1046,0x00EA,0x0068,0x0047,0x0047,0x00CA,0x016D,0x0023,0x0001,0x0001,0x0001,0x0000,
  0x08A7,0x0887,0x0000,0x0001,0x0001,0x0001,0x0001,0x0001,0x0802,0x0001,0x0001,0x0001,
  0x0001,0x0001,0x0000,0x0000,0x0001,0x0001,0x0001,0x0001,0x0001,0x0822,0x0001,0x0001,
  0x0000,0x0000,0x0000,0x0000,0x0000,0x0000,0x0000,0x0000,0x0000,0x0000,0x0000,0x0000,
  0x0000,0x0000,0x0000,0x0000,0x0000,0x0000,0x0000,0x0000,0x0000,0x0000,0x0000,0x0000,
  0x0000,0x0000,0x0000,0x0000,0x0000,0x0000,0x0000,0x0000,0x0000,0x0000,0x0000,0x0000,
  0x0000,0x0000,0x0000,0x0000,0x0000,0x0000,0x0000,0x0000,0x0000,0x0000,0x0000,0x0000,
  0x0000,0x0000,0x0000,0x0000,0x0000,0x0000,0x0000,0x0000,0x0000,0x0000,0x0000,0x0000,
  0x0000,0x0000,0x0000,0x0000,0x0001,0x0000,0x1802,0x7089,0x5847,0x1803,0x1003,0x1803,
  0x1802,0x1802,0x1803,0x1002,0x3805,0x5827,0x3024,0x2844,0x6048,0x780A,0x4006,0x3005,
  0x3005,0x2004,0x1803,0x1002,0x0801,0x0802,0x0801,0x0001,0x0001,0x0001,0x0001,0x0001,
  0x0001,0x0001,0x0001,0x0002,0x0002,0x1065,0x112C,0x11EF,0x4A2E,0x404A,0x3847,0x4087,
  0x2804,0x1002,0x0802,0x0802,0x0002,0x0802,0x0802,0x0802,0x1043,0x1844,0x0002,0x0802,
  0x0002,0x0001,0x0002,0x0002,0x0002,0x0001,0x0002,0x0002,0x0002,0x0002,0x0002,0x0802,
  0x0001,0x0001,0x0001,0x0001,0x0001,0x0001,0x0001,0x0001,0x0002,0x0002,0x1866,0x0803,
  0x0823,0x0002,0x20A6,0x1044,0x0002,0x0002,0x0002,0x0002,0x0002,0x0002,0x0002,0x0002,
  0x0002,0x0803,0x0003,0x0003,0x0003,0x0003,0x0024,0x0024,0x0024,0x0024,0x0004,0x0825,
  0x2867,0x414A,0x20A7,0x0004,0x0024,0x0045,0x0025,0x092A,0x096B,0x0005,0x0045,0x0845,
  0x0024,0x0024,0x0024,0x0044,0x0023,0x0001,0x0002,0x0002,0x0001,0x0001,0x0001,0x0001,
  0x0001,0x0001,0x0001,0x0001,0x0001,0x0001,0x0002,0x0001,0x0001,0x1068,0x30AA,0x0804,
  0x0003,0x0024,0x00A9,0x0869,0x0068,0x0068,0x012C,0x00A9,0x0001,0x0001,0x0001,0x0001,
  0x0002,0x0001,0x0001,0x0001,0x0001,0x0001,0x0001,0x0001,0x0001,0x0001,0x0001,0x0001,
  0x0001,0x0001,0x0000,0x0000,0x0001,0x0001,0x0001,0x0000,0x0001,0x3867,0x0001,0x0000,
  0x0001,0x0001,0x0000,0x0000,0x0000,0x0000,0x0000,0x0000,0x0000,0x0000,0x0000,0x0001,
  0x0000,0x0000,0x0000,0x0000,0x0000,0x0000,0x0000,0x0000,0x0000,0x0000,0x0000,0x0000,
  0x0000,0x0000,0x0000,0x0000,0x0000,0x0000,0x0000,0x0000,0x0000,0x0000,0x0000,0x0000,
  0x0000,0x0000,0x0000,0x0000,0x0000,0x0000,0x0000,0x0000,0x0000,0x0000,0x0000,0x0000,
  0x0000,0x0000,0x0000,0x0000,0x0000,0x0000,0x0000,0x0000,0x0000,0x0000,0x0000,0x0000,
  0x0000,0x0000,0x0000,0x0001,0x0801,0x0000,0x4866,0x78AA,0x3004,0x1803,0x1002,0x1802,
  0x1802,0x1803,0x1803,0x1802,0x6048,0x6809,0x704A,0x5868,0x2003,0x2804,0x4006,0x3805,
  0x2003,0x2004,0x1003,0x0802,0x0802,0x0801,0x0001,0x0001,0x0001,0x0001,0x0801,0x0001,
  0x0001,0x0001,0x0002,0x0002,0x0846,0x18EB,0x21CD,0x4B70,0x3A4F,0x108A,0x20A8,0x30A8,
  0x50C9,0x61CC,0x4908,0x2004,0x1003,0x0802,0x0802,0x0002,0x1864,0x1043,0x0802,0x0802,
  0x0002,0x0002,0x0002,0x0001,0x0002,0x0802,0x0002,0x0001,0x0001,0x0001,0x0001,0x0001,
  0x0001,0x0002,0x0001,0x0001,0x0001,0x0001,0x0001,0x0001,0x0002,0x0001,0x1865,0x1845,
  0x0002,0x0002,0x1865,0x28A6,0x0002,0x0002,0x0002,0x0002,0x0002,0x0002,0x0002,0x0002,
  0x0002,0x0002,0x0003,0x0003,0x0003,0x0023,0x0024,0x0045,0x0026,0x0045,0x0825,0x1025,
  0x1045,0x0004,0x0005,0x0024,0x0024,0x0024,0x0005,0x096A,0x092A,0x0005,0x0045,0x0044,
  0x0024,0x0024,0x0023,0x0023,0x0023,0x0003,0x0002,0x0002,0x0001,0x0001,0x0001,0x0001,
  0x0001,0x0001,0x0001,0x0001,0x0001,0x0001,0x0001,0x0002,0x0888,0x0868,0x0824,0x0024,
  0x0003,0x0003,0x0066,0x00AA,0x00AA,0x0048,0x00CA,0x010C,0x0003,0x0001,0x0001,0x0001,
  0x0001,0x0001,0x0001,0x0001,0x0001,0x0001,0x0001,0x0001,0x0001,0x0802,0x0001,0x0001,
  0x0001,0x0000,0x0000,0x0000,0x0001,0x0001,0x0001,0x0000,0x2024,0x2826,0x0001,0x0001,
  0x0000,0x0001,0x0000,0x0000,0x0000,0x0000,0x0000,0x0000,0x0000,0x0001,0x0001,0x0001,
  0x0000,0x0000,0x0000,0x0000,0x0000,0x0000,0x0000,0x0000,0x0000,0x0000,0x0000,0x0000,
  0x0000,0x0000,0x0000,0x0000,0x0000,0x0000,0x0000,0x0000,0x0000,0x0000,0x0000,0x0000,
  0x0000,0x0000,0x0000,0x0000,0x0000,0x0000,0x0000,0x0000,0x0000,0x0000,0x0000,0x0000,
  0x0000,0x0000,0x0000,0x0000,0x0000,0x0000,0x0000,0x0000,0x0000,0x0000,0x0000,0x0000,
  0x0000,0x0000,0x0000,0x0001,0x0801,0x1001,0x70CA,0x6068,0x2003,0x1002,0x1002,0x2804,
  0x1803,0x2003,0x1802,0x3825,0x7049,0x5007,0x4806,0x6808,0x6028,0x2803,0x0801,0x2003,
  0x2804,0x2003,0x0802,0x0802,0x0801,0x0001,0x0001,0x0001,0x0001,0x0802,0x0802,0x0001,
  0x0802,0x0001,0x0001,0x1066,0x190B,0x1067,0x18E9,0x3A2E,0x1808,0x0804,0x0803,0x0003,
  0x0823,0x1064,0x1886,0x2086,0x2086,0x1844,0x2824,0x2044,0x3968,0x0823,0x0802,0x0802,
  0x0002,0x0002,0x0002,0x1824,0x1804,0x0001,0x0002,0x0001,0x0001,0x0001,0x0001,0x0001,
  0x0001,0x0001,0x0002,0x0001,0x0001,0x0001,0x0001,0x0001,0x0001,0x0001,0x1865,0x1865,
  0x0002,0x0002,0x0823,0x2886,0x0002,0x0002,0x0002,0x0002,0x0002,0x0002,0x0002,0x0002,
  0x0002,0x0003,0x0003,0x0003,0x0003,0x0003,0x0004,0x0007,0x18C9,0x30E9,0x1025,0x0003,
  0x0003,0x0024,0x0024,0x0024,0x0024,0x0045,0x0005,0x11AB,0x092B,0x0025,0x0045,0x0045,
  0x0023,0x0044,0x0023,0x0023,0x0023,0x0024,0x0044,0x0001,0x0002,0x0001,0x0001,0x0001,
  0x0001,0x0001,0x0001,0x0001,0x0001,0x0001,0x0001,0x192A,0x08A9,0x0003,0x0003,0x0003,
  0x0003,0x0023,0x0003,0x0046,0x00AA,0x0068,0x0088,0x094D,0x0087,0x0001,0x0001,0x0001,
  0x0001,0x0001,0x0001,0x0001,0x0001,0x0001,0x0001,0x0001,0x0001,0x1002,0x0001,0x0001,
  0x0001,0x0000,0x0000,0x0000,0x0000,0x0001,0x0000,0x0801,0x4048,0x1004,0x0002,0x0824,
  0x1865,0x0001,0x0001,0x0001,0x0000,0x0000,0x0000,0x0000,0x0001,0x0001,0x0001,0x0023,
  0x0000,0x0000,0x0000,0x0000,0x0000,0x0000,0x0000,0x0000,0x0000,0x0000,0x0000,0x0000,
  0x0000,0x0000,0x0000,0x0000,0x0000,0x0000,0x0000,0x0000,0x0000,0x0000,0x0000,0x0000,
  0x0000,0x0000,0x0000,0x0000,0x0000,0x0000,0x0000,0x0000,0x0000,0x0000,0x0000,0x0000,
  0x0000,0x0000,0x0000,0x0000,0x0000,0x0000,0x0000,0x0000,0x0000,0x0000,0x0000,0x0000,
  0x0000,0x0000,0x0000,0x0801,0x0000,0x3024,0x80EC,0x3805,0x1802,0x1002,0x2803,0x3004,
  0x1803,0x1803,0x1803,0x6049,0x6808,0x4806,0x5807,0x6008,0x3004,0x2804,0x2003,0x0801,
  0x2003,0x1002,0x0801,0x0802,0x0802,0x0801,0x0001,0x0001,0x0001,0x0001,0x0001,0x0001,
  0x0002,0x0001,0x1844,0x1046,0x0825,0x0804,0x18E8,0x214A,0x0804,0x1024,0x0803,0x0803,
  0x0802,0x0802,0x0002,0x0002,0x0843,0x18A6,0x28E7,0x2928,0x2949,0x0802,0x0802,0x0002,
  0x0802,0x0802,0x1824,0x3046,0x0802,0x0001,0x0001,0x0001,0x0001,0x0001,0x0001,0x0001,
  0x0001,0x0001,0x0001,0x0001,0x0001,0x0001,0x0001,0x0001,0x0001,0x0001,0x1864,0x2086,
  0x0002,0x0803,0x0002,0x2086,0x0823,0x0002,0x0002,0x0002,0x0002,0x0002,0x0002,0x0002,
  0x0803,0x0803,0x0823,0x1024,0x1845,0x1865,0x18C8,0x320D,0x294A,0x0024,0x0003,0x0003,
  0x0003,0x0003,0x0024,0x0024,0x0024,0x0045,0x0005,0x09AC,0x00E9,0x0025,0x0066,0x0045,
  0x0024,0x0023,0x0023,0x0024,0x0023,0x0003,0x0066,0x0025,0x0002,0x0002,0x0001,0x0001,
  0x0001,0x0001,0x0001,0x0001,0x0002,0x0001,0x10E7,0x29CE,0x0024,0x0002,0x0003,0x0003,
  0x0024,0x0003,0x0023,0x0004,0x00A9,0x00EB,0x0047,0x010B,0x00EB,0x0003,0x0001,0x1804,
  0x0802,0x0001,0x0001,0x0001,0x0001,0x0001,0x0001,0x0001,0x0001,0x0001,0x0001,0x0001,
  0x0001,0x0001,0x0001,0x0000,0x0001,0x0001,0x0000,0x2846,0x2807,0x0002,0x0803,0x0803,
  0x1847,0x0025,0x0001,0x0000,0x0001,0x0000,0x0000,0x0001,0x0001,0x0001,0x0001,0x00A7,
  0x0000,0x0000,0x0000,0x0000,0x0000,0x0000,0x0000,0x0000,0x0000,0x0000,0x0000,0x0000,
  0x0000,0x0000,0x0000,0x0000,0x0000,0x0000,0x0000,0x0000,0x0000,0x0000,0x0000,0x0000,
  0x0000,0x0000,0x0000,0x0000,0x0000,0x0000,0x0000,0x0000,0x0000,0x0000,0x0000,0x0000,
  0x0000,0x0000,0x0000,0x0000,0x0000,0x0000,0x0000,0x0000,0x0000,0x0000,0x0000,0x0000,
  0x0000,0x0000,0x0000,0x0801,0x0800,0x6088,0x6889,0x2803,0x1802,0x1803,0x4005,0x2003,
  0x1802,0x1002,0x3005,0x7029,0x5007,0x5807,0x5807,0x3805,0x1803,0x1002,0x1803,0x1803,
  0x1002,0x0802,0x0802,0x0802,0x0802,0x0802,0x0001,0x0001,0x0001,0x0001,0x0801,0x0001,
  0x0001,0x2024,0x3047,0x0003,0x0804,0x0804,0x18C7,0x2149,0x0803,0x0803,0x0803,0x0803,
  0x0803,0x0802,0x0802,0x0802,0x0002,0x0001,0x0802,0x1064,0x396B,0x2085,0x0802,0x1824,
  0x1003,0x0802,0x0802,0x0001,0x0001,0x0002,0x0001,0x0001,0x0001,0x0001,0x0001,0x0001,
  0x0001,0x0001,0x0001,0x0001,0x0001,0x0001,0x0001,0x0001,0x0001,0x0001,0x1064,0x28C6,
  0x0001,0x0803,0x0001,0x28C6,0x3108,0x1044,0x0823,0x1844,0x1024,0x1804,0x2825,0x30A6,
  0x30C6,0x2885,0x2065,0x2065,0x30A6,0x28C6,0x2928,0x41AA,0x0005,0x0004,0x0024,0x0003,
  0x0003,0x0003,0x0004,0x0024,0x0025,0x0025,0x0025,0x098B,0x00C8,0x0025,0x0045,0x0024,
  0x0024,0x0065,0x0086,0x0023,0x0024,0x0023,0x0045,0x1A2E,0x0044,0x0001,0x0002,0x0001,
  0x0001,0x0001,0x0001,0x0001,0x0002,0x0002,0x19CD,0x00CA,0x0003,0x0003,0x0004,0x0003,
  0x0046,0x0046,0x0024,0x0025,0x0047,0x096D,0x08CA,0x0069,0x012D,0x0066,0x0802,0x2025,
  0x0802,0x0001,0x0001,0x0001,0x0001,0x0001,0x0001,0x0001,0x0001,0x0001,0x0001,0x0001,
  0x0001,0x0001,0x0001,0x0001,0x0001,0x0001,0x0801,0x3006,0x0803,0x0803,0x0803,0x1005,
  0x1005,0x0024,0x0023,0x0001,0x0000,0x0001,0x0000,0x0001,0x0000,0x0001,0x0001,0x0023,
  0x0000,0x0000,0x0000,0x0000,0x0000,0x0000,0x0000,0x0000,0x0000,0x0000,0x0000,0x0000,
  0x0000,0x0000,0x0000,0x0000,0x0000,0x0000,0x0000,0x0000,0x0000,0x0000,0x0000,0x0000,
  0x0000,0x0000,0x0000,0x0000,0x0000,0x0000,0x0000,0x0000,0x0000,0x0000,0x0000,0x0000,
  0x0000,0x0000,0x0000,0x0000,0x0000,0x0000,0x0000,0x0000,0x0000,0x0000,0x0000,0x0000,
  0x0000,0x0000,0x0001,0x0801,0x1802,0x78CA,0x5026,0x2803,0x2804,0x3004,0x4005,0x1802,
  0x1803,0x1802,0x5827,0x6808,0x5006,0x4806,0x3004,0x1803,0x1803,0x1802,0x1002,0x1002,
  0x1803,0x1002,0x0801,0x0802,0x1002,0x0802,0x0802,0x0802,0x0802,0x0001,0x0801,0x0001,
  0x2024,0x3826,0x2825,0x0804,0x0804,0x0803,0x18C7,0x20E8,0x0803,0x0803,0x0803,0x0802,
  0x0802,0x0802,0x0802,0x0802,0x0802,0x0802,0x0802,0x0001,0x2085,0x594B,0x3887,0x2045,
  0x0802,0x0002,0x0802,0x0802,0x0802,0x0001,0x0001,0x0001,0x0001,0x0001,0x0001,0x0001,
  0x0001,0x0001,0x0001,0x0002,0x0002,0x0001,0x0001,0x0001,0x0001,0x0001,0x28E7,0x30E7,
  0x0002,0x0002,0x0823,0x28E7,0x20C6,0x30E7,0x2887,0x2045,0x1023,0x0803,0x0803,0x0802,
  0x0002,0x0002,0x0002,0x0002,0x0002,0x0003,0x0003,0x1805,0x1025,0x0004,0x0003,0x0003,
  0x0003,0x0003,0x0004,0x0024,0x0025,0x0025,0x0025,0x09AC,0x00E9,0x0025,0x0024,0x0066,
  0x0087,0x0066,0x0023,0x0023,0x0024,0x0044,0x0045,0x098C,0x096C,0x0044,0x0001,0x0002,
  0x0001,0x0001,0x0001,0x0002,0x0002,0x0865,0x11CF,0x0088,0x0002,0x0003,0x0003,0x0003,
  0x0025,0x0067,0x0024,0x0846,0x0047,0x0089,0x00EB,0x0069,0x00EC,0x00CA,0x0002,0x0001,
  0x0001,0x0001,0x0802,0x0001,0x0001,0x0001,0x0001,0x0001,0x0001,0x0001,0x0001,0x0001,
  0x0001,0x0001,0x0001,0x0001,0x0802,0x0001,0x2806,0x4808,0x0002,0x0803,0x0803,0x0804,
  0x0804,0x0824,0x0824,0x010B,0x00A6,0x0000,0x0001,0x0001,0x0000,0x0001,0x0001,0x0001,
  0x0000,0x0000,0x0000,0x0000,0x0000,0x0000,0x0000,0x0000,0x0000,0x0000,0x0000,0x0000,
  0x0000,0x0000,0x0000,0x0000,0x0000,0x0000,0x0000,0x0000,0x0000,0x0000,0x0000,0x0000,
  0x0000,0x0000,0x0000,0x0000,0x0000,0x0000,0x0000,0x0000,0x0000,0x0000,0x0000,0x0000,
  0x0000,0x0000,0x0000,0x0000,0x0000,0x0000,0x0000,0x0000,0x0000,0x0000,0x0000,0x0000,
  0x0000,0x0000,0x0001,0x0000,0x3824,0x78CA,0x3805,0x2003,0x2003,0x4826,0x3004,0x1802,
  0x1802,0x2803,0x6809,0x5807,0x5007,0x3005,0x2003,0x1803,0x1803,0x1002,0x1002,0x0802,
  0x1002,0x0802,0x1002,0x1002,0x0802,0x0001,0x0001,0x0001,0x0001,0x0801,0x0001,0x1803,
  0x3005,0x1003,0x0823,0x0804,0x0803,0x0804,0x2929,0x3929,0x0803,0x0803,0x0803,0x0802,
  0x0802,0x0802,0x0802,0x0002,0x0002,0x0002,0x0802,0x0802,0x0802,0x30C7,0x38E9,0x0803,
  0x0002,0x0802,0x0002,0x0002,0x0002,0x0001,0x0001,0x0001,0x0001,0x0001,0x0001,0x0001,
  0x0001,0x0002,0x0002,0x0002,0x0001,0x0001,0x0001,0x0002,0x0001,0x1065,0x1886,0x20A6,
  0x0002,0x0803,0x1045,0x0002,0x0001,0x0001,0x0803,0x1024,0x0001,0x0002,0x0002,0x0002,
  0x0002,0x0002,0x0002,0x0002,0x0003,0x0003,0x0003,0x0004,0x0804,0x0003,0x0003,0x0003,
  0x0003,0x0003,0x0003,0x0024,0x0024,0x0045,0x0026,0x11ED,0x00CA,0x0047,0x0067,0x0044,
  0x0024,0x0023,0x0023,0x0023,0x0023,0x0023,0x0023,0x0045,0x0087,0x0087,0x0043,0x0001,
  0x0001,0x0001,0x0001,0x0001,0x0001,0x10A8,0x094E,0x0045,0x0003,0x0003,0x0003,0x0003,
  0x0845,0x0024,0x0025,0x0025,0x0025,0x0068,0x0089,0x08CB,0x08CB,0x08EC,0x0024,0x0001,
  0x0001,0x0001,0x0802,0x0001,0x0001,0x0001,0x0001,0x0001,0x0001,0x0001,0x0001,0x0001,
  0x0001,0x0001,0x0001,0x0001,0x0802,0x0001,0x586B,0x2025,0x0002,0x0003,0x0024,0x0025,
  0x0003,0x0003,0x0866,0x0887,0x0043,0x0000,0x0001,0x0000,0x0000,0x0000,0x0001,0x0001,
  0x0000,0x0000,0x0000,0x0000,0x0000,0x0000,0x0000,0x0000,0x0000,0x0000,0x0000,0x0000,
  0x0000,0x0000,0x0000,0x0000,0x0000,0x0000,0x0000,0x0000,0x0000,0x0000,0x0000,0x0000,
  0x0000,0x0000,0x0000,0x0000,0x0000,0x0000,0x0000,0x0000,0x0000,0x0000,0x0000,0x0000,
  0x0000,0x0000,0x0000,0x0000,0x0000,0x0000,0x0000,0x0000,0x0000,0x0000,0x0000,0x0000,
  0x0000,0x0000,0x0001,0x0000,0x5867,0x6068,0x2803,0x2824,0x1802,0x3825,0x3805,0x1002,
  0x1803,0x4026,0x7029,0x5006,0x4005,0x2804,0x1803,0x1803,0x1802,0x1002,0x1802,0x2003,
  0x1802,0x1802,0x5827,0x2824,0x1823,0x1823,0x0802,0x0001,0x0001,0x0001,0x1803,0x3025,
  0x2804,0x0803,0x0803,0x0803,0x0803,0x0804,0x2909,0x30E8,0x0803,0x1003,0x0803,0x0802,
  0x0802,0x0803,0x0802,0x0802,0x0802,0x0002,0x0002,0x0802,0x0802,0x0802,0x1865,0x28A7,
  0x0802,0x0802,0x0002,0x0002,0x0002,0x0001,0x0001,0x0001,0x0001,0x0001,0x0001,0x0001,
  0x0002,0x0002,0x0001,0x0002,0x0001,0x0001,0x0001,0x0001,0x0002,0x0845,0x0003,0x1886,
  0x28E8,0x1865,0x0002,0x0002,0x0002,0x0002,0x0002,0x0802,0x0803,0x0002,0x0002,0x0002,
  0x0002,0x0002,0x0002,0x0002,0x0002,0x0003,0x0003,0x0003,0x0003,0x0004,0x0004,0x0004,
  0x0024,0x0004,0x0023,0x0024,0x0025,0x0046,0x0026,0x1A2E,0x096D,0x0088,0x0024,0x0023,
  0x0023,0x0023,0x0023,0x0023,0x0023,0x0023,0x0023,0x0024,0x0004,0x0024,0x0002,0x0001,
  0x0001,0x0001,0x0001,0x0001,0x0002,0x1889,0x098D,0x0004,0x0003,0x0003,0x0003,0x0003,
  0x0003,0x0024,0x0046,0x0025,0x0025,0x0067,0x0069,0x008A,0x08AB,0x10ED,0x0089,0x0002,
  0x0002,0x0002,0x0001,0x0001,0x0001,0x0001,0x0001,0x0001,0x0001,0x0001,0x0001,0x0001,
  0x0001,0x0001,0x0001,0x0001,0x0000,0x1023,0x58CD,0x0802,0x0824,0x0825,0x0025,0x0046,
  0x0046,0x0845,0x0023,0x0000,0x0000,0x0001,0x0000,0x0000,0x0000,0x0001,0x0001,0x0001,
  0x0000,0x0000,0x0000,0x0000,0x0000,0x0000,0x0000,0x0000,0x0000,0x0000,0x0000,0x0000,
  0x0000,0x0000,0x0000,0x0000,0x0000,0x0000,0x0000,0x0000,0x0000,0x0000,0x0000,0x0000,
  0x0000,0x0000,0x0000,0x0000,0x0000,0x0000,0x0000,0x0000,0x0000,0x0000,0x0000,0x0000,
  0x0000,0x0000,0x0000,0x0000,0x0000,0x0000,0x0000,0x0000,0x0000,0x0000,0x0000,0x0000,
  0x0000,0x0000,0x0001,0x1001,0x68A9,0x5847,0x4806,0x3825,0x2003,0x1002,0x3825,0x3004,
  0x1002,0x6869,0x7008,0x4005,0x3805,0x2003,0x1803,0x1803,0x1803,0x1002,0x1002,0x2003,
  0x2803,0x4805,0x2803,0x0000,0x0802,0x2024,0x2824,0x1803,0x0801,0x2824,0x3046,0x2004,
  0x2004,0x0803,0x1003,0x1004,0x0804,0x0804,0x212A,0x2908,0x0803,0x0803,0x0803,0x0802,
  0x0802,0x0802,0x0802,0x0802,0x0802,0x0001,0x0002,0x0802,0x0802,0x0802,0x0001,0x1865,
  0x28A6,0x0001,0x0802,0x0802,0x0002,0x0001,0x0001,0x0001,0x0001,0x0001,0x0001,0x0001,
  0x0001,0x0001,0x0001,0x0002,0x0001,0x0001,0x0001,0x0001,0x1044,0x0024,0x0003,0x20A7,
  0x28C7,0x0002,0x0002,0x0002,0x0001,0x0001,0x0002,0x0002,0x0803,0x0002,0x0002,0x0002,
  0x0002,0x0002,0x0002,0x0002,0x0003,0x0003,0x0003,0x0003,0x0003,0x0003,0x0004,0x0004,
  0x0024,0x0003,0x0024,0x0024,0x0024,0x0025,0x0047,0x226F,0x010B,0x0004,0x0024,0x0023,
  0x0023,0x0023,0x0023,0x0023,0x0023,0x0023,0x0023,0x0024,0x0024,0x0002,0x0001,0x0002,
  0x0002,0x0002,0x0001,0x0002,0x5027,0x28AB,0x016C,0x0003,0x0003,0x0003,0x0003,0x0803,
  0x0003,0x0003,0x0045,0x0025,0x0025,0x0047,0x0048,0x00EC,0x08ED,0x088B,0x00EC,0x0023,
  0x0001,0x0002,0x0001,0x0001,0x0001,0x0001,0x0001,0x0001,0x0001,0x0001,0x0001,0x0001,
  0x0001,0x0001,0x0001,0x0001,0x0000,0x2024,0x3047,0x0001,0x0825,0x1828,0x0847,0x00A9,
  0x0045,0x0001,0x0000,0x0001,0x0001,0x0000,0x0001,0x0000,0x0000,0x0001,0x0001,0x0000,
  0x0000,0x0000,0x0000,0x0000,0x0000,0x0000,0x0000,0x0000,0x0000,0x0000,0x0000,0x0000,
  0x0000,0x0000,0x0000,0x0000,0x0000,0x0000,0x0000,0x0000,0x0000,0x0000,0x0000,0x0000,
  0x0000,0x0000,0x0000,0x0000,0x0000,0x0000,0x0000,0x0000,0x0000,0x0000,0x0000,0x0000,
  0x0000,0x0000,0x0000,0x0000,0x0000,0x0000,0x0000,0x0000,0x0000,0x0000,0x0000,0x0000,
  0x0000,0x0001,0x0000,0x2843,0x60A9,0x5006,0x7029,0x4826,0x0801,0x2845,0x1803,0x2804,
  0x3825,0x802A,0x5005,0x3804,0x3805,0x2003,0x1802,0x1803,0x1803,0x1002,0x0802,0x1002,
  0x2003,0x0001,0x0001,0x0801,0x0001,0x1803,0x1002,0x0802,0x3826,0x4047,0x1003,0x1003,
  0x0803,0x0803,0x0803,0x1004,0x0804,0x0804,0x294A,0x20E8,0x0803,0x0803,0x0802,0x0802,
  0x0802,0x0802,0x0802,0x0802,0x0002,0x0001,0x0002,0x0002,0x0802,0x0802,0x0802,0x0823,
  0x40C9,0x2065,0x0001,0x0802,0x0802,0x0002,0x0001,0x0001,0x0001,0x0001,0x0001,0x0001,
  0x0001,0x0001,0x0001,0x0001,0x0001,0x0001,0x0002,0x0001,0x3087,0x1025,0x1825,0x40E9,
  0x0002,0x0002,0x0002,0x0001,0x0001,0x0001,0x0001,0x0001,0x0002,0x0002,0x0002,0x0002,
  0x0002,0x0002,0x0002,0x0002,0x0003,0x0003,0x0003,0x0003,0x0003,0x0003,0x0004,0x0004,
  0x0003,0x0003,0x0024,0x0024,0x0025,0x0025,0x0067,0x124F,0x0088,0x0025,0x0024,0x0023,
  0x0023,0x0023,0x0023,0x0024,0x0024,0x0023,0x0023,0x0023,0x0004,0x0002,0x0002,0x0823,
  0x0802,0x0001,0x0802,0x3005,0x4008,0x20AA,0x198D,0x0025,0x0803,0x0003,0x0804,0x0804,
  0x0003,0x0003,0x0003,0x0025,0x0046,0x0046,0x0068,0x010C,0x214E,0x086A,0x010C,0x0087,
  0x0001,0x0002,0x0001,0x0001,0x0001,0x0001,0x0001,0x0001,0x0001,0x0001,0x0001,0x0001,
  0x0001,0x0001,0x0001,0x0001,0x0001,0x3868,0x1824,0x0002,0x0025,0x2089,0x1066,0x0043,
  0x0001,0x0001,0x0001,0x0001,0x0000,0x0001,0x0001,0x0000,0x0000,0x0001,0x0000,0x0000,
  0x0000,0x0000,0x0000,0x0000,0x0000,0x0000,0x0000,0x0000,0x0000,0x0000,0x0000,0x0000,
  0x0000,0x0000,0x0000,0x0000,0x0000,0x0000,0x0000,0x0000,0x0000,0x0000,0x0000,0x0000,
  0x0000,0x0000,0x0000,0x0000,0x0000,0x0000,0x0000,0x0000,0x0000,0x0000,0x0000,0x0000,
  0x0000,0x0000,0x0000,0x0000,0x0000,0x0000,0x0000,0x0000,0x0000,0x0000,0x0000,0x0000,
  0x0000,0x0001,0x0000,0x3844,0x3825,0x5828,0x6069,0x4889,0x2045,0x2044,0x1003,0x1003,
  0x4846,0x810B,0x5087,0x4806,0x3004,0x1002,0x1803,0x1803,0x1803,0x0802,0x2003,0x1002,
  0x0001,0x0001,0x0801,0x0001,0x0001,0x0001,0x0802,0x1002,0x3825,0x1003,0x0802,0x0803,
  0x0803,0x0803,0x0802,0x1025,0x1025,0x0805,0x210A,0x20A7,0x1003,0x1003,0x1003,0x0803,
  0x1003,0x1003,0x0802,0x0802,0x0002,0x0002,0x0002,0x0002,0x0802,0x0802,0x0002,0x1844,
  0x2846,0x2886,0x28A6,0x0002,0x0802,0x0802,0x0002,0x0002,0x0002,0x0001,0x0001,0x0001,
  0x0001,0x0001,0x0002,0x0002,0x0002,0x0002,0x0002,0x0002,0x2826,0x1025,0x508A,0x2045,
  0x0002,0x0002,0x0002,0x0001,0x0001,0x0001,0x0001,0x0001,0x0002,0x0002,0x0002,0x0002,
  0x0002,0x0002,0x0002,0x0002,0x0002,0x0003,0x0003,0x0003,0x0004,0x0004,0x0004,0x0004,
  0x0004,0x0003,0x0004,0x0024,0x0025,0x0025,0x0068,0x1A0E,0x0088,0x0025,0x0024,0x0023,
  0x0023,0x0023,0x0023,0x0023,0x0023,0x0023,0x0023,0x0065,0x1149,0x0002,0x0002,0x0002,
  0x0001,0x1003,0x2806,0x1825,0x1826,0x1827,0x214B,0x0888,0x0004,0x0804,0x1004,0x0803,
  0x0003,0x0003,0x0003,0x0004,0x0067,0x0046,0x0068,0x008A,0x212D,0x18CC,0x00CB,0x00EA,
  0x0001,0x0002,0x0001,0x0001,0x0001,0x0001,0x0001,0x0802,0x0001,0x0001,0x0001,0x0001,
  0x0001,0x0801,0x0001,0x0001,0x0001,0x0802,0x0004,0x0867,0x0886,0x0022,0x0000,0x0000,
  0x0001,0x0001,0x0001,0x0001,0x0001,0x0000,0x0000,0x0001,0x0001,0x0001,0x0001,0x0000,
  0x0000,0x0000,0x0000,0x0000,0x0000,0x0000,0x0000,0x0000,0x0000,0x0000,0x0000,0x0000,
  0x0000,0x0000,0x0000,0x0000,0x0000,0x0000,0x0000,0x0000,0x0000,0x0000,0x0000,0x0000,
  0x0000,0x0000,0x0000,0x0000,0x0000,0x0000,0x0000,0x0000,0x0000,0x0000,0x0000,0x0000,
  0x0000,0x0000,0x0000,0x0000,0x0000,0x0000,0x0000,0x0000,0x0000,0x0000,0x0000,0x0000,
  0x0000,0x0001,0x0001,0x2003,0x3046,0x40A7,0x3065,0x38A7,0x1824,0x0001,0x1003,0x4005,
  0x6006,0x5887,0x5929,0x612A,0x3845,0x2003,0x2804,0x3004,0x3024,0x2003,0x1803,0x0001,
  0x0001,0x0001,0x0001,0x0001,0x0001,0x0001,0x0001,0x0802,0x4046,0x2024,0x0802,0x0803,
  0x0803,0x0803,0x0802,0x1004,0x1025,0x0805,0x314B,0x2087,0x1003,0x1003,0x1003,0x0802,
  0x1003,0x0802,0x0802,0x0802,0x0802,0x0002,0x0002,0x0002,0x0002,0x0802,0x0001,0x2866,
  0x2066,0x0001,0x1864,0x2086,0x0802,0x0002,0x0802,0x0002,0x0002,0x0002,0x0002,0x0002,
  0x0001,0x0001,0x0001,0x0002,0x0002,0x0002,0x0002,0x0002,0x2825,0x1826,0x2026,0x0002,
  0x0002,0x0002,0x0001,0x0001,0x0001,0x0001,0x0001,0x0002,0x0002,0x0002,0x0002,0x0002,
  0x0002,0x0002,0x0002,0x0002,0x0002,0x0003,0x0003,0x0003,0x0004,0x0004,0x0004,0x0004,
  0x0004,0x0003,0x0004,0x0024,0x0025,0x0025,0x0888,0x2A0E,0x0868,0x0025,0x0024,0x0024,
  0x0023,0x0023,0x0023,0x0024,0x0024,0x0023,0x0025,0x096B,0x08E8,0x0001,0x0002,0x0001,
  0x1003,0x4848,0x3047,0x1825,0x3048,0x1006,0x292B,0x1929,0x0004,0x0804,0x0003,0x0003,
  0x0003,0x0003,0x0003,0x0024,0x0046,0x0067,0x012C,0x00EC,0x08AC,0x210E,0x00AA,0x00EB,
  0x0023,0x0001,0x0001,0x0001,0x0001,0x0001,0x0001,0x0001,0x0001,0x0001,0x0001,0x0001,
  0x0001,0x0001,0x0001,0x0001,0x0001,0x0000,0x0002,0x0023,0x0000,0x0000,0x0001,0x0001,
  0x0001,0x0001,0x0001,0x0001,0x0001,0x0001,0x0001,0x0001,0x0001,0x0000,0x0001,0x0001,
  0x0000,0x0000,0x0000,0x0000,0x0000,0x0000,0x0000,0x0000,0x0000,0x0000,0x0000,0x0000,
  0x0000,0x0000,0x0000,0x0000,0x0000,0x0000,0x0000,0x0000,0x0000,0x0000,0x0000,0x0000,
  0x0000,0x0000,0x0000,0x0000,0x0000,0x0000,0x0000,0x0000,0x0000,0x0000,0x0000,0x0000,
  0x0000,0x0000,0x0000,0x0000,0x0000,0x0000,0x0000,0x0000,0x0000,0x0000,0x0000,0x0000,
  0x0000,0x0001,0x0001,0x38A6,0x38E8,0x2885,0x2044,0x1843,0x0802,0x2865,0x3826,0x3003,
  0x2803,0x3804,0x4005,0x2804,0x2844,0x4046,0x4847,0x4046,0x3825,0x2804,0x0001,0x0001,
  0x0001,0x0001,0x0001,0x0001,0x0001,0x0001,0x0001,0x0802,0x4026,0x1803,0x0802,0x0803,
  0x0803,0x0803,0x0802,0x0803,0x1025,0x1005,0x310A,0x2066,0x1003,0x1004,0x0803,0x0803,
  0x0802,0x0802,0x0802,0x0802,0x0802,0x0802,0x0002,0x0802,0x0802,0x0002,0x0802,0x2887,
  0x0803,0x0802,0x0001,0x1044,0x30E7,0x0823,0x0002,0x0802,0x0002,0x0002,0x0002,0x0002,
  0x0001,0x0001,0x0001,0x0001,0x0002,0x0001,0x0002,0x0001,0x2024,0x2867,0x0003,0x0002,
  0x0002,0x0002,0x0001,0x0001,0x0001,0x0001,0x0001,0x0002,0x0002,0x0002,0x0002,0x0002,
  0x0802,0x0002,0x0002,0x0003,0x0003,0x0003,0x0003,0x0003,0x0004,0x0004,0x0024,0x0004,
  0x0003,0x0003,0x0024,0x0024,0x0025,0x0025,0x210B,0x422E,0x0048,0x0026,0x0024,0x0024,
  0x0024,0x0023,0x0024,0x0024,0x0024,0x0024,0x0087,0x00EA,0x0002,0x0002,0x0002,0x0001,
  0x2845,0x5068,0x4088,0x1806,0x2007,0x1806,0x20CA,0x216B,0x0845,0x0003,0x0003,0x0003,
  0x0003,0x0003,0x0003,0x0024,0x0026,0x00C9,0x1A0F,0x012D,0x006A,0x210E,0x10AB,0x00EC,
  0x0067,0x0002,0x0002,0x0001,0x0001,0x0001,0x0001,0x0001,0x0001,0x0001,0x0001,0x0802,
  0x0001,0x0001,0x0001,0x0001,0x0001,0x0001,0x0000,0x0000,0x0001,0x0001,0x0001,0x0001,
  0x0001,0x0001,0x0001,0x0001,0x0001,0x0001,0x0001,0x0001,0x0000,0x0002,0x0003,0x0001,
  0x0000,0x0000,0x0000,0x0000,0x0000,0x0000,0x0000,0x0000,0x0000,0x0000,0x0000,0x0000,
  0x0000,0x0000,0x0000,0x0000,0x0000,0x0000,0x0000,0x0000,0x0000,0x0000,0x0000,0x0000,
  0x0000,0x0000,0x0000,0x0000,0x0000,0x0000,0x0000,0x0000,0x0000,0x0000,0x0000,0x0000,
  0x0000,0x0000,0x0000,0x0000,0x0000,0x0000,0x0000,0x0000,0x0000,0x0000,0x0000,0x0000,
  0x0000,0x0001,0x0000,0x4188,0x2084,0x1803,0x1803,0x0801,0x1002,0x3066,0x38A8,0x1802,
  0x3004,0x3004,0x2804,0x2003,0x0802,0x1003,0x2845,0x28C8,0x30E9,0x0802,0x0801,0x0001,
  0x0001,0x0001,0x0001,0x0001,0x0001,0x0801,0x0801,0x0801,0x3866,0x1003,0x0803,0x0803,
  0x0802,0x0802,0x0802,0x0803,0x1005,0x1826,0x310A,0x2046,0x1804,0x1003,0x1003,0x0802,
  0x0803,0x0802,0x0802,0x0802,0x0802,0x0802,0x0802,0x0802,0x0802,0x0002,0x1004,0x1824,
  0x0001,0x0802,0x0802,0x0002,0x0823,0x28C6,0x0823,0x0001,0x0002,0x0002,0x0002,0x0002,
  0x0002,0x0002,0x0002,0x0002,0x0001,0x0001,0x0002,0x0001,0x1825,0x1845,0x0002,0x0002,
  0x0002,0x0001,0x0001,0x0001,0x0001,0x0001,0x0001,0x0002,0x0002,0x0002,0x0002,0x0002,
  0x1824,0x0803,0x0003,0x0803,0x0803,0x0003,0x0003,0x0003,0x0004,0x0025,0x0025,0x0004,
  0x0004,0x0024,0x0024,0x0024,0x0025,0x0847,0x292C,0x31EE,0x0048,0x0026,0x0025,0x0024,
  0x0045,0x0024,0x0024,0x0024,0x0025,0x0045,0x0066,0x0024,0x0002,0x0002,0x0002,0x0002,
  0x0803,0x4868,0x50A9,0x2026,0x1005,0x1806,0x1869,0x29CE,0x2109,0x0003,0x0003,0x0003,
  0x0003,0x0003,0x0003,0x0024,0x0046,0x090C,0x11AE,0x09CE,0x006B,0x192D,0x294D,0x00CB,
  0x00C9,0x0002,0x0002,0x0001,0x0002,0x0001,0x0001,0x0001,0x0001,0x0001,0x0001,0x0001,
  0x0001,0x0001,0x0001,0x0001,0x0001,0x0001,0x0001,0x0001,0x0001,0x0001,0x0001,0x0001,
  0x0001,0x0001,0x0001,0x0001,0x0001,0x0001,0x0001,0x0001,0x0065,0x2088,0x0804,0x0002,
  0x0000,0x0000,0x0000,0x0000,0x0000,0x0000,0x0000,0x0000,0x0000,0x0000,0x0000,0x0000,
  0x0000,0x0000,0x0000,0x0000,0x0000,0x0000,0x0000,0x0000,0x0000,0x0000,0x0000,0x0000,
  0x0000,0x0000,0x0000,0x0000,0x0000,0x0000,0x0000,0x0000,0x0000,0x0000,0x0000,0x0000,
  0x0000,0x0000,0x0000,0x0000,0x0000,0x0000,0x0000,0x0000,0x0000,0x0000,0x0000,0x0000,
  0x0000,0x0000,0x0801,0x3005,0x1002,0x2804,0x3825,0x4888,0x716D,0x2825,0x2067,0x2004,
  0x2803,0x2803,0x2003,0x1002,0x1002,0x1803,0x0801,0x0001,0x0002,0x0802,0x0001,0x0001,
  0x0001,0x0001,0x0001,0x0001,0x0001,0x0001,0x0001,0x0001,0x1003,0x1803,0x1003,0x0803,
  0x0802,0x0802,0x0803,0x0803,0x0804,0x1847,0x396C,0x3067,0x1804,0x1003,0x1003,0x0802,
  0x0803,0x1003,0x1003,0x0803,0x0802,0x0802,0x0802,0x0802,0x0802,0x0802,0x1004,0x0803,
  0x0802,0x0802,0x0802,0x0802,0x0002,0x0823,0x38E8,0x2085,0x1023,0x0002,0x0802,0x0002,
  0x0002,0x0002,0x0002,0x0002,0x0002,0x0002,0x0002,0x0002,0x28C8,0x0002,0x0002,0x0002,
  0x0001,0x0001,0x0001,0x0001,0x0001,0x0001,0x0002,0x0002,0x0002,0x0002,0x0002,0x0002,
  0x1024,0x0803,0x0003,0x0803,0x0803,0x0803,0x0004,0x0004,0x0025,0x0088,0x0004,0x0024,
  0x0004,0x0024,0x0825,0x1026,0x1047,0x1049,0x20EC,0x320E,0x0048,0x0026,0x0025,0x0025,
  0x0045,0x0024,0x0024,0x0025,0x0045,0x0046,0x0067,0x0003,0x0002,0x0002,0x0002,0x0002,
  0x0002,0x5048,0x608A,0x3848,0x1005,0x2807,0x1849,0x31CE,0x212A,0x0003,0x0003,0x0003,
  0x0003,0x0003,0x0004,0x0004,0x10A9,0x21AF,0x00EE,0x016E,0x00CC,0x00AB,0x190E,0x08AA,
  0x00CB,0x0003,0x0002,0x0023,0x0066,0x0001,0x0001,0x0001,0x0000,0x0001,0x1804,0x0001,
  0x0001,0x0001,0x0001,0x0001,0x0001,0x0001,0x0001,0x0001,0x0001,0x0001,0x0001,0x0001,
  0x0001,0x0001,0x0001,0x0001,0x0001,0x0001,0x0001,0x0066,0x1068,0x2866,0x0804,0x0002,
  0x0000,0x0000,0x0000,0x0000,0x0000,0x0000,0x0000,0x0000,0x0000,0x0000,0x0000,0x0000,
  0x0000,0x0000,0x0000,0x0000,0x0000,0x0000,0x0000,0x0000,0x0000,0x0000,0x0000,0x0000,
  0x0000,0x0000,0x0000,0x0000,0x0000,0x0000,0x0000,0x0000,0x0000,0x0000,0x0000,0x0000,
  0x0000,0x0000,0x0000,0x0000,0x0000,0x0000,0x0000,0x0000,0x0000,0x0000,0x0000,0x0000,
  0x0000,0x0000,0x1803,0x3005,0x1803,0x2804,0x3004,0x81AD,0x88CC,0x4046,0x1024,0x2025,
  0x2803,0x2804,0x1803,0x0802,0x1803,0x0801,0x0001,0x0801,0x0001,0x0001,0x0001,0x0001,
  0x0001,0x0001,0x0001,0x0001,0x0001,0x0001,0x0001,0x0001,0x1803,0x3026,0x0802,0x1003,
  0x0803,0x0803,0x0803,0x1003,0x1004,0x1026,0x59EE,0x48A8,0x1804,0x1004,0x1003,0x0803,
  0x0802,0x0803,0x1804,0x0803,0x0802,0x0802,0x0802,0x0802,0x0802,0x0802,0x1804,0x0802,
  0x0802,0x0802,0x0802,0x0802,0x0802,0x0802,0x30E8,0x414B,0x3109,0x0001,0x0802,0x0002,
  0x0802,0x0002,0x0002,0x0002,0x0002,0x0002,0x0001,0x0844,0x18A7,0x0001,0x0002,0x0002,
  0x0002,0x0001,0x0001,0x0001,0x0001,0x0002,0x0002,0x0002,0x0002,0x0002,0x0002,0x0002,
  0x0803,0x1025,0x0003,0x0803,0x0803,0x0803,0x0804,0x0004,0x08A9,0x0026,0x0025,0x0004,
  0x1025,0x2026,0x3048,0x1047,0x0026,0x0828,0x18CC,0x3A0E,0x0049,0x0046,0x0025,0x0045,
  0x0025,0x0024,0x0024,0x0045,0x0046,0x0088,0x0065,0x0002,0x0002,0x0002,0x0002,0x0002,
  0x0002,0x5889,0x78ED,0x586A,0x1807,0x2829,0x1028,0x192C,0x20E8,0x0003,0x0003,0x0003,
  0x0003,0x0804,0x0024,0x0005,0x10A9,0x112E,0x010E,0x020F,0x012D,0x00CC,0x08CC,0x10AB,
  0x00CB,0x0045,0x0001,0x0003,0x0002,0x0001,0x0001,0x0001,0x3026,0x5029,0x2004,0x0001,
  0x0001,0x0001,0x0001,0x0001,0x0001,0x0001,0x0001,0x0001,0x0802,0x0802,0x0001,0x0001,
  0x0001,0x0001,0x0001,0x0001,0x0001,0x0001,0x0066,0x1047,0x1003,0x0804,0x2045,0x0802,
  0x0000,0x0000,0x0000,0x0000,0x0000,0x0000,0x0000,0x0000,0x0000,0x0000,0x0000,0x0000,
  0x0000,0x0000,0x0000,0x0000,0x0000,0x0000,0x0000,0x0000,0x0000,0x0000,0x0000,0x0000,
  0x0000,0x0000,0x0000,0x0000,0x0000,0x0000,0x0000,0x0000,0x0000,0x0000,0x0000,0x0000,
  0x0000,0x0000,0x0000,0x0000,0x0000,0x0000,0x0000,0x0000,0x0000,0x0000,0x0000,0x0000,
  0x0000,0x0000,0x2004,0x2003,0x3004,0x2804,0x4066,0x896D,0x7008,0x690A,0x0803,0x2825,
  0x2003,0x2003,0x1002,0x0802,0x1002,0x0001,0x0001,0x0001,0x0001,0x0001,0x0802,0x0802,
  0x0001,0x0001,0x0001,0x0001,0x0001,0x0001,0x0001,0x0001,0x0001,0x2826,0x0803,0x0803,
  0x0803,0x0803,0x0803,0x1003,0x0804,0x2087,0x722E,0x4067,0x1804,0x1804,0x1003,0x1003,
  0x1003,0x1003,0x1825,0x1003,0x1003,0x0803,0x0803,0x0802,0x0802,0x0803,0x2005,0x0802,
  0x0802,0x0802,0x0802,0x0802,0x0802,0x1003,0x1023,0x0802,0x1866,0x1886,0x0001,0x0002,
  0x0002,0x0002,0x0002,0x0002,0x0002,0x0002,0x0001,0x1865,0x1044,0x0001,0x0002,0x0002,
  0x0001,0x0001,0x0001,0x0002,0x0002,0x0002,0x0002,0x0002,0x0002,0x0002,0x0002,0x0802,
  0x0002,0x2066,0x0803,0x0803,0x0803,0x0803,0x0804,0x0846,0x0868,0x0004,0x1026,0x3048,
  0x2047,0x1027,0x0026,0x0026,0x0827,0x1069,0x316D,0x39EE,0x0049,0x0067,0x0047,0x0045,
  0x0045,0x0045,0x0024,0x0025,0x0005,0x0886,0x0023,0x0002,0x0002,0x0002,0x0044,0x0002,
  0x0001,0x4888,0x5089,0x2826,0x1848,0x0027,0x0868,0x196C,0x18C8,0x0824,0x0803,0x0003,
  0x0003,0x0824,0x0004,0x1088,0x112C,0x014F,0x012F,0x0291,0x1AD0,0x016F,0x088B,0x108B,
  0x08CC,0x0047,0x1004,0x1825,0x0002,0x0002,0x0802,0x0802,0x3806,0x3826,0x0001,0x0001,
  0x0001,0x0001,0x0802,0x0001,0x0000,0x0802,0x0801,0x0001,0x0002,0x0802,0x0001,0x0001,
  0x0001,0x0001,0x0001,0x0001,0x0001,0x1865,0x0845,0x1804,0x0803,0x1023,0x0802,0x0001,
  0x0000,0x0000,0x0000,0x0000,0x0000,0x0000,0x0000,0x0000,0x0000,0x0000,0x0000,0x0000,
  0x0000,0x0000,0x0000,0x0000,0x0000,0x0000,0x0000,0x0000,0x0000,0x0000,0x0000,0x0000,
  0x0000,0x0000,0x0000,0x0000,0x0000,0x0000,0x0000,0x0000,0x0000,0x0000,0x0000,0x0000,
  0x0000,0x0000,0x0000,0x0000,0x0000,0x0000,0x0000,0x0000,0x0000,0x0000,0x0000,0x0000,
  0x0000,0x0000,0x3005,0x2003,0x3004,0x2003,0x58E8,0x894C,0x7028,0x810C,0x1824,0x2005,
  0x2004,0x1803,0x0802,0x0801,0x0801,0x0001,0x0001,0x0001,0x0001,0x0001,0x0001,0x0001,
  0x0001,0x0001,0x0001,0x0001,0x0001,0x0001,0x0001,0x0001,0x0001,0x1023,0x1845,0x0802,
  0x1003,0x0803,0x1003,0x1004,0x1025,0x30C8,0x50EA,0x69CC,0x3005,0x1804,0x1804,0x1804,
  0x1003,0x1003,0x2025,0x1825,0x1003,0x1003,0x1003,0x1003,0x0803,0x1003,0x2005,0x1002,
  0x1803,0x0802,0x0802,0x0802,0x0802,0x0802,0x0802,0x0802,0x0001,0x1885,0x1886,0x0002,
  0x0002,0x0002,0x0002,0x0002,0x0002,0x0002,0x0803,0x1024,0x0802,0x0002,0x0002,0x0002,
  0x0002,0x0001,0x0802,0x1003,0x0002,0x0002,0x0002,0x0002,0x0002,0x0002,0x0802,0x0802,
  0x0002,0x1024,0x2046,0x0803,0x0804,0x0804,0x0804,0x1067,0x0847,0x0805,0x2047,0x1847,
  0x0027,0x0827,0x0827,0x0827,0x0848,0x1049,0x49CE,0x31CF,0x08EC,0x0068,0x0067,0x0047,
  0x0025,0x0005,0x0046,0x0088,0x318B,0x71AD,0x30A7,0x0002,0x0001,0x0067,0x0066,0x0001,
  0x0001,0x1824,0x4048,0x3048,0x18A9,0x0047,0x0868,0x096C,0x290A,0x1886,0x0003,0x0803,
  0x0804,0x0004,0x10C7,0x110B,0x00CD,0x01F1,0x0AB1,0x4BD1,0x6431,0x0A30,0x00AC,0x106A,
  0x00AC,0x0089,0x2025,0x0803,0x0002,0x0802,0x1023,0x0001,0x0001,0x0001,0x0001,0x0001,
  0x0001,0x0001,0x0001,0x0003,0x08E9,0x1045,0x0803,0x0803,0x0002,0x0802,0x0001,0x0001,
  0x0001,0x0001,0x0001,0x0000,0x3087,0x2867,0x0803,0x1824,0x0802,0x0000,0x0000,0x0001,
  0x0000,0x0000,0x0000,0x0000,0x0000,0x0000,0x0000,0x0000,0x0000,0x0000,0x0000,0x0000,
  0x0000,0x0000,0x0000,0x0000,0x0000,0x0000,0x0000,0x0000,0x0000,0x0000,0x0000,0x0000,
  0x0000,0x0000,0x0000,0x0000,0x0000,0x0000,0x0000,0x0000,0x0000,0x0000,0x0000,0x0000,
  0x0000,0x0000,0x0000,0x0000,0x0000,0x0000,0x0000,0x0000,0x0000,0x0000,0x0000,0x0000,
  0x0000,0x0802,0x3005,0x2003,0x2804,0x2803,0x716A,0x80CB,0x808A,0x688A,0x3045,0x1004,
  0x2825,0x1002,0x0802,0x0801,0x0801,0x0001,0x0001,0x0001,0x0001,0x0001,0x0001,0x0001,
  0x0001,0x0001,0x0001,0x0001,0x0001,0x0001,0x0001,0x0001,0x0001,0x0001,0x2025,0x2005,
  0x1004,0x1004,0x1805,0x1004,0x28C7,0x2046,0x38E9,0x616C,0x5028,0x3006,0x2825,0x1804,
  0x1804,0x1804,0x2846,0x2846,0x1804,0x1804,0x1004,0x1003,0x0803,0x3066,0x3846,0x2003,
  0x1803,0x0802,0x0802,0x0802,0x0802,0x0802,0x0802,0x0802,0x0802,0x0001,0x1044,0x1886,
  0x0823,0x0802,0x0802,0x0802,0x0002,0x0002,0x0803,0x0002,0x0002,0x0002,0x0002,0x0002,
  0x0002,0x0002,0x0002,0x0002,0x0002,0x0002,0x0002,0x0002,0x0002,0x0002,0x0802,0x0803,
  0x0803,0x0803,0x2066,0x2047,0x0804,0x1025,0x1025,0x1068,0x0827,0x1048,0x3089,0x1048,
  0x0828,0x0827,0x0828,0x0828,0x1049,0x0829,0x41EE,0x218E,0x194D,0x110B,0x0048,0x0088,
  0x090A,0x114C,0x11AE,0x5270,0x71ED,0x6029,0x3847,0x0002,0x0002,0x0046,0x0002,0x0001,
  0x0002,0x0002,0x1824,0x2827,0x212B,0x08A9,0x10C9,0x094C,0x28E9,0x1866,0x0003,0x0804,
  0x0004,0x1046,0x192C,0x090C,0x1210,0x22F1,0x2B10,0x3B51,0x4BD1,0x22D0,0x00CD,0x186B,
  0x008B,0x08AB,0x0003,0x0002,0x0002,0x0802,0x0001,0x0001,0x0001,0x0001,0x0001,0x0002,
  0x0001,0x0001,0x0003,0x0067,0x08E9,0x0003,0x0003,0x2026,0x1003,0x0001,0x0001,0x0001,
  0x0001,0x0001,0x0001,0x0803,0x2846,0x1004,0x0803,0x0001,0x0001,0x0001,0x0001,0x0001,
  0x0000,0x0000,0x0000,0x0000,0x0000,0x0000,0x0000,0x0000,0x0000,0x0000,0x0000,0x0000,
  0x0000,0x0000,0x0000,0x0000,0x0000,0x0000,0x0000,0x0000,0x0000,0x0000,0x0000,0x0000,
  0x0000,0x0000,0x0000,0x0000,0x0000,0x0000,0x0000,0x0000,0x0000,0x0000,0x0000,0x0000,
  0x0000,0x0000,0x0000,0x0000,0x0000,0x0000,0x0000,0x0000,0x0000,0x0000,0x0000,0x0000,
  0x0000,0x1803,0x3805,0x2004,0x2004,0x3004,0x81CC,0x7869,0x88AB,0x5827,0x3025,0x2825,
  0x2846,0x1803,0x0801,0x0801,0x0801,0x0001,0x0001,0x0001,0x0001,0x0001,0x0001,0x0001,
  0x0802,0x0001,0x0001,0x0001,0x0802,0x0802,0x0001,0x0001,0x0001,0x0001,0x0803,0x4028,
  0x2005,0x2025,0x3027,0x20A7,0x20A7,0x1004,0x2087,0x618C,0x4007,0x3826,0x3006,0x2806,
  0x2805,0x2005,0x2005,0x3006,0x2005,0x2004,0x2005,0x1803,0x2005,0x3887,0x1003,0x1803,
  0x1003,0x1003,0x0802,0x0802,0x0802,0x0802,0x0802,0x0802,0x0802,0x0802,0x0002,0x0823,
  0x2887,0x3087,0x0002,0x0002,0x0803,0x1024,0x0002,0x0002,0x0002,0x0002,0x0002,0x0002,
  0x0002,0x0002,0x0002,0x0002,0x0002,0x0002,0x0002,0x0002,0x0802,0x0802,0x0803,0x0803,
  0x0803,0x0804,0x0003,0x2867,0x2048,0x1006,0x1829,0x1009,0x0809,0x180A,0x182A,0x102B,
  0x102A,0x1049,0x1049,0x104A,0x104A,0x10AD,0x5AF0,0x092E,0x08ED,0x4A2F,0x210D,0x196D,
  0x19AD,0x112B,0x0027,0x48EA,0x608A,0x4008,0x1003,0x0002,0x0803,0x0803,0x0001,0x0001,
  0x0002,0x0002,0x0001,0x0002,0x30C9,0x0888,0x10EA,0x098D,0x20A7,0x1866,0x0004,0x0004,
  0x1025,0x30CB,0x08CB,0x19CE,0x220E,0x090C,0x00AC,0x012E,0x1230,0x4BB1,0x094E,0x288D,
  0x088B,0x08CC,0x0804,0x0001,0x0002,0x0002,0x0824,0x1065,0x0001,0x0001,0x0001,0x0002,
  0x0002,0x0908,0x00EA,0x08E9,0x0003,0x0003,0x0003,0x0824,0x3046,0x0001,0x0001,0x0001,
  0x0001,0x0001,0x0002,0x0001,0x0000,0x0000,0x0001,0x0001,0x0001,0x0001,0x0001,0x0001,
  0x0000,0x0000,0x0000,0x0000,0x0000,0x0000,0x0000,0x0000,0x0000,0x0000,0x0000,0x0000,
  0x0000,0x0000,0x0000,0x0000,0x0000,0x0000,0x0000,0x0000,0x0000,0x0000,0x0000,0x0000,
  0x0000,0x0000,0x0000,0x0000,0x0000,0x0000,0x0000,0x0000,0x0000,0x0000,0x0000,0x0000,
  0x0000,0x0000,0x0801,0x0000,0x0000,0x0000,0x0000,0x0000,0x0000,0x0000,0x0000,0x0001,
  0x0000,0x2804,0x3005,0x2003,0x2003,0x4866,0x81AC,0x7849,0x88AC,0x4806,0x2804,0x3025,
  0x1865,0x3086,0x0801,0x0802,0x0802,0x0802,0x0001,0x0001,0x0001,0x0001,0x0001,0x0802,
  0x0001,0x0001,0x0001,0x0802,0x0001,0x1824,0x1824,0x0001,0x0801,0x0801,0x0001,0x3047,
  0x4048,0x2806,0x2046,0x2929,0x0803,0x2805,0x40CA,0x728E,0x60CA,0x3826,0x4848,0x3006,
  0x3006,0x4088,0x510A,0x618C,0x596B,0x518A,0x594A,0x40C8,0x4067,0x1804,0x2004,0x2805,
  0x1804,0x1804,0x1804,0x0802,0x0803,0x0802,0x0802,0x0802,0x0802,0x0802,0x0802,0x0802,
  0x0002,0x2866,0x30A9,0x1044,0x28A7,0x1024,0x0002,0x0002,0x0002,0x0002,0x0002,0x0802,
  0x0002,0x0002,0x0002,0x0002,0x0002,0x0802,0x0802,0x0802,0x0802,0x0802,0x0803,0x0803,
  0x1004,0x1004,0x1005,0x1006,0x38AB,0x206B,0x394D,0x49CE,0x522F,0x5250,0x41CF,0x398E,
  0x290E,0x186D,0x102C,0x188C,0x106C,0x298F,0x6391,0x19CF,0x196D,0x10CB,0x0869,0x1088,
  0x0005,0x0004,0x0003,0x2846,0x2005,0x1024,0x0002,0x0002,0x0002,0x0002,0x0002,0x0001,
  0x0001,0x0001,0x0002,0x0001,0x2046,0x2069,0x090B,0x014C,0x2087,0x20A8,0x0003,0x0025,
  0x208A,0x190C,0x014C,0x00EB,0x0048,0x0069,0x00CA,0x00AA,0x00ED,0x09CF,0x096E,0x186C,
  0x086A,0x18ED,0x0825,0x0002,0x0803,0x0001,0x1087,0x1886,0x0001,0x0002,0x0001,0x0022,
  0x19EB,0x22D0,0x010A,0x0023,0x0003,0x0004,0x0025,0x0045,0x2067,0x1824,0x0001,0x0002,
  0x0802,0x0001,0x0001,0x0001,0x0001,0x0001,0x0001,0x0001,0x0001,0x0001,0x0001,0x0001,
  0x0000,0x0000,0x0000,0x0000,0x0000,0x0000,0x0000,0x0000,0x0000,0x0000,0x0000,0x0000,
  0x0000,0x0000,0x0000,0x0000,0x0000,0x0000,0x0000,0x0000,0x0000,0x0000,0x0000,0x0000,
  0x0000,0x0000,0x0000,0x0000,0x0000,0x0000,0x0000,0x0000,0x0000,0x0000,0x0000,0x0000,
  0x0000,0x0000,0x3005,0x1803,0x0000,0x0000,0x0000,0x0000,0x0000,0x0000,0x0000,0x0001,
  0x0001,0x2804,0x1803,0x2003,0x2803,0x6109,0x814C,0x7849,0x806B,0x3805,0x3004,0x3025,
  0x1824,0x2865,0x1003,0x0802,0x0802,0x0802,0x0001,0x0001,0x0801,0x0001,0x0001,0x0801,
  0x0001,0x0001,0x0001,0x0802,0x0001,0x0802,0x1003,0x0001,0x0802,0x0802,0x0802,0x1024,
  0x38AA,0x4089,0x3149,0x1065,0x1003,0x2005,0x4069,0x724E,0x796D,0x5808,0x6049,0x590A,
  0x69AC,0x720D,0x71ED,0x592B,0x594B,0x512A,0x514A,0x59AB,0x69EC,0x598A,0x48E8,0x3806,
  0x2004,0x2004,0x2825,0x1803,0x0802,0x0803,0x0802,0x0802,0x0802,0x0802,0x0802,0x0803,
  0x0803,0x1024,0x40CC,0x59CC,0x514A,0x0002,0x0803,0x0802,0x0002,0x0002,0x0802,0x0802,
  0x0002,0x0002,0x0002,0x0002,0x0002,0x0802,0x0802,0x0802,0x0803,0x0803,0x1004,0x1805,
  0x1805,0x1805,0x2047,0x3909,0x620D,0x5A4F,0x5A4F,0x49EF,0x4210,0x41F0,0x4A10,0x5A70,
  0x5A70,0x5250,0x398E,0x30CE,0x310F,0x6351,0x7390,0x18CD,0x104A,0x0028,0x0025,0x0826,
  0x0845,0x0845,0x0003,0x2046,0x2025,0x0001,0x0002,0x1847,0x0002,0x0002,0x0002,0x0002,
  0x0001,0x0001,0x0001,0x0001,0x0002,0x2868,0x194C,0x0087,0x1046,0x2087,0x0026,0x10CA,
  0x194B,0x11CC,0x094B,0x0047,0x0067,0x0089,0x00A9,0x0088,0x00CA,0x00AB,0x10EC,0x18ED,
  0x0049,0x10ED,0x0827,0x0803,0x0802,0x0002,0x0002,0x0001,0x0002,0x0002,0x0001,0x00A6,
  0x09CD,0x00A8,0x0003,0x0003,0x0024,0x0025,0x0025,0x0867,0x0026,0x2067,0x0001,0x0002,
  0x0001,0x0001,0x0001,0x0001,0x0001,0x0001,0x0001,0x0001,0x0001,0x0001,0x0001,0x0001,
  0x0000,0x0000,0x0000,0x0000,0x0000,0x0000,0x0000,0x0000,0x0000,0x0000,0x0000,0x0000,
  0x0000,0x0000,0x0000,0x0000,0x0000,0x0000,0x0000,0x0000,0x0000,0x0000,0x0000,0x0000,
  0x0000,0x0000,0x0000,0x0000,0x0000,0x0000,0x0000,0x0000,0x0000,0x0000,0x0000,0x0000,
  0x0000,0x0000,0x0801,0x2804,0x1003,0x0001,0x0000,0x0000,0x0000,0x0000,0x0000,0x0000,
  0x0801,0x2804,0x1003,0x2804,0x3004,0x718B,0x80EB,0x808A,0x7829,0x3805,0x3805,0x2003,
  0x3847,0x2868,0x2846,0x1003,0x0802,0x0802,0x0001,0x0001,0x0802,0x0001,0x0001,0x0001,
  0x0001,0x0001,0x0001,0x0001,0x0001,0x0001,0x0802,0x0802,0x0802,0x0001,0x0802,0x0001,
  0x08A7,0x296C,0x3169,0x0803,0x1804,0x2005,0x3006,0x69CD,0x8B50,0x81AE,0x8A8F,0x81CD,
  0x798C,0x68AA,0x586A,0x5049,0x5049,0x4808,0x3006,0x3806,0x3867,0x3887,0x516A,0x61EB,
  0x594A,0x3826,0x3006,0x3006,0x2005,0x1003,0x0802,0x0802,0x0802,0x0802,0x0802,0x0803,
  0x0803,0x0803,0x30AA,0x30C8,0x2845,0x1825,0x0002,0x0802,0x0002,0x0002,0x0002,0x0002,
  0x0002,0x0002,0x0002,0x0002,0x0802,0x0802,0x0802,0x0803,0x0803,0x1804,0x2826,0x1805,
  0x2826,0x414A,0x59EC,0x498C,0x38CB,0x308C,0x200C,0x200D,0x308E,0x38CF,0x416F,0x49D0,
  0x5211,0x7311,0x7B71,0x6AD0,0x7BB1,0x7330,0x5A4F,0x184C,0x0869,0x0026,0x0025,0x0865,
  0x0004,0x0824,0x0003,0x48E9,0x1044,0x0002,0x2046,0x3048,0x1024,0x0001,0x0002,0x0001,
  0x0001,0x0001,0x0001,0x0002,0x0002,0x0002,0x18E9,0x0023,0x0002,0x08A8,0x21EE,0x114B,
  0x08E9,0x00A9,0x0046,0x0046,0x0047,0x0068,0x0068,0x0068,0x0088,0x0068,0x10AA,0x294F,
  0x006A,0x18ED,0x088A,0x0001,0x0025,0x0004,0x0001,0x0001,0x0001,0x0002,0x0001,0x08C7,
  0x08E9,0x0002,0x0023,0x0003,0x0025,0x0888,0x0867,0x0046,0x0047,0x0825,0x0001,0x0001,
  0x0001,0x0001,0x0001,0x0000,0x0001,0x0001,0x0001,0x0001,0x0001,0x0802,0x1003,0x0000,
  0x0000,0x0000,0x0000,0x0000,0x0000,0x0000,0x0000,0x0000,0x0000,0x0000,0x0000,0x0000,
  0x0000,0x0000,0x0000,0x0000,0x0000,0x0000,0x0000,0x0000,0x0000,0x0000,0x0000,0x0000,
  0x0000,0x0000,0x0000,0x0000,0x0000,0x0000,0x0000,0x0000,0x0000,0x0000,0x0000,0x0000,
  0x0000,0x0000,0x0000,0x0001,0x2004,0x3826,0x0802,0x0000,0x0000,0x0000,0x0000,0x0000,
  0x0801,0x2003,0x1803,0x2004,0x3004,0x714A,0x810B,0x80AB,0x7008,0x4005,0x3004,0x2003,
  0x3025,0x2889,0x2048,0x2025,0x0802,0x0802,0x0001,0x0001,0x0801,0x0001,0x0001,0x0001,
  0x0001,0x0001,0x0001,0x0001,0x0001,0x0001,0x0001,0x0002,0x1023,0x0803,0x0002,0x0802,
  0x0023,0x28E8,0x1845,0x0803,0x1804,0x2806,0x3808,0x696C,0x8B70,0x8B50,0x8B30,0x8B0F,
  0x8B70,0x8B30,0x8B30,0x8AD0,0x8B30,0x82EF,0x69CD,0x698C,0x50A9,0x3005,0x3005,0x3826,
  0x5149,0x620B,0x5109,0x3005,0x3005,0x2805,0x2025,0x1003,0x0802,0x0802,0x0802,0x0802,
  0x0802,0x0002,0x20C7,0x0823,0x0002,0x1824,0x0803,0x0002,0x0002,0x0002,0x0002,0x0002,
  0x0802,0x0802,0x0802,0x0802,0x0802,0x0802,0x0803,0x1003,0x1824,0x3026,0x2005,0x4109,
  0x59EC,0x494B,0x388B,0x200A,0x280B,0x412D,0x494D,0x6A6F,0x7B50,0x83D0,0x8C11,0x83B0,
  0x8390,0x7B70,0x7B50,0x83F1,0x8C51,0x7310,0x5A0F,0x206B,0x0848,0x0026,0x0025,0x0004,
  0x0003,0x0003,0x0003,0x38A7,0x2005,0x2005,0x2027,0x0805,0x1889,0x0845,0x0001,0x0002,
  0x0001,0x0001,0x0001,0x0002,0x0002,0x0002,0x0003,0x0003,0x10C8,0x08CB,0x090A,0x0067,
  0x0089,0x0046,0x0045,0x0046,0x0026,0x0068,0x0067,0x0067,0x0067,0x0068,0x0869,0x290E,
  0x190D,0x18ED,0x10AB,0x0001,0x08A9,0x0846,0x0002,0x0001,0x0002,0x0001,0x0001,0x0002,
  0x1087,0x0825,0x0003,0x0845,0x0867,0x0067,0x0047,0x08A9,0x0025,0x0804,0x0001,0x0001,
  0x0001,0x0001,0x0001,0x0001,0x0001,0x0001,0x0001,0x0001,0x0001,0x0001,0x0001,0x0001,
  0x0000,0x0000,0x0000,0x0000,0x0000,0x0000,0x0000,0x0000,0x0000,0x0000,0x0000,0x0000,
  0x0000,0x0000,0x0000,0x0000,0x0000,0x0000,0x0000,0x0000,0x0000,0x0000,0x0000,0x0000,
  0x0000,0x0000,0x0000,0x0000,0x0000,0x0000,0x0000,0x0000,0x0000,0x0000,0x0000,0x0000,
  0x0000,0x0000,0x0000,0x0000,0x0801,0x1804,0x1803,0x2824,0x0000,0x0001,0x0001,0x0000,
  0x0801,0x2804,0x1803,0x2003,0x3004,0x68E9,0x892C,0x808A,0x7008,0x3804,0x2804,0x2804,
  0x1803,0x30A8,0x18C9,0x2025,0x0802,0x0802,0x0801,0x0802,0x0802,0x0802,0x0001,0x0001,
  0x0001,0x0001,0x0001,0x0001,0x0001,0x0001,0x0001,0x0001,0x0001,0x0802,0x0802,0x0002,
  0x0001,0x1804,0x1804,0x1003,0x1004,0x2005,0x614C,0x714C,0x8BF0,0x8B50,0x812C,0x70AB,
  0x6029,0x5848,0x6089,0x60CA,0x694B,0x7A8E,0x8310,0x8AAF,0x828F,0x7A0D,0x68CB,0x5808,
  0x4006,0x3826,0x596A,0x598A,0x3046,0x2805,0x3026,0x1804,0x0803,0x0803,0x0802,0x0803,
  0x0802,0x1044,0x1864,0x0002,0x0802,0x1003,0x1803,0x0002,0x0802,0x0002,0x0002,0x0002,
  0x0802,0x0802,0x0802,0x0802,0x0802,0x0802,0x0803,0x1824,0x1804,0x2845,0x51AB,0x496B,
  0x3029,0x2008,0x304B,0x490D,0x6A4F,0x83B0,0x8BD0,0x83B0,0x72EF,0x59CE,0x512E,0x40ED,
  0x284B,0x40CD,0x40ED,0x61AF,0x7290,0x8C71,0x726F,0x282B,0x1049,0x1046,0x0025,0x0004,
  0x0003,0x0003,0x0844,0x1045,0x3088,0x0004,0x0025,0x0025,0x0046,0x00AA,0x0024,0x0001,
  0x0001,0x0002,0x0002,0x0002,0x0002,0x0002,0x0824,0x190B,0x08AA,0x0067,0x0068,0x10A9,
  0x0046,0x0025,0x0025,0x0025,0x0024,0x0068,0x0069,0x0067,0x0047,0x0068,0x0069,0x08AB,
  0x116F,0x296E,0x18ED,0x1047,0x0825,0x1844,0x0002,0x0001,0x0001,0x0001,0x0001,0x20A6,
  0x28EA,0x18AA,0x18C9,0x1068,0x0889,0x0047,0x0867,0x18E9,0x0805,0x0804,0x0001,0x0001,
  0x0001,0x0001,0x0002,0x0001,0x0001,0x0001,0x0001,0x0001,0x0001,0x0001,0x0001,0x0001,
  0x0000,0x0000,0x0000,0x0000,0x0000,0x0000,0x0000,0x0000,0x0000,0x0000,0x0000,0x0000,
  0x0000,0x0000,0x0000,0x0000,0x0000,0x0000,0x0000,0x0000,0x0000,0x0000,0x0000,0x0000,
  0x0000,0x0000,0x0000,0x0000,0x0000,0x0000,0x0000,0x0000,0x0000,0x0000,0x0000,0x0000,
  0x0000,0x0000,0x0000,0x0000,0x0000,0x0001,0x2024,0x4026,0x0001,0x0000,0x0001,0x0000,
  0x1002,0x2804,0x1803,0x2804,0x3004,0x690A,0x812C,0x806A,0x6007,0x3004,0x3004,0x2804,
  0x2804,0x3005,0x210A,0x1867,0x1002,0x0001,0x0802,0x0802,0x0802,0x1002,0x1803,0x0001,
  0x0802,0x0802,0x0001,0x0001,0x0001,0x0001,0x0001,0x0001,0x0001,0x0001,0x0803,0x1003,
  0x0802,0x1003,0x2004,0x1804,0x3026,0x3046,0x48A8,0x5008,0x79ED,0x8B10,0x702A,0x6008,
  0x4807,0x3806,0x3806,0x3005,0x3005,0x3806,0x58A9,0x716C,0x79AD,0x8B30,0x8BD1,0x8AAF,
  0x796D,0x5809,0x4007,0x4888,0x596B,0x48A8,0x2805,0x2004,0x1003,0x1003,0x0803,0x0803,
  0x0803,0x28E7,0x0802,0x0802,0x0802,0x0002,0x0803,0x0802,0x0002,0x0002,0x0802,0x0802,
  0x0802,0x0802,0x0802,0x0802,0x0802,0x1003,0x1003,0x1003,0x30A6,0x59CB,0x3088,0x1807,
  0x3049,0x496C,0x728F,0x8370,0x8C31,0x7B10,0x61AE,0x408C,0x302B,0x280A,0x2009,0x284A,
  0x2029,0x306B,0x304B,0x48AD,0x7A50,0x72D0,0x388C,0x286B,0x308A,0x2068,0x0825,0x0004,
  0x0003,0x0024,0x1045,0x0023,0x1929,0x0025,0x0045,0x0066,0x0004,0x00A9,0x0866,0x0001,
  0x0001,0x0002,0x0002,0x0002,0x0001,0x0023,0x18EA,0x0069,0x0888,0x1069,0x20CA,0x0866,
  0x0025,0x0025,0x0025,0x0025,0x0025,0x0048,0x0069,0x0068,0x0047,0x0048,0x0047,0x0089,
  0x098F,0x39CE,0x312D,0x0003,0x0001,0x0002,0x0001,0x0001,0x0001,0x0001,0x1023,0x3887,
  0x1003,0x1045,0x0825,0x1047,0x0847,0x0026,0x0006,0x2028,0x2047,0x0002,0x0001,0x0001,
  0x0001,0x0001,0x0001,0x0001,0x0001,0x0001,0x0001,0x0001,0x0001,0x0001,0x0001,0x0001,
  0x0000,0x0000,0x0000,0x0000,0x0000,0x0000,0x0000,0x0000,0x0000,0x0000,0x0000,0x0000,
  0x0000,0x0000,0x0000,0x0000,0x0000,0x0000,0x0000,0x0000,0x0000,0x0000,0x0000,0x0000,
  0x0000,0x0000,0x0000,0x0000,0x0000,0x0000,0x0000,0x0000,0x0000,0x0000,0x0000,0x0000,
  0x0000,0x0000,0x0000,0x0000,0x0000,0x0000,0x1022,0x3846,0x1823,0x0000,0x0001,0x0000,
  0x2003,0x3005,0x1803,0x2804,0x3004,0x690A,0x810B,0x802A,0x6007,0x3805,0x4805,0x5807,
  0x4005,0x1803,0x0823,0x10E9,0x1805,0x0802,0x0802,0x0802,0x0802,0x0802,0x2004,0x0001,
  0x1003,0x1003,0x0001,0x0001,0x0001,0x0001,0x0001,0x0001,0x0001,0x0001,0x0002,0x0802,
  0x0802,0x3066,0x3026,0x2825,0x2825,0x1804,0x2005,0x4808,0x79AD,0x8A0E,0x786A,0x5808,
  0x4007,0x3005,0x2805,0x2805,0x2805,0x3005,0x5068,0x4048,0x3807,0x690B,0x8330,0x8B91,
  0x8AF0,0x8B30,0x798D,0x4808,0x3806,0x50EA,0x48E9,0x3006,0x2805,0x1804,0x1003,0x0802,
  0x20A6,0x1865,0x0002,0x0802,0x0802,0x0802,0x0002,0x0002,0x0002,0x0802,0x0802,0x0802,
  0x0802,0x0802,0x0802,0x0803,0x0803,0x1003,0x1003,0x38E7,0x4129,0x2006,0x2807,0x496B,
  0x72AE,0x8B91,0x8AF0,0x7AAF,0x516C,0x2809,0x388A,0x304A,0x2008,0x1827,0x1827,0x2027,
  0x2028,0x2028,0x306A,0x596E,0x69EF,0x518D,0x288B,0x2049,0x2069,0x1827,0x1047,0x0825,
  0x0003,0x1025,0x0003,0x0002,0x10A6,0x10E8,0x0005,0x0025,0x0025,0x0846,0x10A8,0x1886,
  0x0001,0x0002,0x0002,0x0001,0x0023,0x18C9,0x1069,0x20C9,0x416C,0x390C,0x0027,0x0025,
  0x0025,0x0025,0x0024,0x0025,0x0026,0x0869,0x0869,0x0869,0x0047,0x0047,0x0047,0x0048,
  0x094F,0x296F,0x30CB,0x0003,0x0001,0x0002,0x0001,0x0001,0x0001,0x0002,0x2865,0x2805,
  0x2024,0x1002,0x1025,0x1048,0x0005,0x0827,0x2889,0x2849,0x1006,0x0001,0x0001,0x0001,
  0x0001,0x0001,0x0001,0x0001,0x0001,0x0001,0x0001,0x0000,0x0001,0x0001,0x0001,0x0001,
  0x0000,0x0000,0x0000,0x0000,0x0000,0x0000,0x0000,0x0000,0x0000,0x0000,0x0000,0x0000,
  0x0000,0x0000,0x0000,0x0000,0x0000,0x0000,0x0000,0x0000,0x0000,0x0000,0x0000,0x0000,
  0x0000,0x0000,0x0000,0x0000,0x0000,0x0000,0x0000,0x0000,0x0000,0x0000,0x0000,0x0000,
  0x0000,0x0000,0x0000,0x0000,0x0000,0x0000,0x0000,0x0001,0x1002,0x0000,0x0001,0x0000,
  0x2003,0x3005,0x1003,0x2804,0x2003,0x690A,0x80EB,0x7809,0x5807,0x4806,0x4806,0x7829,
  0x2804,0x0803,0x0802,0x0085,0x0888,0x1804,0x1003,0x1804,0x1003,0x0001,0x0802,0x0001,
  0x0001,0x0802,0x1002,0x0802,0x0802,0x0001,0x0001,0x0001,0x0001,0x0001,0x0001,0x0001,
  0x0802,0x2025,0x2025,0x3867,0x1804,0x3047,0x4007,0x68EA,0x820D,0x808B,0x786A,0x5027,
  0x3806,0x3005,0x2805,0x2005,0x2005,0x2805,0x4067,0x2825,0x2805,0x3806,0x5849,0x81EE,
  0x8B91,0x8BF1,0x8B30,0x82AF,0x58EA,0x3806,0x48A9,0x40C8,0x2005,0x2005,0x1003,0x1804,
  0x2886,0x0802,0x0802,0x0802,0x0802,0x0002,0x0002,0x0802,0x0802,0x0802,0x0802,0x0802,
  0x0802,0x0803,0x1003,0x1003,0x1803,0x1003,0x4108,0x40E8,0x2006,0x48EA,0x72AF,0x8BB1,
  0x8B71,0x8B91,0x61ED,0x3049,0x2007,0x1826,0x2847,0x2848,0x1006,0x1806,0x1006,0x1826,
  0x2007,0x2008,0x388A,0x48EC,0x306B,0x412C,0x516C,0x2829,0x1827,0x0805,0x1025,0x0824,
  0x1005,0x2005,0x0002,0x0002,0x0844,0x194A,0x0005,0x0025,0x0866,0x0867,0x10EA,0x0844,
  0x0001,0x0002,0x0001,0x0843,0x398B,0x310B,0x28A9,0x20AA,0x414C,0x0869,0x0047,0x0046,
  0x0025,0x0025,0x0025,0x0045,0x0046,0x0868,0x0868,0x0048,0x0047,0x0068,0x0048,0x0047,
  0x08CC,0x310D,0x2029,0x0824,0x0002,0x0001,0x0002,0x0001,0x0000,0x3167,0x516A,0x1823,
  0x0802,0x0802,0x0802,0x0825,0x1027,0x1847,0x2069,0x1848,0x0846,0x0001,0x0001,0x0001,
  0x0001,0x0001,0x0001,0x0001,0x0001,0x0001,0x0023,0x00C7,0x00A7,0x0044,0x0001,0x0001,
  0x0000,0x0000,0x0000,0x0000,0x0000,0x0000,0x0000,0x0000,0x0000,0x0000,0x0000,0x0000,
  0x0000,0x0000,0x0000,0x0000,0x0000,0x0000,0x0000,0x0000,0x0000,0x0000,0x0000,0x0000,
  0x0000,0x0000,0x0000,0x0000,0x0000,0x0000,0x0000,0x0000,0x0000,0x0000,0x0000,0x0000,
  0x0000,0x0000,0x0000,0x0000,0x0000,0x0000,0x0000,0x0000,0x0000,0x0001,0x0001,0x0000,
  0x2804,0x3005,0x1803,0x2804,0x2003,0x690A,0x808B,0x8009,0x4806,0x4005,0x5007,0x3805,
  0x1003,0x1003,0x1003,0x0002,0x0087,0x2088,0x2025,0x2004,0x0802,0x1003,0x1002,0x0001,
  0x0001,0x0001,0x1803,0x1003,0x0802,0x0802,0x0802,0x0001,0x0001,0x0001,0x0001,0x0001,
  0x0802,0x1804,0x0802,0x1804,0x2846,0x3867,0x4828,0x69AB,0x798C,0x7009,0x6849,0x4807,
  0x4006,0x2805,0x2805,0x2004,0x1804,0x2004,0x2825,0x1804,0x2004,0x2805,0x3005,0x5007,
  0x710B,0x8AF0,0x8B91,0x8B71,0x8AF0,0x720D,0x4888,0x4047,0x48C9,0x2805,0x1804,0x38A7,
  0x1023,0x0802,0x0802,0x0802,0x0802,0x0802,0x0002,0x0802,0x0802,0x0802,0x0802,0x0802,
  0x0802,0x0803,0x1803,0x2004,0x1804,0x4908,0x38A7,0x3047,0x6A8E,0x8370,0x8350,0x8B50,
  0x7AAF,0x492B,0x2007,0x2006,0x1826,0x1005,0x1825,0x2847,0x1005,0x1005,0x1805,0x1005,
  0x2828,0x3028,0x306A,0x388B,0x284A,0x38EB,0x596D,0x384A,0x1826,0x1006,0x0804,0x0804,
  0x2005,0x0003,0x0803,0x0003,0x0002,0x1129,0x0867,0x0026,0x0027,0x0004,0x0002,0x0001,
  0x0002,0x0002,0x0001,0x1865,0x394C,0x394D,0x18AB,0x20EB,0x190B,0x0069,0x0068,0x0047,
  0x0026,0x0025,0x0025,0x0045,0x0046,0x0047,0x0048,0x0048,0x0048,0x0869,0x0847,0x0048,
  0x20AB,0x2049,0x284A,0x1826,0x0802,0x0802,0x0802,0x0001,0x0001,0x62CD,0x492A,0x0802,
  0x0802,0x0802,0x0001,0x2005,0x2027,0x0026,0x0027,0x0826,0x0824,0x0001,0x0001,0x0001,
  0x0001,0x0001,0x0001,0x0001,0x0001,0x0000,0x0044,0x0109,0x0043,0x0001,0x0001,0x0001,
  0x0000,0x0000,0x0000,0x0000,0x0000,0x0000,0x0000,0x0000,0x0000,0x0000,0x0000,0x0000,
  0x0000,0x0000,0x0000,0x0000,0x0000,0x0000,0x0000,0x0000,0x0000,0x0000,0x0000,0x0000,
  0x0000,0x0000,0x0000,0x0000,0x0000,0x0000,0x0000,0x0000,0x0000,0x0000,0x0000,0x0000,
  0x0000,0x0000,0x0000,0x0000,0x0000,0x0000,0x0000,0x0000,0x0000,0x0000,0x1002,0x0001,
  0x3004,0x2804,0x1803,0x2003,0x1803,0x6088,0x784A,0x8009,0x4806,0x2804,0x3004,0x1803,
  0x0802,0x1003,0x0802,0x0802,0x0023,0x210A,0x30A8,0x1003,0x1003,0x0802,0x0802,0x0802,
  0x0001,0x0001,0x0001,0x1823,0x0802,0x0002,0x0802,0x0001,0x0001,0x0001,0x0001,0x0001,
  0x1824,0x2025,0x1824,0x1804,0x2825,0x2825,0x5089,0x724D,0x79AD,0x6008,0x5027,0x4006,
  0x5027,0x2805,0x2005,0x2004,0x1804,0x1804,0x2004,0x1803,0x1804,0x1804,0x2004,0x2805,
  0x4006,0x6049,0x7A2E,0x8B71,0x8AB0,0x8A8F,0x82CF,0x596A,0x4888,0x50C9,0x4068,0x2866,
  0x1003,0x1003,0x0802,0x0802,0x0802,0x0802,0x0802,0x0802,0x0802,0x0802,0x0802,0x0802,
  0x1003,0x1003,0x2825,0x3826,0x4929,0x50C9,0x4909,0x830F,0x8AF0,0x822F,0x8B10,0x6A2E,
  0x406A,0x2807,0x2026,0x1805,0x1004,0x1004,0x1004,0x2847,0x1005,0x1005,0x1005,0x1826,
  0x2827,0x2828,0x1827,0x1828,0x2869,0x38AB,0x720F,0x510C,0x2027,0x1025,0x1826,0x2046,
  0x5069,0x3026,0x1844,0x0003,0x0002,0x08C6,0x116B,0x216C,0x1088,0x0002,0x0002,0x0002,
  0x0002,0x0002,0x1024,0x0002,0x0824,0x394A,0x418E,0x08CB,0x0069,0x0068,0x0047,0x0047,
  0x0047,0x0046,0x0067,0x0046,0x0046,0x0047,0x0047,0x0048,0x0069,0x0069,0x0046,0x1048,
  0x2049,0x1828,0x40EC,0x1847,0x0803,0x0803,0x0802,0x0002,0x1864,0x494A,0x2045,0x0802,
  0x0802,0x2804,0x2004,0x4027,0x2006,0x0047,0x08A9,0x0804,0x0003,0x0001,0x0002,0x0001,
  0x0001,0x0001,0x0001,0x0001,0x0001,0x0001,0x0001,0x0000,0x0000,0x0001,0x0001,0x0001,
  0x0000,0x0000,0x0000,0x0000,0x0000,0x0000,0x0000,0x0000,0x0000,0x0000,0x0000,0x0000,
  0x0000,0x0000,0x0000,0x0000,0x0000,0x0000,0x0000,0x0000,0x0000,0x0000,0x0000,0x0000,
  0x0000,0x0000,0x0000,0x0000,0x0001,0x0000,0x0000,0x0000,0x0000,0x0000,0x0000,0x0000,
  0x0801,0x1802,0x0000,0x0000,0x0000,0x0000,0x0000,0x0000,0x0000,0x0000,0x0801,0x0802,
  0x3005,0x2805,0x2004,0x2003,0x1803,0x5068,0x802A,0x6007,0x3005,0x3005,0x2804,0x1803,
  0x1003,0x1003,0x0802,0x0802,0x0001,0x0865,0x394C,0x1846,0x0802,0x0802,0x0802,0x0802,
  0x0001,0x0001,0x0001,0x0802,0x0802,0x1003,0x0802,0x0001,0x0001,0x0001,0x0001,0x0001,
  0x2025,0x1003,0x1804,0x1804,0x1804,0x2805,0x58C9,0x8AAF,0x78EB,0x5007,0x3005,0x3005,
  0x5047,0x3005,0x2805,0x2004,0x1804,0x1804,0x2025,0x1003,0x1803,0x1803,0x1804,0x2004,
  0x2804,0x3005,0x5808,0x796C,0x8AF0,0x8A6F,0x822F,0x8B10,0x72CE,0x698C,0x616C,0x2805,
  0x1804,0x1003,0x0803,0x0802,0x0802,0x0802,0x0802,0x0802,0x0802,0x0802,0x0802,0x0802,
  0x1003,0x1804,0x2005,0x50E9,0x692B,0x6A2D,0x8B10,0x81CE,0x824F,0x8AD0,0x61AC,0x3008,
  0x2826,0x1825,0x1804,0x1004,0x1004,0x1004,0x0804,0x2046,0x1004,0x1825,0x1005,0x1806,
  0x2027,0x2027,0x1827,0x2028,0x2028,0x386B,0x82B0,0x50EB,0x2827,0x0804,0x2026,0x2046,
  0x2846,0x2805,0x0002,0x0002,0x0003,0x0823,0x2909,0x2067,0x0803,0x0002,0x0002,0x0002,
  0x0001,0x0003,0x1846,0x0002,0x0003,0x0002,0x0845,0x20CB,0x18AA,0x0069,0x0068,0x0068,
  0x0068,0x0068,0x0068,0x0046,0x0047,0x0069,0x0047,0x0868,0x0849,0x0049,0x0847,0x2047,
  0x1007,0x1829,0x410C,0x2869,0x0803,0x0803,0x1004,0x0002,0x2045,0x3868,0x0802,0x0802,
  0x0802,0x2004,0x3806,0x3806,0x0825,0x08AA,0x0067,0x0046,0x0002,0x0001,0x0802,0x0001,
  0x0001,0x0001,0x0001,0x0001,0x0001,0x0001,0x0001,0x0001,0x0001,0x0001,0x0001,0x0001,
  0x0000,0x0000,0x0000,0x0000,0x0000,0x0000,0x0000,0x0000,0x0000,0x0000,0x0000,0x0000,
  0x0000,0x0000,0x0000,0x0000,0x0000,0x0000,0x0000,0x0000,0x0000,0x0000,0x0000,0x0000,
  0x0000,0x0000,0x0000,0x0000,0x0843,0x1066,0x0002,0x0000,0x0000,0x0000,0x0000,0x0000,
  0x0000,0x0801,0x0000,0x0000,0x0000,0x0000,0x0000,0x0000,0x0000,0x0000,0x0001,0x0001,
  0x3005,0x3005,0x1803,0x1803,0x2004,0x3826,0x4806,0x6869,0x3005,0x2804,0x2804,0x1003,
  0x0802,0x1003,0x1003,0x0802,0x0002,0x1844,0x2086,0x1088,0x0823,0x0801,0x0802,0x0802,
  0x0001,0x0001,0x0802,0x0802,0x1003,0x2044,0x0002,0x0802,0x0802,0x0001,0x0001,0x1002,
  0x2865,0x0802,0x1003,0x1804,0x1804,0x2805,0x58A9,0x82CE,0x70CA,0x4807,0x3005,0x2004,
  0x3806,0x3006,0x2004,0x2004,0x1003,0x2825,0x3026,0x1803,0x1003,0x1003,0x1003,0x1804,
  0x2004,0x2004,0x3025,0x4007,0x60EA,0x828F,0x8A2F,0x89EF,0x8B30,0x8B70,0x728E,0x3807,
  0x2805,0x1003,0x1003,0x0802,0x0802,0x0802,0x0802,0x0802,0x0802,0x0802,0x0802,0x1003,
  0x1003,0x2004,0x2805,0x724D,0x82AF,0x8B30,0x818E,0x822F,0x82AF,0x48EA,0x2806,0x2026,
  0x1805,0x1804,0x1004,0x1004,0x0803,0x0803,0x2847,0x3068,0x1805,0x1005,0x1005,0x1806,
  0x2848,0x1826,0x1827,0x2048,0x2849,0x40AB,0x7A90,0x48CB,0x1805,0x2066,0x1804,0x0803,
  0x1003,0x1003,0x0002,0x0002,0x0002,0x2046,0x3868,0x2005,0x0002,0x0002,0x0002,0x0001,
  0x1044,0x30EA,0x0003,0x0002,0x0003,0x0002,0x0003,0x0825,0x2887,0x414C,0x20CC,0x0029,
  0x0069,0x0068,0x0047,0x0046,0x0046,0x0047,0x0047,0x0848,0x0028,0x1069,0x2888,0x0005,
  0x1027,0x284A,0x386B,0x306A,0x1025,0x2026,0x0802,0x0001,0x1803,0x3047,0x1804,0x1824,
  0x0802,0x1804,0x3006,0x0803,0x0001,0x0845,0x0867,0x0887,0x0001,0x0001,0x0001,0x0001,
  0x0001,0x0001,0x0001,0x0001,0x0001,0x0001,0x0001,0x0001,0x0001,0x0001,0x0001,0x0001,
  0x0000,0x0000,0x0000,0x0000,0x0000,0x0000,0x0000,0x0000,0x0000,0x0000,0x0000,0x0000,
  0x0000,0x0000,0x0000,0x0000,0x0000,0x0000,0x0000,0x0000,0x0000,0x0000,0x0000,0x0000,
  0x0000,0x0000,0x0000,0x0000,0x0000,0x1024,0x2046,0x0803,0x0002,0x0000,0x0000,0x0000,
  0x0000,0x0000,0x0000,0x0000,0x0000,0x0000,0x0000,0x0000,0x0000,0x0000,0x0001,0x0801,
  0x2804,0x2805,0x1803,0x1803,0x1804,0x2805,0x5828,0x702B,0x3004,0x2804,0x2004,0x0802,
  0x0802,0x0802,0x0802,0x0802,0x0803,0x0803,0x0001,0x1865,0x18E9,0x0802,0x0802,0x0803,
  0x0802,0x0802,0x0802,0x0802,0x0802,0x0802,0x0802,0x0001,0x0001,0x1023,0x0002,0x2064,
  0x2065,0x0802,0x1003,0x1003,0x1804,0x2004,0x5088,0x7A4D,0x68AA,0x4807,0x3005,0x2805,
  0x2805,0x3005,0x2004,0x2825,0x2825,0x2825,0x2825,0x3026,0x3026,0x2825,0x1803,0x1002,
  0x1803,0x1804,0x2004,0x2805,0x3806,0x5869,0x7A0D,0x8A6F,0x8AB0,0x824F,0x8ACF,0x69CC,
  0x2805,0x1804,0x1003,0x0803,0x0802,0x0802,0x0802,0x0802,0x0802,0x0802,0x0802,0x1003,
  0x1804,0x2805,0x616B,0x8BB1,0x8B10,0x814E,0x81AE,0x71AD,0x4869,0x2806,0x1805,0x1805,
  0x1804,0x1004,0x0803,0x1824,0x2846,0x3047,0x2847,0x1825,0x3068,0x2867,0x1826,0x1806,
  0x2048,0x1827,0x1006,0x1827,0x2048,0x304A,0x7A70,0x40CA,0x2006,0x2866,0x1024,0x1805,
  0x2025,0x2004,0x0002,0x0003,0x2046,0x490A,0x2066,0x1003,0x0002,0x0001,0x0001,0x0001,
  0x0823,0x1065,0x0002,0x0002,0x0002,0x0002,0x0023,0x1045,0x0003,0x2087,0x6A8F,0x5AAF,
  0x106A,0x0868,0x0047,0x0047,0x0046,0x0047,0x0047,0x0869,0x310C,0x38EB,0x1026,0x1027,
  0x1849,0x3049,0x406B,0x308A,0x0003,0x0824,0x0002,0x0002,0x0803,0x0802,0x1003,0x0802,
  0x0002,0x0001,0x0001,0x0803,0x0001,0x0001,0x10C8,0x0865,0x0001,0x0001,0x0001,0x0002,
  0x0001,0x0001,0x0001,0x0002,0x0001,0x0001,0x0001,0x0001,0x0001,0x0001,0x0001,0x0001,
  0x0000,0x0000,0x0000,0x0000,0x0000,0x0000,0x0000,0x0000,0x0000,0x0000,0x0000,0x0000,
  0x0000,0x0000,0x0000,0x0000,0x0000,0x0000,0x0000,0x0000,0x0000,0x0000,0x0000,0x0000,
  0x0000,0x0000,0x0000,0x0000,0x0000,0x0001,0x1024,0x0803,0x0804,0x0804,0x0802,0x0000,
  0x0000,0x0000,0x0000,0x0000,0x0000,0x0000,0x0000,0x0000,0x0000,0x0000,0x0001,0x0801,
  0x2804,0x2004,0x2004,0x1003,0x2044,0x4848,0x602A,0x5028,0x2804,0x2804,0x2004,0x0802,
  0x0802,0x0802,0x0802,0x1003,0x0802,0x0002,0x0002,0x0802,0x20C8,0x20E9,0x0802,0x0823,
  0x0802,0x0802,0x0802,0x0802,0x1002,0x0801,0x0802,0x0802,0x0801,0x0802,0x0802,0x2024,
  0x1003,0x0802,0x0803,0x1003,0x1804,0x2005,0x4006,0x71CB,0x6869,0x4807,0x3005,0x2805,
  0x2804,0x4067,0x4888,0x2825,0x1804,0x1803,0x1003,0x1803,0x1804,0x2825,0x3846,0x3046,
  0x1804,0x1003,0x1803,0x2004,0x2004,0x2805,0x4807,0x79ED,0x8BD1,0x81EE,0x818D,0x8B30,
  0x50C9,0x2004,0x1003,0x1003,0x0802,0x0802,0x0802,0x0802,0x0802,0x0802,0x0802,0x1803,
  0x2004,0x510A,0x8A2E,0x8AAF,0x8ACF,0x8ACF,0x722D,0x4008,0x3007,0x2005,0x1805,0x1004,
  0x1004,0x1824,0x3887,0x3067,0x2025,0x1004,0x0803,0x1004,0x1024,0x1825,0x2047,0x3889,
  0x3069,0x1807,0x1827,0x2028,0x2028,0x48CB,0x8270,0x3889,0x3889,0x3067,0x1825,0x1004,
  0x1805,0x2025,0x0002,0x0804,0x2068,0x20A6,0x1044,0x0803,0x0001,0x0002,0x0002,0x0002,
  0x0002,0x0002,0x0002,0x0002,0x0045,0x0003,0x0002,0x1024,0x0803,0x0002,0x18A7,0x7BB0,
  0x6230,0x1049,0x0067,0x0047,0x0048,0x0047,0x0047,0x0848,0x498E,0x30AA,0x0806,0x206A,
  0x206B,0x40AC,0x38AB,0x0825,0x0003,0x0002,0x0844,0x30CA,0x2826,0x0002,0x1023,0x0802,
  0x0802,0x0001,0x0002,0x0802,0x0001,0x0001,0x0801,0x0001,0x0001,0x0001,0x0001,0x0001,
  0x0024,0x0001,0x0001,0x0001,0x0001,0x0001,0x0001,0x0001,0x0001,0x0001,0x0001,0x0001,
  0x0000,0x0000,0x0000,0x0000,0x0000,0x0000,0x0000,0x0000,0x0000,0x0000,0x0000,0x0000,
  0x0000,0x0000,0x0000,0x0000,0x0000,0x0000,0x0000,0x0000,0x0000,0x0000,0x0000,0x0000,
  0x0000,0x0000,0x0000,0x0000,0x0000,0x0000,0x1023,0x1825,0x1004,0x0803,0x0803,0x1824,
  0x0802,0x0000,0x0000,0x0000,0x0000,0x0000,0x0000,0x0000,0x0000,0x0000,0x0001,0x0001,
  0x3806,0x4806,0x2024,0x1804,0x1803,0x4027,0x5049,0x4808,0x2805,0x1803,0x2804,0x1003,
  0x1003,0x0802,0x1804,0x1003,0x0001,0x0802,0x0802,0x0002,0x1844,0x498B,0x20C7,0x0002,
  0x0802,0x0802,0x0002,0x1002,0x2024,0x1803,0x0802,0x0802,0x0802,0x0802,0x1003,0x3046,
  0x1824,0x0802,0x0802,0x1003,0x1804,0x2005,0x3806,0x7A0C,0x70EA,0x4007,0x3005,0x2805,
  0x3867,0x590A,0x5068,0x3025,0x1804,0x1803,0x1803,0x1803,0x1003,0x1003,0x1003,0x2025,
  0x3046,0x3045,0x1803,0x1003,0x1804,0x2004,0x2805,0x4807,0x79AD,0x8BB0,0x82CF,0x8ACF,
  0x7A2D,0x3866,0x1003,0x1003,0x1003,0x0802,0x0802,0x0802,0x0802,0x0802,0x1003,0x1003,
  0x3066,0x714B,0x792C,0x82EF,0x8B90,0x716C,0x4008,0x2806,0x2005,0x1804,0x1003,0x1004,
  0x2826,0x2826,0x2846,0x1004,0x1004,0x1004,0x1004,0x1004,0x1004,0x1004,0x1805,0x48CA,
  0x48AB,0x2849,0x1827,0x2028,0x2849,0x48AC,0x71CE,0x48CA,0x2868,0x0804,0x1004,0x1005,
  0x1004,0x2005,0x1826,0x20EA,0x0866,0x0002,0x0002,0x0002,0x1003,0x0002,0x0002,0x0002,
  0x0002,0x0002,0x0802,0x0088,0x00C9,0x0002,0x0003,0x0002,0x0002,0x0824,0x0805,0x0846,
  0x49CE,0x312E,0x0049,0x0048,0x0069,0x0048,0x0849,0x1069,0x288B,0x2069,0x1007,0x1808,
  0x284B,0x2869,0x0804,0x1806,0x1005,0x0803,0x18EA,0x1888,0x2005,0x0002,0x0002,0x0001,
  0x0001,0x0001,0x0001,0x0002,0x1002,0x0802,0x0802,0x0001,0x0001,0x0001,0x0001,0x0002,
  0x0024,0x0001,0x0002,0x0001,0x0001,0x0001,0x0001,0x0001,0x0001,0x0001,0x0001,0x0001,
  0x0000,0x0000,0x0000,0x0000,0x0000,0x0000,0x0000,0x0000,0x0000,0x0000,0x0000,0x0000,
  0x0000,0x0000,0x0000,0x0000,0x0000,0x0000,0x0000,0x0000,0x0000,0x0000,0x0000,0x0000,
  0x0000,0x0000,0x0000,0x0000,0x0000,0x0000,0x0801,0x2025,0x0802,0x2005,0x2806,0x1804,
  0x1003,0x0802,0x0001,0x0000,0x0000,0x0000,0x0000,0x0801,0x0000,0x0000,0x0001,0x0001,
  0x5007,0x4006,0x1003,0x2004,0x1803,0x3847,0x504A,0x4007,0x2805,0x1803,0x3005,0x2803,
  0x0001,0x0802,0x0803,0x0002,0x0002,0x0002,0x0002,0x0803,0x0803,0x18E9,0x114D,0x20C8,
  0x3066,0x2845,0x3867,0x5068,0x4867,0x0001,0x0802,0x1003,0x0802,0x0802,0x1823,0x2845,
  0x1824,0x1003,0x0803,0x1804,0x1804,0x2005,0x4006,0x828E,0x68CA,0x3806,0x4026,0x4887,
  0x3867,0x4847,0x5028,0x3826,0x2004,0x1803,0x1804,0x1803,0x1803,0x1803,0x1803,0x1003,
  0x1003,0x2024,0x3066,0x2845,0x1803,0x1803,0x2004,0x3827,0x5808,0x79AD,0x712B,0x5849,
  0x716C,0x618B,0x1003,0x1804,0x1003,0x0802,0x0802,0x0802,0x0802,0x0802,0x1824,0x2004,
  0x592A,0x712B,0x5828,0x692B,0x796C,0x4807,0x2806,0x2005,0x1804,0x1003,0x2005,0x3026,
  0x2005,0x1003,0x1003,0x1804,0x1804,0x1805,0x1004,0x1805,0x2005,0x2006,0x3027,0x3848,
  0x3829,0x3869,0x388A,0x2849,0x384A,0x58EC,0x7A6F,0x486A,0x1826,0x1005,0x1825,0x0804,
  0x0804,0x2026,0x39AC,0x08EA,0x0845,0x0803,0x0803,0x0002,0x1004,0x0802,0x0002,0x0001,
  0x0002,0x1003,0x1024,0x0023,0x0002,0x0802,0x0002,0x0002,0x0803,0x2047,0x3068,0x1826,
  0x0826,0x290B,0x08CC,0x0049,0x0868,0x0869,0x0869,0x108A,0x388A,0x288A,0x1049,0x286C,
  0x2069,0x0002,0x1002,0x1805,0x1005,0x0803,0x198B,0x114C,0x2047,0x0803,0x1003,0x0001,
  0x0802,0x0802,0x0002,0x0802,0x0001,0x0002,0x0002,0x0001,0x0002,0x0802,0x0001,0x0001,
  0x0001,0x0002,0x0001,0x0001,0x0803,0x0803,0x0002,0x0002,0x0001,0x0001,0x0001,0x0001,
  0x0000,0x0000,0x0000,0x0000,0x0000,0x0000,0x0000,0x0000,0x0000,0x0000,0x0000,0x0000,
  0x0000,0x0000,0x0000,0x0000,0x0000,0x0000,0x0000,0x0000,0x0000,0x0000,0x0000,0x0000,
  0x0000,0x0000,0x0000,0x0801,0x0000,0x0001,0x0000,0x1003,0x2004,0x1804,0x2004,0x1804,
  0x0802,0x0802,0x0803,0x0001,0x0000,0x0001,0x0001,0x0801,0x0001,0x0001,0x0001,0x0001,
  0x4806,0x3805,0x1003,0x2004,0x1804,0x3047,0x4849,0x4007,0x2805,0x1804,0x2804,0x3066,
  0x28C8,0x0803,0x0804,0x0802,0x0002,0x0002,0x0002,0x0802,0x0002,0x10E8,0x318D,0x2046,
  0x0802,0x0802,0x2025,0x2846,0x3046,0x2825,0x1003,0x0802,0x0802,0x0802,0x2866,0x1823,
  0x0802,0x2025,0x1003,0x2025,0x1804,0x2004,0x4867,0x82EF,0x798C,0x5889,0x5068,0x3005,
  0x2804,0x4006,0x4027,0x3806,0x2804,0x3005,0x2004,0x1804,0x1803,0x1803,0x1803,0x1803,
  0x1803,0x1003,0x1003,0x2845,0x3867,0x2024,0x1804,0x3005,0x3005,0x5808,0x694B,0x60AA,
  0x5007,0x5048,0x2805,0x1804,0x1003,0x0802,0x0802,0x0802,0x0802,0x0802,0x1803,0x5069,
  0x4848,0x4807,0x58C9,0x614B,0x3806,0x2004,0x1804,0x1003,0x2005,0x3026,0x2805,0x1003,
  0x1003,0x1804,0x1804,0x1004,0x1804,0x1804,0x2805,0x2005,0x2806,0x3047,0x3828,0x4049,
  0x3028,0x2006,0x2848,0x514C,0x58ED,0x71EE,0x722E,0x3008,0x1826,0x1826,0x1005,0x0804,
  0x0003,0x20C9,0x3A4D,0x21AC,0x0825,0x0804,0x0804,0x0803,0x0002,0x0802,0x0802,0x1003,
  0x1004,0x0803,0x0002,0x0002,0x0002,0x1024,0x1824,0x1804,0x2005,0x1004,0x2847,0x3048,
  0x2047,0x2869,0x41AE,0x212C,0x086B,0x10AB,0x106A,0x086A,0x206A,0x206B,0x28EE,0x2089,
  0x0803,0x2002,0x1803,0x3049,0x2047,0x1003,0x0845,0x196C,0x2087,0x0001,0x0801,0x1824,
  0x2067,0x1025,0x0001,0x0803,0x0802,0x0001,0x0001,0x0803,0x1004,0x0002,0x0002,0x0001,
  0x0001,0x0001,0x0001,0x0002,0x0803,0x1826,0x1825,0x0002,0x0002,0x0001,0x0001,0x1823,
  0x0000,0x0000,0x0000,0x0000,0x0000,0x0000,0x0000,0x0000,0x0000,0x0000,0x0000,0x0000,
  0x0000,0x0000,0x0000,0x0000,0x0000,0x1001,0x0000,0x0000,0x0000,0x0000,0x0000,0x0000,
  0x0000,0x0000,0x0000,0x0000,0x0000,0x0000,0x0000,0x1002,0x3847,0x2024,0x0802,0x1804,
  0x0802,0x0002,0x1823,0x2004,0x1002,0x0001,0x0001,0x0000,0x0001,0x0802,0x0000,0x0001,
  0x3005,0x2804,0x1003,0x2004,0x2004,0x3047,0x4849,0x3807,0x2805,0x1803,0x2804,0x394B,
  0x318B,0x0001,0x0802,0x0803,0x0002,0x0001,0x0002,0x0802,0x0803,0x1065,0x4889,0x1003,
  0x0803,0x0802,0x0803,0x0803,0x0802,0x1023,0x1023,0x2025,0x2845,0x50A9,0x3046,0x0802,
  0x1003,0x1804,0x1804,0x1003,0x1003,0x1803,0x48E8,0x824E,0x7A0D,0x70AA,0x5849,0x3806,
  0x3005,0x4006,0x4007,0x4828,0x5048,0x3805,0x4007,0x3805,0x2804,0x2804,0x2004,0x2004,
  0x2004,0x1803,0x1803,0x1003,0x1804,0x3066,0x3025,0x1803,0x2004,0x3005,0x5027,0x79CD,
  0x5869,0x3005,0x4047,0x2004,0x1003,0x1003,0x0802,0x0802,0x0802,0x1003,0x1803,0x3046,
  0x2804,0x5068,0x69AC,0x3806,0x2805,0x1803,0x1803,0x2825,0x3046,0x1804,0x1003,0x1004,
  0x1804,0x1804,0x2005,0x2805,0x3006,0x3827,0x3807,0x4028,0x3807,0x3007,0x502A,0x4009,
  0x4029,0x3829,0x3869,0x50CC,0x616E,0x82D0,0x696D,0x3849,0x2047,0x0805,0x1846,0x2067,
  0x0846,0x0826,0x196C,0x19AE,0x0824,0x0803,0x0803,0x0804,0x0001,0x1023,0x4067,0x3048,
  0x0804,0x0003,0x0802,0x0803,0x0803,0x2025,0x1805,0x2826,0x1804,0x0803,0x1805,0x2847,
  0x1005,0x2847,0x386A,0x41CD,0x31CF,0x212F,0x18AC,0x108B,0x316E,0x28EE,0x1067,0x0002,
  0x1004,0x2826,0x38CA,0x386A,0x2007,0x1805,0x0802,0x0802,0x0802,0x0802,0x1844,0x48ED,
  0x2089,0x0823,0x0002,0x1025,0x0803,0x0002,0x1005,0x2848,0x2827,0x0002,0x0002,0x0002,
  0x0001,0x0001,0x0001,0x0001,0x0001,0x0802,0x1002,0x0001,0x0001,0x0001,0x0001,0x0001,
  0x0000,0x0000,0x0000,0x0000,0x0000,0x0000,0x0000,0x0000,0x0000,0x0000,0x0000,0x0000,
  0x0000,0x0000,0x0000,0x0000,0x0000,0x2003,0x2803,0x0000,0x0000,0x0000,0x0000,0x0801,
  0x0000,0x0000,0x0000,0x0000,0x0000,0x0000,0x0000,0x1002,0x3827,0x3847,0x3826,0x1003,
  0x0802,0x0802,0x1803,0x4847,0x704A,0x2803,0x0000,0x0001,0x0001,0x0001,0x0801,0x0801,
  0x3005,0x2804,0x1003,0x1804,0x1003,0x3047,0x4048,0x3807,0x2805,0x1803,0x4026,0x2046,
  0x0002,0x0802,0x0002,0x0802,0x0824,0x0803,0x0002,0x0802,0x0803,0x0803,0x2848,0x0803,
  0x0802,0x0802,0x0802,0x0802,0x0802,0x0802,0x0802,0x0802,0x1804,0x510A,0x590A,0x1003,
  0x0802,0x1003,0x1003,0x2024,0x3026,0x48A8,0x4888,0x58C9,0x616B,0x692B,0x5808,0x5028,
  0x4807,0x3005,0x4807,0x4007,0x5828,0x5808,0x6809,0x6809,0x6808,0x6008,0x5827,0x4005,
  0x3805,0x3005,0x2004,0x1803,0x1803,0x1803,0x2004,0x2805,0x2004,0x2004,0x3005,0x5888,
  0x71CC,0x4826,0x3025,0x1003,0x1003,0x0802,0x0802,0x0802,0x0802,0x0802,0x1003,0x3046,
  0x4027,0x696C,0x4067,0x3005,0x3046,0x2004,0x2005,0x2025,0x1003,0x1804,0x1804,0x2004,
  0x2805,0x3006,0x4006,0x4007,0x5028,0x4807,0x5849,0x706C,0x5009,0x4809,0x604B,0x606B,
  0x4009,0x402A,0x588C,0x506C,0x6A2E,0x592B,0x610C,0x488A,0x40A9,0x30A8,0x2847,0x30C9,
  0x0867,0x0826,0x214C,0x110B,0x0804,0x0803,0x1024,0x0803,0x2045,0x5869,0x48A9,0x3048,
  0x2848,0x2868,0x2046,0x1805,0x3828,0x482A,0x2827,0x1805,0x0804,0x1003,0x1004,0x2005,
  0x1004,0x1005,0x3049,0x414E,0x4AF0,0x298F,0x108E,0x31CF,0x420F,0x1867,0x0802,0x0002,
  0x2006,0x40AC,0x48ED,0x3048,0x1004,0x0802,0x0002,0x0802,0x0802,0x0002,0x1845,0x3028,
  0x2005,0x0801,0x1803,0x0803,0x0803,0x3089,0x40CA,0x2804,0x3005,0x0001,0x0802,0x0002,
  0x0802,0x0002,0x0001,0x0001,0x0002,0x0803,0x0002,0x0001,0x0001,0x0802,0x0001,0x0001,
  0x0000,0x0000,0x0000,0x0000,0x0000,0x0000,0x0000,0x0000,0x0000,0x0000,0x0000,0x0801,
  0x2803,0x0000,0x0000,0x0000,0x0000,0x0000,0x1001,0x0000,0x0000,0x0000,0x0000,0x0000,
  0x0000,0x0000,0x0000,0x0000,0x0000,0x0000,0x0000,0x0001,0x0801,0x2024,0x2005,0x2805,
  0x0802,0x0802,0x0803,0x3826,0x5007,0x4005,0x0000,0x0001,0x0001,0x0001,0x0801,0x0801,
  0x3005,0x2804,0x1804,0x2825,0x1803,0x2826,0x4829,0x3807,0x1804,0x3005,0x3826,0x0002,
  0x0803,0x0002,0x0002,0x0001,0x0002,0x1025,0x0803,0x0803,0x0803,0x0824,0x1026,0x0001,
  0x0802,0x0802,0x0802,0x0803,0x1003,0x0802,0x0802,0x0802,0x1023,0x0802,0x2845,0x4068,
  0x1003,0x2045,0x1003,0x3887,0x3867,0x2805,0x3846,0x5889,0x5048,0x69CC,0x716B,0x6009,
  0x6029,0x5008,0x6009,0x6029,0x6829,0x6849,0x80EC,0x818D,0x81ED,0x79EC,0x7A0C,0x69AB,
  0x69AB,0x718B,0x60E9,0x4826,0x3004,0x2004,0x1803,0x2004,0x4046,0x3825,0x1804,0x2804,
  0x716B,0x5909,0x1803,0x1803,0x1003,0x0802,0x0802,0x0802,0x0802,0x0803,0x1824,0x2004,
  0x590A,0x512A,0x2004,0x2004,0x3066,0x3866,0x1804,0x1804,0x2005,0x3806,0x4827,0x58C9,
  0x614B,0x69CC,0x61EB,0x722D,0x822E,0x7A0D,0x696C,0x68AB,0x5809,0x604B,0x70AC,0x604B,
  0x480A,0x482A,0x480B,0x720E,0x61CC,0x3829,0x614C,0x3028,0x2027,0x2868,0x30EB,0x316C,
  0x0847,0x10A8,0x18CA,0x0805,0x0803,0x0803,0x0002,0x3026,0x6049,0x3006,0x1827,0x1827,
  0x0805,0x0805,0x0805,0x0806,0x0805,0x3849,0x4049,0x1805,0x1004,0x1005,0x2826,0x1805,
  0x1826,0x1025,0x2048,0x286B,0x214E,0x4AF0,0x3A70,0x3A2F,0x1886,0x1003,0x0803,0x2847,
  0x50AC,0x404C,0x506B,0x2827,0x0804,0x2805,0x1803,0x0802,0x1002,0x0002,0x0001,0x1803,
  0x1804,0x1804,0x1803,0x3828,0x3028,0x2848,0x3088,0x2826,0x0803,0x0001,0x0001,0x0002,
  0x0802,0x0001,0x0002,0x0002,0x0003,0x0002,0x0001,0x0001,0x0002,0x0002,0x0002,0x0825,
  0x0000,0x0000,0x0000,0x0000,0x0000,0x0000,0x0000,0x0000,0x0000,0x0000,0x0000,0x0000,
  0x1001,0x0000,0x0000,0x0000,0x0000,0x0000,0x0000,0x0000,0x0000,0x0000,0x0000,0x0000,
  0x0000,0x0000,0x0000,0x0000,0x0000,0x0000,0x0000,0x0001,0x0000,0x0001,0x0802,0x2005,
  0x1003,0x0846,0x0868,0x1046,0x0001,0x0801,0x0001,0x0001,0x0001,0x0001,0x0001,0x0001,
  0x3005,0x2804,0x1803,0x2004,0x1803,0x3005,0x4008,0x3007,0x2805,0x4026,0x1003,0x0803,
  0x0803,0x0002,0x0002,0x0802,0x0002,0x0802,0x1004,0x1825,0x0803,0x0804,0x1025,0x0802,
  0x0802,0x0001,0x0002,0x0802,0x1003,0x0802,0x0802,0x1003,0x1003,0x1003,0x0802,0x1003,
  0x2846,0x38A7,0x2045,0x1804,0x2004,0x2005,0x3046,0x714B,0x5889,0x58AA,0x7A6E,0x716C,
  0x708B,0x78AC,0x80CC,0x88CC,0x8AAF,0x82AF,0x79CD,0x58C8,0x30A5,0x2044,0x1843,0x1843,
  0x1864,0x30C6,0x4128,0x618A,0x690A,0x5847,0x3805,0x2804,0x4026,0x3826,0x3025,0x3005,
  0x6889,0x71CC,0x2805,0x1803,0x1003,0x0802,0x0802,0x0802,0x0802,0x1003,0x1804,0x2825,
  0x69CC,0x2825,0x1803,0x1803,0x2825,0x2805,0x2004,0x3826,0x60EA,0x610B,0x598A,0x4148,
  0x30E6,0x2065,0x1844,0x2065,0x2866,0x30C7,0x514B,0x7A8E,0x8B30,0x81AE,0x810D,0x792E,
  0x714D,0x718E,0x698D,0x69CD,0x488A,0x512B,0x694D,0x406A,0x1807,0x20C9,0x294C,0x10CC,
  0x18CA,0x312B,0x40AA,0x1805,0x0803,0x0002,0x3046,0x4028,0x1005,0x0805,0x1026,0x1026,
  0x1826,0x1827,0x1007,0x1007,0x1027,0x1827,0x4069,0x1005,0x1004,0x1005,0x2827,0x4029,
  0x2827,0x0825,0x3089,0x3849,0x38EB,0x426E,0x422D,0x1026,0x0803,0x1003,0x2025,0x58AB,
  0x582B,0x686C,0x684B,0x2005,0x0002,0x3006,0x1804,0x0002,0x0802,0x0002,0x0802,0x1803,
  0x1803,0x1804,0x3027,0x3008,0x2007,0x1004,0x0002,0x0002,0x0002,0x0802,0x0802,0x0002,
  0x0001,0x0823,0x1086,0x0023,0x0001,0x0001,0x0001,0x0001,0x1003,0x1804,0x1846,0x0826,
  0x0000,0x0000,0x0000,0x0000,0x0000,0x0000,0x0000,0x0000,0x0000,0x0000,0x0000,0x0000,
  0x0000,0x0000,0x0000,0x0000,0x0000,0x0000,0x0000,0x0000,0x0000,0x0000,0x0000,0x0001,
  0x0000,0x0000,0x0000,0x0000,0x0000,0x0000,0x0000,0x0000,0x0000,0x0000,0x0823,0x0803,
  0x216B,0x298E,0x1026,0x0002,0x0001,0x0001,0x0001,0x0001,0x0001,0x0001,0x0001,0x0001,
  0x2804,0x3005,0x3825,0x3825,0x1803,0x48C8,0x50C9,0x4028,0x3006,0x3025,0x0803,0x0803,
  0x0802,0x0002,0x0002,0x0802,0x0802,0x0002,0x1024,0x1845,0x0803,0x0803,0x1826,0x0802,
  0x0802,0x0002,0x0002,0x0002,0x0802,0x1824,0x1023,0x2825,0x1003,0x0802,0x1003,0x0802,
  0x1003,0x2887,0x2886,0x1804,0x2845,0x2826,0x3867,0x48A8,0x4067,0x60EA,0x79CD,0x826E,
  0x826E,0x8A2E,0x8ACF,0x8AEF,0x82CF,0x5848,0x3805,0x2004,0x1803,0x1003,0x1003,0x1003,
  0x1002,0x1002,0x0802,0x1003,0x30C6,0x596A,0x792B,0x5888,0x3806,0x3026,0x3826,0x2804,
  0x3806,0x692A,0x48C8,0x1803,0x1003,0x0802,0x0802,0x0802,0x1003,0x1003,0x1804,0x4909,
  0x514A,0x1003,0x1803,0x1804,0x3046,0x58C9,0x58E9,0x692B,0x59AB,0x28A6,0x1003,0x0802,
  0x0802,0x0803,0x1003,0x1004,0x1004,0x1805,0x2005,0x3007,0x698C,0x8B30,0x8B50,0x8B70,
  0x8B50,0x8AF0,0x7A2E,0x506A,0x58CB,0x50CB,0x4849,0x2008,0x392B,0x290C,0x088B,0x290C,
  0x28C9,0x2047,0x4848,0x3005,0x2004,0x3867,0x3828,0x2007,0x2027,0x0805,0x1006,0x1006,
  0x0805,0x1005,0x1848,0x208A,0x1869,0x20AA,0x3069,0x1805,0x1805,0x1805,0x2806,0x2806,
  0x2047,0x2089,0x2848,0x2847,0x2066,0x0805,0x0804,0x1004,0x1804,0x1003,0x48A9,0x708C,
  0x81CE,0x8ACF,0x700A,0x5028,0x3806,0x2004,0x0002,0x1003,0x0001,0x0802,0x0802,0x0802,
  0x2805,0x4828,0x712D,0x38C8,0x2846,0x1824,0x0002,0x0802,0x0802,0x0802,0x0802,0x0803,
  0x1004,0x1024,0x0823,0x0001,0x0001,0x0001,0x0001,0x0001,0x0001,0x0001,0x0001,0x0001,
  0x0000,0x0000,0x0000,0x0000,0x0000,0x0000,0x0000,0x0000,0x0000,0x0000,0x0000,0x0000,
  0x0000,0x0000,0x0000,0x0000,0x0000,0x0000,0x0000,0x0000,0x1803,0x1802,0x0000,0x0000,
  0x0000,0x0000,0x0000,0x0000,0x0000,0x0000,0x0000,0x0000,0x0001,0x0001,0x0801,0x1024,
  0x1109,0x20E9,0x2065,0x0822,0x0000,0x0001,0x0001,0x1001,0x0001,0x0001,0x0001,0x1002,
  0x3825,0x5868,0x5827,0x7029,0x6808,0x5828,0x40A7,0x38C8,0x30A9,0x3048,0x1003,0x0803,
  0x0803,0x0802,0x0802,0x0802,0x0802,0x0803,0x0803,0x0803,0x0803,0x0803,0x1826,0x0803,
  0x0802,0x0802,0x0802,0x0802,0x0802,0x1824,0x1804,0x2806,0x2005,0x1804,0x1004,0x2866,
  0x1804,0x0803,0x38E9,0x2887,0x2025,0x2005,0x48E9,0x5109,0x4067,0x5088,0x60AA,0x71AC,
  0x828E,0x8B90,0x8C71,0x8AEF,0x6008,0x3806,0x2805,0x2004,0x1803,0x1803,0x1003,0x1003,
  0x1003,0x1003,0x1003,0x1803,0x1002,0x1003,0x4128,0x7A4E,0x710B,0x3025,0x1003,0x1803,
  0x1803,0x4087,0x698B,0x3005,0x1824,0x1003,0x1003,0x0803,0x1003,0x1804,0x2806,0x59CC,
  0x3888,0x1804,0x1003,0x1804,0x3026,0x694B,0x7AAE,0x38E7,0x1003,0x1003,0x1003,0x1003,
  0x1003,0x1003,0x1003,0x1004,0x1804,0x1825,0x2025,0x2806,0x3807,0x68AA,0x8BF1,0x8C51,
  0x8BF1,0x82AF,0x798E,0x586A,0x4009,0x590B,0x512C,0x416C,0x4A0E,0x398C,0x392C,0x40CB,
  0x486A,0x4849,0x4027,0x2804,0x4868,0x4027,0x3027,0x1827,0x2027,0x1005,0x1847,0x1847,
  0x0805,0x1827,0x2048,0x206A,0x184A,0x296E,0x30EB,0x2847,0x2006,0x3048,0x2006,0x1804,
  0x2827,0x2868,0x1826,0x1025,0x0804,0x0803,0x1004,0x1004,0x0803,0x1804,0x608B,0x8AD0,
  0x8B50,0x80CC,0x5008,0x3025,0x5828,0x2005,0x0002,0x0802,0x1003,0x0802,0x0803,0x1804,
  0x3026,0x2805,0x60CB,0x822F,0x48C9,0x0803,0x1003,0x0802,0x0802,0x1023,0x0002,0x0803,
  0x0802,0x0001,0x0001,0x0823,0x0001,0x0001,0x0002,0x0001,0x0002,0x0002,0x0001,0x1003,
  0x0000,0x0000,0x0000,0x0000,0x0000,0x0000,0x0000,0x0000,0x0000,0x0000,0x0000,0x0000,
  0x0000,0x0000,0x0000,0x0000,0x0000,0x0000,0x0000,0x0000,0x0801,0x2804,0x0000,0x0000,
  0x0000,0x0000,0x0000,0x0000,0x0000,0x0000,0x0000,0x0000,0x0001,0x0001,0x0001,0x0001,
  0x0000,0x0000,0x0000,0x0801,0x0801,0x0001,0x0801,0x0001,0x0001,0x0001,0x0001,0x1823,
  0x2804,0x4806,0x3805,0x7869,0x8029,0x7809,0x3804,0x1803,0x28C7,0x390A,0x1045,0x0803,
  0x0803,0x0803,0x0802,0x0802,0x0802,0x0803,0x0803,0x0803,0x0803,0x1024,0x1026,0x1844,
  0x1023,0x0802,0x0802,0x0802,0x1003,0x0802,0x1003,0x2005,0x3047,0x1825,0x1004,0x1804,
  0x1824,0x1824,0x2027,0x494C,0x30C8,0x2826,0x596B,0x592A,0x58E9,0x610A,0x7AAE,0x7A6E,
  0x79ED,0x790C,0x70EB,0x7A0D,0x82CF,0x614B,0x3806,0x2004,0x1803,0x1803,0x1803,0x1803,
  0x1003,0x1003,0x1002,0x1002,0x1002,0x1803,0x1803,0x40C7,0x71AC,0x40A7,0x1002,0x1804,
  0x2004,0x3846,0x71EC,0x3826,0x2004,0x1003,0x1003,0x0803,0x0803,0x1804,0x4068,0x61CC,
  0x3027,0x1804,0x1003,0x1804,0x3867,0x61CB,0x38C7,0x1803,0x1003,0x1003,0x1003,0x1003,
  0x1003,0x1003,0x1003,0x1004,0x1004,0x1805,0x2005,0x4828,0x610B,0x7A6E,0x82CF,0x792D,
  0x822F,0x82F0,0x8310,0x6A2E,0x484A,0x596D,0x7290,0x5AF0,0x31AD,0x416C,0x50EC,0x482A,
  0x3007,0x4048,0x2825,0x4048,0x4007,0x5829,0x4049,0x4069,0x2829,0x2848,0x1827,0x1828,
  0x1848,0x1848,0x1027,0x1828,0x2869,0x30EA,0x496A,0x3888,0x2026,0x2827,0x2026,0x2826,
  0x3868,0x3068,0x2827,0x1004,0x1003,0x1003,0x1004,0x1805,0x1004,0x2826,0x68AB,0x82AF,
  0x816D,0x700A,0x3806,0x2005,0x1804,0x0803,0x1003,0x0802,0x1024,0x1825,0x3068,0x4889,
  0x4047,0x3006,0x4827,0x71AD,0x8B51,0x3868,0x1004,0x0803,0x0803,0x1845,0x0803,0x0002,
  0x0001,0x0001,0x0045,0x0887,0x0002,0x0002,0x0803,0x0002,0x0003,0x0803,0x0002,0x0002,
  0x0000,0x0000,0x0000,0x0000,0x0000,0x0000,0x0000,0x0000,0x0000,0x0001,0x0000,0x0000,
  0x0000,0x0000,0x0000,0x0000,0x0000,0x0000,0x0000,0x0000,0x0000,0x0000,0x0000,0x0000,
  0x0000,0x0000,0x0000,0x0000,0x0001,0x0000,0x0000,0x0000,0x0001,0x0001,0x0001,0x0801,
  0x0001,0x0801,0x0001,0x0802,0x0802,0x0000,0x0801,0x0001,0x0801,0x3004,0x1002,0x0801,
  0x1002,0x5848,0x3805,0x4005,0x7829,0x7829,0x4005,0x3805,0x1803,0x3067,0x1866,0x28E8,
  0x0824,0x0803,0x1004,0x1004,0x0803,0x1805,0x0803,0x0803,0x0803,0x1025,0x1069,0x0804,
  0x0802,0x0802,0x1803,0x2004,0x1003,0x1003,0x0803,0x1003,0x2025,0x1805,0x1804,0x1804,
  0x1004,0x2846,0x2847,0x30C9,0x414B,0x38E9,0x594B,0x5089,0x612A,0x7A6E,0x796C,0x5829,
  0x5008,0x5849,0x5008,0x602A,0x794D,0x8A8F,0x7A4E,0x618B,0x50C9,0x3846,0x2805,0x2004,
  0x2004,0x2004,0x2824,0x3065,0x40E7,0x596A,0x69CC,0x71EC,0x612A,0x5089,0x4067,0x2003,
  0x2804,0x3005,0x824E,0x4067,0x1003,0x1003,0x0803,0x0803,0x0803,0x1003,0x38C8,0x59AC,
  0x2806,0x1004,0x1004,0x2846,0x48A8,0x592A,0x69CC,0x69AC,0x5129,0x40A8,0x3046,0x2805,
  0x2005,0x2005,0x2005,0x2826,0x3067,0x48E9,0x69EC,0x82AF,0x8AF0,0x820E,0x58AB,0x612C,
  0x60EC,0x610D,0x60ED,0x7AEF,0x83B0,0x728E,0x6A8F,0x5A8F,0x51CD,0x58EC,0x4849,0x3027,
  0x3026,0x3027,0x4068,0x796D,0x794D,0x682A,0x5029,0x3008,0x2829,0x2028,0x1828,0x1828,
  0x2089,0x28AA,0x30CB,0x2066,0x2066,0x2024,0x0001,0x3847,0x58EB,0x2066,0x0803,0x1845,
  0x2867,0x1825,0x3848,0x1804,0x1003,0x1004,0x1004,0x2006,0x1805,0x2025,0x4048,0x600A,
  0x782B,0x606A,0x3806,0x3006,0x0803,0x0803,0x0803,0x0803,0x0803,0x60CC,0x4869,0x2826,
  0x1804,0x3026,0x2806,0x4008,0x7A8E,0x7ACF,0x2046,0x0803,0x0803,0x0803,0x0823,0x0002,
  0x0803,0x0002,0x0066,0x0087,0x0001,0x0002,0x0002,0x0802,0x0002,0x0001,0x0001,0x0804,
  0x0000,0x0001,0x0801,0x0000,0x0800,0x0801,0x0000,0x0000,0x0801,0x0000,0x0000,0x1002,
  0x1001,0x1001,0x0801,0x0000,0x0001,0x0000,0x0000,0x0000,0x0000,0x0000,0x0000,0x0000,
  0x0000,0x0000,0x0000,0x0001,0x0000,0x2003,0x3025,0x0000,0x0000,0x0001,0x0001,0x0801,
  0x0001,0x0801,0x0001,0x1802,0x3005,0x2003,0x0001,0x0801,0x0001,0x2003,0x2004,0x0802,
  0x1002,0x60A8,0x60C9,0x4805,0x6027,0x6007,0x5006,0x4005,0x5068,0x3005,0x2005,0x1845,
  0x2867,0x1826,0x1025,0x1004,0x1004,0x1005,0x0803,0x0804,0x0803,0x0824,0x18CB,0x2088,
  0x2004,0x1803,0x3026,0x1804,0x2025,0x1804,0x1003,0x2025,0x2026,0x3088,0x2026,0x3068,
  0x3889,0x2026,0x2025,0x0804,0x2888,0x516C,0x6A0E,0x79CD,0x830F,0x81CD,0x686A,0x5869,
  0x4008,0x3807,0x4027,0x4848,0x5849,0x5008,0x714C,0x822E,0x81CD,0x7A2E,0x7A4D,0x7A0D,
  0x71EC,0x71EC,0x71CC,0x71AC,0x616B,0x590A,0x50A8,0x2805,0x3846,0x4868,0x3826,0x2804,
  0x4087,0x3005,0x7A4E,0x594A,0x1803,0x1003,0x0803,0x0803,0x1003,0x1804,0x492A,0x514B,
  0x2006,0x1004,0x1825,0x2025,0x2025,0x2805,0x3847,0x3867,0x590A,0x71CD,0x71CD,0x720D,
  0x720D,0x6A0D,0x69EC,0x720D,0x7A2E,0x826F,0x69CD,0x612C,0x694C,0x4049,0x2828,0x408A,
  0x406A,0x408B,0x488B,0x616E,0x7B0F,0x730F,0x61CD,0x69EE,0x7A2E,0x692C,0x4849,0x2826,
  0x3847,0x2025,0x2006,0x3047,0x58AA,0x4829,0x584A,0x502A,0x2829,0x286A,0x2068,0x2087,
  0x1866,0x1825,0x1825,0x0802,0x1004,0x2806,0x2004,0x3847,0x50CA,0x1004,0x1824,0x2025,
  0x3868,0x3868,0x3047,0x0803,0x1004,0x0803,0x1004,0x0803,0x0803,0x1004,0x1004,0x3027,
  0x4048,0x1805,0x1804,0x1804,0x1805,0x0803,0x0803,0x0803,0x2067,0x4069,0x2806,0x1005,
  0x1805,0x1005,0x1805,0x2006,0x3008,0x620D,0x626E,0x0804,0x2066,0x1865,0x0002,0x0002,
  0x0002,0x0002,0x0001,0x0801,0x0803,0x0001,0x0802,0x0823,0x0001,0x0003,0x0826,0x1027,
  0x4806,0x5027,0x4806,0x4806,0x5006,0x5007,0x5006,0x4806,0x5007,0x4826,0x2023,0x5047,
  0x4805,0x4805,0x4806,0x0801,0x0000,0x0001,0x0000,0x0000,0x0000,0x0000,0x1022,0x1003,
  0x0001,0x0000,0x0001,0x0801,0x0000,0x0000,0x1002,0x1002,0x0802,0x1002,0x1803,0x1002,
  0x0000,0x0801,0x0801,0x0801,0x2804,0x3004,0x0001,0x0801,0x0801,0x1002,0x0801,0x0801,
  0x0801,0x4005,0x826E,0x6087,0x5806,0x4004,0x6007,0x3805,0x5027,0x3005,0x3006,0x1004,
  0x2025,0x3827,0x2847,0x1866,0x0803,0x1805,0x2046,0x0804,0x0804,0x1825,0x2025,0x3025,
  0x2804,0x2025,0x2025,0x1003,0x1804,0x2826,0x2025,0x2807,0x3849,0x498D,0x410B,0x2827,
  0x3067,0x1805,0x2847,0x3068,0x3889,0x4069,0x6A0D,0x8BF1,0x8AEF,0x790C,0x5049,0x5028,
  0x3826,0x2806,0x3806,0x4027,0x3826,0x3006,0x5849,0x5028,0x4807,0x4807,0x5047,0x5888,
  0x5068,0x4046,0x3005,0x3005,0x2804,0x2004,0x2804,0x2004,0x1003,0x1803,0x1003,0x1804,
  0x4027,0x4806,0x7A0D,0x69CC,0x1804,0x1003,0x0803,0x0803,0x1003,0x1805,0x51AC,0x490B,
  0x2007,0x1805,0x1804,0x0803,0x0802,0x1824,0x1824,0x1003,0x1803,0x2004,0x3006,0x3026,
  0x4067,0x4889,0x4068,0x4028,0x4007,0x4007,0x3007,0x488A,0x3809,0x2828,0x2827,0x2808,
  0x2828,0x3869,0x48AB,0x614D,0x724E,0x732F,0x8370,0x720E,0x616D,0x3869,0x1806,0x1005,
  0x0804,0x0805,0x1846,0x1826,0x2027,0x1025,0x1004,0x2006,0x38CA,0x40CA,0x2066,0x0803,
  0x1803,0x1003,0x0803,0x1805,0x1003,0x1804,0x2025,0x3045,0x3087,0x2046,0x3867,0x3027,
  0x3026,0x3847,0x2025,0x0802,0x1003,0x1003,0x1003,0x0803,0x2005,0x2005,0x0803,0x0803,
  0x1004,0x0803,0x1825,0x2026,0x0803,0x1025,0x1067,0x20CB,0x28EC,0x1806,0x1005,0x1005,
  0x1005,0x1805,0x1805,0x1806,0x2007,0x2849,0x59CE,0x1025,0x1024,0x1846,0x1004,0x2005,
  0x0802,0x0802,0x0802,0x0802,0x0802,0x0002,0x0002,0x1045,0x1047,0x1069,0x1828,0x1806,
  0x1802,0x1803,0x1803,0x1803,0x1802,0x1803,0x2003,0x2003,0x1803,0x2004,0x2003,0x1802,
  0x4046,0x1001,0x2803,0x3025,0x0000,0x0000,0x0000,0x0001,0x0001,0x0000,0x1864,0x3067,
  0x2025,0x0801,0x0000,0x0000,0x0001,0x0000,0x0000,0x0001,0x0000,0x0000,0x0801,0x1802,
  0x1002,0x0801,0x1802,0x1802,0x2824,0x0001,0x0801,0x0001,0x0802,0x0801,0x1002,0x2003,
  0x2024,0x3804,0x79EC,0x798B,0x6807,0x4805,0x5806,0x3805,0x4806,0x1803,0x3026,0x3046,
  0x0803,0x1804,0x2006,0x2888,0x410A,0x5089,0x3049,0x1048,0x30A9,0x1824,0x1002,0x1003,
  0x2005,0x40C8,0x48A9,0x3047,0x2826,0x3867,0x2806,0x2006,0x2806,0x30A8,0x30C9,0x2026,
  0x1003,0x1804,0x2026,0x2826,0x2826,0x48AA,0x612C,0x726D,0x82AE,0x70AB,0x5869,0x3807,
  0x3006,0x2806,0x2806,0x3006,0x3006,0x2805,0x3006,0x3806,0x2805,0x1804,0x2004,0x2004,
  0x1804,0x1804,0x1003,0x1003,0x1003,0x1003,0x1003,0x1804,0x1003,0x1003,0x1003,0x1803,
  0x4847,0x5027,0x79CD,0x6A4D,0x2005,0x1804,0x0803,0x1003,0x1003,0x2006,0x620E,0x30A9,
  0x2827,0x1805,0x0803,0x0803,0x0802,0x1003,0x0803,0x0803,0x0803,0x0803,0x1003,0x1003,
  0x1003,0x1804,0x1004,0x1804,0x1804,0x3026,0x3869,0x40CA,0x2828,0x2007,0x2827,0x2848,
  0x2848,0x2849,0x3049,0x590C,0x724F,0x8BF1,0x6A8E,0x596D,0x494D,0x288A,0x1847,0x1006,
  0x2869,0x30AB,0x308A,0x1826,0x1004,0x1005,0x1845,0x1866,0x2065,0x1804,0x2026,0x1805,
  0x1003,0x2825,0x1004,0x1003,0x1003,0x1003,0x1003,0x0802,0x3067,0x48C9,0x1003,0x1003,
  0x1804,0x2004,0x0803,0x1004,0x0803,0x0002,0x0803,0x0803,0x2005,0x2025,0x2867,0x2046,
  0x2026,0x1005,0x1805,0x2047,0x110B,0x196E,0x212E,0x310E,0x288C,0x408A,0x1806,0x1806,
  0x1805,0x2827,0x1806,0x2028,0x306A,0x59EF,0x30CA,0x1004,0x1003,0x0803,0x1003,0x2004,
  0x1003,0x0802,0x0802,0x0802,0x0802,0x0802,0x0803,0x2067,0x20AB,0x1848,0x2006,0x1806,
  0x4047,0x4026,0x4006,0x4827,0x4806,0x4027,0x4006,0x4006,0x3806,0x3806,0x4807,0x0801,
  0x4046,0x4806,0x4005,0x4848,0x1003,0x0000,0x0001,0x0001,0x0001,0x0801,0x0000,0x0801,
  0x1023,0x0001,0x0000,0x0801,0x0001,0x0001,0x0801,0x0001,0x0000,0x0000,0x0801,0x0801,
  0x0801,0x2844,0x3805,0x2004,0x1803,0x0801,0x0801,0x0801,0x1002,0x2803,0x1001,0x1802,
  0x3044,0x3804,0x68E9,0x824D,0x5847,0x5806,0x6007,0x3805,0x3805,0x3005,0x2025,0x3867,
  0x1003,0x1003,0x2005,0x2046,0x4068,0x48CA,0x31EE,0x18EB,0x2046,0x2045,0x1824,0x2024,
  0x2005,0x2024,0x2825,0x1804,0x4068,0x506A,0x408A,0x488A,0x4069,0x2006,0x2026,0x2046,
  0x2025,0x1003,0x2025,0x1804,0x3067,0x58EB,0x58CB,0x836F,0x82EF,0x714C,0x5849,0x3006,
  0x3827,0x2806,0x3006,0x3006,0x2805,0x2004,0x1804,0x1804,0x1804,0x1003,0x1003,0x1003,
  0x1003,0x1003,0x1003,0x1003,0x1003,0x0802,0x0802,0x1003,0x1003,0x0802,0x1003,0x1002,
  0x4087,0x70EB,0x798C,0x724D,0x2004,0x1804,0x1003,0x1003,0x1003,0x2027,0x620E,0x3069,
  0x2827,0x2006,0x0803,0x0803,0x0802,0x0802,0x0802,0x0802,0x0802,0x0803,0x1003,0x1003,
  0x1003,0x1003,0x1003,0x1003,0x1804,0x3027,0x1806,0x2047,0x2048,0x1827,0x1807,0x1827,
  0x2028,0x386A,0x306A,0x48AB,0x7ACF,0x83B0,0x6A6E,0x512C,0x494C,0x30AB,0x308A,0x2869,
  0x38EC,0x48EC,0x2828,0x2047,0x1005,0x2047,0x2867,0x1826,0x1805,0x1005,0x3068,0x2826,
  0x3067,0x2005,0x1804,0x1003,0x1804,0x2806,0x2004,0x2825,0x3046,0x4089,0x2004,0x1003,
  0x1804,0x2006,0x1004,0x1825,0x1004,0x1845,0x1825,0x1025,0x2047,0x1826,0x1025,0x0825,
  0x0806,0x1026,0x1048,0x218E,0x4B91,0x3B11,0x394F,0x2849,0x2028,0x404A,0x4049,0x3849,
  0x3028,0x1806,0x2027,0x2007,0x2869,0x51CE,0x1825,0x1003,0x0803,0x0802,0x0001,0x1003,
  0x1824,0x1003,0x1824,0x0802,0x0802,0x0802,0x0002,0x1004,0x2049,0x1005,0x2006,0x2007,
  0x786E,0x706D,0x706D,0x684C,0x600B,0x682B,0x704C,0x786D,0x682B,0x680A,0x802C,0x2003,
  0x2003,0x6829,0x6009,0x68CB,0x2887,0x0000,0x0001,0x0001,0x0001,0x0000,0x0001,0x0000,
  0x0000,0x0000,0x0001,0x0801,0x0000,0x0001,0x0801,0x0000,0x0001,0x0001,0x1002,0x1802,
  0x2023,0x2023,0x1002,0x0801,0x0001,0x0801,0x0801,0x1002,0x2003,0x3866,0x3805,0x2003,
  0x1002,0x3804,0x60C9,0x828E,0x690A,0x6007,0x7008,0x5067,0x3846,0x3005,0x2004,0x1803,
  0x1803,0x1804,0x2805,0x2805,0x3806,0x2827,0x28CA,0x1805,0x1803,0x2826,0x2805,0x1804,
  0x3826,0x3005,0x1803,0x1803,0x1803,0x3847,0x58AA,0x58CB,0x4068,0x508A,0x3047,0x2846,
  0x1804,0x1003,0x1825,0x4068,0x4069,0x3868,0x7A8F,0x8BD0,0x79CD,0x71AC,0x5089,0x3006,
  0x2806,0x2806,0x2806,0x2005,0x1804,0x1003,0x1003,0x1003,0x1804,0x1003,0x1003,0x1003,
  0x1003,0x1003,0x1003,0x1003,0x1003,0x0802,0x0802,0x0802,0x0802,0x0802,0x0802,0x1003,
  0x3867,0x712B,0x68EA,0x7A8E,0x2805,0x1003,0x1003,0x1003,0x1004,0x2027,0x59CD,0x3069,
  0x3869,0x2026,0x0803,0x0803,0x0802,0x0802,0x0802,0x0802,0x0802,0x0802,0x0803,0x0803,
  0x1003,0x1003,0x1003,0x0803,0x1825,0x2046,0x0805,0x1005,0x1867,0x1848,0x1828,0x1827,
  0x2028,0x38AA,0x48CB,0x61EE,0x720E,0x8330,0x7B90,0x410D,0x28CC,0x30EB,0x392C,0x288A,
  0x30AA,0x306A,0x2828,0x2848,0x2848,0x2828,0x2847,0x2848,0x2848,0x38CA,0x4069,0x3046,
  0x2886,0x1804,0x1003,0x1804,0x2805,0x1803,0x1002,0x2805,0x3006,0x5089,0x3847,0x1804,
  0x2826,0x2026,0x2026,0x2846,0x3868,0x4889,0x2827,0x20C9,0x1889,0x1046,0x10A8,0x18A8,
  0x1047,0x1047,0x1069,0x192F,0x2A0F,0x3A30,0x306B,0x2008,0x2828,0x2808,0x3829,0x486A,
  0x3029,0x2008,0x3049,0x2028,0x306A,0x2067,0x0803,0x1003,0x0803,0x0802,0x0802,0x2004,
  0x0803,0x1003,0x1003,0x0802,0x0802,0x0802,0x0001,0x2067,0x186B,0x1028,0x2027,0x1805,
  0x30CB,0x38EC,0x38EC,0x30EC,0x28CB,0x30CB,0x38CB,0x38CC,0x390D,0x30AB,0x408B,0x2866,
  0x1021,0x30A8,0x1867,0x2129,0x316B,0x0001,0x0001,0x0801,0x0801,0x0001,0x0000,0x0000,
  0x0801,0x0801,0x0001,0x0000,0x1803,0x1802,0x0000,0x0001,0x0801,0x0801,0x0801,0x1802,
  0x2824,0x3004,0x2003,0x1803,0x1802,0x1001,0x2803,0x2003,0x2003,0x1001,0x3804,0x4806,
  0x3805,0x3004,0x5848,0x826D,0x79AB,0x5806,0x5006,0x3005,0x2805,0x4047,0x2805,0x3006,
  0x2806,0x2005,0x2806,0x3026,0x3026,0x4868,0x5069,0x3026,0x4047,0x2805,0x3006,0x4027,
  0x3806,0x5028,0x3807,0x2805,0x1804,0x0802,0x1803,0x3046,0x3827,0x4868,0x3026,0x2004,
  0x1804,0x2826,0x3026,0x3027,0x3868,0x3848,0x590B,0x824E,0x790C,0x68AA,0x71AC,0x4068,
  0x4027,0x4028,0x2806,0x1805,0x1004,0x1804,0x0803,0x1003,0x1003,0x0803,0x0802,0x0803,
  0x0803,0x1003,0x1003,0x0802,0x0802,0x0802,0x0802,0x0802,0x0802,0x0802,0x1003,0x1803,
  0x3846,0x68AA,0x68AA,0x7AAE,0x2805,0x1804,0x1003,0x1003,0x1004,0x2867,0x61EE,0x3048,
  0x3048,0x1826,0x0803,0x0803,0x0802,0x0802,0x0802,0x0802,0x0802,0x0802,0x0802,0x0802,
  0x1003,0x1003,0x0803,0x0803,0x0804,0x1005,0x0805,0x1005,0x1027,0x1028,0x1828,0x2028,
  0x2849,0x2849,0x40CB,0x61ED,0x7AF0,0x8310,0x83D0,0x418F,0x41CE,0x416D,0x410B,0x2028,
  0x2068,0x3069,0x3048,0x2007,0x2827,0x408A,0x40AB,0x386A,0x40AB,0x3868,0x2826,0x3026,
  0x0803,0x1003,0x1804,0x3847,0x588A,0x3807,0x5068,0x614B,0x694C,0x610C,0x3067,0x2826,
  0x3849,0x2027,0x1825,0x1026,0x0806,0x20CB,0x30CB,0x18A8,0x1868,0x1025,0x1045,0x0804,
  0x0804,0x0803,0x0804,0x10AB,0x214E,0x51CE,0x388B,0x386A,0x3029,0x2007,0x1806,0x2007,
  0x2828,0x2029,0x284A,0x38CB,0x2848,0x2046,0x0803,0x0002,0x0802,0x0802,0x1804,0x1804,
  0x0803,0x1003,0x0802,0x0802,0x0803,0x0803,0x1825,0x1024,0x0804,0x0803,0x0803,0x0802,
  0x0888,0x10C9,0x0887,0x08A8,0x0887,0x1887,0x1046,0x0866,0x116B,0x092B,0x08C9,0x18E8,
  0x0820,0x1969,0x0087,0x0908,0x422D,0x0803,0x0000,0x0001,0x0000,0x0001,0x0801,0x0001,
  0x0801,0x1802,0x1002,0x0801,0x2804,0x2803,0x0000,0x0801,0x1002,0x0001,0x0801,0x1002,
  0x0801,0x1803,0x1803,0x1802,0x2803,0x3065,0x4067,0x4005,0x3804,0x4005,0x2803,0x4006,
  0x5027,0x2803,0x4806,0x796B,0x81CC,0x5806,0x3805,0x4006,0x4827,0x3806,0x4007,0x60EB,
  0x690C,0x616B,0x4048,0x3006,0x2004,0x2004,0x3005,0x4046,0x3005,0x4027,0x3005,0x3006,
  0x2805,0x4007,0x5028,0x4007,0x4848,0x4027,0x4026,0x2003,0x2024,0x1803,0x2845,0x2825,
  0x3006,0x3868,0x2025,0x2826,0x2847,0x50EB,0x616C,0x70CA,0x790B,0x6089,0x60CA,0x71AD,
  0x586A,0x4028,0x2806,0x1004,0x1004,0x1003,0x0803,0x0803,0x0803,0x0802,0x0803,0x0802,
  0x0802,0x0802,0x0802,0x0802,0x0802,0x0802,0x0802,0x0802,0x0802,0x0802,0x1003,0x1803,
  0x3026,0x688A,0x714B,0x7ACE,0x2805,0x1804,0x1003,0x1003,0x1004,0x2867,0x622E,0x3048,
  0x2027,0x1805,0x0803,0x0803,0x0803,0x0803,0x0802,0x0802,0x0802,0x0802,0x0803,0x0802,
  0x0803,0x0803,0x0803,0x0802,0x0803,0x0804,0x0804,0x0805,0x0806,0x1869,0x1849,0x2028,
  0x386A,0x38AB,0x514C,0x488B,0x71EE,0x82D0,0x83D1,0x5A50,0x59CE,0x510C,0x302A,0x306A,
  0x38AA,0x304A,0x306A,0x3089,0x3889,0x38EA,0x494C,0x3889,0x3888,0x1804,0x1804,0x3847,
  0x1805,0x1804,0x2805,0x3026,0x2826,0x68A9,0x80CA,0x796D,0x58EC,0x488B,0x2067,0x0803,
  0x1804,0x0803,0x0803,0x1866,0x1025,0x2068,0x2847,0x1805,0x1805,0x1804,0x1003,0x1004,
  0x1805,0x1004,0x1868,0x294C,0x40EB,0x486B,0x304A,0x2829,0x2808,0x2007,0x2007,0x2808,
  0x2008,0x38CB,0x50ED,0x3048,0x1805,0x3047,0x3006,0x3847,0x1003,0x1003,0x1004,0x0803,
  0x0803,0x1003,0x1803,0x1003,0x0802,0x1003,0x2047,0x1003,0x1803,0x1804,0x0802,0x0802,
  0x08C8,0x10E9,0x08C8,0x0887,0x08C8,0x10A7,0x0866,0x0887,0x116B,0x094B,0x08E8,0x220B,
  0x0001,0x21A9,0x00E9,0x016B,0x52AF,0x1045,0x0001,0x0801,0x0001,0x0001,0x0001,0x0001,
  0x0801,0x2803,0x0801,0x0801,0x0801,0x1001,0x2003,0x2804,0x2804,0x2003,0x2804,0x2003,
  0x1002,0x1803,0x2804,0x2003,0x4847,0x698D,0x510A,0x4005,0x2003,0x2803,0x5068,0x5847,
  0x4806,0x4846,0x5027,0x7089,0x820D,0x70C9,0x5806,0x5047,0x5008,0x5828,0x4807,0x68EB,
  0x7A2E,0x692B,0x714D,0x4068,0x2805,0x2805,0x3826,0x4869,0x4868,0x4007,0x2805,0x3826,
  0x3026,0x2804,0x2805,0x4048,0x3846,0x4027,0x4027,0x3826,0x3827,0x3847,0x4088,0x4068,
  0x504A,0x4048,0x2005,0x3848,0x3869,0x58EB,0x71ED,0x798C,0x6869,0x4848,0x3806,0x616B,
  0x69AD,0x3849,0x40CA,0x2026,0x1004,0x1003,0x0803,0x0803,0x0802,0x0802,0x0802,0x0802,
  0x0802,0x0802,0x0802,0x0802,0x0802,0x0802,0x0802,0x0802,0x0802,0x0802,0x1003,0x1803,
  0x3806,0x5828,0x790B,0x7A8E,0x3006,0x1804,0x1003,0x1004,0x1004,0x2847,0x620E,0x3069,
  0x2026,0x1806,0x1024,0x0803,0x0803,0x0803,0x0802,0x0802,0x0802,0x0802,0x0802,0x0803,
  0x0803,0x0802,0x0802,0x0803,0x0803,0x0804,0x0804,0x0804,0x0805,0x1047,0x1889,0x38EB,
  0x40AB,0x722E,0x69ED,0x486B,0x58AC,0x82B0,0x83F1,0x72D0,0x6A2F,0x384A,0x386A,0x388A,
  0x40CB,0x40EC,0x38EB,0x2868,0x40AA,0x40CB,0x38CA,0x2847,0x2026,0x1805,0x1805,0x1805,
  0x2806,0x3827,0x4007,0x5049,0x4027,0x60A9,0x70AA,0x48AC,0x388B,0x50EB,0x48CB,0x3868,
  0x3026,0x2847,0x2826,0x2005,0x2025,0x1803,0x2004,0x1804,0x1003,0x2004,0x2005,0x2005,
  0x2805,0x3028,0x30EC,0x596D,0x70CC,0x588C,0x386B,0x3049,0x3849,0x2828,0x2809,0x302A,
  0x48ED,0x40AB,0x3807,0x3006,0x2805,0x2005,0x3807,0x504A,0x4829,0x610C,0x3047,0x2806,
  0x2806,0x2005,0x3026,0x2825,0x1003,0x3026,0x2806,0x1804,0x2805,0x2005,0x1804,0x2004,
  0x08E9,0x11CD,0x094B,0x014B,0x01AD,0x090A,0x08C9,0x00C8,0x0087,0x094A,0x00E9,0x1A2C,
  0x0084,0x1148,0x00E9,0x016B,0x52B0,0x2066,0x0000,0x0801,0x0001,0x0801,0x0801,0x0802,
  0x1002,0x0001,0x1002,0x0801,0x0801,0x1002,0x1802,0x1802,0x0801,0x3024,0x3805,0x40C7,
  0x3866,0x3825,0x1802,0x3825,0x2804,0x3805,0x4806,0x5026,0x4805,0x4005,0x5827,0x5027,
  0x6028,0x5027,0x6869,0x708A,0x8AAE,0x798B,0x6828,0x6089,0x6049,0x6049,0x686A,0x6009,
  0x68CB,0x5049,0x5889,0x694C,0x60EB,0x5069,0x588A,0x68EC,0x608B,0x610B,0x60EB,0x5029,
  0x3807,0x4048,0x3827,0x2805,0x3007,0x3006,0x2004,0x1804,0x1003,0x2005,0x3026,0x2025,
  0x3868,0x506A,0x3047,0x4069,0x3869,0x486A,0x58CB,0x81CD,0x6029,0x5048,0x4807,0x71CC,
  0x71ED,0x510B,0x2848,0x2846,0x1004,0x0803,0x0803,0x0803,0x0802,0x0802,0x0802,0x0802,
  0x0802,0x0803,0x0802,0x0802,0x0802,0x0802,0x0802,0x0802,0x1003,0x1003,0x1003,0x1804,
  0x3005,0x5048,0x78EB,0x7A6D,0x3006,0x1804,0x1003,0x1003,0x1004,0x2867,0x61AD,0x3049,
  0x2027,0x1806,0x2026,0x0803,0x0803,0x1024,0x0803,0x0802,0x0802,0x0802,0x0802,0x0803,
  0x0803,0x0802,0x0803,0x0003,0x0003,0x0803,0x0804,0x0804,0x0825,0x1026,0x1027,0x38EB,
  0x616D,0x82AF,0x696D,0x506C,0x698E,0x7A6F,0x72AF,0x512D,0x598D,0x3069,0x2027,0x3088,
  0x3088,0x596C,0x3889,0x3028,0x586A,0x68EC,0x486A,0x610B,0x48AA,0x2806,0x2827,0x3007,
  0x3828,0x5849,0x602A,0x606A,0x584A,0x58AB,0x48EB,0x286C,0x306A,0x4069,0x4069,0x506A,
  0x5069,0x40A9,0x3046,0x2025,0x1803,0x1003,0x1003,0x1804,0x0803,0x1003,0x2805,0x3025,
  0x3026,0x5049,0x69CD,0x792D,0x790D,0x60CC,0x406B,0x404B,0x402A,0x302A,0x302A,0x388C,
  0x388A,0x2005,0x2005,0x1804,0x2005,0x2826,0x1805,0x2005,0x4068,0x3067,0x2826,0x2806,
  0x3006,0x3807,0x3007,0x4849,0x4829,0x3807,0x3847,0x50C9,0x4848,0x4848,0x4869,0x4849,
  0x0045,0x0086,0x08A7,0x0086,0x00A7,0x0045,0x0045,0x0045,0x0044,0x0066,0x0046,0x11AB,
  0x08C6,0x00C6,0x0086,0x0086,0x420E,0x28A8,0x0001,0x0801,0x0001,0x0001,0x0001,0x1002,
  0x0802,0x1002,0x2023,0x1803,0x1002,0x1802,0x2003,0x3844,0x4005,0x4005,0x3805,0x3045,
  0x3025,0x3805,0x4006,0x3805,0x3805,0x5006,0x6828,0x6808,0x6007,0x4005,0x6848,0x6007,
  0x5807,0x5828,0x6869,0x7029,0x8A4E,0x81CC,0x7008,0x6849,0x6069,0x686A,0x5829,0x5028,
  0x5829,0x716C,0x60CA,0x5008,0x5889,0x5028,0x68EB,0x60CB,0x5049,0x824F,0x692C,0x4808,
  0x4008,0x4028,0x4028,0x4849,0x504A,0x4048,0x2805,0x2806,0x1804,0x1004,0x1003,0x1003,
  0x1805,0x2826,0x2025,0x3068,0x514C,0x7290,0x698E,0x714D,0x690B,0x60AA,0x5849,0x718C,
  0x71ED,0x61AD,0x30CB,0x1005,0x1004,0x1003,0x1003,0x0803,0x0802,0x0802,0x0802,0x0802,
  0x0802,0x0802,0x0802,0x0802,0x0802,0x0802,0x0802,0x0802,0x1804,0x1003,0x1003,0x3005,
  0x3006,0x5027,0x89EE,0x7AAE,0x3006,0x1804,0x1003,0x1003,0x1004,0x2867,0x6A2E,0x3869,
  0x2027,0x1806,0x1805,0x1003,0x0803,0x1004,0x0803,0x0802,0x0802,0x0802,0x0802,0x0803,
  0x0803,0x0802,0x0002,0x0003,0x0003,0x0803,0x0804,0x0805,0x0825,0x0806,0x1089,0x496D,
  0x7A8F,0x724E,0x58CB,0x690D,0x798F,0x82AF,0x7A2E,0x58EC,0x408A,0x408A,0x408A,0x3049,
  0x3049,0x480A,0x482A,0x586B,0x70CC,0x684B,0x504A,0x508A,0x58AB,0x68EC,0x506A,0x4869,
  0x4829,0x5049,0x584A,0x588C,0x614D,0x6A0F,0x51AE,0x414D,0x306B,0x488A,0x3848,0x50CB,
  0x68EC,0x48A9,0x2005,0x2025,0x1804,0x1804,0x1804,0x3048,0x3848,0x2004,0x2805,0x2805,
  0x4849,0x5049,0x3806,0x584A,0x606A,0x50A9,0x488A,0x50ED,0x50ED,0x40CE,0x48EF,0x388A,
  0x2005,0x3006,0x3006,0x2805,0x2005,0x2005,0x2806,0x2806,0x2806,0x2005,0x1803,0x1804,
  0x1804,0x1003,0x1003,0x1804,0x2005,0x1003,0x5029,0x886D,0x786D,0x78ED,0x584A,0x4828,
  0x0844,0x0823,0x0823,0x0823,0x0823,0x0023,0x0823,0x0023,0x0843,0x0865,0x0024,0x0108,
  0x0043,0x0064,0x0865,0x0023,0x398B,0x40EA,0x0801,0x0801,0x0801,0x1002,0x1802,0x0802,
  0x1002,0x2004,0x0001,0x1803,0x3025,0x4046,0x698C,0x78ED,0x4006,0x3005,0x3005,0x3005,
  0x5028,0x5028,0x4827,0x5028,0x6829,0x708A,0x6808,0x6829,0x788A,0x80CB,0x80EC,0x81AD,
  0x78CB,0x788B,0x810C,0x78AB,0x8A8F,0x8B0F,0x824D,0x81AD,0x78AB,0x78CC,0x686B,0x686A,
  0x706B,0x6029,0x6029,0x706B,0x702A,0x684A,0x704B,0x706B,0x4808,0x68AB,0x68CC,0x588A,
  0x58AA,0x4008,0x4869,0x4048,0x4068,0x3047,0x2025,0x1805,0x1004,0x1004,0x1804,0x1805,
  0x1805,0x1004,0x1004,0x2046,0x3088,0x410B,0x626F,0x61ED,0x726F,0x508A,0x4048,0x3807,
  0x4029,0x514C,0x390C,0x208A,0x1826,0x1005,0x1825,0x0803,0x0803,0x0802,0x0802,0x0802,
  0x0802,0x0802,0x0802,0x0802,0x0802,0x0802,0x0802,0x0802,0x2025,0x2825,0x3846,0x3006,
  0x3806,0x4807,0x8A2E,0x7A8E,0x2805,0x1804,0x1003,0x1003,0x1004,0x2847,0x6A4E,0x40AB,
  0x2027,0x1806,0x2026,0x2867,0x2866,0x1804,0x0803,0x0803,0x0802,0x0802,0x0802,0x0803,
  0x0802,0x0802,0x0802,0x0803,0x0003,0x0803,0x0804,0x0005,0x0005,0x0888,0x110C,0x288A,
  0x48CA,0x2808,0x2849,0x50AC,0x71EE,0x8BB0,0x82AF,0x60AB,0x486A,0x592D,0x614E,0x698F,
  0x612D,0x696E,0x714E,0x79EF,0x82D0,0x798D,0x70CC,0x68AC,0x60CC,0x70ED,0x68CC,0x482A,
  0x484A,0x586A,0x588B,0x726F,0x7AD0,0x512E,0x390D,0x30CC,0x286A,0x2828,0x2007,0x3027,
  0x5049,0x588A,0x4888,0x2005,0x1804,0x0803,0x1004,0x3848,0x3848,0x3006,0x3806,0x2005,
  0x4068,0x4027,0x3827,0x3806,0x4007,0x2805,0x4027,0x60AB,0x794E,0x726F,0x720F,0x606B,
  0x5829,0x4007,0x4007,0x4808,0x4809,0x58AB,0x60EC,0x604A,0x4008,0x3807,0x2005,0x2806,
  0x4028,0x1805,0x1004,0x1804,0x2005,0x4809,0x602C,0x702C,0x684D,0x606D,0x790E,0x70AE,
  0x0022,0x0822,0x0822,0x0022,0x0022,0x0022,0x0022,0x0022,0x0023,0x0023,0x0002,0x00C6,
  0x0043,0x0822,0x0823,0x0001,0x3109,0x40CA,0x0802,0x0802,0x0802,0x0802,0x1002,0x1003,
  0x1824,0x2025,0x3826,0x5049,0x5029,0x3025,0x3026,0x4869,0x4889,0x4028,0x5829,0x682A,
  0x6008,0x6008,0x7009,0x7009,0x784A,0x80CC,0x804A,0x80EC,0x89CE,0x8A2F,0x816D,0x792C,
  0x708B,0x686A,0x688A,0x708A,0x810C,0x8A2E,0x8AAF,0x80EC,0x706B,0x688B,0x608B,0x5829,
  0x68AB,0x682A,0x788C,0x896E,0x812D,0x8A0F,0x8B30,0x89EE,0x6869,0x6029,0x708B,0x608A,
  0x68CB,0x506A,0x4828,0x3046,0x1824,0x2025,0x2847,0x2005,0x2025,0x1804,0x2887,0x49CD,
  0x2888,0x1826,0x2027,0x3068,0x2848,0x48CC,0x726F,0x8370,0x7B0F,0x50EB,0x3027,0x2807,
  0x3028,0x2007,0x2027,0x2069,0x2089,0x2068,0x2046,0x0804,0x0803,0x0803,0x0802,0x0802,
  0x0802,0x0802,0x0802,0x0802,0x0802,0x0802,0x1003,0x1003,0x1803,0x4867,0x3806,0x4807,
  0x4827,0x6028,0x8A4E,0x720D,0x3006,0x1804,0x1003,0x1004,0x1804,0x2848,0x6A6E,0x48EC,
  0x3049,0x2027,0x2006,0x4088,0x3888,0x1804,0x1003,0x0803,0x0802,0x0802,0x0802,0x1003,
  0x0803,0x0803,0x1003,0x0803,0x0803,0x0804,0x0825,0x1047,0x10A9,0x110C,0x10CA,0x1848,
  0x2028,0x3049,0x3049,0x406B,0x712E,0x8BD0,0x8C31,0x7A6E,0x60EC,0x58CC,0x690D,0x58AB,
  0x4089,0x40AA,0x484A,0x68CC,0x68CC,0x586B,0x504A,0x4049,0x4048,0x3007,0x3808,0x50AB,
  0x71EE,0x606B,0x79EE,0x8C71,0x8390,0x598E,0x412E,0x412E,0x410D,0x304A,0x488B,0x504A,
  0x582A,0x686B,0x794D,0x5809,0x5029,0x5049,0x604B,0x582A,0x692D,0x68ED,0x60ED,0x60CC,
  0x4007,0x3806,0x5028,0x584A,0x5809,0x684B,0x702B,0x6009,0x5009,0x586A,0x608B,0x4807,
  0x4807,0x5048,0x5028,0x5809,0x796E,0x8A90,0x690B,0x4007,0x4007,0x3807,0x3807,0x3006,
  0x3847,0x2806,0x4027,0x586A,0x694D,0x48AC,0x284A,0x388B,0x388C,0x286B,0x38CB,0x306A,
  0x0001,0x0001,0x0001,0x0001,0x0001,0x0001,0x0001,0x0002,0x0001,0x0001,0x0001,0x0043,
  0x0022,0x0801,0x0802,0x0001,0x2087,0x596D,0x492A,0x40C9,0x48EA,0x40CA,0x40C9,0x510B,
  0x4088,0x3026,0x2805,0x2805,0x3006,0x3006,0x3006,0x4049,0x586B,0x4809,0x586A,0x708C,
  0x684A,0x68CB,0x790B,0x80CB,0x806A,0x804A,0x88AC,0x886B,0x882A,0x88AC,0x808C,0x784C,
  0x606A,0x4828,0x684A,0x702A,0x80ED,0x8A0F,0x894D,0x706B,0x602A,0x4829,0x4828,0x4829,
  0x60AB,0x606A,0x706B,0x78EC,0x898E,0x820E,0x8BD0,0x8A0E,0x892C,0x816D,0x818E,0x81CE,
  0x60EB,0x4849,0x4848,0x1804,0x3067,0x3027,0x2006,0x2846,0x2866,0x2066,0x28A8,0x38E9,
  0x30A8,0x3048,0x3048,0x2827,0x3048,0x48CB,0x722F,0x82D0,0x8B71,0x7A6F,0x614D,0x40AA,
  0x408A,0x490B,0x2847,0x1826,0x1026,0x1888,0x1026,0x0803,0x0804,0x0803,0x0803,0x0803,
  0x0802,0x0803,0x0803,0x0802,0x1003,0x1003,0x1003,0x40A7,0x50E9,0x4867,0x5088,0x68CA,
  0x4807,0x5849,0x8B10,0x71ED,0x3006,0x1804,0x1003,0x1003,0x1804,0x2007,0x620D,0x490C,
  0x306A,0x2828,0x3069,0x614C,0x3887,0x2846,0x1003,0x1804,0x1003,0x0803,0x1003,0x0803,
  0x0803,0x0803,0x0803,0x0803,0x0804,0x1005,0x1006,0x28EA,0x10CA,0x108A,0x1889,0x2048,
  0x388A,0x406A,0x384B,0x58ED,0x82B0,0x7ACF,0x8390,0x7A6F,0x58EC,0x3829,0x506B,0x504B,
  0x4029,0x2007,0x3008,0x5069,0x5849,0x5029,0x4869,0x2806,0x3848,0x3828,0x4089,0x406A,
  0x610C,0x586A,0x608B,0x8350,0x7AD0,0x40AD,0x38ED,0x30AB,0x284A,0x3029,0x2828,0x5029,
  0x5029,0x6029,0x5028,0x4027,0x4028,0x4849,0x4849,0x5069,0x686C,0x71CE,0x8351,0x68AC,
  0x5809,0x5029,0x5008,0x602A,0x704B,0x682A,0x6009,0x5009,0x5009,0x5809,0x5809,0x5008,
  0x4007,0x3806,0x4807,0x4807,0x5049,0x688B,0x686B,0x5029,0x4008,0x4808,0x4808,0x4808,
  0x4809,0x60CB,0x708C,0x70ED,0x618F,0x512E,0x306B,0x286A,0x288A,0x286A,0x204A,0x30ED,
  0x0001,0x0001,0x0001,0x0001,0x0001,0x0001,0x0001,0x0001,0x0001,0x0001,0x0000,0x0022,
  0x0001,0x0801,0x0001,0x0001,0x1024,0x3889,0x3025,0x2004,0x2025,0x2005,0x2025,0x3047,
  0x3887,0x3046,0x2805,0x3807,0x3005,0x3806,0x4008,0x504A,0x502A,0x608C,0x506A,0x68EC,
  0x606B,0x68EC,0x822F,0x8B30,0x810C,0x808B,0x7829,0x7008,0x6808,0x6849,0x5828,0x6069,
  0x606A,0x70AC,0x814E,0x88ED,0x88ED,0x814D,0x812D,0x686A,0x5829,0x584A,0x4829,0x504A,
  0x68EC,0x712D,0x706B,0x70EB,0x78AB,0x706A,0x794B,0x70CA,0x7049,0x708A,0x706B,0x71AC,
  0x590A,0x4848,0x3827,0x2805,0x2005,0x1805,0x1805,0x1004,0x1024,0x0803,0x0803,0x1004,
  0x0803,0x0803,0x1024,0x1825,0x2027,0x310B,0x59AE,0x696D,0x69AE,0x7A8F,0x69EE,0x58ED,
  0x510D,0x48CC,0x40CC,0x2849,0x1006,0x1827,0x2089,0x1846,0x0804,0x0804,0x0803,0x0803,
  0x0803,0x1003,0x1003,0x1803,0x1804,0x1003,0x1804,0x592A,0x71AC,0x68EA,0x716C,0x79AD,
  0x6049,0x70AA,0x8BB1,0x69AC,0x3006,0x2025,0x1004,0x1003,0x1825,0x2007,0x59EC,0x61AE,
  0x386A,0x3049,0x50CC,0x48CA,0x59AB,0x596B,0x4108,0x2826,0x1003,0x1003,0x1003,0x1003,
  0x1003,0x0803,0x0803,0x0803,0x0804,0x0805,0x1068,0x10A9,0x190B,0x0889,0x206A,0x488B,
  0x488B,0x486C,0x610D,0x71EF,0x6A0E,0x508C,0x598D,0x590C,0x50CC,0x3849,0x4049,0x3829,
  0x3829,0x2807,0x2827,0x2806,0x4829,0x4849,0x3828,0x3027,0x3848,0x508B,0x50AB,0x486A,
  0x408A,0x4068,0x502A,0x79EE,0x7AD0,0x596F,0x494E,0x2849,0x308A,0x3849,0x5029,0x5008,
  0x4808,0x4808,0x3807,0x3007,0x3048,0x3027,0x4089,0x4889,0x4007,0x58CB,0x58CB,0x582A,
  0x602A,0x684A,0x6009,0x702B,0x78AC,0x810D,0x784C,0x680A,0x602A,0x784C,0x704B,0x788D,
  0x786C,0x686C,0x70CD,0x706C,0x684B,0x684B,0x686B,0x794E,0x688C,0x71AE,0x712D,0x786D,
  0x786D,0x79AF,0x612D,0x508C,0x592E,0x48CD,0x386B,0x2849,0x2028,0x2029,0x2029,0x286A,
  0x0001,0x0001,0x0001,0x0001,0x0001,0x0001,0x0001,0x0001,0x0001,0x0001,0x0001,0x0001,
  0x0001,0x0801,0x0001,0x0001,0x1024,0x48AA,0x3025,0x0802,0x1803,0x0801,0x0802,0x2825,
  0x592B,0x48A9,0x2003,0x1803,0x2003,0x2003,0x1002,0x2805,0x3806,0x5089,0x4047,0x4047,
  0x5007,0x4807,0x706A,0x786A,0x8009,0x7009,0x6869,0x6829,0x70EC,0x6049,0x4806,0x5807,
  0x6809,0x700A,0x798D,0x78CC,0x806B,0x796D,0x788B,0x5829,0x5049,0x606A,0x5029,0x584A,
  0x4828,0x4027,0x5028,0x5048,0x5008,0x6089,0x688A,0x5808,0x4807,0x4807,0x4807,0x4007,
  0x4848,0x4048,0x3026,0x2025,0x2847,0x2005,0x1004,0x1004,0x1804,0x1004,0x1024,0x1004,
  0x1004,0x1004,0x1024,0x1825,0x1847,0x316D,0x2868,0x40CB,0x50CC,0x612D,0x83B0,0x6A0E,
  0x50AD,0x50ED,0x306B,0x40EC,0x1827,0x1826,0x2068,0x2889,0x2067,0x0804,0x1004,0x1004,
  0x1804,0x1805,0x2825,0x2004,0x2005,0x38A7,0x4108,0x3087,0x696B,0x4827,0x4026,0x60CA,
  0x70CB,0x78EC,0x8BF1,0x692B,0x3006,0x1805,0x1004,0x1004,0x2026,0x2007,0x59CC,0x722F,
  0x50AC,0x50EC,0x58ED,0x3049,0x3048,0x48EA,0x494A,0x4929,0x2886,0x1804,0x1804,0x1804,
  0x1004,0x0804,0x0804,0x0804,0x0804,0x1889,0x0846,0x0826,0x0847,0x1069,0x40EC,0x50CD,
  0x50AD,0x60CE,0x7AF0,0x8330,0x592D,0x40CC,0x494C,0x282A,0x2849,0x2847,0x3028,0x3008,
  0x2007,0x1806,0x3027,0x4027,0x60CB,0x588A,0x4028,0x1805,0x2806,0x3047,0x2826,0x1805,
  0x1805,0x1005,0x3868,0x58AB,0x596C,0x518D,0x30AC,0x306A,0x408A,0x3027,0x3806,0x2005,
  0x2806,0x2005,0x2826,0x48EA,0x4069,0x506A,0x506A,0x584A,0x606A,0x682A,0x704B,0x704B,
  0x702A,0x700A,0x700A,0x786B,0x810D,0x820F,0x810D,0x780B,0x682B,0x706C,0x708C,0x706C,
  0x702B,0x584B,0x60AC,0x606B,0x706C,0x784B,0x702B,0x70AC,0x680B,0x684B,0x682C,0x680C,
  0x600B,0x682C,0x8210,0x690F,0x618F,0x510E,0x38AD,0x288C,0x208C,0x20AC,0x20AC,0x20AC,
  0x0801,0x0801,0x0801,0x0801,0x0801,0x0801,0x0801,0x0001,0x0001,0x0801,0x0001,0x0801,
  0x0000,0x0801,0x0801,0x0001,0x2046,0x1825,0x0000,0x0001,0x0001,0x0001,0x0801,0x0001,
  0x0801,0x0001,0x0801,0x1002,0x2003,0x1002,0x2844,0x2004,0x2804,0x1803,0x2804,0x2003,
  0x3826,0x2804,0x4005,0x5806,0x5006,0x5807,0x4005,0x5028,0x60CA,0x708B,0x706A,0x6809,
  0x6029,0x5007,0x5808,0x700A,0x788B,0x812D,0x818D,0x812C,0x786B,0x684A,0x5029,0x4849,
  0x2806,0x2004,0x3806,0x4827,0x5849,0x710C,0x60AA,0x4807,0x4827,0x4006,0x4827,0x4027,
  0x4027,0x4048,0x3028,0x2046,0x2068,0x28AA,0x1805,0x1804,0x1003,0x0803,0x0803,0x1004,
  0x1825,0x1846,0x1846,0x1004,0x1888,0x28AA,0x1827,0x2048,0x40CB,0x698D,0x7AAF,0x83F1,
  0x7270,0x618F,0x408D,0x48ED,0x410C,0x1827,0x1806,0x1806,0x2888,0x2087,0x1004,0x1805,
  0x2005,0x2805,0x3867,0x48E9,0x4929,0x30C7,0x1003,0x2045,0x60C9,0x3005,0x3826,0x70CC,
  0x70AB,0x816D,0x8BB1,0x60AB,0x3006,0x1805,0x1804,0x1004,0x1805,0x2006,0x518C,0x7A8F,
  0x58EE,0x614E,0x590E,0x386A,0x2807,0x494B,0x2066,0x1024,0x3909,0x494B,0x3868,0x2806,
  0x1805,0x1805,0x1005,0x0805,0x18A8,0x1047,0x1006,0x1848,0x1848,0x38EB,0x48CD,0x408D,
  0x598E,0x72AF,0x83D0,0x728F,0x512D,0x412C,0x412C,0x204A,0x1828,0x2047,0x2027,0x2848,
  0x2027,0x4068,0x5048,0x3006,0x4889,0x4068,0x3847,0x1805,0x2005,0x0803,0x2806,0x2026,
  0x1805,0x1806,0x2827,0x3048,0x2026,0x412A,0x516C,0x3068,0x1805,0x1805,0x1805,0x1805,
  0x1004,0x2006,0x38AA,0x49EE,0x30EC,0x2828,0x3048,0x4849,0x4848,0x5849,0x686A,0x6009,
  0x680A,0x81EE,0x810C,0x786B,0x80EC,0x78CC,0x702A,0x4809,0x3808,0x3007,0x2807,0x3807,
  0x4808,0x4809,0x4808,0x3007,0x4008,0x4808,0x4809,0x5009,0x686B,0x606B,0x3807,0x4809,
  0x5009,0x4809,0x480A,0x486C,0x48EF,0x510F,0x40CD,0x38AD,0x286B,0x286B,0x284A,0x288C,
  0x0801,0x0801,0x0801,0x0801,0x0801,0x0801,0x0801,0x0801,0x1002,0x1002,0x0801,0x0802,
  0x0000,0x1001,0x0801,0x0001,0x2006,0x1824,0x0000,0x0001,0x0001,0x0801,0x0000,0x0001,
  0x0001,0x0001,0x0001,0x0801,0x2804,0x1002,0x2023,0x1002,0x0801,0x1002,0x1802,0x1802,
  0x2824,0x40A7,0x3024,0x3804,0x4005,0x2003,0x2803,0x3804,0x2003,0x48A7,0x58C9,0x4827,
  0x3005,0x3005,0x3005,0x6049,0x5828,0x5849,0x70EB,0x784A,0x6009,0x5829,0x5008,0x3807,
  0x4007,0x4848,0x5048,0x3826,0x60CA,0x4827,0x4006,0x3005,0x3826,0x3005,0x3005,0x4046,
  0x3806,0x594C,0x492C,0x2027,0x1826,0x2027,0x2827,0x1805,0x1004,0x1004,0x1024,0x1004,
  0x1003,0x1004,0x1846,0x412A,0x38EA,0x1826,0x3088,0x2869,0x518D,0x61EE,0x490D,0x626F,
  0x5A0F,0x728F,0x492D,0x386D,0x40EE,0x30AC,0x2009,0x2007,0x1806,0x30AA,0x2888,0x1805,
  0x3067,0x48E9,0x4929,0x38E7,0x1024,0x1003,0x1003,0x4908,0x68A9,0x4827,0x4828,0x686B,
  0x78EC,0x820E,0x8B90,0x606A,0x3006,0x2005,0x1804,0x1004,0x1805,0x2007,0x490B,0x7A6F,
  0x610E,0x50ED,0x50ED,0x3049,0x2807,0x516B,0x4149,0x1004,0x1004,0x2066,0x2887,0x38C9,
  0x38A8,0x2026,0x1827,0x414B,0x1027,0x1006,0x2849,0x2829,0x306B,0x40CD,0x408D,0x622F,
  0x7B50,0x72EF,0x72CF,0x620F,0x622F,0x51CE,0x28AB,0x1828,0x1827,0x1006,0x0805,0x2068,
  0x28AA,0x618D,0x4889,0x2848,0x2828,0x1806,0x1826,0x38EB,0x30CA,0x28E9,0x2868,0x1805,
  0x1004,0x2026,0x2827,0x2847,0x1004,0x1826,0x2847,0x2827,0x2026,0x1825,0x1805,0x1004,
  0x1805,0x1825,0x518E,0x310F,0x294E,0x2088,0x2006,0x2826,0x1804,0x2005,0x3006,0x3006,
  0x4007,0x58CB,0x68AB,0x70CB,0x5809,0x5008,0x4008,0x3007,0x2807,0x2807,0x3848,0x588A,
  0x4869,0x2006,0x2806,0x3006,0x2806,0x2005,0x2006,0x3027,0x3827,0x50AA,0x2005,0x3807,
  0x4808,0x4008,0x2827,0x2869,0x306A,0x388C,0x40AC,0x48CD,0x384A,0x2808,0x384A,0x488B,
  0x1002,0x1002,0x1002,0x1002,0x1002,0x1802,0x1802,0x1802,0x1802,0x1002,0x1002,0x1802,
  0x0000,0x1802,0x0801,0x1001,0x2806,0x0802,0x0000,0x0000,0x0000,0x0000,0x0000,0x0001,
  0x0000,0x0801,0x0801,0x0801,0x0001,0x0001,0x0801,0x0801,0x1002,0x1002,0x1002,0x1803,
  0x2023,0x2845,0x1002,0x1002,0x2803,0x2823,0x3825,0x3805,0x3024,0x1802,0x3045,0x3045,
  0x2804,0x3005,0x4847,0x3805,0x3005,0x5007,0x6829,0x7029,0x6008,0x4807,0x4848,0x4848,
  0x4027,0x4027,0x4007,0x60AA,0x710C,0x3846,0x2805,0x3005,0x3025,0x4047,0x2825,0x1803,
  0x2805,0x48EA,0x3087,0x2827,0x2826,0x1805,0x1805,0x1825,0x2867,0x1004,0x1825,0x1845,
  0x1045,0x1866,0x1866,0x310A,0x30A9,0x0804,0x1005,0x1826,0x390B,0x620F,0x59AE,0x6AD0,
  0x49CF,0x49D0,0x72F0,0x72EF,0x622F,0x518F,0x490E,0x492C,0x410B,0x494B,0x626E,0x496B,
  0x494A,0x30C7,0x1004,0x0802,0x1003,0x1803,0x1803,0x614B,0x78CB,0x4827,0x4027,0x604A,
  0x78EC,0x830F,0x8B50,0x604A,0x3827,0x2005,0x1004,0x1804,0x1805,0x2827,0x386A,0x72AF,
  0x71F0,0x592E,0x48AC,0x3048,0x2807,0x50EB,0x51AB,0x1805,0x1004,0x0803,0x0803,0x1825,
  0x30C8,0x38E9,0x622E,0x6A8F,0x30CB,0x412C,0x516D,0x492D,0x598E,0x622F,0x7AF0,0x72D0,
  0x48EE,0x618E,0x59EF,0x410E,0x498E,0x49CE,0x286A,0x2068,0x1827,0x1806,0x1006,0x1806,
  0x1868,0x10A8,0x20EA,0x310B,0x38EB,0x30CA,0x2068,0x28AA,0x390C,0x622E,0x51AD,0x20A9,
  0x1024,0x1004,0x2006,0x1826,0x2026,0x2026,0x2026,0x1805,0x2826,0x3067,0x3888,0x2846,
  0x3047,0x1004,0x2067,0x310B,0x394B,0x2047,0x2005,0x0803,0x1003,0x2805,0x2004,0x2025,
  0x486A,0x3007,0x2826,0x4089,0x3827,0x5049,0x58AC,0x2829,0x4049,0x3848,0x3848,0x2807,
  0x4069,0x3848,0x3047,0x2806,0x3027,0x3027,0x2006,0x2806,0x4028,0x2806,0x3807,0x4808,
  0x3807,0x2006,0x1806,0x2048,0x1807,0x1806,0x388B,0x40AD,0x386D,0x40CD,0x48AD,0x404B,
  0x0801,0x1002,0x1802,0x1802,0x1802,0x1802,0x1802,0x1002,0x1802,0x1803,0x1803,0x2003,
  0x1001,0x2803,0x0801,0x2003,0x3006,0x0001,0x0000,0x0001,0x0001,0x0801,0x0801,0x0000,
  0x0001,0x1803,0x0801,0x0801,0x0801,0x0001,0x0001,0x0801,0x1002,0x1002,0x1002,0x1002,
  0x2024,0x2804,0x1001,0x1002,0x1002,0x3005,0x4826,0x2003,0x1001,0x2824,0x3004,0x1002,
  0x2003,0x2805,0x4047,0x5068,0x4828,0x4827,0x6049,0x6829,0x5808,0x4007,0x4889,0x4067,
  0x2805,0x3846,0x2805,0x3825,0x50C8,0x48C8,0x3846,0x4848,0x3826,0x2804,0x2005,0x2805,
  0x3867,0x2846,0x2827,0x2025,0x1004,0x1825,0x0804,0x0804,0x2887,0x2888,0x1025,0x1045,
  0x1024,0x0804,0x0803,0x1004,0x2867,0x1826,0x1826,0x1005,0x2869,0x414D,0x390D,0x49CE,
  0x62F0,0x28EE,0x30CD,0x620E,0x7B50,0x8390,0x6A8F,0x6A2E,0x620D,0x498B,0x38E9,0x3888,
  0x1004,0x0803,0x1003,0x1003,0x1003,0x1803,0x2004,0x720D,0x70EB,0x5028,0x4028,0x6029,
  0x790C,0x8ACF,0x7A0D,0x5809,0x4068,0x2826,0x1805,0x1805,0x2046,0x3048,0x408B,0x7B0F,
  0x7AB0,0x50CD,0x50CD,0x408A,0x3848,0x698D,0x620D,0x2006,0x1004,0x0803,0x0803,0x0803,
  0x0803,0x1005,0x412B,0x38EA,0x412B,0x620E,0x620E,0x72EF,0x8390,0x7B90,0x59EE,0x490D,
  0x40CE,0x6A2F,0x59AF,0x38ED,0x38ED,0x392C,0x1828,0x1806,0x1827,0x1806,0x1826,0x2847,
  0x1026,0x0867,0x0004,0x0867,0x10A8,0x20A9,0x410B,0x496C,0x38EB,0x386A,0x38AB,0x30CC,
  0x290D,0x20CA,0x2008,0x3869,0x48AA,0x3067,0x1805,0x1003,0x0803,0x0803,0x1824,0x2004,
  0x2025,0x3026,0x1825,0x0804,0x1004,0x3027,0x3828,0x3047,0x2005,0x2805,0x2005,0x2025,
  0x3027,0x4849,0x508A,0x2806,0x3828,0x3028,0x20ED,0x29CF,0x1809,0x3028,0x2007,0x1005,
  0x1005,0x1005,0x2025,0x2005,0x1805,0x2006,0x2006,0x2006,0x3027,0x2006,0x4007,0x4808,
  0x5869,0x4869,0x2826,0x2007,0x2027,0x1805,0x1807,0x38AB,0x592E,0x72B0,0x616F,0x50AD,
  0x3804,0x3804,0x3804,0x3804,0x3804,0x4005,0x3804,0x3804,0x3804,0x3804,0x4004,0x2823,
  0x1802,0x3804,0x2002,0x4805,0x2804,0x0000,0x0000,0x0000,0x0000,0x0001,0x0000,0x0000,
  0x0000,0x0000,0x0000,0x0001,0x0801,0x0001,0x2024,0x3825,0x0801,0x0001,0x0001,0x0001,
  0x0801,0x1002,0x2023,0x1803,0x38C7,0x40A8,0x4848,0x4046,0x0801,0x1002,0x1803,0x1803,
  0x1002,0x0802,0x0000,0x3928,0x4109,0x1004,0x3847,0x6049,0x6049,0x5869,0x5049,0x4048,
  0x4848,0x3827,0x3025,0x2024,0x1002,0x1802,0x2805,0x3025,0x2805,0x2805,0x2005,0x2004,
  0x3046,0x2846,0x1804,0x0803,0x0803,0x0803,0x0804,0x0804,0x1846,0x1025,0x0803,0x0803,
  0x0803,0x0803,0x1004,0x1825,0x1805,0x1846,0x1826,0x1005,0x1827,0x28AA,0x28AC,0x20CD,
  0x6330,0x316E,0x106C,0x390D,0x620E,0x512D,0x622E,0x598D,0x3869,0x1806,0x1005,0x2026,
  0x1825,0x1004,0x1003,0x1003,0x1003,0x1804,0x2805,0x7AAE,0x81EE,0x706A,0x6009,0x792C,
  0x80CC,0x81EE,0x71ED,0x5008,0x4047,0x2806,0x2005,0x2005,0x2847,0x2848,0x404A,0x728E,
  0x720F,0x480B,0x692E,0x488B,0x484A,0x79AE,0x61ED,0x2827,0x1024,0x1003,0x0803,0x0803,
  0x0803,0x1825,0x2027,0x1006,0x1807,0x2829,0x48EC,0x72AF,0x6A4E,0x5A2E,0x204B,0x28CD,
  0x62B0,0x72B0,0x412E,0x28AB,0x30CB,0x1827,0x1006,0x0805,0x1806,0x1806,0x1005,0x1826,
  0x1846,0x0846,0x0846,0x0004,0x0847,0x0867,0x1046,0x38A9,0x716D,0x614C,0x384A,0x30AB,
  0x28EC,0x212E,0x312D,0x408B,0x408A,0x1825,0x0803,0x1004,0x1004,0x1804,0x2005,0x1804,
  0x0803,0x1824,0x0804,0x1025,0x2046,0x2046,0x1826,0x3069,0x40EB,0x2046,0x1003,0x1003,
  0x1004,0x2025,0x2005,0x1806,0x2048,0x188A,0x006C,0x3AD0,0x194E,0x1008,0x1806,0x1806,
  0x1805,0x1805,0x1805,0x3827,0x5048,0x5868,0x4868,0x1004,0x1825,0x1004,0x1003,0x2826,
  0x2004,0x2024,0x1004,0x1805,0x2005,0x3848,0x4048,0x4869,0x68CD,0x7A4F,0x722E,0x502B,
  0x5827,0x6848,0x6027,0x6027,0x6027,0x6847,0x6047,0x6847,0x5826,0x5006,0x6006,0x1001,
  0x2803,0x5806,0x5005,0x6027,0x1802,0x0000,0x0000,0x0000,0x0000,0x0801,0x1802,0x0801,
  0x0000,0x0001,0x0801,0x0801,0x0000,0x0802,0x1803,0x2004,0x0001,0x0001,0x1023,0x1823,
  0x0801,0x1002,0x0802,0x1845,0x394A,0x414D,0x1827,0x1824,0x1003,0x0001,0x0001,0x0801,
  0x0001,0x1002,0x2024,0x2044,0x59ED,0x2087,0x1825,0x2805,0x6049,0x5829,0x5029,0x4048,
  0x2027,0x4048,0x2804,0x1803,0x1003,0x1803,0x4848,0x2805,0x2004,0x3006,0x1803,0x1003,
  0x0803,0x2066,0x1845,0x1044,0x1025,0x0804,0x0803,0x0803,0x0002,0x0002,0x0803,0x1024,
  0x0803,0x0802,0x0803,0x1805,0x1826,0x1846,0x1025,0x1005,0x1826,0x20AA,0x394D,0x20AE,
  0x4A90,0x4230,0x294E,0x398D,0x498D,0x516D,0x59CE,0x51AC,0x3029,0x2847,0x1805,0x1805,
  0x1805,0x1004,0x1003,0x1003,0x1804,0x1804,0x2004,0x69CC,0x814D,0x6009,0x68CA,0x820D,
  0x818D,0x81EE,0x822E,0x6009,0x3827,0x2806,0x2005,0x2005,0x2006,0x2827,0x402A,0x722E,
  0x714E,0x690D,0x8B70,0x60EC,0x500A,0x718D,0x490A,0x1805,0x1004,0x1003,0x0803,0x1003,
  0x1004,0x1005,0x1806,0x2047,0x38A9,0x3029,0x620E,0x518D,0x5A0D,0x418D,0x208B,0x106C,
  0x5AF0,0x6AB0,0x38ED,0x28AA,0x2089,0x2067,0x1006,0x1005,0x1005,0x1004,0x1005,0x2026,
  0x0804,0x0003,0x0846,0x0888,0x0004,0x0003,0x1805,0x2826,0x4869,0x50AA,0x714D,0x60EB,
  0x308A,0x20AA,0x394C,0x61CF,0x50EB,0x1804,0x1003,0x1003,0x1004,0x1804,0x2025,0x1804,
  0x0803,0x0804,0x0004,0x28C9,0x4889,0x48EB,0x4069,0x2006,0x2827,0x3869,0x30A9,0x1846,
  0x0804,0x0804,0x1045,0x2068,0x0826,0x1068,0x006A,0x224F,0x3B31,0x08CD,0x1027,0x1026,
  0x1826,0x1826,0x1826,0x38A9,0x7A0F,0x590B,0x2025,0x1804,0x2025,0x2025,0x2867,0x2825,
  0x3006,0x3807,0x2825,0x1804,0x2006,0x2025,0x1804,0x1804,0x2005,0x2006,0x508A,0x606B,
  0x1802,0x2003,0x2003,0x2003,0x2003,0x2003,0x2003,0x2003,0x2003,0x1803,0x2803,0x0000,
  0x3003,0x2003,0x2003,0x3804,0x0001,0x0000,0x0000,0x0000,0x0000,0x1002,0x2804,0x0000,
  0x0000,0x0000,0x0001,0x0000,0x1802,0x1802,0x0000,0x0000,0x0001,0x0001,0x0001,0x2825,
  0x1803,0x0001,0x0802,0x1023,0x0001,0x1847,0x0825,0x0001,0x1003,0x0802,0x0801,0x0801,
  0x0001,0x0802,0x1002,0x0002,0x624E,0x49AC,0x1805,0x2045,0x4067,0x3807,0x3007,0x1805,
  0x1827,0x3089,0x3826,0x1803,0x1803,0x1803,0x2804,0x3847,0x4047,0x1003,0x1804,0x1003,
  0x1804,0x2046,0x1826,0x28A7,0x1045,0x0803,0x0002,0x0803,0x0802,0x0803,0x0803,0x0803,
  0x0803,0x1003,0x2826,0x1004,0x2887,0x1024,0x0804,0x1025,0x1026,0x1869,0x310C,0x312E,
  0x4210,0x6330,0x318D,0x106B,0x20AC,0x51CE,0x622E,0x6ACF,0x388A,0x3008,0x2806,0x1805,
  0x2005,0x1804,0x1003,0x1003,0x1804,0x1804,0x2005,0x4047,0x716C,0x828F,0x71CC,0x79AC,
  0x8B50,0x8A4E,0x81CE,0x600A,0x3827,0x2806,0x2005,0x2005,0x2006,0x3028,0x502B,0x820F,
  0x81EF,0x8350,0x71ED,0x694C,0x7A2E,0x698C,0x2806,0x1805,0x1804,0x1004,0x0803,0x1004,
  0x1004,0x1005,0x2026,0x2047,0x2007,0x490B,0x7B10,0x514D,0x418C,0x102A,0x208C,0x296E,
  0x4AB0,0x28EE,0x392D,0x410D,0x2069,0x0805,0x0805,0x1005,0x1025,0x0003,0x2847,0x1826,
  0x0824,0x0003,0x0002,0x0887,0x1087,0x0803,0x2005,0x1805,0x1804,0x2005,0x592B,0x5049,
  0x586A,0x50EB,0x2049,0x208A,0x596D,0x2847,0x2004,0x1003,0x1824,0x1804,0x1804,0x0802,
  0x0002,0x0002,0x0866,0x20CB,0x3807,0x506A,0x3848,0x1005,0x4828,0x3807,0x28A9,0x5A4E,
  0x30A8,0x2868,0x2048,0x1827,0x0806,0x1026,0x088A,0x092E,0x222F,0x198F,0x1029,0x0805,
  0x0804,0x0805,0x1025,0x1826,0x1866,0x1045,0x0802,0x0802,0x0802,0x0803,0x1825,0x38A9,
  0x3848,0x4828,0x2805,0x0803,0x1804,0x1004,0x0803,0x0803,0x0803,0x0803,0x1825,0x1825,
  0x1001,0x0801,0x0801,0x0801,0x0801,0x0801,0x0801,0x0801,0x0801,0x1002,0x1001,0x0801,
  0x1802,0x0001,0x1802,0x1802,0x0000,0x0000,0x0000,0x0000,0x0000,0x0000,0x0000,0x0000,
  0x0000,0x0000,0x0000,0x0000,0x0801,0x0801,0x0001,0x0001,0x0001,0x0000,0x0001,0x0000,
  0x0001,0x0001,0x0802,0x0802,0x0001,0x0001,0x0001,0x0802,0x1002,0x0802,0x0802,0x0001,
  0x1803,0x0802,0x0001,0x0001,0x2085,0x3889,0x3027,0x2846,0x2846,0x3827,0x4048,0x2806,
  0x2048,0x28A9,0x2004,0x1803,0x1803,0x1803,0x2004,0x2825,0x3025,0x2825,0x2845,0x1003,
  0x1004,0x0803,0x1004,0x0803,0x1024,0x1025,0x0803,0x0002,0x0002,0x0802,0x0802,0x0803,
  0x0002,0x1804,0x3046,0x1824,0x1024,0x28C8,0x1025,0x1826,0x1847,0x1068,0x0848,0x290D,
  0x5230,0x4A8F,0x18CC,0x106B,0x20AB,0x496D,0x59EE,0x6ACF,0x622E,0x3849,0x2807,0x2806,
  0x3027,0x2025,0x1804,0x1804,0x1804,0x1804,0x2005,0x2805,0x4047,0x598A,0x610B,0x6009,
  0x70EB,0x8B10,0x8BF1,0x78ED,0x5009,0x3027,0x2806,0x2806,0x3027,0x3809,0x690C,0x8BD1,
  0x830F,0x608B,0x4809,0x58EB,0x596B,0x3027,0x2005,0x1804,0x1004,0x1004,0x1004,0x1004,
  0x2025,0x2026,0x1806,0x2006,0x3048,0x72AE,0x728F,0x6A6F,0x206B,0x104B,0x18AD,0x3A71,
  0x52F0,0x296E,0x314E,0x59AE,0x514D,0x2849,0x2047,0x1005,0x0805,0x1025,0x1846,0x0003,
  0x0823,0x0003,0x0003,0x0824,0x20A7,0x2846,0x3067,0x0804,0x1004,0x1804,0x2806,0x3007,
  0x2806,0x2846,0x48EA,0x38CA,0x208A,0x2869,0x488A,0x690C,0x5089,0x4088,0x2045,0x0002,
  0x0002,0x0002,0x08A7,0x29AE,0x48CB,0x4028,0x1004,0x3027,0x5829,0x2806,0x416A,0x5A2D,
  0x592C,0x506B,0x4029,0x2828,0x1026,0x0806,0x0826,0x08AB,0x116E,0x114E,0x1849,0x1006,
  0x1847,0x0825,0x0803,0x0803,0x0002,0x0002,0x1003,0x0803,0x0802,0x1003,0x2066,0x28A7,
  0x1024,0x1003,0x0001,0x0802,0x0001,0x0803,0x1003,0x0803,0x0002,0x1003,0x2006,0x3027,
  0x1802,0x2003,0x1802,0x1802,0x1802,0x1002,0x1802,0x2003,0x2003,0x1802,0x1001,0x2002,
  0x1802,0x2002,0x2002,0x0000,0x0000,0x0000,0x0000,0x0000,0x0000,0x0000,0x0000,0x0000,
  0x0000,0x0000,0x0000,0x0000,0x0000,0x0000,0x0001,0x0000,0x0001,0x0001,0x0001,0x0001,
  0x0001,0x0001,0x0001,0x1045,0x38C8,0x1823,0x0801,0x1002,0x0001,0x0001,0x0002,0x0001,
  0x2025,0x0802,0x0001,0x0802,0x0801,0x3806,0x2806,0x2025,0x1004,0x2025,0x4048,0x2807,
  0x1805,0x2089,0x40A9,0x2023,0x1803,0x0802,0x2004,0x2004,0x2805,0x2805,0x1804,0x1003,
  0x1003,0x1003,0x1004,0x0802,0x0802,0x0825,0x1825,0x1824,0x0803,0x0002,0x0803,0x0802,
  0x0803,0x1024,0x2826,0x2025,0x0803,0x2046,0x2027,0x38C9,0x2088,0x1888,0x28C9,0x51AE,
  0x416E,0x426F,0x320F,0x188C,0x18AB,0x20AB,0x518D,0x59ED,0x72AF,0x598C,0x3809,0x3028,
  0x2806,0x2005,0x1804,0x1804,0x1804,0x1804,0x2004,0x2805,0x2805,0x2005,0x3807,0x4848,
  0x602A,0x78CC,0x8370,0x8BD1,0x68AC,0x4008,0x4009,0x4009,0x500A,0x614C,0x8C31,0x830F,
  0x584A,0x4809,0x4028,0x2806,0x2005,0x2005,0x1805,0x1804,0x1004,0x1004,0x1805,0x2006,
  0x2806,0x1806,0x1806,0x3029,0x620D,0x6A6E,0x7AF0,0x51CD,0x186C,0x188D,0x10CF,0x3A90,
  0x426F,0x62EF,0x49ED,0x40AB,0x388A,0x308A,0x2849,0x1827,0x1005,0x0825,0x18A8,0x0824,
  0x0002,0x0003,0x0003,0x1824,0x1004,0x2067,0x2067,0x0003,0x1004,0x2005,0x2847,0x3027,
  0x1805,0x1805,0x2806,0x3888,0x414B,0x392B,0x288A,0x40CB,0x406A,0x3869,0x2847,0x0803,
  0x0804,0x0003,0x0025,0x426E,0x410B,0x2827,0x2026,0x5049,0x4828,0x2847,0x51CB,0x2086,
  0x1024,0x4889,0x792E,0x688C,0x4869,0x2868,0x0806,0x0806,0x0828,0x106A,0x1849,0x3069,
  0x1025,0x0803,0x0803,0x0803,0x0002,0x0002,0x0802,0x0802,0x0002,0x0802,0x40E8,0x2886,
  0x3026,0x3006,0x0001,0x0802,0x0802,0x0802,0x1003,0x1803,0x0802,0x1804,0x2807,0x3048,
  0x0000,0x0000,0x0000,0x0000,0x0000,0x0000,0x0000,0x0000,0x0801,0x0000,0x0000,0x0801,
  0x0801,0x1001,0x0000,0x0000,0x0000,0x0000,0x0000,0x0000,0x0000,0x0000,0x0000,0x0000,
  0x0000,0x0000,0x0000,0x0000,0x0000,0x0000,0x0000,0x0000,0x0001,0x0001,0x0000,0x0001,
  0x0001,0x0000,0x0002,0x0026,0x1825,0x4025,0x5807,0x4806,0x0001,0x0001,0x0802,0x0802,
  0x0001,0x0001,0x0001,0x0001,0x0001,0x3025,0x4007,0x2026,0x1825,0x1825,0x2026,0x2027,
  0x1847,0x1067,0x38EB,0x2846,0x1002,0x2845,0x2805,0x1804,0x2004,0x2005,0x1804,0x2825,
  0x1804,0x1004,0x0802,0x0802,0x0002,0x0845,0x2005,0x1804,0x0803,0x0802,0x0802,0x0002,
  0x0803,0x1825,0x2025,0x2025,0x1804,0x4048,0x60EC,0x616C,0x2088,0x3109,0x30EA,0x20AB,
  0x20AC,0x31AF,0x5331,0x298E,0x106B,0x20CB,0x20AB,0x59ED,0x620E,0x728F,0x490B,0x2807,
  0x2006,0x2806,0x2005,0x1804,0x1804,0x1804,0x2004,0x2005,0x2005,0x2805,0x2805,0x3006,
  0x4027,0x5809,0x79AD,0x8B30,0x8BF1,0x7A8F,0x69AD,0x71CD,0x8310,0x8C31,0x7AEF,0x716C,
  0x4808,0x4028,0x3006,0x2805,0x2005,0x1804,0x1804,0x1004,0x1004,0x1004,0x1805,0x2806,
  0x1805,0x3047,0x2807,0x59CC,0x72CE,0x6A0E,0x730F,0x182A,0x296D,0x104D,0x29D0,0x6390,
  0x49CE,0x398D,0x208A,0x2048,0x0806,0x0005,0x1868,0x1808,0x2048,0x0826,0x0004,0x0004,
  0x0003,0x0002,0x0002,0x0803,0x1024,0x0002,0x1845,0x1825,0x1004,0x1805,0x1004,0x1804,
  0x2806,0x1805,0x1805,0x2006,0x30C9,0x2089,0x20A9,0x28CB,0x2069,0x0806,0x0004,0x0003,
  0x0003,0x0845,0x0825,0x0826,0x1005,0x1805,0x2826,0x68EB,0x3027,0x412A,0x4129,0x0803,
  0x0002,0x1823,0x58A9,0x78ED,0x4808,0x3067,0x30C9,0x1068,0x1048,0x1048,0x1828,0x1826,
  0x0002,0x0002,0x0002,0x0002,0x1825,0x0803,0x0002,0x0803,0x0803,0x0802,0x0001,0x0802,
  0x1804,0x0802,0x0001,0x0001,0x0802,0x0002,0x0002,0x0002,0x1003,0x4006,0x2027,0x1049,
  0x0000,0x0000,0x0000,0x0000,0x0000,0x0000,0x0000,0x0000,0x0000,0x0000,0x0000,0x0000,
  0x0000,0x0000,0x0000,0x0000,0x0000,0x0000,0x0000,0x0000,0x0000,0x0000,0x0000,0x0000,
  0x0000,0x0000,0x0000,0x0000,0x0000,0x0000,0x0000,0x0000,0x1002,0x0001,0x0000,0x0001,
  0x0000,0x0001,0x0068,0x0004,0x0802,0x5807,0x5006,0x0824,0x0001,0x0001,0x0000,0x0001,
  0x0001,0x0001,0x0001,0x0001,0x0002,0x1023,0x4828,0x3007,0x1005,0x1005,0x1025,0x3048,
  0x1046,0x1047,0x1869,0x3067,0x2825,0x2004,0x1803,0x1003,0x1002,0x0802,0x1003,0x2024,
  0x2825,0x1003,0x0802,0x0803,0x0802,0x0803,0x1804,0x0802,0x0002,0x0002,0x0803,0x0803,
  0x0803,0x0803,0x2846,0x3026,0x1004,0x2026,0x488A,0x2848,0x1046,0x28A9,0x0847,0x0847,
  0x1869,0x18CD,0x5351,0x5B90,0x196E,0x210C,0x102A,0x412C,0x620E,0x7B90,0x7AEF,0x48CA,
  0x3007,0x2806,0x2806,0x2005,0x2004,0x2004,0x2005,0x2805,0x2005,0x2805,0x2805,0x3006,
  0x3806,0x696C,0x714C,0x600A,0x716C,0x82EF,0x8330,0x8B50,0x82F0,0x694C,0x4809,0x698C,
  0x50EA,0x3006,0x2806,0x2005,0x1804,0x1804,0x1804,0x1804,0x1004,0x1804,0x2006,0x2006,
  0x2005,0x2807,0x48CA,0x72CE,0x512C,0x7B0F,0x412C,0x186A,0x294E,0x10AF,0x5B71,0x6330,
  0x18AC,0x190C,0x18EB,0x1868,0x1047,0x0825,0x0026,0x10EB,0x28CB,0x3889,0x1845,0x0003,
  0x0002,0x0823,0x1044,0x0003,0x0823,0x0003,0x0002,0x0803,0x1004,0x0803,0x1004,0x1004,
  0x1004,0x1805,0x1004,0x1846,0x1847,0x0805,0x0805,0x1868,0x20A9,0x1888,0x1047,0x1067,
  0x0003,0x1087,0x1067,0x1005,0x2006,0x1805,0x5089,0x5069,0x2847,0x596B,0x2045,0x0002,
  0x0803,0x0002,0x1802,0x4047,0x508A,0x2005,0x2026,0x38A8,0x0847,0x1069,0x2848,0x0803,
  0x0002,0x0002,0x0001,0x0002,0x0803,0x1003,0x0002,0x0802,0x0803,0x0802,0x0802,0x0802,
  0x1003,0x0001,0x0001,0x0002,0x0002,0x0001,0x0802,0x0802,0x0001,0x1002,0x1024,0x0025,
  0x0000,0x0000,0x0000,0x0000,0x0000,0x0000,0x0000,0x0000,0x0000,0x0000,0x0000,0x0000,
  0x0000,0x0000,0x0000,0x0000,0x0000,0x0000,0x0000,0x0000,0x0000,0x0000,0x1802,0x3804,
  0x0801,0x0000,0x0000,0x0000,0x0000,0x0000,0x0000,0x0001,0x1803,0x0000,0x0000,0x0000,
  0x0822,0x10C9,0x0067,0x0001,0x0803,0x1002,0x0002,0x0025,0x0001,0x0001,0x0001,0x0000,
  0x0001,0x0802,0x0001,0x0802,0x20A7,0x0022,0x2825,0x5029,0x2026,0x2026,0x0804,0x3048,
  0x2026,0x1827,0x4849,0x4867,0x3025,0x1803,0x1803,0x1803,0x0802,0x0802,0x0802,0x0802,
  0x0802,0x1003,0x0802,0x0802,0x0802,0x0803,0x0002,0x0001,0x0002,0x1003,0x0803,0x0803,
  0x0802,0x0803,0x0002,0x1003,0x0803,0x0003,0x3027,0x2046,0x28A7,0x1066,0x0826,0x1047,
  0x1068,0x18AC,0x3A90,0x6BF1,0x21F0,0x192E,0x188A,0x1029,0x59AD,0x6A2E,0x726E,0x72AF,
  0x4869,0x3007,0x2806,0x2806,0x2005,0x2005,0x2805,0x2805,0x2005,0x2805,0x3006,0x3006,
  0x50E9,0x696C,0x4007,0x3807,0x4808,0x5009,0x5069,0x60AB,0x4809,0x3807,0x4049,0x506A,
  0x71AD,0x4088,0x2005,0x2005,0x2005,0x2005,0x1804,0x1804,0x1804,0x1805,0x2006,0x2826,
  0x2806,0x3868,0x6A0D,0x61CD,0x72EF,0x624E,0x1809,0x290C,0x212E,0x3A50,0x6BD1,0x218E,
  0x0029,0x110C,0x31AC,0x1068,0x1047,0x0825,0x0805,0x198D,0x18EA,0x3048,0x3848,0x2846,
  0x0824,0x1024,0x0824,0x0002,0x0002,0x0002,0x0003,0x0002,0x0804,0x1805,0x1005,0x0803,
  0x0803,0x1004,0x1004,0x1867,0x0804,0x0804,0x1826,0x0805,0x0804,0x2047,0x1888,0x20EA,
  0x28EA,0x0804,0x1025,0x2006,0x3006,0x1804,0x4048,0x3827,0x48A9,0x50CA,0x0002,0x0802,
  0x0802,0x0802,0x0802,0x0823,0x38E8,0x590B,0x3847,0x2826,0x4068,0x1847,0x1046,0x0002,
  0x0803,0x0002,0x0823,0x0002,0x0002,0x0802,0x0002,0x0001,0x0001,0x0001,0x0002,0x0001,
  0x1003,0x0885,0x0043,0x0001,0x0001,0x0001,0x0001,0x0001,0x0001,0x0001,0x0002,0x0001,
  0x0000,0x0000,0x0000,0x0000,0x0000,0x0000,0x0000,0x0000,0x0000,0x0000,0x0000,0x0000,
  0x0000,0x0000,0x0000,0x0000,0x0000,0x0000,0x0000,0x0000,0x0000,0x0000,0x1802,0x0801,
  0x0000,0x0000,0x0000,0x0000,0x0000,0x0000,0x0000,0x0000,0x0000,0x0000,0x0801,0x2003,
  0x2047,0x08E9,0x0003,0x0803,0x0002,0x0002,0x0003,0x0002,0x0000,0x0001,0x0001,0x0001,
  0x0001,0x0001,0x0001,0x0002,0x0002,0x0001,0x0802,0x4827,0x3807,0x2826,0x1005,0x1805,
  0x3047,0x4027,0x5007,0x6007,0x2805,0x2025,0x1804,0x1804,0x1003,0x0802,0x0802,0x0002,
  0x0002,0x0803,0x0803,0x0803,0x0803,0x0803,0x0803,0x0002,0x1004,0x1824,0x1003,0x0803,
  0x0002,0x0002,0x0803,0x0802,0x0003,0x0003,0x1826,0x38A8,0x0845,0x0024,0x0826,0x0827,
  0x1048,0x18CC,0x194F,0x5B71,0x4B10,0x092F,0x212D,0x186A,0x494D,0x61AE,0x69ED,0x726E,
  0x620D,0x3808,0x3007,0x2806,0x2805,0x2826,0x3006,0x2805,0x2805,0x2805,0x2805,0x4868,
  0x79ED,0x4027,0x3006,0x3006,0x3006,0x3006,0x4889,0x4889,0x2806,0x2026,0x2005,0x2005,
  0x4869,0x6A0D,0x3047,0x2005,0x2806,0x2806,0x2006,0x2806,0x2806,0x2006,0x3828,0x2807,
  0x2807,0x61AC,0x728E,0x728F,0x72CF,0x308A,0x1829,0x294C,0x10ED,0x5311,0x4310,0x08EC,
  0x0848,0x08CB,0x10EA,0x0026,0x0005,0x0825,0x0804,0x10CA,0x308A,0x3026,0x0804,0x2046,
  0x2005,0x0002,0x0002,0x0002,0x0843,0x0003,0x0003,0x0003,0x0002,0x0803,0x1825,0x0804,
  0x0804,0x0803,0x1866,0x1046,0x0803,0x0804,0x1004,0x1004,0x3027,0x2806,0x1005,0x1025,
  0x30EA,0x392C,0x2828,0x2005,0x1804,0x2805,0x4028,0x3848,0x58CB,0x2867,0x1824,0x0803,
  0x0802,0x0802,0x0002,0x0002,0x0002,0x1864,0x4909,0x490A,0x3846,0x2826,0x0825,0x0002,
  0x0002,0x0002,0x0802,0x0002,0x0023,0x0002,0x0001,0x0001,0x0001,0x0001,0x0001,0x0001,
  0x0001,0x0844,0x0044,0x0002,0x0002,0x0002,0x0001,0x0001,0x0001,0x0001,0x0001,0x0001,
  0x0000,0x0000,0x0000,0x0000,0x0000,0x0000,0x0000,0x0000,0x0000,0x0000,0x0000,0x0000,
  0x0000,0x0000,0x0000,0x0000,0x0000,0x0000,0x0000,0x0000,0x0000,0x0000,0x0000,0x0000,
  0x0000,0x0000,0x0000,0x0801,0x0000,0x0000,0x0000,0x0000,0x0000,0x0000,0x0000,0x2805,
  0x4849,0x38A8,0x1003,0x0824,0x0024,0x0003,0x0044,0x0001,0x0000,0x0001,0x0001,0x0001,
  0x0001,0x0001,0x0001,0x0001,0x0001,0x0001,0x0001,0x2804,0x4828,0x2806,0x1005,0x2006,
  0x3047,0x4026,0x4807,0x5827,0x2005,0x0803,0x2825,0x2005,0x1003,0x0802,0x0002,0x0002,
  0x0802,0x0002,0x0002,0x3087,0x1865,0x0803,0x1004,0x1004,0x1003,0x0802,0x1804,0x1003,
  0x0803,0x0803,0x0802,0x0804,0x0002,0x0825,0x0867,0x1024,0x2047,0x2048,0x1047,0x0026,
  0x0067,0x10EB,0x19AE,0x4351,0x5BB1,0x11AF,0x114E,0x20EC,0x412C,0x518D,0x7B70,0x69CE,
  0x6A2E,0x6A2D,0x50AA,0x4049,0x4028,0x3807,0x3006,0x4808,0x4828,0x3006,0x48C9,0x69AC,
  0x4848,0x2805,0x2005,0x2805,0x2005,0x3026,0x61AB,0x596B,0x3027,0x2005,0x2025,0x1805,
  0x2005,0x3888,0x61AC,0x3067,0x3006,0x3006,0x3006,0x3006,0x3007,0x3828,0x50CB,0x514B,
  0x620D,0x8370,0x8350,0x8310,0x518C,0x284A,0x394C,0x10CC,0x2A0F,0x5371,0x29EE,0x106A,
  0x0848,0x110B,0x00AA,0x0005,0x0825,0x0024,0x0003,0x0825,0x2025,0x0002,0x0002,0x0803,
  0x58CA,0x2846,0x0003,0x0002,0x0003,0x0023,0x0003,0x0024,0x0003,0x0803,0x0002,0x1025,
  0x1846,0x1026,0x20A9,0x0803,0x0803,0x0803,0x0803,0x2005,0x3027,0x1004,0x1004,0x1004,
  0x1805,0x2889,0x388B,0x2006,0x40CA,0x4028,0x4029,0x4869,0x50AB,0x0002,0x1003,0x1003,
  0x0802,0x0002,0x0002,0x1023,0x0802,0x0002,0x0001,0x20A5,0x48E9,0x3827,0x0803,0x0001,
  0x0002,0x0002,0x0001,0x0802,0x1886,0x18C8,0x0023,0x0001,0x0001,0x1002,0x0001,0x0001,
  0x0001,0x0001,0x0002,0x0003,0x0002,0x1004,0x0802,0x0001,0x0001,0x0001,0x0802,0x0001,
  0x0000,0x0000,0x0000,0x0000,0x0000,0x0000,0x0000,0x0000,0x0000,0x0000,0x0000,0x0000,
  0x0000,0x0000,0x0000,0x0000,0x0801,0x1002,0x0000,0x0000,0x0000,0x0000,0x0000,0x0000,
  0x0000,0x0000,0x0000,0x0000,0x0000,0x0000,0x0000,0x0000,0x0000,0x0000,0x0000,0x3806,
  0x2826,0x2066,0x20C9,0x112C,0x0085,0x0001,0x0001,0x0000,0x0801,0x0802,0x0001,0x0001,
  0x0000,0x0000,0x0001,0x0001,0x0001,0x0001,0x0001,0x1002,0x4027,0x4007,0x1004,0x1806,
  0x5889,0x5889,0x788C,0x4806,0x2825,0x1003,0x1004,0x1003,0x0803,0x1003,0x0001,0x0002,
  0x0002,0x0002,0x0002,0x0824,0x1087,0x1087,0x1805,0x0803,0x1804,0x1004,0x2826,0x1003,
  0x0803,0x0803,0x0002,0x0003,0x0003,0x10A9,0x1045,0x0003,0x1825,0x3848,0x1848,0x0026,
  0x0067,0x0068,0x008B,0x1230,0x4B91,0x3AB0,0x096E,0x194D,0x396D,0x2849,0x622D,0x7A6F,
  0x69AE,0x722E,0x7A8F,0x724E,0x6A0D,0x69ED,0x724E,0x79CE,0x71AD,0x71AD,0x71ED,0x4068,
  0x2806,0x2805,0x2005,0x2005,0x2805,0x594A,0x38A7,0x38A7,0x512A,0x2005,0x2025,0x1804,
  0x1805,0x1805,0x40A9,0x61EC,0x61EC,0x724D,0x6A0C,0x726E,0x722E,0x724E,0x72CF,0x7B30,
  0x596D,0x724F,0x620D,0x620D,0x1808,0x30EB,0x294C,0x08AB,0x4B10,0x3A6F,0x396D,0x28CA,
  0x0006,0x10CA,0x08CA,0x0005,0x0024,0x0004,0x0003,0x0003,0x0003,0x0003,0x0002,0x0002,
  0x4088,0x408A,0x310A,0x28C8,0x1045,0x0003,0x0023,0x0024,0x0003,0x0003,0x0003,0x0003,
  0x0002,0x2067,0x1846,0x2026,0x1004,0x0803,0x1804,0x2826,0x0804,0x0804,0x1004,0x1805,
  0x2027,0x1805,0x2027,0x3069,0x3069,0x404A,0x2868,0x3828,0x2826,0x0001,0x0002,0x0802,
  0x0802,0x0002,0x0001,0x0001,0x0002,0x0802,0x0802,0x0000,0x0802,0x1023,0x0001,0x0001,
  0x0001,0x0001,0x0002,0x2004,0x1804,0x0824,0x0002,0x0001,0x0001,0x0001,0x0001,0x0001,
  0x0001,0x0001,0x0044,0x0003,0x0002,0x0001,0x0001,0x0001,0x0001,0x0001,0x0001,0x0001,
  0x0000,0x0000,0x0000,0x0000,0x0000,0x0000,0x0000,0x0000,0x0000,0x0000,0x0000,0x0000,
  0x0000,0x0000,0x0000,0x0000,0x0801,0x0000,0x0000,0x0000,0x0000,0x0000,0x0000,0x0000,
  0x0001,0x0000,0x0000,0x0000,0x0000,0x0000,0x0000,0x0000,0x0000,0x0000,0x0822,0x2046,
  0x0004,0x0886,0x08A6,0x0001,0x0000,0x0000,0x0000,0x0000,0x0801,0x0801,0x0001,0x0802,
  0x1003,0x2025,0x0802,0x0001,0x0001,0x0001,0x0001,0x0001,0x3025,0x5028,0x3006,0x3046,
  0x3047,0x4068,0x5849,0x2805,0x2004,0x1804,0x1004,0x0803,0x1804,0x1003,0x1003,0x0802,
  0x0002,0x0002,0x0802,0x0002,0x0002,0x0022,0x0024,0x0803,0x1004,0x1004,0x1804,0x1804,
  0x0803,0x0002,0x0002,0x0844,0x0024,0x28E8,0x2087,0x0003,0x0023,0x0003,0x0866,0x0067,
  0x0047,0x0068,0x00AA,0x012E,0x09F0,0x4331,0x11CF,0x112D,0x312D,0x2049,0x40AA,0x7A70,
  0x612D,0x486B,0x486B,0x58CC,0x71CE,0x71CE,0x610B,0x60CB,0x5069,0x4048,0x4007,0x2805,
  0x2805,0x2826,0x2005,0x2005,0x58EA,0x5949,0x1804,0x1804,0x596A,0x48A9,0x2806,0x1804,
  0x1804,0x1805,0x2806,0x2806,0x2827,0x50EB,0x590C,0x50CB,0x696D,0x7AAF,0x616D,0x508B,
  0x3809,0x512C,0x7A8F,0x40EB,0x2028,0x392B,0x18CC,0x2A2E,0x3A8F,0x108A,0x312B,0x0047,
  0x0047,0x10AB,0x0847,0x0825,0x0004,0x0004,0x0024,0x0003,0x0003,0x0002,0x0003,0x0002,
  0x1085,0x2888,0x2887,0x412A,0x492B,0x30A9,0x1025,0x0002,0x0003,0x0003,0x0003,0x0002,
  0x1024,0x1846,0x0003,0x1004,0x0803,0x0003,0x1004,0x1004,0x1004,0x1004,0x1805,0x2826,
  0x1805,0x1805,0x1005,0x1826,0x3089,0x1827,0x2047,0x3848,0x0803,0x0002,0x0002,0x0802,
  0x0002,0x0802,0x5088,0x2825,0x0002,0x0002,0x0002,0x0802,0x0001,0x0001,0x0802,0x0001,
  0x0001,0x0802,0x0802,0x2804,0x5006,0x1803,0x0001,0x0001,0x0001,0x0001,0x0001,0x0001,
  0x0001,0x0001,0x0001,0x0001,0x0001,0x0001,0x0001,0x0001,0x0001,0x0001,0x0002,0x0001,
  0x0000,0x0000,0x0000,0x0000,0x0000,0x0000,0x0000,0x0000,0x0000,0x0000,0x0000,0x0000,
  0x0000,0x0000,0x0000,0x0000,0x0000,0x0000,0x0000,0x0000,0x0000,0x0000,0x0000,0x0000,
  0x0000,0x0000,0x0000,0x0000,0x0000,0x0000,0x0000,0x0000,0x0000,0x0000,0x0001,0x0002,
  0x0001,0x0001,0x0000,0x0000,0x0000,0x0000,0x0000,0x0000,0x0000,0x0000,0x0000,0x0802,
  0x1004,0x4007,0x2824,0x0001,0x0001,0x0001,0x0001,0x0802,0x0001,0x4847,0x6028,0x1804,
  0x1004,0x1045,0x2827,0x2004,0x2004,0x1804,0x1824,0x0803,0x1003,0x1803,0x3026,0x1804,
  0x0002,0x0002,0x0001,0x0002,0x0002,0x0001,0x0886,0x0085,0x0802,0x0803,0x0803,0x0803,
  0x0002,0x0002,0x1845,0x0824,0x0003,0x0003,0x0045,0x0024,0x0023,0x0023,0x0045,0x08A9,
  0x0067,0x0047,0x0068,0x00AA,0x010D,0x32D1,0x4B50,0x098E,0x296E,0x2889,0x1807,0x490B,
  0x61CE,0x61AD,0x6A0E,0x698D,0x50EB,0x3808,0x3828,0x4049,0x4048,0x3826,0x3026,0x3026,
  0x3006,0x2806,0x2005,0x4888,0x69EB,0x2824,0x2004,0x1804,0x2825,0x618B,0x5089,0x2005,
  0x1804,0x1804,0x2826,0x2826,0x2006,0x3027,0x3028,0x2006,0x2807,0x488A,0x722E,0x7AAF,
  0x598C,0x6A0D,0x592B,0x1807,0x1848,0x312C,0x192D,0x2A2F,0x08AA,0x0847,0x0889,0x0868,
  0x0847,0x192C,0x0846,0x2068,0x0004,0x0805,0x2847,0x1005,0x0003,0x0002,0x0803,0x0002,
  0x0885,0x1067,0x0804,0x1004,0x2026,0x2047,0x3048,0x2046,0x0002,0x0002,0x0003,0x0002,
  0x1045,0x0804,0x0803,0x0803,0x0803,0x0803,0x1024,0x1004,0x0804,0x1804,0x1804,0x1804,
  0x1004,0x2847,0x4069,0x4069,0x4849,0x584A,0x4029,0x1004,0x0002,0x0002,0x0802,0x0002,
  0x0001,0x0002,0x1823,0x2825,0x1003,0x0001,0x0001,0x0001,0x0001,0x0001,0x0802,0x0001,
  0x0001,0x0802,0x0001,0x1802,0x4805,0x0802,0x0001,0x0001,0x0001,0x0001,0x0002,0x0002,
  0x0802,0x1023,0x0802,0x0001,0x0001,0x0001,0x0001,0x0802,0x0803,0x0802,0x0001,0x0001,
  0x0000,0x0000,0x0000,0x0000,0x0000,0x0000,0x0000,0x0000,0x0000,0x0000,0x0000,0x0000,
  0x0000,0x0000,0x0000,0x0000,0x0000,0x0000,0x0000,0x0000,0x0000,0x0000,0x0000,0x0000,
  0x0000,0x0000,0x0000,0x0000,0x0000,0x0000,0x0000,0x0000,0x0000,0x0000,0x0000,0x0000,
  0x0000,0x0000,0x0000,0x0000,0x0000,0x0000,0x0000,0x0000,0x0000,0x0000,0x0802,0x0803,
  0x2805,0x2804,0x1802,0x1023,0x0001,0x0802,0x0001,0x0001,0x0802,0x1824,0x5027,0x4807,
  0x0804,0x1024,0x1826,0x2805,0x3005,0x3006,0x0803,0x1804,0x2805,0x1003,0x1003,0x0802,
  0x0001,0x0002,0x0002,0x0802,0x0002,0x0002,0x0023,0x08A7,0x1003,0x0802,0x0803,0x0001,
  0x0002,0x1846,0x1025,0x0003,0x0003,0x0002,0x0003,0x0024,0x0023,0x0024,0x0003,0x0024,
  0x0046,0x0046,0x0067,0x0068,0x012C,0x1A51,0x42F0,0x19EF,0x112E,0x312C,0x2048,0x2849,
  0x48CB,0x490B,0x61CE,0x6A0E,0x512C,0x514B,0x40A9,0x48AA,0x5049,0x3807,0x3807,0x3006,
  0x3006,0x2806,0x4048,0x69EB,0x2825,0x1804,0x1804,0x1804,0x1004,0x2845,0x512A,0x2005,
  0x1004,0x1805,0x2807,0x3828,0x3868,0x3027,0x3868,0x40A9,0x410A,0x514C,0x69ED,0x61CD,
  0x512B,0x510B,0x2047,0x1006,0x310A,0x294D,0x5AD0,0x39CF,0x1049,0x1047,0x1069,0x18CA,
  0x190B,0x110B,0x0005,0x0825,0x0004,0x2046,0x1825,0x1805,0x2006,0x1003,0x0002,0x0002,
  0x10C7,0x0825,0x1805,0x2005,0x1004,0x0003,0x0804,0x1826,0x2046,0x1824,0x0003,0x1045,
  0x1045,0x0003,0x0804,0x0803,0x0803,0x1025,0x1825,0x0804,0x0803,0x1004,0x1825,0x3868,
  0x58CB,0x690D,0x5089,0x4808,0x5029,0x4869,0x0803,0x2806,0x4048,0x0002,0x0002,0x0802,
  0x0001,0x0001,0x0001,0x0001,0x0001,0x0001,0x0001,0x0001,0x0001,0x0001,0x0001,0x0001,
  0x0001,0x0001,0x0001,0x0001,0x0001,0x0001,0x0801,0x0001,0x0802,0x0803,0x0802,0x0001,
  0x0802,0x0802,0x0001,0x0001,0x0001,0x0001,0x0001,0x0001,0x0802,0x1024,0x0001,0x0001,
  0x0000,0x0000,0x0000,0x0000,0x0000,0x0000,0x0000,0x0000,0x0000,0x0000,0x0000,0x0000,
  0x0000,0x0000,0x0000,0x0000,0x0000,0x0000,0x0000,0x0000,0x0000,0x0000,0x0000,0x0000,
  0x0000,0x0000,0x0000,0x0000,0x0000,0x0000,0x0000,0x0001,0x0001,0x0000,0x0000,0x0000,
  0x0000,0x0000,0x0000,0x0000,0x0000,0x0000,0x0000,0x0000,0x0000,0x0001,0x1003,0x2004,
  0x1002,0x0001,0x1003,0x1046,0x0002,0x1002,0x0802,0x0001,0x1824,0x0803,0x2004,0x5028,
  0x3006,0x0824,0x1066,0x2805,0x5028,0x4828,0x1003,0x2004,0x1003,0x0802,0x0803,0x0803,
  0x0802,0x0002,0x0002,0x0002,0x0002,0x0002,0x0001,0x0865,0x0824,0x0002,0x0002,0x1864,
  0x20C8,0x0826,0x0803,0x0823,0x0002,0x0003,0x0002,0x0803,0x0003,0x0024,0x0045,0x0024,
  0x0025,0x0046,0x0067,0x0047,0x096D,0x19EF,0x090E,0x326E,0x08ED,0x192D,0x28CB,0x1829,
  0x2849,0x510C,0x3869,0x2848,0x490B,0x516B,0x59CC,0x69CD,0x7A0E,0x71ED,0x69CC,0x69CC,
  0x618B,0x594A,0x7A4D,0x59AA,0x4108,0x40E8,0x38E8,0x38E7,0x4108,0x4108,0x59AA,0x6A4D,
  0x492A,0x516A,0x59AB,0x6A2D,0x69CD,0x69CD,0x69CD,0x596C,0x512B,0x40A9,0x48AA,0x3848,
  0x50EB,0x2848,0x1026,0x2889,0x398C,0x190C,0x4A2F,0x514E,0x2049,0x1027,0x2049,0x20EA,
  0x21CD,0x0007,0x2047,0x1025,0x0824,0x0824,0x0002,0x0002,0x1825,0x1004,0x1003,0x1064,
  0x10C8,0x0804,0x2827,0x1804,0x0803,0x0803,0x0803,0x1845,0x2045,0x2025,0x3847,0x2087,
  0x0824,0x0804,0x0804,0x0003,0x1025,0x1025,0x0003,0x0804,0x1045,0x18A7,0x2888,0x40AA,
  0x48CA,0x2846,0x3807,0x4828,0x586A,0x2024,0x0001,0x2005,0x586A,0x2846,0x0002,0x0001,
  0x0001,0x0001,0x0001,0x0001,0x0002,0x0802,0x0001,0x0001,0x0801,0x0001,0x0001,0x0802,
  0x0001,0x0001,0x0001,0x0001,0x0001,0x0001,0x0001,0x0022,0x1067,0x3027,0x2025,0x0803,
  0x0002,0x0001,0x0001,0x0001,0x0001,0x0001,0x0001,0x0001,0x0001,0x0001,0x0001,0x0001,
  0x0000,0x0000,0x0000,0x0000,0x0000,0x0000,0x0000,0x0000,0x0000,0x0000,0x0000,0x0000,
  0x0000,0x0000,0x0000,0x0000,0x0000,0x0000,0x0000,0x0000,0x0000,0x0000,0x0000,0x0000,
  0x0000,0x0000,0x0000,0x0000,0x0000,0x0000,0x0000,0x0000,0x0000,0x0000,0x0000,0x0000,
  0x0000,0x0000,0x0000,0x0000,0x0001,0x0001,0x0000,0x0000,0x0000,0x0801,0x0803,0x1803,
  0x0802,0x1804,0x2005,0x0002,0x0002,0x0000,0x0000,0x1804,0x0802,0x0000,0x1002,0x3005,
  0x4027,0x1825,0x1025,0x2005,0x3806,0x4807,0x2005,0x1003,0x2004,0x1003,0x0802,0x0803,
  0x0803,0x0802,0x0002,0x0002,0x0002,0x0002,0x0002,0x0823,0x0803,0x0002,0x1045,0x2887,
  0x31AB,0x0866,0x0003,0x0003,0x0003,0x0002,0x1024,0x2867,0x0003,0x0024,0x0045,0x0025,
  0x0045,0x0068,0x0047,0x0068,0x096D,0x116D,0x086B,0x320E,0x194D,0x008C,0x18EC,0x1849,
  0x1828,0x3889,0x512B,0x3048,0x2807,0x3008,0x3028,0x4048,0x5069,0x60EB,0x716C,0x71AC,
  0x69EC,0x724D,0x724D,0x726D,0x7AAE,0x7A4D,0x824E,0x822D,0x824D,0x7A6D,0x724D,0x726D,
  0x7A2E,0x71ED,0x69CC,0x512A,0x4089,0x3869,0x2847,0x2006,0x3027,0x3028,0x4089,0x616C,
  0x3049,0x1807,0x1006,0x290B,0x18EC,0x298D,0x10AB,0x1028,0x308A,0x1847,0x1828,0x1089,
  0x2A8F,0x092B,0x2828,0x2046,0x0003,0x0824,0x0803,0x0003,0x0804,0x0803,0x0804,0x30A8,
  0x390A,0x2026,0x1805,0x0804,0x0803,0x0003,0x0803,0x1025,0x1004,0x0003,0x0804,0x1846,
  0x1888,0x2889,0x38A8,0x2887,0x1846,0x0804,0x0845,0x1088,0x18AA,0x28A9,0x2848,0x3827,
  0x2806,0x3807,0x5049,0x5049,0x3847,0x0001,0x0002,0x4828,0x2806,0x0804,0x0824,0x0002,
  0x0001,0x0001,0x0802,0x0001,0x0001,0x0803,0x0802,0x0001,0x0001,0x0001,0x0001,0x0001,
  0x0001,0x0801,0x0001,0x0001,0x0001,0x0001,0x0001,0x0001,0x00A7,0x38CA,0x5869,0x2826,
  0x2826,0x0001,0x0001,0x0001,0x0000,0x0001,0x0001,0x0001,0x0001,0x0001,0x0024,0x0003,
  0x0000,0x0000,0x0000,0x0000,0x0000,0x0000,0x0000,0x0000,0x0000,0x0000,0x0000,0x0000,
  0x0000,0x0000,0x0000,0x0000,0x0000,0x0000,0x0000,0x0000,0x0000,0x0000,0x0000,0x0000,
  0x0000,0x0000,0x0000,0x0000,0x0000,0x0000,0x0000,0x0000,0x0000,0x0000,0x0000,0x0000,
  0x0000,0x0000,0x0000,0x0000,0x0000,0x0000,0x0000,0x0000,0x0001,0x1002,0x0802,0x1003,
  0x1803,0x1002,0x0000,0x0000,0x0000,0x0801,0x0802,0x1805,0x3025,0x0001,0x0001,0x1803,
  0x2805,0x1805,0x1825,0x2846,0x5049,0x802D,0x4808,0x0803,0x2004,0x1804,0x0802,0x0802,
  0x1003,0x1025,0x1044,0x0002,0x0002,0x0002,0x0002,0x0002,0x10C8,0x1087,0x1066,0x0002,
  0x0023,0x116A,0x0024,0x0003,0x0003,0x0024,0x0824,0x0024,0x0023,0x0003,0x0023,0x0023,
  0x0066,0x0089,0x0068,0x0048,0x220D,0x29CE,0x106A,0x18CC,0x31AE,0x21AE,0x190C,0x1849,
  0x1027,0x1828,0x2848,0x490B,0x48EB,0x48CA,0x2827,0x2827,0x3007,0x2806,0x3807,0x4007,
  0x5008,0x4808,0x5048,0x4807,0x5048,0x4827,0x3806,0x4007,0x4827,0x4868,0x3827,0x3827,
  0x3807,0x3807,0x3827,0x2005,0x1805,0x2826,0x2026,0x2006,0x1806,0x510B,0x512B,0x2848,
  0x1807,0x1807,0x1827,0x212C,0x10EB,0x212C,0x1069,0x0867,0x0847,0x10A9,0x1027,0x08EB,
  0x43B1,0x3A8E,0x1828,0x1025,0x0003,0x0823,0x0003,0x0003,0x0803,0x0003,0x0003,0x3067,
  0x612C,0x2046,0x1805,0x0803,0x0003,0x0003,0x0803,0x0003,0x0003,0x0803,0x0003,0x0003,
  0x2109,0x496E,0x38CB,0x30CA,0x2889,0x1089,0x0889,0x30CA,0x38AB,0x3028,0x3007,0x4849,
  0x584A,0x586A,0x4849,0x4848,0x0802,0x0002,0x0001,0x3027,0x3007,0x1004,0x1025,0x0844,
  0x0001,0x0001,0x0802,0x0802,0x0001,0x0001,0x0001,0x0001,0x0001,0x0001,0x0001,0x0001,
  0x0001,0x0001,0x0001,0x0001,0x0001,0x0001,0x0002,0x0001,0x0044,0x118C,0x4048,0x1825,
  0x1805,0x0002,0x0001,0x0803,0x0002,0x0001,0x0001,0x0001,0x0001,0x0002,0x0002,0x0001,
  0x0000,0x0000,0x0000,0x0000,0x0000,0x0000,0x0000,0x0000,0x0000,0x0000,0x0000,0x0000,
  0x0000,0x0000,0x0000,0x0000,0x0000,0x0000,0x0000,0x0000,0x0000,0x0000,0x0000,0x0000,
  0x0000,0x0000,0x0000,0x0000,0x0000,0x0000,0x0000,0x0000,0x0000,0x0000,0x0000,0x0000,
  0x0000,0x0000,0x0000,0x0000,0x0000,0x0000,0x0000,0x0000,0x1002,0x1003,0x1803,0x1002,
  0x0000,0x0000,0x0000,0x0001,0x0000,0x0001,0x1003,0x4006,0x1802,0x0001,0x0001,0x0001,
  0x2805,0x2806,0x2826,0x2025,0x3026,0x784C,0x5809,0x2004,0x1003,0x2005,0x0802,0x0802,
  0x0803,0x1825,0x1024,0x0002,0x0002,0x0002,0x0001,0x0845,0x190A,0x0844,0x0002,0x0003,
  0x0002,0x08A6,0x116A,0x0003,0x0023,0x0024,0x0023,0x0003,0x0003,0x0023,0x0023,0x0003,
  0x0066,0x0089,0x00AA,0x0067,0x114B,0x11AD,0x0028,0x106A,0x40EC,0x31CE,0x08CC,0x1027,
  0x1027,0x2068,0x1006,0x1806,0x514C,0x596C,0x2847,0x2807,0x3007,0x2006,0x2826,0x2806,
  0x2826,0x2826,0x2806,0x2826,0x2826,0x2826,0x2825,0x2846,0x2825,0x2846,0x2826,0x2005,
  0x2005,0x2025,0x1804,0x1805,0x2025,0x2826,0x2005,0x3088,0x596C,0x490A,0x1826,0x1005,
  0x1026,0x1007,0x18EB,0x216C,0x316C,0x1068,0x0867,0x0025,0x0025,0x08EA,0x08AA,0x21AD,
  0x398E,0x2889,0x1005,0x2067,0x0004,0x0002,0x0803,0x0803,0x0803,0x0003,0x0002,0x2886,
  0x490B,0x0004,0x1004,0x0804,0x0803,0x0803,0x0003,0x0003,0x0823,0x0824,0x0004,0x0004,
  0x294B,0x5A2E,0x18AB,0x114C,0x10EB,0x110A,0x1089,0x486A,0x404A,0x3007,0x2807,0x3828,
  0x584A,0x4028,0x5049,0x1003,0x0002,0x0002,0x0001,0x1024,0x2826,0x1004,0x1004,0x0845,
  0x0003,0x0001,0x0001,0x0001,0x0001,0x0001,0x0001,0x0065,0x0085,0x0001,0x0001,0x0001,
  0x0001,0x0801,0x0802,0x0001,0x0001,0x0001,0x0823,0x0823,0x0001,0x096B,0x0867,0x0803,
  0x1005,0x0804,0x0001,0x0001,0x0001,0x0001,0x0023,0x0002,0x0001,0x0002,0x0002,0x0001,
  0x0000,0x0000,0x0000,0x0000,0x0000,0x0000,0x0000,0x0000,0x0000,0x0000,0x0000,0x0000,
  0x0000,0x0000,0x0000,0x0000,0x0000,0x0000,0x0000,0x0000,0x0000,0x0000,0x0000,0x0000,
  0x0000,0x0000,0x0000,0x0000,0x0000,0x0000,0x0000,0x0000,0x0000,0x0000,0x0000,0x0000,
  0x0000,0x0000,0x0000,0x0000,0x0000,0x0000,0x0000,0x1001,0x1804,0x1804,0x1001,0x0000,
  0x0000,0x0000,0x0001,0x0001,0x0000,0x0000,0x1002,0x2003,0x0001,0x0001,0x0001,0x0000,
  0x1002,0x3005,0x2004,0x1804,0x0803,0x5008,0x6009,0x3006,0x1003,0x1003,0x0803,0x0802,
  0x0802,0x0803,0x1004,0x0023,0x0002,0x0823,0x0887,0x08CA,0x0003,0x0002,0x0002,0x0002,
  0x0003,0x0002,0x1149,0x08C8,0x0002,0x0023,0x0023,0x0003,0x0003,0x0023,0x0023,0x0024,
  0x0024,0x0045,0x0046,0x08E9,0x0089,0x09CE,0x0068,0x0868,0x286B,0x518E,0x218D,0x1069,
  0x1006,0x1006,0x1005,0x1005,0x3048,0x38CA,0x51AC,0x516B,0x40A9,0x3027,0x2806,0x2005,
  0x2005,0x2005,0x2005,0x2005,0x1804,0x2005,0x2005,0x2005,0x2005,0x2005,0x2005,0x2825,
  0x2825,0x1805,0x2005,0x1805,0x2005,0x3888,0x516B,0x598C,0x40CA,0x1005,0x1005,0x1005,
  0x1006,0x1048,0x218C,0x296B,0x48EC,0x2048,0x0025,0x0024,0x0025,0x0046,0x00EB,0x08CA,
  0x1026,0x0004,0x0004,0x0824,0x28C9,0x0845,0x0003,0x0824,0x0003,0x0003,0x0002,0x0002,
  0x20C9,0x1067,0x0003,0x0804,0x0804,0x0803,0x0003,0x0003,0x0003,0x0003,0x0004,0x0005,
  0x29CD,0x39CE,0x192B,0x10EA,0x0847,0x0826,0x0806,0x48AA,0x3068,0x1805,0x2006,0x2806,
  0x3828,0x504A,0x2025,0x0001,0x0002,0x0001,0x0001,0x0001,0x0002,0x2005,0x2806,0x2827,
  0x2847,0x0002,0x0001,0x0001,0x0001,0x0001,0x0000,0x00A6,0x00E9,0x0023,0x0001,0x0001,
  0x0001,0x0001,0x0802,0x0001,0x0001,0x0001,0x0001,0x0001,0x0001,0x0043,0x00E9,0x0826,
  0x2026,0x1826,0x0001,0x0000,0x0000,0x0000,0x0001,0x0001,0x0003,0x0001,0x0001,0x0001,
  0x0000,0x0000,0x0000,0x0000,0x0000,0x0000,0x0000,0x0000,0x0000,0x0000,0x0000,0x0000,
  0x0000,0x0000,0x0000,0x0000,0x0000,0x0000,0x0000,0x0000,0x0000,0x0000,0x0000,0x0000,
  0x0000,0x0000,0x0000,0x0000,0x0000,0x0000,0x0000,0x0000,0x0000,0x0000,0x0000,0x0000,
  0x0000,0x0000,0x0000,0x0000,0x0000,0x0000,0x0001,0x1804,0x1003,0x0001,0x0000,0x0000,
  0x0000,0x0000,0x0801,0x0801,0x0801,0x0000,0x0000,0x0000,0x0001,0x0000,0x0001,0x0001,
  0x0001,0x2804,0x2805,0x1804,0x1804,0x2005,0x680A,0x4008,0x2004,0x1804,0x1004,0x0802,
  0x0802,0x0802,0x0803,0x1064,0x0823,0x10A7,0x08A8,0x0844,0x0002,0x0003,0x0002,0x0003,
  0x0003,0x0003,0x0003,0x194A,0x10E8,0x0003,0x0023,0x0023,0x0023,0x0023,0x0023,0x0024,
  0x0045,0x0045,0x08C9,0x0047,0x0067,0x010B,0x0067,0x0867,0x1047,0x40CC,0x41EE,0x10AB,
  0x1027,0x1827,0x1826,0x1826,0x1826,0x1005,0x1806,0x2888,0x492A,0x594B,0x50EA,0x3847,
  0x3006,0x3806,0x2805,0x2805,0x2805,0x2805,0x2004,0x1804,0x2005,0x2005,0x2005,0x3006,
  0x3007,0x3006,0x4068,0x592B,0x512B,0x492A,0x3088,0x1005,0x1805,0x1826,0x1025,0x1826,
  0x1026,0x0827,0x194B,0x212A,0x2068,0x2868,0x0024,0x0024,0x0025,0x092B,0x00EB,0x0025,
  0x0024,0x0024,0x0003,0x0002,0x0844,0x20C9,0x10A8,0x0023,0x0803,0x0823,0x0002,0x0002,
  0x1887,0x18C9,0x0025,0x0825,0x0004,0x0804,0x0003,0x0003,0x0003,0x0024,0x0025,0x0027,
  0x42CF,0x320D,0x0846,0x0006,0x0826,0x0826,0x1026,0x3048,0x1846,0x2006,0x2806,0x3827,
  0x606A,0x3827,0x0803,0x0002,0x0002,0x0002,0x0002,0x0002,0x0001,0x0822,0x1804,0x3026,
  0x2848,0x0002,0x0001,0x0001,0x0001,0x0001,0x0001,0x0002,0x00A7,0x0024,0x0824,0x0001,
  0x0001,0x0001,0x0001,0x0001,0x0001,0x0001,0x0001,0x0001,0x0001,0x0000,0x0023,0x00C9,
  0x1846,0x1805,0x0002,0x0000,0x0001,0x0001,0x0001,0x0000,0x0086,0x0887,0x0002,0x0002,
  0x0000,0x0000,0x0000,0x0000,0x0000,0x0000,0x0000,0x0000,0x0000,0x0000,0x0000,0x0000,
  0x0000,0x0000,0x0000,0x0000,0x0000,0x0000,0x0000,0x0000,0x0000,0x0000,0x0000,0x0000,
  0x0000,0x0000,0x0000,0x0000,0x0000,0x0000,0x0000,0x0000,0x0000,0x0000,0x0000,0x0000,
  0x0000,0x0000,0x0000,0x0000,0x0000,0x0000,0x0001,0x0001,0x0000,0x0000,0x0000,0x0000,
  0x0000,0x0000,0x0000,0x0000,0x0000,0x0000,0x0000,0x0000,0x0000,0x0000,0x0001,0x0000,
  0x1802,0x1002,0x3005,0x2004,0x1804,0x1004,0x4007,0x680B,0x3006,0x1004,0x2005,0x0803,
  0x0802,0x0802,0x0803,0x1066,0x1067,0x1867,0x0003,0x0803,0x0003,0x0002,0x0003,0x0002,
  0x0002,0x0003,0x0003,0x0824,0x2109,0x10A6,0x0003,0x0023,0x0023,0x0024,0x0023,0x0024,
  0x0024,0x0025,0x0887,0x0046,0x0067,0x098D,0x00A8,0x0826,0x0867,0x1048,0x312E,0x29AE,
  0x1869,0x286A,0x2068,0x1026,0x1004,0x0804,0x0804,0x1004,0x1004,0x2846,0x40C9,0x594B,
  0x696B,0x718C,0x690B,0x68EB,0x610B,0x48A9,0x40A8,0x48E9,0x50E9,0x50CA,0x592A,0x592B,
  0x698C,0x69AC,0x618C,0x40E9,0x2847,0x1805,0x1004,0x0804,0x0804,0x1005,0x2868,0x1847,
  0x1026,0x0027,0x31CC,0x312A,0x0805,0x1867,0x0025,0x0024,0x0025,0x010B,0x0046,0x0003,
  0x0024,0x0003,0x0002,0x0002,0x0002,0x0824,0x30EB,0x1045,0x0001,0x0002,0x0002,0x0823,
  0x1065,0x10C8,0x0025,0x0003,0x0825,0x0824,0x0004,0x0003,0x0003,0x0025,0x0025,0x10E9,
  0x3270,0x08A9,0x0005,0x0846,0x0825,0x0005,0x2006,0x2806,0x2005,0x2806,0x3807,0x688A,
  0x4848,0x0002,0x1804,0x0802,0x0001,0x0001,0x0001,0x0001,0x0001,0x0001,0x0001,0x0001,
  0x0002,0x0001,0x0001,0x0001,0x0001,0x0001,0x0001,0x0001,0x0064,0x2025,0x1825,0x0001,
  0x0001,0x0001,0x0001,0x0001,0x0001,0x0001,0x0001,0x0001,0x0001,0x0001,0x0001,0x0022,
  0x1866,0x1805,0x0824,0x0001,0x0001,0x0001,0x0001,0x0001,0x0001,0x0045,0x0025,0x0023,
  0x0000,0x0000,0x0000,0x0000,0x0000,0x0000,0x0000,0x0000,0x0000,0x0000,0x0000,0x0000,
  0x0000,0x0000,0x0000,0x0000,0x0000,0x0000,0x0000,0x0000,0x0000,0x0000,0x0000,0x0000,
  0x0000,0x0000,0x0000,0x0000,0x0000,0x0000,0x0000,0x0000,0x0001,0x0001,0x0000,0x0000,
  0x0000,0x0000,0x0000,0x0000,0x0000,0x0000,0x0000,0x0000,0x0000,0x0000,0x0000,0x0000,
  0x0000,0x0000,0x0000,0x0000,0x0000,0x0000,0x0000,0x0000,0x0000,0x0001,0x0001,0x0000,
  0x0001,0x0001,0x1803,0x3006,0x1804,0x2826,0x1804,0x682A,0x5009,0x2005,0x1824,0x1004,
  0x0802,0x0824,0x0887,0x0867,0x2847,0x1805,0x0804,0x0824,0x0002,0x0003,0x0003,0x0002,
  0x0002,0x0002,0x0003,0x0003,0x0824,0x212A,0x0865,0x0003,0x0024,0x0024,0x0024,0x0024,
  0x0024,0x0846,0x0025,0x0025,0x0067,0x014C,0x0088,0x0025,0x0846,0x0826,0x30AB,0x39CE,
  0x108A,0x1049,0x1027,0x1005,0x1005,0x0804,0x0803,0x1004,0x1004,0x1804,0x1805,0x2005,
  0x58AA,0x8AAF,0x718C,0x592A,0x514A,0x4929,0x4949,0x518A,0x516A,0x596A,0x69CC,0x71ED,
  0x828E,0x4068,0x2005,0x1005,0x1806,0x1025,0x0804,0x0804,0x0803,0x0804,0x2048,0x1067,
  0x18A9,0x1088,0x294A,0x1867,0x0805,0x1867,0x0025,0x0025,0x0088,0x08A8,0x0003,0x0023,
  0x0024,0x0003,0x0002,0x0003,0x0002,0x0823,0x1004,0x1825,0x0823,0x0002,0x0002,0x0823,
  0x0002,0x08E9,0x08C8,0x0003,0x0003,0x0024,0x0024,0x0024,0x0003,0x0024,0x0025,0x196C,
  0x118F,0x0048,0x0826,0x0826,0x1026,0x1806,0x2005,0x1805,0x2005,0x2805,0x5809,0x4807,
  0x0802,0x0001,0x0802,0x0802,0x0001,0x0001,0x0001,0x0001,0x0001,0x0001,0x0802,0x0002,
  0x0001,0x0001,0x0001,0x0002,0x0001,0x0001,0x0001,0x0001,0x0000,0x0802,0x0802,0x0001,
  0x0001,0x0001,0x0001,0x0001,0x0001,0x0001,0x0001,0x0001,0x0001,0x0001,0x0001,0x0001,
  0x0001,0x1003,0x2046,0x0802,0x0000,0x0001,0x0001,0x0001,0x0001,0x0001,0x0066,0x00C8,
  0x0000,0x0000,0x0000,0x0000,0x0000,0x0000,0x0000,0x0000,0x0000,0x0000,0x0000,0x0000,
  0x0000,0x0000,0x0000,0x0000,0x0000,0x0000,0x0000,0x0000,0x0000,0x0000,0x0000,0x0000,
  0x0000,0x0000,0x0000,0x0000,0x0000,0x0000,0x0000,0x0001,0x0844,0x0000,0x0000,0x0000,
  0x0000,0x0000,0x0000,0x0000,0x0000,0x0000,0x0000,0x0000,0x0000,0x0000,0x0000,0x0000,
  0x0000,0x0000,0x0000,0x0000,0x0000,0x0000,0x0000,0x0801,0x0001,0x0000,0x0000,0x0000,
  0x0000,0x0001,0x0000,0x2004,0x2005,0x2005,0x1004,0x3807,0x682B,0x3006,0x1804,0x1004,
  0x1804,0x3828,0x0824,0x2025,0x2005,0x0803,0x0804,0x1025,0x0804,0x0003,0x0003,0x0002,
  0x0002,0x0002,0x0003,0x0003,0x0003,0x1067,0x21AC,0x0045,0x0045,0x0045,0x0024,0x0044,
  0x0024,0x0866,0x0024,0x0025,0x0068,0x0089,0x0089,0x0867,0x1046,0x2046,0x406A,0x390C,
  0x212B,0x0007,0x1048,0x0826,0x1004,0x0804,0x0803,0x0803,0x0803,0x1004,0x1805,0x1805,
  0x3827,0x5089,0x614B,0x2806,0x1804,0x1003,0x0803,0x0803,0x1003,0x1004,0x48A9,0x71CD,
  0x4068,0x1805,0x1805,0x1805,0x1805,0x0804,0x0803,0x0803,0x0803,0x0804,0x1046,0x0025,
  0x0868,0x314B,0x1867,0x0805,0x0825,0x1026,0x1046,0x0046,0x094B,0x0024,0x0003,0x0003,
  0x0003,0x0003,0x0003,0x0003,0x0003,0x0824,0x0823,0x0824,0x2046,0x0803,0x0002,0x0003,
  0x0002,0x00C7,0x0909,0x0024,0x0003,0x0003,0x0003,0x0046,0x0067,0x0025,0x0867,0x10EC,
  0x196D,0x0827,0x0826,0x0825,0x1806,0x2005,0x1804,0x1804,0x4807,0x4807,0x5828,0x1803,
  0x0001,0x0001,0x0001,0x0001,0x0001,0x0001,0x0001,0x0001,0x0001,0x0001,0x1002,0x0001,
  0x0001,0x0001,0x0001,0x0001,0x0001,0x0001,0x0000,0x0001,0x0001,0x0000,0x0000,0x0001,
  0x0001,0x0001,0x0001,0x0001,0x0801,0x0001,0x0001,0x0001,0x0000,0x0001,0x0001,0x0001,
  0x0001,0x0000,0x0802,0x0802,0x0001,0x0001,0x0001,0x0001,0x0001,0x0001,0x0002,0x0149,
  0x0000,0x0000,0x0000,0x0000,0x0000,0x0000,0x0000,0x0000,0x0000,0x0000,0x0000,0x0000,
  0x0000,0x0000,0x0000,0x0000,0x0000,0x0000,0x0000,0x0000,0x0000,0x0000,0x0000,0x0000,
  0x0000,0x0000,0x0000,0x0000,0x0000,0x0000,0x0000,0x0023,0x0000,0x0000,0x0000,0x0000,
  0x0000,0x0000,0x0000,0x0000,0x0000,0x0000,0x0000,0x0000,0x0000,0x0000,0x0000,0x0000,
  0x0000,0x0000,0x0000,0x0000,0x0000,0x0000,0x0000,0x0801,0x0001,0x0000,0x0000,0x0000,
  0x0000,0x0000,0x0001,0x0801,0x2805,0x2005,0x2806,0x1004,0x584A,0x4008,0x1004,0x2805,
  0x3026,0x804B,0x4827,0x3867,0x1004,0x0803,0x0803,0x0804,0x0846,0x0004,0x0003,0x0002,
  0x0002,0x0002,0x0003,0x0003,0x0003,0x0003,0x10E9,0x118C,0x0025,0x0046,0x0045,0x0024,
  0x08C7,0x0886,0x0004,0x0025,0x0067,0x0046,0x094C,0x10C8,0x1045,0x1846,0x3889,0x284A,
  0x296D,0x0868,0x0826,0x0805,0x0804,0x0804,0x0803,0x0803,0x0803,0x1003,0x1804,0x1805,
  0x2006,0x1805,0x512A,0x40E9,0x1804,0x1824,0x1004,0x1003,0x1024,0x1804,0x596B,0x696C,
  0x2806,0x1805,0x1805,0x1805,0x1845,0x0803,0x0803,0x0803,0x0003,0x0804,0x0825,0x0005,
  0x20E9,0x390B,0x2048,0x3047,0x0804,0x0824,0x1867,0x118C,0x00A7,0x0004,0x0045,0x0003,
  0x0002,0x0002,0x0003,0x0003,0x0003,0x0002,0x0002,0x0002,0x0003,0x3087,0x0823,0x0002,
  0x0002,0x0065,0x090A,0x0045,0x0003,0x0023,0x0003,0x0003,0x0066,0x00A8,0x2847,0x188A,
  0x08CB,0x0806,0x1026,0x0805,0x1005,0x2005,0x2805,0x4006,0x4006,0x4827,0x2825,0x0001,
  0x0001,0x0001,0x0001,0x0001,0x0001,0x0001,0x0001,0x0001,0x0001,0x0001,0x1803,0x0802,
  0x0001,0x0001,0x0001,0x0000,0x0001,0x0001,0x0801,0x0001,0x0000,0x0001,0x0001,0x0001,
  0x0000,0x0000,0x0000,0x0000,0x0001,0x0001,0x0000,0x2003,0x1802,0x0000,0x0001,0x0001,
  0x0001,0x0001,0x0000,0x0000,0x0000,0x0000,0x0000,0x0000,0x0001,0x0001,0x0001,0x0001,
  0x0000,0x0000,0x0000,0x0000,0x0000,0x0000,0x0000,0x0000,0x0000,0x0000,0x0000,0x0000,
  0x0000,0x0000,0x0000,0x0000,0x0000,0x0000,0x0000,0x0000,0x0000,0x0000,0x0000,0x0000,
  0x0000,0x0000,0x0000,0x0000,0x0000,0x0000,0x0000,0x0000,0x0000,0x0000,0x0000,0x0000,
  0x0000,0x0000,0x0000,0x0000,0x0000,0x0000,0x0000,0x0000,0x0000,0x0000,0x0000,0x0000,
  0x0000,0x0000,0x0000,0x0000,0x0000,0x0000,0x0000,0x0801,0x0000,0x0000,0x0801,0x0801,
  0x0000,0x0000,0x0001,0x0001,0x1002,0x3005,0x2806,0x1804,0x2826,0x5049,0x3026,0x6829,
  0x3005,0x4047,0x3826,0x1004,0x0803,0x1004,0x0803,0x0803,0x0825,0x0824,0x0003,0x0003,
  0x0002,0x0002,0x0002,0x0003,0x0003,0x0004,0x0825,0x116C,0x118C,0x0067,0x0047,0x0067,
  0x090A,0x0025,0x0025,0x0045,0x0024,0x0045,0x08A8,0x0003,0x0004,0x0004,0x1046,0x1807,
  0x312C,0x212B,0x0004,0x0804,0x0804,0x0804,0x0803,0x0803,0x0803,0x0803,0x2005,0x1004,
  0x1805,0x1805,0x3847,0x61CC,0x2025,0x1804,0x1003,0x1004,0x1004,0x2025,0x61CC,0x3027,
  0x2005,0x1805,0x1004,0x1805,0x1004,0x0803,0x0803,0x0803,0x0003,0x0804,0x0825,0x0847,
  0x396B,0x1847,0x0804,0x1826,0x1805,0x1025,0x214C,0x090A,0x0003,0x0024,0x0003,0x0003,
  0x0002,0x0002,0x0002,0x0024,0x0023,0x0002,0x0002,0x0002,0x0002,0x0844,0x3129,0x0023,
  0x0002,0x0023,0x094C,0x00A7,0x0003,0x0023,0x0023,0x0003,0x0825,0x1867,0x4069,0x110C,
  0x090C,0x0868,0x0805,0x0804,0x2806,0x3806,0x3806,0x2805,0x4007,0x3806,0x0001,0x0002,
  0x0001,0x0001,0x0802,0x0001,0x0001,0x0001,0x0001,0x0001,0x0001,0x0001,0x0001,0x1003,
  0x0802,0x0001,0x0001,0x0001,0x0001,0x0001,0x1002,0x0001,0x0000,0x0001,0x0001,0x0000,
  0x0001,0x0001,0x0001,0x0000,0x0000,0x0000,0x0001,0x0802,0x1803,0x0801,0x0001,0x0000,
  0x0000,0x0000,0x0000,0x0000,0x0000,0x0000,0x0000,0x0000,0x0000,0x0000,0x0001,0x0001,
  0x0000,0x0000,0x0000,0x0000,0x0000,0x0000,0x0000,0x0000,0x0000,0x0000,0x0000,0x0000,
  0x0000,0x0000,0x0000,0x0000,0x0000,0x0000,0x0000,0x0000,0x0000,0x0000,0x0000,0x0000,
  0x0000,0x0000,0x0000,0x0000,0x0000,0x0000,0x0000,0x0000,0x0000,0x0000,0x0000,0x0000,
  0x0000,0x0000,0x0000,0x0000,0x0000,0x0000,0x0000,0x0000,0x0000,0x0000,0x0000,0x0000,
  0x0000,0x0000,0x0000,0x0000,0x0000,0x0000,0x1802,0x0801,0x0001,0x0001,0x3025,0x2804,
  0x0000,0x0000,0x0000,0x0001,0x0000,0x1803,0x3807,0x1805,0x0803,0x4027,0x786B,0x5828,
  0x3806,0x4807,0x2805,0x0803,0x0803,0x1003,0x1004,0x0803,0x0804,0x0825,0x0003,0x0002,
  0x0002,0x0002,0x0002,0x0003,0x0003,0x0804,0x0825,0x08A8,0x11CF,0x09CE,0x00AA,0x00CB,
  0x094C,0x0087,0x0045,0x0045,0x0004,0x0067,0x0045,0x0024,0x0004,0x0004,0x0824,0x0804,
  0x1827,0x394C,0x1047,0x0804,0x1004,0x1805,0x1004,0x0003,0x0803,0x0803,0x1805,0x1804,
  0x1804,0x1805,0x2806,0x71CD,0x490A,0x1805,0x1004,0x1004,0x1004,0x38C8,0x516B,0x2806,
  0x2005,0x1004,0x1004,0x1005,0x1004,0x0803,0x0803,0x0824,0x1025,0x0804,0x0005,0x20EA,
  0x390A,0x0804,0x0804,0x1005,0x1805,0x2088,0x494B,0x1045,0x0003,0x0803,0x0003,0x0003,
  0x0002,0x0002,0x0002,0x0003,0x0002,0x0002,0x0002,0x0002,0x0002,0x0003,0x0845,0x0866,
  0x0002,0x0002,0x090A,0x08EA,0x0004,0x0024,0x0003,0x0846,0x1067,0x1825,0x2047,0x090B,
  0x0889,0x08CB,0x1026,0x2005,0x3826,0x3806,0x3005,0x5008,0x4808,0x0802,0x0001,0x0001,
  0x0001,0x0001,0x0001,0x0802,0x0001,0x0001,0x0001,0x0001,0x0001,0x0001,0x0000,0x1803,
  0x1825,0x0001,0x0000,0x0001,0x0000,0x0000,0x0000,0x0000,0x0001,0x0001,0x0000,0x0001,
  0x0001,0x0001,0x0000,0x0000,0x0000,0x0000,0x0001,0x0001,0x0000,0x0001,0x0001,0x0001,
  0x0000,0x0000,0x0000,0x0000,0x0000,0x0000,0x0000,0x0000,0x0000,0x0000,0x0000,0x0000,
  0x0000,0x0000,0x0000,0x0000,0x0000,0x0000,0x0000,0x0000,0x0000,0x0000,0x0000,0x0000,
  0x0000,0x0000,0x0000,0x0000,0x0000,0x0000,0x0000,0x0000,0x0000,0x0000,0x0000,0x0000,
  0x0000,0x0000,0x0000,0x0000,0x0000,0x0000,0x0000,0x0000,0x0000,0x0000,0x0000,0x0000,
  0x0000,0x0000,0x0000,0x0000,0x0000,0x0000,0x0000,0x0000,0x0000,0x0000,0x0000,0x0000,
  0x0000,0x0000,0x0000,0x0000,0x0000,0x1802,0x0802,0x0001,0x0001,0x0000,0x0001,0x0000,
  0x0000,0x0000,0x0000,0x0001,0x0001,0x0001,0x4006,0x3807,0x2005,0x3027,0x6049,0x6809,
  0x4006,0x5848,0x1804,0x1804,0x1003,0x1067,0x1025,0x0803,0x0804,0x0804,0x0825,0x0003,
  0x0002,0x0002,0x0002,0x0003,0x0002,0x0824,0x0846,0x0026,0x09CD,0x2311,0x2B11,0x120E,
  0x092B,0x00C9,0x08E9,0x092A,0x08E9,0x08EA,0x0024,0x0024,0x0024,0x0003,0x0804,0x0804,
  0x0805,0x3089,0x30EA,0x0805,0x2046,0x1025,0x0804,0x0803,0x0803,0x0803,0x1004,0x1804,
  0x1804,0x1805,0x3827,0x614C,0x40EA,0x1806,0x1004,0x1004,0x1805,0x516B,0x596C,0x3848,
  0x2005,0x1005,0x1004,0x1004,0x0804,0x0803,0x0803,0x0003,0x1045,0x1025,0x0867,0x394B,
  0x1025,0x0804,0x0803,0x1004,0x1025,0x20A9,0x614A,0x1024,0x0003,0x0803,0x0803,0x0003,
  0x0002,0x0002,0x0003,0x0003,0x0002,0x0002,0x0002,0x0002,0x0003,0x0003,0x0002,0x0045,
  0x1087,0x0002,0x00A8,0x092C,0x0025,0x0024,0x0024,0x1868,0x0804,0x0805,0x1067,0x08AA,
  0x0868,0x1089,0x1804,0x2805,0x2805,0x2805,0x4007,0x5829,0x0803,0x0001,0x0802,0x0001,
  0x0001,0x0803,0x1003,0x0001,0x0001,0x0001,0x0001,0x0001,0x0001,0x0001,0x0001,0x0000,
  0x0001,0x0003,0x0002,0x0000,0x0000,0x0000,0x0000,0x0000,0x0000,0x0000,0x0000,0x0000,
  0x0001,0x0001,0x0000,0x0000,0x0000,0x0001,0x0001,0x0000,0x0000,0x0000,0x0001,0x0001,
  0x0001,0x0001,0x0000,0x0000,0x0000,0x0000,0x0000,0x0000,0x0000,0x0000,0x0000,0x0000,
  0x0000,0x0000,0x0000,0x0000,0x0000,0x0000,0x0000,0x0000,0x0000,0x0000,0x0000,0x0000,
  0x0000,0x0000,0x0000,0x0000,0x0000,0x0000,0x0000,0x0000,0x0000,0x0000,0x0000,0x0000,
  0x0000,0x0000,0x0000,0x0000,0x0000,0x0000,0x0000,0x0000,0x0000,0x0000,0x0000,0x0000,
  0x0000,0x0000,0x0000,0x0000,0x0000,0x0000,0x0000,0x0000,0x0000,0x0000,0x0000,0x0000,
  0x0000,0x0000,0x0000,0x1002,0x2804,0x1002,0x0802,0x0801,0x0001,0x0000,0x0000,0x0000,
  0x0000,0x0000,0x0000,0x0000,0x0001,0x0001,0x1803,0x4007,0x3006,0x2005,0x3026,0x6849,
  0x5828,0x4047,0x3026,0x1804,0x1045,0x19CE,0x0888,0x1003,0x0804,0x0804,0x0825,0x0004,
  0x0002,0x0002,0x0002,0x0003,0x0003,0x0023,0x0825,0x0005,0x110B,0x7C31,0x2A2E,0x0069,
  0x0026,0x0004,0x0024,0x0045,0x0086,0x00A8,0x0045,0x0003,0x0024,0x0004,0x0003,0x0804,
  0x0004,0x2026,0x510B,0x30EA,0x2088,0x0804,0x0804,0x0803,0x0803,0x0803,0x0803,0x1004,
  0x1804,0x1805,0x4048,0x69EC,0x38A9,0x2026,0x1005,0x1825,0x1805,0x512B,0x69ED,0x3829,
  0x2826,0x1805,0x1805,0x1004,0x0803,0x0003,0x0803,0x0003,0x1025,0x1847,0x312B,0x28C8,
  0x0003,0x0804,0x0803,0x0803,0x0889,0x08A8,0x0803,0x0803,0x0002,0x0002,0x0002,0x0002,
  0x0002,0x0002,0x0024,0x0002,0x0002,0x0002,0x0002,0x0002,0x0002,0x0002,0x0003,0x0003,
  0x20C9,0x1866,0x0065,0x118D,0x0004,0x0024,0x1088,0x0805,0x0804,0x1005,0x18C9,0x08A9,
  0x10A7,0x1025,0x2004,0x2004,0x2805,0x4007,0x4807,0x2004,0x0001,0x0001,0x0001,0x0001,
  0x0001,0x2825,0x2806,0x0803,0x0000,0x0001,0x0001,0x0001,0x0001,0x0001,0x0001,0x0001,
  0x0000,0x0001,0x0002,0x0023,0x0001,0x0000,0x0000,0x0000,0x0000,0x0000,0x0000,0x0000,
  0x0001,0x0001,0x0000,0x0000,0x0000,0x0000,0x0000,0x0000,0x0000,0x0001,0x0000,0x0000,
  0x0001,0x0001,0x0000,0x0000,0x0000,0x0000,0x0000,0x0000,0x0000,0x0000,0x0000,0x0000,
  0x0000,0x0000,0x0000,0x0000,0x0000,0x0000,0x0000,0x0000,0x0000,0x0000,0x0000,0x0000,
  0x0000,0x0000,0x0000,0x0000,0x0000,0x0000,0x0000,0x0000,0x0000,0x0000,0x0000,0x0000,
  0x0000,0x0000,0x0000,0x0000,0x0000,0x0000,0x0000,0x0000,0x0000,0x0000,0x0000,0x0000,
  0x0000,0x0000,0x0000,0x0000,0x0000,0x0000,0x0000,0x0000,0x0000,0x0000,0x0000,0x0000,
  0x0000,0x0000,0x1802,0x2003,0x1803,0x0801,0x0001,0x0823,0x0822,0x0000,0x0000,0x0000,
  0x0000,0x0000,0x0000,0x0000,0x0000,0x0001,0x0000,0x1803,0x3006,0x2005,0x1805,0x5869,
  0x708A,0x2025,0x3026,0x1804,0x1003,0x20E8,0x20EA,0x1004,0x0803,0x0804,0x1024,0x0805,
  0x0024,0x0002,0x0002,0x0003,0x0003,0x0003,0x0024,0x0025,0x0027,0x41CE,0x192B,0x0006,
  0x0045,0x0024,0x0024,0x0003,0x0003,0x0002,0x0046,0x0024,0x0003,0x0003,0x0003,0x0003,
  0x0003,0x0804,0x48C9,0x51CE,0x0827,0x0825,0x0804,0x0804,0x0803,0x0803,0x0803,0x1004,
  0x1804,0x2006,0x590A,0x61EC,0x2807,0x1826,0x1004,0x1004,0x1825,0x3048,0x6A0E,0x48EA,
  0x2827,0x1805,0x1004,0x0804,0x0803,0x0803,0x0803,0x0804,0x0804,0x1087,0x59AD,0x2047,
  0x0804,0x0804,0x0803,0x0025,0x0068,0x0003,0x0003,0x0003,0x0002,0x0002,0x0002,0x0002,
  0x0002,0x0023,0x0024,0x0002,0x0002,0x0003,0x0002,0x0002,0x0002,0x0002,0x0003,0x0024,
  0x0025,0x390B,0x0847,0x196C,0x194A,0x212B,0x1888,0x0003,0x0804,0x1826,0x18EA,0x0089,
  0x1026,0x2806,0x1805,0x1805,0x3807,0x4808,0x2004,0x0801,0x0802,0x0001,0x0001,0x0001,
  0x1003,0x2805,0x1003,0x2849,0x0845,0x0001,0x0001,0x0001,0x0001,0x0001,0x0000,0x0000,
  0x0000,0x0000,0x0000,0x0002,0x0001,0x0000,0x0000,0x0000,0x0000,0x0000,0x0000,0x0000,
  0x0001,0x0000,0x0000,0x0000,0x0000,0x0000,0x0000,0x0000,0x0000,0x0000,0x0000,0x0000,
  0x0000,0x0000,0x0000,0x0000,0x0000,0x0000,0x0000,0x0000,0x0000,0x0000,0x0000,0x0000,
  0x0000,0x0000,0x0000,0x0000,0x0000,0x0000,0x0000,0x0000,0x0000,0x0000,0x0000,0x0000,
  0x0000,0x0000,0x0000,0x0000,0x0000,0x0000,0x0000,0x0000,0x0000,0x0000,0x0000,0x0000,
  0x0000,0x0000,0x0000,0x0000,0x0000,0x0000,0x0000,0x0000,0x0000,0x0000,0x0000,0x0000,
  0x0000,0x0000,0x0000,0x0000,0x0000,0x0000,0x0000,0x0000,0x0000,0x0000,0x0000,0x0000,
  0x0000,0x0000,0x0000,0x0801,0x1802,0x1803,0x1002,0x0066,0x0001,0x0000,0x0000,0x0000,
  0x0000,0x0000,0x0000,0x0000,0x0000,0x0001,0x0001,0x0001,0x3005,0x3006,0x1804,0x2825,
  0x4067,0x2004,0x3006,0x2004,0x1804,0x1003,0x2005,0x1804,0x0803,0x0803,0x1004,0x0825,
  0x0846,0x0003,0x0002,0x0003,0x0003,0x0003,0x0003,0x0024,0x0025,0x2089,0x292A,0x0004,
  0x0023,0x0003,0x0003,0x0003,0x0003,0x0002,0x0045,0x0024,0x0003,0x0003,0x0003,0x0003,
  0x0803,0x0003,0x3087,0x59AE,0x18EA,0x0805,0x0825,0x0804,0x0803,0x0803,0x1004,0x1004,
  0x1804,0x2806,0x71CD,0x61AC,0x2807,0x1004,0x0803,0x1004,0x1024,0x2007,0x6A2E,0x61CD,
  0x2806,0x1805,0x1004,0x0804,0x0803,0x0803,0x0803,0x0824,0x0004,0x418B,0x514B,0x0804,
  0x1025,0x1005,0x0803,0x0047,0x0024,0x0002,0x0002,0x0002,0x0002,0x0002,0x0003,0x0002,
  0x0002,0x0824,0x0003,0x0003,0x0003,0x0024,0x0002,0x0002,0x0002,0x0002,0x0003,0x0024,
  0x1847,0x204A,0x52AF,0x324E,0x108A,0x30C9,0x0825,0x0805,0x1805,0x1867,0x006A,0x08CA,
  0x2847,0x2805,0x1805,0x2806,0x4828,0x3006,0x0001,0x0001,0x0001,0x0001,0x0802,0x0802,
  0x3006,0x5029,0x2004,0x1824,0x28EB,0x0844,0x0000,0x0001,0x0001,0x0000,0x0000,0x0000,
  0x0000,0x0000,0x0000,0x0000,0x0000,0x0000,0x0000,0x0000,0x0000,0x0000,0x0000,0x0000,
  0x0001,0x0000,0x0000,0x0000,0x0000,0x0000,0x0000,0x0000,0x0000,0x1023,0x0001,0x0000,
  0x0000,0x0000,0x0000,0x0000,0x0000,0x0000,0x0000,0x0000,0x0000,0x0000,0x0000,0x0000,
  0x0000,0x0000,0x0000,0x0000,0x0000,0x0000,0x0000,0x0000,0x0000,0x0000,0x0000,0x0000,
  0x0000,0x0000,0x0000,0x0000,0x0000,0x0000,0x0000,0x0000,0x0000,0x0000,0x0000,0x0000,
  0x0000,0x0000,0x0000,0x0000,0x0000,0x0000,0x0000,0x0000,0x0000,0x0000,0x0000,0x0000,
  0x0000,0x0000,0x0000,0x0000,0x0000,0x0000,0x0000,0x0000,0x0000,0x0000,0x0000,0x0000,
  0x0000,0x0000,0x0000,0x0000,0x0000,0x0823,0x0823,0x0064,0x0000,0x0000,0x0000,0x0000,
  0x0000,0x0000,0x0000,0x0000,0x0001,0x0001,0x0000,0x0001,0x0802,0x4006,0x2805,0x0803,
  0x2805,0x4027,0x4027,0x2005,0x1824,0x1004,0x1004,0x2805,0x0803,0x0803,0x2026,0x1004,
  0x0005,0x0003,0x0002,0x0002,0x0002,0x0003,0x0003,0x0003,0x0024,0x1067,0x28E9,0x0024,
  0x0003,0x0023,0x0003,0x0003,0x0003,0x0002,0x0023,0x0024,0x0003,0x0003,0x0002,0x0803,
  0x1825,0x0824,0x1004,0x38EB,0x298E,0x0827,0x0805,0x0804,0x0803,0x0804,0x1024,0x1004,
  0x1004,0x3027,0x71ED,0x510B,0x2005,0x1004,0x1004,0x1004,0x1025,0x2006,0x6A2E,0x618C,
  0x2807,0x1825,0x1004,0x0804,0x0803,0x0803,0x0804,0x0805,0x18C8,0x51AD,0x2006,0x0024,
  0x0003,0x2047,0x1867,0x0025,0x0002,0x0003,0x0003,0x0002,0x0002,0x0003,0x0003,0x0002,
  0x0824,0x0823,0x0002,0x0023,0x0002,0x0002,0x0002,0x0002,0x0002,0x0002,0x0824,0x1046,
  0x3089,0x206A,0x21CE,0x32CF,0x21CD,0x1047,0x0825,0x1806,0x2806,0x1889,0x01CE,0x216B,
  0x2005,0x1804,0x2805,0x3006,0x3006,0x0802,0x0001,0x0001,0x0001,0x0001,0x0001,0x0001,
  0x2004,0x5829,0x3006,0x1803,0x0804,0x0825,0x0001,0x0001,0x0001,0x0000,0x0001,0x0000,
  0x0000,0x0001,0x0001,0x0000,0x0000,0x0000,0x0000,0x0000,0x0000,0x0000,0x0000,0x0000,
  0x0000,0x0000,0x0000,0x0000,0x0000,0x0000,0x0000,0x0000,0x0000,0x2026,0x2806,0x0000,
  0x0000,0x0000,0x0000,0x0000,0x0000,0x0000,0x0000,0x0000,0x0000,0x0000,0x0000,0x0000,
  0x0000,0x0000,0x0000,0x0000,0x0000,0x0000,0x0000,0x0000,0x0000,0x0000,0x0000,0x0000,
  0x0000,0x0000,0x0000,0x0000,0x0000,0x0000,0x0000,0x0000,0x0000,0x0000,0x0000,0x0000,
  0x0000,0x0000,0x0000,0x0000,0x0000,0x0000,0x0000,0x0000,0x0000,0x0000,0x0000,0x0000,
  0x0000,0x0000,0x0000,0x0000,0x0000,0x0000,0x0000,0x0000,0x0000,0x0000,0x0000,0x0000,
  0x0000,0x0000,0x0000,0x0000,0x0000,0x0043,0x0001,0x0000,0x0000,0x0000,0x0000,0x0000,
  0x0001,0x0000,0x0000,0x0000,0x0001,0x0001,0x0000,0x0001,0x0000,0x1803,0x4007,0x2004,
  0x1804,0x4807,0x5809,0x4007,0x2005,0x1003,0x1003,0x1804,0x2005,0x0803,0x1004,0x1004,
  0x0804,0x0003,0x0003,0x0002,0x0002,0x0002,0x0003,0x0003,0x0003,0x1046,0x20C8,0x0844,
  0x0003,0x0003,0x0003,0x0003,0x0002,0x0002,0x0002,0x0003,0x0046,0x0023,0x0003,0x0003,
  0x0003,0x0825,0x1045,0x0826,0x190D,0x18EB,0x0805,0x0825,0x0803,0x1024,0x0804,0x1004,
  0x1804,0x2806,0x716D,0x590B,0x1805,0x1004,0x1004,0x1004,0x1825,0x2807,0x6A2E,0x71AD,
  0x3007,0x2026,0x1004,0x0804,0x0803,0x0804,0x1025,0x0806,0x39AC,0x28CA,0x0804,0x0024,
  0x0003,0x1046,0x2068,0x0002,0x0002,0x0002,0x0002,0x0002,0x0001,0x1023,0x1024,0x0803,
  0x2046,0x0002,0x0002,0x0002,0x0002,0x0002,0x0002,0x0002,0x0002,0x0003,0x0804,0x1026,
  0x2027,0x1089,0x0067,0x0866,0x194B,0x0026,0x0846,0x1826,0x2826,0x20C9,0x19CC,0x1866,
  0x1805,0x2005,0x3006,0x3807,0x1003,0x0001,0x0001,0x0001,0x0001,0x0001,0x0001,0x0001,
  0x0801,0x4007,0x1003,0x1803,0x0802,0x0804,0x0803,0x0000,0x0001,0x0001,0x0001,0x0001,
  0x0000,0x0000,0x0001,0x0000,0x0000,0x0000,0x0000,0x0000,0x0000,0x0000,0x0000,0x0000,
  0x0000,0x0000,0x0000,0x0000,0x0000,0x0001,0x0000,0x0000,0x0000,0x0000,0x0802,0x0803,
  0x0000,0x0000,0x0000,0x0000,0x0000,0x0000,0x0000,0x0000,0x0000,0x0000,0x0000,0x0000,
  0x0000,0x0000,0x0000,0x0000,0x0000,0x0000,0x0000,0x0000,0x0000,0x0000,0x0000,0x0000,
  0x0000,0x0000,0x0000,0x0000,0x0000,0x0000,0x0000,0x0000,0x0000,0x0000,0x0000,0x0000,
  0x0000,0x0000,0x0000,0x0000,0x0000,0x0000,0x0000,0x0000,0x0000,0x0000,0x0000,0x0000,
  0x0000,0x0000,0x0000,0x0000,0x0000,0x0000,0x0000,0x0000,0x0000,0x0000,0x0000,0x0000,
  0x0000,0x0000,0x0000,0x0000,0x0000,0x0000,0x0000,0x0000,0x0000,0x0000,0x0000,0x0000,
  0x0000,0x0000,0x0000,0x0000,0x0000,0x0000,0x0000,0x0000,0x0001,0x0000,0x2804,0x3005,
  0x1804,0x1804,0x5007,0x4807,0x3806,0x2004,0x1003,0x1804,0x2005,0x0803,0x0803,0x0803,
  0x0804,0x0803,0x0003,0x0002,0x0002,0x0002,0x0003,0x0003,0x0002,0x0824,0x28C8,0x1066,
  0x0002,0x0003,0x0003,0x0003,0x0002,0x0023,0x0002,0x0086,0x08A7,0x0003,0x0003,0x0003,
  0x0002,0x0003,0x0004,0x0846,0x10AA,0x29CE,0x1088,0x0805,0x0804,0x0804,0x0804,0x1004,
  0x1825,0x2806,0x616C,0x69CD,0x1805,0x1004,0x1004,0x1004,0x1825,0x3008,0x722E,0x612C,
  0x3808,0x2026,0x1005,0x1004,0x0804,0x0804,0x0805,0x28EA,0x310B,0x1046,0x0003,0x0003,
  0x0023,0x1067,0x3866,0x2024,0x0001,0x0001,0x0002,0x0002,0x0002,0x0002,0x2045,0x2867,
  0x0804,0x0002,0x0002,0x0002,0x0002,0x0002,0x0002,0x0002,0x0003,0x1004,0x0804,0x1005,
  0x1027,0x0068,0x0003,0x0004,0x1006,0x0825,0x0824,0x1806,0x2006,0x1005,0x1004,0x2005,
  0x3047,0x3847,0x4007,0x1804,0x0001,0x0001,0x0001,0x0001,0x0001,0x0001,0x0001,0x0001,
  0x0001,0x1803,0x2024,0x2005,0x1804,0x0002,0x1005,0x0001,0x0000,0x0001,0x0001,0x0001,
  0x0001,0x0000,0x0000,0x0000,0x0000,0x0000,0x0000,0x0000,0x0000,0x0000,0x0000,0x0000,
  0x0000,0x0000,0x0000,0x0000,0x0000,0x0000,0x0000,0x0000,0x0000,0x0000,0x0000,0x0000,
  0x0000,0x0000,0x0000,0x0000,0x0000,0x0000,0x0000,0x0000,0x0000,0x0000,0x0000,0x0000,
  0x0000,0x0000,0x0000,0x0000,0x0000,0x0000,0x0000,0x0000,0x0000,0x0000,0x0000,0x0000,
  0x0000,0x0000,0x0000,0x0000,0x0000,0x0000,0x0000,0x0000,0x0000,0x0000,0x0000,0x0000,
  0x0000,0x0000,0x0000,0x0000,0x0000,0x0000,0x0000,0x0000,0x0000,0x0000,0x0000,0x0000,
  0x0000,0x0000,0x0000,0x0000,0x0000,0x0000,0x0000,0x0000,0x0000,0x0000,0x0000,0x0000,
  0x0000,0x0000,0x0000,0x0000,0x0000,0x0000,0x0000,0x0000,0x0000,0x0000,0x0000,0x0000,
  0x0000,0x0000,0x0000,0x0000,0x0000,0x0000,0x0000,0x0000,0x0001,0x0000,0x0801,0x3005,
  0x2805,0x1804,0x2804,0x5808,0x4007,0x2805,0x1804,0x1003,0x2004,0x0803,0x0803,0x0803,
  0x0803,0x0803,0x0803,0x0003,0x0003,0x0002,0x0002,0x0002,0x0002,0x0003,0x2087,0x18C7,
  0x0002,0x0003,0x0003,0x0002,0x0002,0x0003,0x0023,0x08C7,0x0002,0x0024,0x0003,0x0002,
  0x0002,0x0003,0x0003,0x0024,0x0025,0x192C,0x31AD,0x1067,0x1046,0x1025,0x0804,0x1004,
  0x1825,0x2806,0x492A,0x728E,0x2006,0x1004,0x1004,0x1004,0x1805,0x3828,0x82CF,0x508B,
  0x3828,0x1005,0x1005,0x1005,0x0824,0x0804,0x2868,0x412B,0x0005,0x0024,0x0824,0x0003,
  0x0867,0x0044,0x0802,0x1023,0x0803,0x0803,0x0001,0x0002,0x0002,0x0002,0x0003,0x1025,
  0x0023,0x0002,0x0002,0x0002,0x0002,0x0002,0x0002,0x0002,0x2024,0x1805,0x1005,0x3027,
  0x0869,0x0045,0x0803,0x0004,0x2827,0x1826,0x0805,0x2827,0x2827,0x1004,0x2005,0x1804,
  0x2806,0x4828,0x2805,0x0001,0x0001,0x0001,0x0001,0x0001,0x0000,0x0001,0x0001,0x0001,
  0x0001,0x0000,0x0001,0x1803,0x2005,0x0803,0x1004,0x1004,0x0001,0x0001,0x0001,0x0000,
  0x0000,0x0000,0x0000,0x0000,0x0001,0x0001,0x0000,0x0000,0x0000,0x0000,0x0000,0x0001,
  0x0000,0x0000,0x0000,0x0000,0x0000,0x0000,0x0000,0x0000,0x0000,0x0000,0x0000,0x0000,
  0x0000,0x0000,0x0000,0x0000,0x0000,0x0000,0x0000,0x0000,0x0000,0x0000,0x0000,0x0000,
  0x0000,0x0000,0x0000,0x0000,0x0000,0x0000,0x0000,0x0000,0x0000,0x0000,0x0000,0x0000,
  0x0000,0x0000,0x0000,0x0000,0x0000,0x0000,0x0000,0x0000,0x0000,0x0000,0x0000,0x0000,
  0x0000,0x0000,0x0000,0x0000,0x0000,0x0000,0x0000,0x0000,0x0000,0x0000,0x0000,0x0000,
  0x0000,0x0000,0x0000,0x0000,0x0000,0x0000,0x0000,0x0000,0x0000,0x0000,0x0000,0x0000,
  0x0000,0x0000,0x0000,0x0000,0x0000,0x0000,0x0000,0x0000,0x0000,0x0000,0x0000,0x0000,
  0x0000,0x0000,0x0000,0x0000,0x0000,0x0000,0x0000,0x0000,0x0000,0x0001,0x0000,0x1802,
  0x3005,0x2805,0x1003,0x3826,0x5008,0x4007,0x3806,0x1804,0x0803,0x0803,0x0803,0x0803,
  0x1004,0x1003,0x0803,0x0803,0x0003,0x0002,0x0003,0x0002,0x0002,0x0002,0x1066,0x29AC,
  0x0023,0x0003,0x0002,0x0002,0x0002,0x0002,0x0065,0x0044,0x0003,0x0023,0x0003,0x0002,
  0x0002,0x0002,0x0003,0x0003,0x0004,0x0846,0x294C,0x294C,0x1089,0x1045,0x0804,0x1004,
  0x1004,0x2806,0x48AA,0x7ACF,0x2807,0x1805,0x1805,0x1004,0x1805,0x4069,0x722E,0x4029,
  0x3027,0x1805,0x1805,0x1826,0x1026,0x1848,0x516D,0x0848,0x0046,0x0825,0x0845,0x0046,
  0x0066,0x0001,0x0002,0x0002,0x0002,0x0002,0x0002,0x0002,0x0003,0x0003,0x0001,0x1845,
  0x1045,0x0002,0x0002,0x0002,0x0002,0x0002,0x0002,0x0002,0x0824,0x0845,0x1025,0x1848,
  0x0067,0x0003,0x1025,0x0803,0x4889,0x3047,0x1826,0x2047,0x1825,0x1805,0x2805,0x1804,
  0x3807,0x3006,0x0001,0x0001,0x0001,0x0001,0x0001,0x0001,0x0001,0x0001,0x0001,0x1803,
  0x0001,0x0001,0x0001,0x0000,0x0001,0x1003,0x1003,0x0804,0x0002,0x0001,0x0001,0x0000,
  0x0000,0x0000,0x0000,0x0000,0x0001,0x1003,0x0001,0x0000,0x0000,0x0000,0x0000,0x0000,
  0x0000,0x0000,0x0000,0x0000,0x0000,0x0000,0x0000,0x0000,0x0000,0x0000,0x0000,0x0000,
  0x0000,0x0000,0x0000,0x0000,0x0000,0x0000,0x0000,0x0000,0x0000,0x0000,0x0000,0x0000,
  0x0000,0x0000,0x0000,0x0000,0x0000,0x0000,0x0000,0x0000,0x0000,0x0000,0x0000,0x0000,
  0x0000,0x0000,0x0000,0x0000,0x0000,0x0000,0x0000,0x0000,0x0000,0x0000,0x0000,0x0000,
  0x0000,0x0000,0x0000,0x0000,0x0000,0x0000,0x0000,0x0000,0x0000,0x0000,0x0000,0x0000,
  0x0000,0x0000,0x0000,0x0000,0x0000,0x0000,0x0000,0x0000,0x0000,0x0000,0x0000,0x0000,
  0x0000,0x0000,0x0000,0x0000,0x0000,0x0000,0x0000,0x0000,0x0000,0x0000,0x0000,0x0000,
  0x0000,0x0000,0x0000,0x0000,0x0000,0x0000,0x0000,0x0000,0x0000,0x0000,0x0001,0x0001,
  0x1803,0x3806,0x2004,0x1804,0x3806,0x4807,0x3005,0x1003,0x0803,0x0802,0x0803,0x0802,
  0x1804,0x2005,0x0803,0x0803,0x0803,0x0002,0x0002,0x0003,0x0002,0x0003,0x0805,0x218C,
  0x0064,0x0002,0x0002,0x0002,0x0002,0x0023,0x0024,0x0002,0x0045,0x0023,0x0002,0x0002,
  0x0002,0x0002,0x0003,0x0003,0x0024,0x0025,0x1046,0x40EA,0x190B,0x0804,0x0804,0x1825,
  0x2026,0x1805,0x4048,0x72AE,0x3888,0x1806,0x1825,0x1825,0x1806,0x592C,0x6A0D,0x3007,
  0x2827,0x1005,0x1005,0x1025,0x0869,0x39EE,0x3A4F,0x0048,0x0825,0x0024,0x0824,0x0866,
  0x0023,0x0002,0x0002,0x0002,0x0002,0x0001,0x0002,0x0002,0x0002,0x0002,0x0002,0x0824,
  0x1825,0x0002,0x0003,0x0002,0x0002,0x0002,0x0002,0x0002,0x0024,0x1826,0x1825,0x0088,
  0x0024,0x0803,0x0803,0x1003,0x48A9,0x58CB,0x2027,0x2026,0x1805,0x2006,0x3006,0x2806,
  0x4808,0x1003,0x0001,0x0001,0x0001,0x0001,0x0001,0x0001,0x0001,0x0001,0x0000,0x1002,
  0x0802,0x0001,0x0001,0x0001,0x0000,0x0001,0x0802,0x0803,0x1046,0x0002,0x0000,0x0000,
  0x0000,0x0000,0x0000,0x0000,0x0000,0x0001,0x0802,0x0001,0x0000,0x0000,0x0000,0x0000,
  0x0000,0x0000,0x0000,0x0000,0x0000,0x0000,0x0000,0x0000,0x0000,0x0000,0x0000,0x0000,
  0x0000,0x0000,0x0000,0x0000,0x0000,0x0000,0x0000,0x0000,0x0000,0x0000,0x0000,0x0000,
  0x0000,0x0000,0x0000,0x0000,0x0000,0x0000,0x0000,0x0000,0x0000,0x0000,0x0000,0x0000,
  0x0000,0x0000,0x0000,0x0000,0x0000,0x0000,0x0000,0x0000,0x0000,0x0000,0x0000,0x0000,
  0x0000,0x0000,0x0000,0x0000,0x0000,0x0000,0x0000,0x0000,0x0000,0x0000,0x0000,0x0000,
  0x0000,0x0000,0x0000,0x0000,0x0000,0x0000,0x0000,0x0000,0x0000,0x0000,0x0000,0x0000,
  0x0000,0x0000,0x0000,0x0000,0x0000,0x0000,0x0000,0x0000,0x0000,0x0000,0x0000,0x0000,
  0x0000,0x0000,0x0000,0x0000,0x0000,0x0000,0x0000,0x0000,0x0000,0x0000,0x0000,0x0000,
  0x0000,0x2804,0x3806,0x2004,0x2805,0x4007,0x3005,0x1003,0x0803,0x0803,0x0803,0x0802,
  0x1003,0x2806,0x1003,0x0802,0x0802,0x0803,0x0002,0x0003,0x0003,0x0003,0x0003,0x318A,
  0x10C6,0x0002,0x0002,0x0002,0x0002,0x0023,0x0002,0x0002,0x0002,0x0002,0x0002,0x0002,
  0x0002,0x0002,0x0002,0x0003,0x0024,0x0824,0x0845,0x3067,0x312B,0x18C9,0x0804,0x2827,
  0x3027,0x2005,0x2806,0x71ED,0x492A,0x2005,0x2005,0x2826,0x2807,0x6A2E,0x69CD,0x2806,
  0x2827,0x1004,0x1004,0x0805,0x114D,0x11EF,0x00EB,0x0024,0x0003,0x1024,0x3847,0x1025,
  0x0024,0x0003,0x0002,0x0002,0x0001,0x0001,0x0001,0x0001,0x0002,0x0002,0x0002,0x0002,
  0x0824,0x0003,0x0002,0x0023,0x0002,0x0002,0x0003,0x0003,0x0824,0x1005,0x0846,0x0066,
  0x0002,0x0803,0x0803,0x1003,0x1004,0x2025,0x1025,0x2026,0x1805,0x2806,0x2806,0x4808,
  0x2005,0x0001,0x0001,0x0001,0x0001,0x0001,0x0001,0x0001,0x0001,0x0000,0x0001,0x0000,
  0x0000,0x0001,0x0001,0x0000,0x0001,0x0000,0x0000,0x0000,0x0823,0x0022,0x0000,0x0000,
  0x0000,0x0000,0x0000,0x0000,0x0000,0x0000,0x0000,0x0001,0x0000,0x0000,0x0000,0x0000,
  0x0000,0x0000,0x0000,0x0000,0x0000,0x0000,0x0000,0x0000,0x0000,0x0000,0x0000,0x0000,
  0x0000,0x0000,0x0000,0x0000,0x0000,0x0000,0x0000,0x0000,0x0000,0x0000,0x0000,0x0000,
  0x0000,0x0000,0x0000,0x0000,0x0000,0x0000,0x0000,0x0000,0x0000,0x0000,0x0000,0x0000,
  0x0000,0x0000,0x0000,0x0000,0x0000,0x0000,0x0000,0x0000,0x0000,0x0000,0x0000,0x0000,
  0x0000,0x0000,0x0000,0x0000,0x0000,0x0000,0x0000,0x0000,0x0000,0x0000,0x0000,0x0000,
  0x0000,0x0000,0x0000,0x0000,0x0000,0x0000,0x0000,0x0000,0x0000,0x0000,0x0000,0x0000,
  0x0000,0x0000,0x0000,0x0000,0x0000,0x0000,0x0000,0x0000,0x0000,0x0000,0x0000,0x0000,
  0x0000,0x0000,0x0000,0x0000,0x0000,0x0000,0x0000,0x0000,0x0000,0x0000,0x0000,0x0000,
  0x0000,0x0801,0x3805,0x2805,0x1003,0x3006,0x3005,0x2005,0x1804,0x0803,0x1003,0x1003,
  0x1003,0x2805,0x1004,0x0802,0x0802,0x0802,0x0002,0x0002,0x0002,0x0003,0x0024,0x1866,
  0x10A7,0x0002,0x0003,0x0002,0x0023,0x0003,0x0002,0x0002,0x0002,0x0002,0x0002,0x0002,
  0x0002,0x0002,0x0002,0x0003,0x0003,0x0003,0x0003,0x0824,0x1025,0x296C,0x18A9,0x3847,
  0x3827,0x1805,0x2806,0x696C,0x59AC,0x2006,0x2006,0x2826,0x3007,0x728E,0x590B,0x2005,
  0x3067,0x2046,0x1806,0x1868,0x196D,0x10EB,0x0026,0x0003,0x1845,0x1824,0x2805,0x0003,
  0x0002,0x0002,0x0002,0x0045,0x0044,0x0003,0x0002,0x0002,0x0001,0x0002,0x0002,0x0001,
  0x0844,0x0023,0x0002,0x0064,0x0022,0x0002,0x0003,0x0003,0x0825,0x0004,0x0067,0x0003,
  0x0802,0x0802,0x0802,0x0803,0x1003,0x1004,0x3868,0x2806,0x2806,0x2005,0x4808,0x3005,
  0x0001,0x0001,0x0001,0x0001,0x0001,0x0001,0x0001,0x0801,0x0001,0x0000,0x0000,0x0000,
  0x0000,0x0001,0x0001,0x0000,0x0001,0x0801,0x0001,0x0001,0x0000,0x0000,0x0000,0x0000,
  0x0000,0x0000,0x0000,0x0000,0x0000,0x0000,0x0000,0x0000,0x0000,0x0000,0x0000,0x0000,
  0x0000,0x0000,0x0000,0x0000,0x0000,0x0000,0x0000,0x0000,0x0000,0x0000,0x0000,0x0000,
  0x0000,0x0000,0x0000,0x0000,0x0000,0x0000,0x0000,0x0000,0x0000,0x0000,0x0000,0x0000,
  0x0000,0x0000,0x0000,0x0000,0x0000,0x0000,0x0000,0x0000,0x0000,0x0000,0x0000,0x0000,
  0x0000,0x0000,0x0000,0x0000,0x0000,0x0000,0x0000,0x0000,0x0000,0x0000,0x0000,0x0000,
  0x0000,0x0000,0x0000,0x0000,0x0000,0x0000,0x0000,0x0000,0x0000,0x0000,0x0000,0x0000,
  0x0000,0x0000,0x0000,0x0000,0x0000,0x0000,0x0000,0x0000,0x0000,0x0000,0x0000,0x0000,
  0x0000,0x0000,0x0000,0x0000,0x0000,0x0000,0x0000,0x0000,0x0001,0x0001,0x0000,0x0000,
  0x0000,0x0000,0x0000,0x0000,0x0000,0x0000,0x0000,0x0000,0x0000,0x0000,0x0000,0x0000,
  0x0000,0x0000,0x1803,0x3806,0x1804,0x1803,0x3806,0x2004,0x2805,0x0803,0x2004,0x2004,
  0x0802,0x1003,0x1003,0x0802,0x0802,0x0802,0x0002,0x0002,0x0002,0x0002,0x0003,0x1067,
  0x18C9,0x0023,0x0002,0x0002,0x0864,0x0002,0x0002,0x0001,0x0002,0x0002,0x0002,0x0002,
  0x0002,0x0023,0x0002,0x0002,0x0003,0x0003,0x0003,0x0003,0x0003,0x18C8,0x316D,0x2047,
  0x2005,0x1805,0x2005,0x508A,0x726E,0x3828,0x2806,0x2005,0x4069,0x7A8F,0x3828,0x3047,
  0x2847,0x1005,0x28A8,0x398B,0x0026,0x1046,0x0845,0x1005,0x3067,0x2025,0x1825,0x0002,
  0x0002,0x0002,0x0002,0x0002,0x0002,0x0002,0x0023,0x0044,0x1149,0x0064,0x0001,0x0002,
  0x0023,0x0024,0x0002,0x0002,0x0002,0x0804,0x0003,0x0023,0x0824,0x0046,0x0045,0x0002,
  0x0802,0x0802,0x0802,0x0803,0x1804,0x3827,0x3847,0x2006,0x3807,0x4808,0x4007,0x0002,
  0x0001,0x0001,0x0001,0x0001,0x0001,0x0000,0x0000,0x0001,0x0000,0x0000,0x0000,0x0000,
  0x0000,0x0000,0x0001,0x0001,0x0001,0x0001,0x0000,0x0001,0x0001,0x0000,0x0000,0x0000,
  0x0000,0x0000,0x0000,0x0000,0x0000,0x0000,0x0000,0x0000,0x0000,0x0000,0x0000,0x0000,
  0x0000,0x0000,0x0000,0x0000,0x0000,0x0000,0x0000,0x0000,0x0000,0x0000,0x0000,0x0000,
  0x0000,0x0000,0x0000,0x0000,0x0000,0x0000,0x0000,0x0000,0x0023,0x0002,0x0000,0x0000,
  0x0000,0x0000,0x0000,0x0000,0x0000,0x0000,0x0000,0x0000,0x0000,0x0000,0x0000,0x0000,
  0x0000,0x0000,0x0000,0x0000,0x0000,0x0000,0x0000,0x0000,0x0000,0x0000,0x0000,0x0000,
  0x0000,0x0000,0x0000,0x0000,0x0000,0x0000,0x0000,0x0000,0x0000,0x0000,0x0000,0x0000,
  0x0000,0x0000,0x0000,0x0000,0x0000,0x0000,0x0000,0x0000,0x0000,0x0000,0x0000,0x0000,
  0x0000,0x0000,0x0000,0x0000,0x0000,0x0000,0x0000,0x0000,0x0001,0x0001,0x0000,0x0000,
  0x0000,0x0000,0x0000,0x0000,0x0000,0x0000,0x0000,0x0000,0x0000,0x0000,0x0000,0x0000,
  0x0000,0x0000,0x0001,0x2804,0x3005,0x1803,0x2805,0x3006,0x1804,0x1804,0x0803,0x3826,
  0x1003,0x0802,0x0802,0x0803,0x0802,0x0802,0x0802,0x0002,0x0002,0x0002,0x0001,0x0045,
  0x08AB,0x0044,0x0002,0x0003,0x0002,0x0002,0x0002,0x0001,0x0001,0x0001,0x0002,0x0001,
  0x0002,0x0003,0x0002,0x0002,0x0002,0x0002,0x0003,0x0003,0x0003,0x0803,0x2929,0x20CA,
  0x2868,0x2026,0x3888,0x4849,0x6A4E,0x40AA,0x2806,0x2806,0x512B,0x724E,0x482A,0x48AA,
  0x3026,0x1047,0x210A,0x0046,0x0805,0x1025,0x2045,0x1846,0x1825,0x2826,0x0803,0x0002,
  0x0002,0x0002,0x0002,0x0002,0x0001,0x0001,0x0001,0x0002,0x0064,0x0044,0x0001,0x0002,
  0x0002,0x0024,0x0003,0x0003,0x0003,0x1005,0x0024,0x0004,0x0024,0x0046,0x0002,0x0802,
  0x0002,0x0802,0x0802,0x1805,0x2005,0x4828,0x1005,0x2806,0x3807,0x4007,0x1003,0x0001,
  0x0001,0x0001,0x0001,0x0000,0x0000,0x0000,0x0000,0x0000,0x0000,0x0000,0x0001,0x0001,
  0x0000,0x0001,0x0001,0x0000,0x0000,0x0000,0x0000,0x0000,0x0000,0x0000,0x0001,0x0000,
  0x0000,0x0000,0x0000,0x0000,0x0000,0x0000,0x0000,0x0000,0x0000,0x0000,0x0000,0x0000,
  0x0000,0x0000,0x0000,0x0000,0x0000,0x0000,0x0000,0x0000,0x0000,0x0000,0x0000,0x0000,
  0x0000,0x0000,0x0000,0x0000,0x0000,0x0000,0x0000,0x0000,0x0001,0x0001,0x0000,0x0000,
  0x0000,0x0000,0x0000,0x0000,0x0000,0x0000,0x0000,0x0000,0x0000,0x0000,0x0000,0x0000,
  0x0000,0x0000,0x0000,0x0000,0x0000,0x0000,0x0000,0x0000,0x0000,0x0000,0x0000,0x0000,
  0x0000,0x0000,0x0000,0x0000,0x0000,0x0000,0x0000,0x0000,0x0000,0x0000,0x0000,0x0000,
  0x0000,0x0000,0x0000,0x0000,0x0000,0x0000,0x0000,0x0000,0x0000,0x0000,0x0000,0x0000,
  0x0000,0x0000,0x0000,0x0000,0x0000,0x0000,0x0000,0x0000,0x0000,0x0000,0x0000,0x0000,
  0x0000,0x0000,0x0000,0x0000,0x0000,0x0000,0x0000,0x0000,0x0000,0x0000,0x0000,0x0000,
  0x0000,0x0000,0x0000,0x1002,0x2805,0x2805,0x1002,0x4006,0x2004,0x1804,0x1003,0x1003,
  0x1003,0x0802,0x0802,0x1003,0x0802,0x0802,0x0802,0x0002,0x0002,0x0002,0x0002,0x0003,
  0x092C,0x1109,0x0889,0x0023,0x0002,0x0002,0x0002,0x0001,0x0001,0x0001,0x0002,0x0001,
  0x0823,0x0823,0x0001,0x0002,0x0002,0x0002,0x0002,0x0003,0x0003,0x0844,0x2887,0x1847,
  0x1888,0x2047,0x3889,0x488A,0x59CC,0x490B,0x2006,0x3028,0x6A4E,0x61AC,0x58AB,0x2847,
  0x1826,0x0888,0x0026,0x2046,0x3066,0x1024,0x0002,0x1066,0x2067,0x1845,0x0002,0x0002,
  0x0002,0x0002,0x0002,0x0001,0x0001,0x0001,0x0002,0x0002,0x0001,0x0003,0x0044,0x0002,
  0x0002,0x0045,0x0003,0x0003,0x0804,0x0004,0x0825,0x0003,0x0046,0x0024,0x0002,0x0802,
  0x0802,0x0802,0x1004,0x1804,0x4027,0x3027,0x1805,0x4808,0x3006,0x1804,0x0001,0x0001,
  0x0001,0x0001,0x0000,0x0000,0x0000,0x0000,0x0000,0x0000,0x0000,0x0000,0x0000,0x0000,
  0x0001,0x0001,0x0001,0x0000,0x0000,0x0000,0x0000,0x0000,0x0001,0x0001,0x0001,0x0001,
  0x0000,0x0000,0x0000,0x0000,0x0000,0x0000,0x0000,0x0000,0x0000,0x0000,0x0000,0x0000,
  0x0000,0x0000,0x0000,0x0000,0x0000,0x0000,0x0000,0x0000,0x0000,0x0000,0x0000,0x0000,
  0x0000,0x0000,0x0000,0x0000,0x0000,0x0000,0x0000,0x0000,0x0000,0x0000,0x0000,0x0000,
  0x0000,0x0000,0x0000,0x0000,0x0000,0x0000,0x0000,0x0000,0x0000,0x0000,0x0000,0x0000,
  0x0000,0x0000,0x0000,0x0000,0x0000,0x0000,0x0000,0x0000,0x0000,0x0000,0x0000,0x0000,
  0x0000,0x0000,0x0000,0x0000,0x0000,0x0000,0x0000,0x0000,0x0000,0x0000,0x0000,0x0000,
  0x0000,0x0000,0x0000,0x0000,0x0000,0x0000,0x0000,0x0000,0x0000,0x0000,0x0000,0x0000,
  0x0000,0x0000,0x0000,0x0000,0x0000,0x0000,0x0000,0x0000,0x0000,0x0000,0x0000,0x0000,
  0x0000,0x0000,0x0000,0x0000,0x0000,0x0000,0x0000,0x0000,0x0000,0x0000,0x0000,0x0000,
  0x0000,0x0000,0x0000,0x0000,0x1803,0x3806,0x1803,0x2004,0x4007,0x2004,0x2004,0x1003,
  0x0802,0x0802,0x0802,0x1003,0x1004,0x0802,0x0803,0x0002,0x0001,0x0002,0x0002,0x0003,
  0x0909,0x226E,0x0025,0x0002,0x0002,0x0002,0x0002,0x0001,0x0001,0x0001,0x0001,0x0002,
  0x0002,0x0002,0x0002,0x0002,0x0002,0x0002,0x0002,0x0003,0x0003,0x0803,0x4068,0x2887,
  0x0847,0x1069,0x0827,0x3069,0x516C,0x49AC,0x2007,0x2828,0x624D,0x596C,0x412B,0x1888,
  0x18A8,0x1867,0x2065,0x2045,0x0803,0x0003,0x0003,0x0003,0x1868,0x1867,0x1886,0x0002,
  0x0002,0x0002,0x0002,0x0001,0x0001,0x0001,0x0001,0x0001,0x0002,0x0002,0x0086,0x0003,
  0x0001,0x0044,0x0044,0x0003,0x0025,0x0024,0x0024,0x0026,0x0047,0x0002,0x0802,0x0803,
  0x0002,0x0803,0x1805,0x1805,0x4028,0x1004,0x3007,0x4007,0x3005,0x0001,0x0001,0x0001,
  0x0001,0x0001,0x0001,0x0000,0x0000,0x0000,0x0000,0x0000,0x0000,0x1803,0x1803,0x0001,
  0x0801,0x0001,0x0000,0x0000,0x0000,0x0000,0x0000,0x0000,0x0000,0x0001,0x0000,0x0000,
  0x0001,0x0802,0x0000,0x0000,0x0000,0x0000,0x0000,0x0000,0x0000,0x0000,0x0000,0x0000,
  0x0000,0x0000,0x0000,0x0000,0x0000,0x0000,0x0000,0x0000,0x0000,0x0000,0x0000,0x0000,
  0x0000,0x0000,0x0000,0x0000,0x0000,0x0000,0x0000,0x0000,0x0000,0x0000,0x0000,0x0000,
  0x0000,0x0000,0x0000,0x0000,0x0000,0x0000,0x0000,0x0000,0x0000,0x0000,0x0000,0x0000,
  0x0000,0x0000,0x0000,0x0000,0x0000,0x0000,0x0000,0x0000,0x0000,0x0000,0x0000,0x0000,
  0x0000,0x0000,0x0000,0x0000,0x0000,0x0000,0x0000,0x0000,0x0000,0x0000,0x0000,0x0000,
  0x0000,0x0000,0x0000,0x0000,0x0000,0x0000,0x0000,0x0000,0x0000,0x0000,0x0000,0x0000,
  0x0000,0x0000,0x0000,0x0000,0x0000,0x0000,0x0000,0x0000,0x0000,0x0000,0x0000,0x0000,
  0x0000,0x0000,0x0000,0x0000,0x0000,0x0000,0x0000,0x0000,0x0000,0x0000,0x0000,0x0000,
  0x0000,0x0000,0x0000,0x0000,0x0801,0x3005,0x3806,0x0802,0x3806,0x3805,0x2004,0x1804,
  0x1003,0x0802,0x0803,0x0803,0x1003,0x0803,0x0803,0x0002,0x0001,0x0002,0x0002,0x0002,
  0x0066,0x114B,0x0003,0x0002,0x0002,0x0002,0x0002,0x0001,0x0001,0x0001,0x0001,0x0002,
  0x0002,0x0002,0x0002,0x0002,0x0002,0x0002,0x0002,0x0002,0x0002,0x2046,0x2046,0x0003,
  0x0824,0x0889,0x0869,0x188A,0x496D,0x626E,0x2009,0x38CB,0x6AAE,0x514C,0x39AC,0x20A9,
  0x2866,0x2046,0x0803,0x0002,0x0002,0x0003,0x0003,0x0804,0x1046,0x0003,0x0824,0x0002,
  0x0803,0x0002,0x0001,0x0001,0x0001,0x0001,0x0001,0x0001,0x0002,0x0002,0x0002,0x0024,
  0x0002,0x0043,0x0066,0x0024,0x0046,0x0024,0x0024,0x088A,0x0825,0x0002,0x0803,0x0802,
  0x0002,0x2005,0x1005,0x3807,0x2806,0x1805,0x3807,0x3807,0x1002,0x0001,0x0001,0x0001,
  0x0001,0x0001,0x0001,0x0001,0x0000,0x0000,0x0000,0x0000,0x0000,0x1002,0x2804,0x0001,
  0x0001,0x0001,0x0000,0x0000,0x0000,0x0000,0x0000,0x0000,0x0000,0x0001,0x0801,0x0000,
  0x0001,0x0001,0x0000,0x0000,0x0000,0x0000,0x0000,0x0000,0x0000,0x0000,0x0000,0x0000,
  0x0000,0x0000,0x0000,0x0000,0x0000,0x0001,0x0000,0x0000,0x0000,0x0000,0x0000,0x0000,
  0x0000,0x0000,0x0000,0x0000,0x0000,0x0000,0x0000,0x0000,0x0000,0x0000,0x0000,0x0000,
  0x0000,0x0000,0x0000,0x0000,0x0000,0x0000,0x0000,0x0000,0x0000,0x0000,0x0000,0x0000,
  0x0000,0x0000,0x0000,0x0000,0x0000,0x0000,0x0000,0x0000,0x0000,0x0000,0x0000,0x0000,
  0x0000,0x0000,0x0000,0x0000,0x0000,0x0000,0x0000,0x0000,0x0000,0x0000,0x0000,0x0000,
  0x0000,0x0000,0x0000,0x0000,0x0000,0x0000,0x0000,0x0000,0x0000,0x0000,0x0000,0x0000,
  0x0000,0x0000,0x0000,0x0000,0x0000,0x0000,0x0000,0x0000,0x0000,0x0000,0x0000,0x0000,
  0x0000,0x0000,0x0000,0x0000,0x0000,0x0000,0x0000,0x0000,0x0000,0x0000,0x0000,0x0000,
  0x0000,0x0000,0x0000,0x0000,0x0000,0x1803,0x4007,0x2004,0x1803,0x4006,0x1804,0x1003,
  0x1003,0x1003,0x0802,0x1003,0x1804,0x0803,0x0802,0x0002,0x0001,0x0002,0x0002,0x0002,
  0x0024,0x08A9,0x0024,0x0002,0x0002,0x0002,0x0002,0x0001,0x0002,0x0002,0x0001,0x0002,
  0x0002,0x0002,0x0002,0x0002,0x0002,0x0002,0x0002,0x0002,0x1886,0x1045,0x0823,0x0003,
  0x0003,0x0025,0x0826,0x10C9,0x214E,0x5AD0,0x28EC,0x396D,0x520E,0x30EC,0x418B,0x2846,
  0x1024,0x0024,0x0003,0x0003,0x0002,0x0003,0x0002,0x1846,0x1065,0x0002,0x0002,0x0001,
  0x1023,0x2045,0x0002,0x0001,0x0001,0x0001,0x0001,0x0001,0x0002,0x0002,0x0002,0x0044,
  0x0086,0x0002,0x0087,0x0025,0x0046,0x0046,0x0888,0x10CA,0x0003,0x0002,0x0803,0x0802,
  0x1003,0x1805,0x1005,0x2006,0x1004,0x3827,0x3827,0x2805,0x0000,0x0001,0x0001,0x0001,
  0x0000,0x0000,0x0000,0x0000,0x0000,0x0000,0x0000,0x0000,0x0000,0x0001,0x1002,0x0000,
  0x0001,0x0001,0x1003,0x0001,0x0000,0x0000,0x0000,0x0000,0x0000,0x0001,0x0801,0x1002,
  0x0802,0x0000,0x0000,0x0000,0x0000,0x0000,0x0000,0x0000,0x0000,0x0000,0x0000,0x0000,
  0x0000,0x0000,0x0000,0x0000,0x0000,0x0001,0x0000,0x0000,0x0000,0x0000,0x0000,0x0000,
  0x0000,0x0000,0x0000,0x0000,0x0000,0x0000,0x0000,0x0000,0x0000,0x0000,0x0000,0x0000,
  0x0000,0x0000,0x0000,0x0000,0x0000,0x0000,0x0000,0x0000,0x0000,0x0000,0x0000,0x0000,
  0x0000,0x0000,0x0000,0x0000,0x0000,0x0000,0x0000,0x0000,0x0000,0x0000,0x0000,0x0000,
  0x0000,0x0000,0x0000,0x0000,0x0000,0x0000,0x0000,0x0000,0x0000,0x0000,0x0000,0x0000,
  0x0000,0x0000,0x0000,0x0000,0x0000,0x0000,0x0000,0x0000,0x0000,0x0000,0x0000,0x0000,
  0x0000,0x0000,0x0000,0x0000,0x0000,0x0000,0x0000,0x0000,0x0000,0x0000,0x0000,0x0000,
  0x0000,0x0000,0x0000,0x0000,0x0000,0x0000,0x0000,0x0000,0x0000,0x0000,0x0000,0x0000,
  0x0000,0x0000,0x0000,0x0000,0x0000,0x0001,0x2805,0x3005,0x0802,0x3806,0x3006,0x1003,
  0x1003,0x1804,0x1003,0x0802,0x1003,0x0802,0x0802,0x0002,0x0002,0x0002,0x0002,0x0002,
  0x0804,0x08A9,0x0045,0x0002,0x0002,0x0002,0x0001,0x0001,0x0002,0x0002,0x0001,0x0002,
  0x0002,0x0002,0x0002,0x0024,0x0024,0x0002,0x0002,0x0824,0x1045,0x0002,0x0002,0x0003,
  0x0003,0x0004,0x0824,0x0805,0x10CB,0x3A90,0x52F0,0x4AAF,0x5AF0,0x316D,0x0805,0x0024,
  0x0023,0x0023,0x0003,0x0003,0x0002,0x0002,0x0003,0x2088,0x0003,0x0002,0x0002,0x0001,
  0x0001,0x0802,0x0002,0x0001,0x0001,0x0001,0x0001,0x0001,0x0002,0x0002,0x0003,0x0002,
  0x0066,0x00C8,0x09EE,0x0089,0x0026,0x0047,0x18CB,0x0887,0x0002,0x0803,0x0803,0x0803,
  0x1804,0x1004,0x1806,0x0805,0x2826,0x3027,0x3006,0x0802,0x0000,0x0001,0x0000,0x0000,
  0x0000,0x0001,0x0001,0x0000,0x0000,0x0000,0x0000,0x0000,0x0000,0x0000,0x0000,0x0000,
  0x0001,0x0001,0x1003,0x3005,0x0000,0x0000,0x0000,0x0000,0x0000,0x0000,0x0000,0x1002,
  0x3847,0x0802,0x0000,0x0000,0x0000,0x0000,0x0000,0x0000,0x0000,0x0000,0x0000,0x0000,
  0x0000,0x0000,0x0000,0x0000,0x0000,0x0000,0x0000,0x0000,0x0000,0x0000,0x0000,0x0000,
  0x0000,0x0000,0x0000,0x0000,0x0000,0x0000,0x0000,0x0000,0x0000,0x0000,0x0000,0x0000,
  0x0000,0x0000,0x0000,0x0000,0x0000,0x0000,0x0000,0x0000,0x0000,0x0000,0x0000,0x0000,
  0x0000,0x0000,0x0000,0x0000,0x0000,0x0000,0x0000,0x0000,0x0000,0x0000,0x0000,0x0000,
  0x0000,0x0000,0x0000,0x0000,0x0000,0x0000,0x0000,0x0000,0x0000,0x0000,0x0000,0x0000,
  0x0000,0x0000,0x0000,0x0000,0x0000,0x0000,0x0000,0x0000,0x0000,0x0000,0x0000,0x0000,
  0x0000,0x0000,0x0000,0x0000,0x0000,0x0000,0x0000,0x0000,0x0000,0x0000,0x0000,0x0000,
  0x0000,0x0000,0x0000,0x0000,0x0000,0x0000,0x0000,0x0000,0x0000,0x0000,0x0000,0x0000,
  0x0000,0x0000,0x0000,0x0000,0x0000,0x0000,0x1802,0x3805,0x1803,0x2004,0x4808,0x1804,
  0x0803,0x1804,0x1003,0x0802,0x0802,0x0802,0x0002,0x0002,0x0002,0x0001,0x0002,0x1804,
  0x1003,0x08A9,0x0045,0x0024,0x0824,0x0002,0x0802,0x0002,0x0001,0x0001,0x0002,0x0002,
  0x0002,0x0002,0x0002,0x0087,0x0865,0x0023,0x1824,0x0803,0x0002,0x0002,0x0002,0x0003,
  0x0003,0x0003,0x0004,0x0824,0x1027,0x39AD,0x5330,0x3A6F,0x296D,0x310A,0x0004,0x0824,
  0x0003,0x0003,0x0002,0x0023,0x0003,0x0002,0x1066,0x1086,0x0002,0x0002,0x0001,0x0001,
  0x0001,0x0001,0x0001,0x0001,0x0001,0x0001,0x0001,0x0002,0x0002,0x0002,0x0002,0x0023,
  0x0003,0x01AD,0x2BB1,0x32F0,0x0089,0x1069,0x18EB,0x0024,0x0803,0x0803,0x0803,0x0803,
  0x1805,0x1026,0x1026,0x1005,0x3027,0x2806,0x1804,0x0000,0x0001,0x0000,0x0000,0x0000,
  0x0000,0x0001,0x0001,0x0000,0x0000,0x0000,0x0000,0x0000,0x0000,0x0000,0x0001,0x0001,
  0x0001,0x0001,0x0000,0x4006,0x2004,0x0000,0x0000,0x0000,0x0000,0x0000,0x0000,0x0000,
  0x1003,0x2825,0x0000,0x0000,0x0000,0x0000,0x0000,0x0000,0x0000,0x0000,0x0000,0x0000,
  0x0000,0x0000,0x0000,0x0000,0x0000,0x0000,0x0000,0x0000,0x0000,0x0000,0x0000,0x0000,
  0x0000,0x0000,0x0000,0x0000,0x0000,0x0000,0x0000,0x0000,0x0000,0x0000,0x0000,0x0000,
  0x0000,0x0000,0x0000,0x0000,0x0000,0x0000,0x0000,0x0000,0x0000,0x0000,0x0000,0x0000,
  0x0000,0x0000,0x0000,0x0000,0x0000,0x0000,0x0000,0x0000,0x0000,0x0000,0x0000,0x0000,
  0x0000,0x0000,0x0000,0x0000,0x0000,0x0000,0x0000,0x0000,0x0000,0x0000,0x0000,0x0000,
  0x0000,0x0000,0x0000,0x0000,0x0000,0x0000,0x0000,0x0000,0x0000,0x0000,0x0000,0x0000,
  0x0000,0x0000,0x0000,0x0000,0x0000,0x0000,0x0000,0x0000,0x0000,0x0000,0x0000,0x0000,
  0x0000,0x0000,0x0000,0x0000,0x0000,0x0000,0x0000,0x0000,0x0000,0x0000,0x0000,0x0000,
  0x0000,0x0000,0x0000,0x0000,0x0000,0x0000,0x0001,0x2804,0x3005,0x1002,0x4007,0x3006,
  0x0803,0x1003,0x1804,0x0802,0x0802,0x0802,0x0002,0x0802,0x0002,0x0802,0x0802,0x1804,
  0x0002,0x1088,0x0866,0x0001,0x0003,0x0002,0x2024,0x2845,0x1044,0x0002,0x0001,0x0001,
  0x0001,0x0002,0x0023,0x08E9,0x0003,0x0023,0x1023,0x0002,0x0002,0x0002,0x0002,0x0002,
  0x0002,0x0003,0x0003,0x0003,0x0825,0x0827,0x0049,0x006A,0x088A,0x1888,0x0024,0x0023,
  0x0003,0x0002,0x0002,0x0002,0x0002,0x0002,0x2067,0x0044,0x0002,0x0001,0x0001,0x0001,
  0x0001,0x0001,0x0001,0x0001,0x0002,0x1023,0x0001,0x0001,0x0002,0x0002,0x0002,0x0023,
  0x0003,0x09CD,0x3330,0x11AD,0x00A9,0x20CB,0x10A9,0x0003,0x0803,0x0803,0x0803,0x1003,
  0x1826,0x1027,0x0805,0x2826,0x2806,0x2806,0x0001,0x0001,0x0001,0x0000,0x0000,0x0000,
  0x0000,0x0000,0x0000,0x0000,0x0000,0x0000,0x0000,0x0000,0x0000,0x0000,0x0000,0x0001,
  0x0001,0x0000,0x0000,0x0000,0x0001,0x0000,0x0000,0x0000,0x0000,0x0000,0x0000,0x0001,
  0x0000,0x0000,0x0000,0x0000,0x0000,0x0000,0x0000,0x0000,0x0000,0x0000,0x0000,0x0000,
  0x0000,0x0000,0x0000,0x0000,0x0000,0x0000,0x0000,0x0000,0x0000,0x0000,0x0000,0x0000,
  0x0000,0x0000,0x0000,0x0000,0x0000,0x0000,0x0000,0x0000,0x0000,0x0000,0x0000,0x0000,
  0x0000,0x0000,0x0000,0x0000,0x0000,0x0000,0x0000,0x0000,0x0000,0x0000,0x0000,0x0000,
  0x0000,0x0000,0x0000,0x0000,0x0000,0x0000,0x0000,0x0000,0x0000,0x0000,0x0000,0x0000,
  0x0000,0x0000,0x0000,0x0000,0x0000,0x0000,0x0000,0x0000,0x0000,0x0000,0x0000,0x0000,
  0x0000,0x0000,0x0000,0x0000,0x0000,0x0000,0x0000,0x0000,0x0000,0x0000,0x0000,0x0000,
  0x0000,0x0000,0x0000,0x0000,0x0000,0x0000,0x0000,0x0000,0x0000,0x0000,0x0000,0x0000,
  0x0000,0x0000,0x0000,0x0000,0x0000,0x0000,0x0000,0x0000,0x0000,0x0000,0x0000,0x0000,
  0x0000,0x0000,0x0000,0x0000,0x0000,0x0000,0x0000,0x1802,0x4007,0x1002,0x2804,0x4808,
  0x1803,0x1003,0x1803,0x0802,0x0802,0x0802,0x0002,0x0802,0x0001,0x0802,0x0802,0x0002,
  0x0002,0x1845,0x1066,0x0001,0x0002,0x0001,0x0001,0x0001,0x1044,0x0823,0x0002,0x0003,
  0x0002,0x0002,0x0085,0x0909,0x0845,0x0843,0x0001,0x0002,0x0002,0x0002,0x0002,0x0002,
  0x0803,0x0803,0x0003,0x0003,0x0004,0x0845,0x0025,0x0025,0x0067,0x0888,0x0024,0x0003,
  0x0002,0x0002,0x0002,0x0002,0x0002,0x0804,0x2025,0x0024,0x0023,0x0001,0x0001,0x0001,
  0x0001,0x0001,0x0001,0x0001,0x0001,0x1023,0x1004,0x0002,0x0001,0x0002,0x0002,0x0003,
  0x00A6,0x09CE,0x0067,0x0025,0x00A8,0x10EB,0x0824,0x0002,0x0803,0x0803,0x0803,0x1804,
  0x1827,0x0825,0x1005,0x3027,0x3007,0x1803,0x0000,0x0001,0x0000,0x0000,0x0000,0x0000,
  0x0000,0x0000,0x0000,0x0000,0x0000,0x0000,0x0000,0x0000,0x0000,0x0000,0x0000,0x0000,
  0x0000,0x0001,0x0001,0x0000,0x0000,0x0000,0x0000,0x0000,0x0000,0x0000,0x0000,0x0000,
  0x0000,0x0000,0x0000,0x0000,0x0000,0x0000,0x0000,0x0000,0x0000,0x0000,0x0000,0x0000,
  0x0000,0x0000,0x0000,0x0000,0x0000,0x0000,0x0000,0x0000,0x0000,0x0000,0x0000,0x0000,
  0x0000,0x0000,0x0000,0x0000,0x0000,0x0000,0x0000,0x0000,0x0000,0x0000,0x0000,0x0000,
  0x0000,0x0000,0x0000,0x0000,0x0000,0x0000,0x0000,0x0000,0x0000,0x0000,0x0000,0x0000,
  0x0000,0x0000,0x0000,0x0000,0x0000,0x0000,0x0000,0x0000,0x0000,0x0000,0x0000,0x0000,
  0x0000,0x0000,0x0000,0x0000,0x0000,0x0000,0x0000,0x0000,0x0000,0x0000,0x0000,0x0000,
  0x0000,0x0000,0x0000,0x0000,0x0000,0x0000,0x0000,0x0000,0x0000,0x0000,0x0000,0x0000,
  0x0000,0x0000,0x0000,0x0000,0x0000,0x0000,0x0000,0x0000,0x0000,0x0000,0x0000,0x0000,
  0x0000,0x0000,0x0000,0x0000,0x0000,0x0000,0x0000,0x0000,0x0000,0x0000,0x0000,0x0000,
  0x0000,0x0000,0x0000,0x0000,0x0000,0x0000,0x0000,0x0001,0x3806,0x3005,0x1002,0x5028,
  0x3006,0x1003,0x1803,0x0802,0x0802,0x0802,0x0001,0x0002,0x0802,0x0001,0x0001,0x0002,
  0x0001,0x1024,0x0825,0x0001,0x0002,0x0001,0x0001,0x0001,0x0001,0x0001,0x0001,0x0002,
  0x0003,0x0803,0x18A8,0x1889,0x1045,0x0002,0x0002,0x0002,0x0002,0x0002,0x0002,0x0002,
  0x0802,0x0002,0x0002,0x0003,0x0003,0x0024,0x0024,0x0045,0x0025,0x0004,0x0045,0x0002,
  0x0002,0x0003,0x0002,0x0002,0x0001,0x2006,0x1004,0x0002,0x0003,0x0001,0x0001,0x0001,
  0x0001,0x0001,0x0001,0x0001,0x0001,0x0001,0x0002,0x0002,0x0001,0x0002,0x0002,0x0003,
  0x00C9,0x00A8,0x0003,0x0023,0x0024,0x0088,0x08C9,0x0803,0x0003,0x0803,0x0803,0x1805,
  0x1027,0x0825,0x2807,0x3827,0x2806,0x0001,0x0001,0x0001,0x0000,0x0000,0x0000,0x0000,
  0x0000,0x0000,0x0000,0x0000,0x0000,0x0000,0x0000,0x0000,0x0000,0x0000,0x0000,0x0000,
  0x0000,0x0802,0x0001,0x0000,0x0000,0x0000,0x0000,0x0000,0x0000,0x0000,0x0000,0x0000,
  0x0000,0x0000,0x0000,0x0000,0x0000,0x0000,0x0000,0x0000,0x0000,0x0000,0x0000,0x0000,
  0x0000,0x0000,0x0000,0x0000,0x0000,0x0000,0x0000,0x0000,0x0000,0x0000,0x0000,0x0000,
  0x0000,0x0000,0x0000,0x0000,0x0000,0x0000,0x0000,0x0000,0x0000,0x0000,0x0000,0x0000,
  0x0000,0x0000,0x0000,0x0000,0x0000,0x0000,0x0000,0x0000,0x0000,0x0000,0x0000,0x0000,
  0x0000,0x0000,0x0000,0x0000,0x0000,0x0000,0x0000,0x0000,0x0000,0x0000,0x0000,0x0000,
  0x0000,0x0000,0x0000,0x0000,0x0000,0x0000,0x0000,0x0000,0x0000,0x0000,0x0000,0x0000,
  0x0000,0x0000,0x0000,0x0000,0x0000,0x0000,0x0000,0x0000,0x0000,0x0000,0x0000,0x0000,
  0x0000,0x0000,0x0000,0x0000,0x0000,0x0000,0x0000,0x0000,0x0000,0x0000,0x0000,0x0000,
  0x0000,0x0000,0x0000,0x0000,0x0000,0x0000,0x0000,0x0000,0x0000,0x0000,0x0000,0x0000,
  0x0000,0x0000,0x0000,0x0000,0x0000,0x0000,0x0000,0x0000,0x2003,0x4006,0x0802,0x4026,
  0x4808,0x1003,0x2004,0x2004,0x0802,0x0802,0x0802,0x0802,0x0802,0x0001,0x0001,0x0002,
  0x0001,0x0824,0x0046,0x0001,0x0002,0x0001,0x0001,0x0001,0x0001,0x0001,0x0001,0x0001,
  0x0001,0x0002,0x1046,0x48CB,0x1003,0x0002,0x0002,0x0001,0x0002,0x0001,0x0001,0x0001,
  0x0001,0x0002,0x0002,0x0002,0x0003,0x0003,0x0003,0x0024,0x0024,0x0003,0x0845,0x0023,
  0x0002,0x0002,0x0002,0x0002,0x0002,0x2026,0x0002,0x0002,0x0002,0x0001,0x0001,0x0001,
  0x0001,0x0001,0x0001,0x0001,0x0001,0x0002,0x0001,0x0001,0x0002,0x0002,0x0001,0x0086,
  0x012C,0x0023,0x0023,0x0023,0x0003,0x0824,0x0887,0x08A8,0x0846,0x0803,0x1003,0x2006,
  0x1026,0x1005,0x3807,0x3807,0x1003,0x0000,0x0001,0x0000,0x0000,0x0000,0x0000,0x0000,
  0x0000,0x0000,0x0000,0x0000,0x0000,0x0000,0x0000,0x0000,0x0000,0x0000,0x0000,0x0000,
  0x0000,0x0000,0x0000,0x0000,0x0000,0x0000,0x0000,0x0000,0x0000,0x0000,0x0000,0x0000,
  0x0000,0x0000,0x0000,0x0000,0x0000,0x0000,0x0000,0x0000,0x0000,0x0000,0x0000,0x0000,
  0x0000,0x0000,0x0000,0x0000,0x0000,0x0000,0x0000,0x0000,0x0000,0x0000,0x0000,0x0000,
  0x0000,0x0000,0x0000,0x0000,0x0000,0x0000,0x0000,0x0000,0x0000,0x0000,0x0000,0x0000,
  0x0000,0x0000,0x0000,0x0000,0x0000,0x0000,0x0000,0x0000,0x0000,0x0000,0x0000,0x0000,
  0x0000,0x0000,0x0000,0x0000,0x0000,0x0000,0x0000,0x0000,0x0000,0x0000,0x0000,0x0000,
  0x0000,0x0000,0x0000,0x0000,0x0000,0x0000,0x0000,0x0000,0x0000,0x0000,0x0000,0x0000,
  0x0000,0x0000,0x0000,0x0000,0x0000,0x0000,0x0000,0x0000,0x0000,0x0000,0x0000,0x0000,
  0x0000,0x0000,0x0000,0x0000,0x0000,0x0000,0x0000,0x0000,0x0000,0x0000,0x0000,0x0000,
  0x0000,0x0000,0x0000,0x0000,0x0000,0x0000,0x0000,0x0000,0x0000,0x0000,0x0000,0x0000,
  0x0000,0x0000,0x0000,0x0000,0x0000,0x0000,0x0000,0x0000,0x1002,0x4007,0x2003,0x2003,
  0x6009,0x3005,0x1003,0x3005,0x0802,0x0802,0x0802,0x0802,0x0002,0x0001,0x0001,0x0001,
  0x0801,0x0825,0x00A9,0x0001,0x0002,0x0001,0x0001,0x0001,0x0002,0x0001,0x0001,0x0002,
  0x0003,0x0003,0x0023,0x1866,0x1045,0x0001,0x0002,0x0001,0x0001,0x0001,0x0001,0x0001,
  0x0001,0x0002,0x0001,0x0002,0x0024,0x0003,0x0003,0x0023,0x0002,0x0002,0x0024,0x0824,
  0x0002,0x0002,0x0002,0x0002,0x0803,0x1826,0x0001,0x0002,0x0001,0x0001,0x0001,0x0001,
  0x0001,0x0001,0x0001,0x0001,0x0001,0x0001,0x0001,0x0001,0x0002,0x0023,0x0002,0x014B,
  0x00E8,0x0002,0x0023,0x0002,0x0023,0x0824,0x0804,0x08A7,0x112C,0x1069,0x2026,0x1826,
  0x0805,0x1805,0x3807,0x3006,0x0001,0x0001,0x0001,0x0000,0x0000,0x0000,0x0000,0x0000,
  0x0000,0x0000,0x0000,0x0000,0x0000,0x0000,0x0000,0x0000,0x0000,0x0000,0x0000,0x0000,
  0x0000,0x0000,0x0000,0x0000,0x0000,0x0000,0x0000,0x0000,0x0000,0x0000,0x0000,0x0001,
  0x0000,0x0000,0x0000,0x0000,0x0000,0x0000,0x0000,0x0000,0x0000,0x0000,0x0000,0x0000,
  0x0000,0x0000,0x0000,0x0000,0x0000,0x0000,0x0000,0x0000,0x0000,0x0000,0x0000,0x0000,
  0x0000,0x0000,0x0000,0x0000,0x0000,0x0000,0x0000,0x0000,0x0000,0x0000,0x0000,0x0000,
  0x0000,0x0000,0x0000,0x0000,0x0000,0x0000,0x0000,0x0000,0x0000,0x0000,0x0000,0x0000,
  0x0000,0x0000,0x0000,0x0000,0x0000,0x0000,0x0000,0x0000,0x0000,0x0000,0x0000,0x0000,
  0x0000,0x0000,0x0000,0x0000,0x0000,0x0000,0x0000,0x0000,0x0000,0x0000,0x0000,0x0000,
  0x0000,0x0000,0x0000,0x0000,0x0000,0x0000,0x0000,0x0000,0x0000,0x0000,0x0000,0x0000,
  0x0000,0x0000,0x0000,0x0000,0x0000,0x0000,0x0000,0x0000,0x0000,0x0000,0x0000,0x0000,
  0x0000,0x0000,0x0000,0x0000,0x0000,0x0000,0x0000,0x0000,0x0000,0x0000,0x0000,0x0000,
  0x0000,0x0000,0x0000,0x0000,0x0000,0x0000,0x0000,0x0000,0x0000,0x3805,0x3005,0x1002,
  0x4827,0x5008,0x1003,0x2805,0x1804,0x0802,0x0802,0x0802,0x0802,0x0001,0x0001,0x0001,
  0x0001,0x0823,0x0888,0x0002,0x0001,0x0001,0x0001,0x0001,0x0001,0x0002,0x0002,0x0003,
  0x0002,0x0001,0x0002,0x0002,0x2066,0x0003,0x0001,0x0001,0x0001,0x0001,0x0001,0x0001,
  0x0001,0x0001,0x0002,0x0002,0x0002,0x0003,0x0024,0x0024,0x0002,0x0002,0x0003,0x2867,
  0x0002,0x0002,0x0002,0x0001,0x1025,0x0003,0x0001,0x0002,0x0001,0x0002,0x0045,0x0001,
  0x0001,0x0001,0x0001,0x0001,0x0001,0x0001,0x0001,0x0001,0x0001,0x0002,0x0045,0x0086,
  0x0002,0x0003,0x0002,0x0002,0x0002,0x0803,0x0803,0x0802,0x00C9,0x10CA,0x2046,0x1026,
  0x1826,0x2006,0x3808,0x1804,0x0000,0x0001,0x0000,0x0000,0x0000,0x0000,0x0000,0x0000,
  0x0000,0x0000,0x0000,0x0000,0x0000,0x0000,0x0000,0x0000,0x0000,0x0000,0x0000,0x0000,
  0x0000,0x0000,0x0000,0x0000,0x0000,0x0000,0x0000,0x0000,0x0000,0x0000,0x0000,0x1002,
  0x0001,0x0000,0x0000,0x0000,0x0000,0x0000,0x0000,0x0000,0x0000,0x0000,0x0000,0x0000,
  0x0000,0x0000,0x0000,0x0000,0x0000,0x0000,0x0000,0x0000,0x0000,0x0000,0x0000,0x0000,
  0x0000,0x0000,0x0000,0x0000,0x0000,0x0000,0x0000,0x0000,0x0000,0x0000,0x0000,0x0000,
  0x0000,0x0000,0x0000,0x0000,0x0000,0x0000,0x0000,0x0000,0x0000,0x0000,0x0000,0x0000,
  0x0000,0x0000,0x0000,0x0000,0x0000,0x0000,0x0000,0x0000,0x0000,0x0000,0x0000,0x0000,
  0x0000,0x0000,0x0000,0x0000,0x0000,0x0000,0x0000,0x0000,0x0000,0x0000,0x0000,0x0000,
  0x0000,0x0000,0x0000,0x0000,0x0000,0x0000,0x0000,0x0000,0x0000,0x0000,0x0000,0x0000,
  0x0000,0x0000,0x0000,0x0000,0x0000,0x0000,0x0000,0x0000,0x0000,0x0000,0x0000,0x0000,
  0x0000,0x0000,0x0000,0x0000,0x0000,0x0000,0x0000,0x0000,0x0000,0x0000,0x0000,0x0000,
  0x0000,0x0000,0x0000,0x0000,0x0000,0x0000,0x0000,0x0000,0x0000,0x2003,0x3005,0x1002,
  0x3005,0x6009,0x3005,0x1003,0x2005,0x0802,0x0802,0x0802,0x0802,0x0001,0x0001,0x0001,
  0x0001,0x0002,0x1047,0x0003,0x0001,0x0001,0x0001,0x0823,0x0843,0x0822,0x0001,0x0001,
  0x0001,0x0001,0x0002,0x0002,0x0002,0x1024,0x0001,0x0001,0x0001,0x0001,0x0001,0x0001,
  0x0001,0x0001,0x0001,0x0002,0x0002,0x0001,0x0024,0x0024,0x0001,0x0002,0x0002,0x1825,
  0x0002,0x0002,0x0002,0x0002,0x1025,0x0002,0x0002,0x0002,0x0002,0x0001,0x0045,0x0043,
  0x0001,0x0001,0x0001,0x0001,0x0001,0x0001,0x0001,0x0001,0x0001,0x0002,0x0024,0x0002,
  0x0002,0x0002,0x0002,0x0002,0x0803,0x0803,0x0803,0x0803,0x18C8,0x1066,0x0804,0x1826,
  0x2827,0x2806,0x3007,0x0802,0x0000,0x0000,0x0000,0x0000,0x0000,0x0000,0x0000,0x0000,
  0x0000,0x0000,0x0000,0x0000,0x0000,0x0000,0x0000,0x0000,0x0000,0x0000,0x0000,0x0000,
  0x0000,0x0000,0x0000,0x0000,0x0000,0x0000,0x0000,0x0000,0x0000,0x0000,0x0000,0x0001,
  0x0001,0x0000,0x0000,0x0000,0x0000,0x0000,0x0000,0x0000,0x0000,0x0000,0x0000,0x0000,
  0x0000,0x0000,0x0000,0x0000,0x0000,0x0000,0x0000,0x0000,0x0000,0x0000,0x0000,0x0000,
  0x0000,0x0000,0x0000,0x0000,0x0000,0x0000,0x0000,0x0000,0x0000,0x0000,0x0000,0x0000,
  0x0000,0x0000,0x0000,0x0000,0x0000,0x0000,0x0000,0x0000,0x0000,0x0000,0x0000,0x0000,
  0x0000,0x0000,0x0000,0x0000,0x0000,0x0000,0x0000,0x0000,0x0000,0x0000,0x0000,0x0000,
  0x0000,0x0000,0x0000,0x0000,0x0000,0x0000,0x0000,0x0000,0x0000,0x0000,0x0000,0x0000,
  0x0000,0x0000,0x0000,0x0000,0x0000,0x0000,0x0000,0x0000,0x0000,0x0000,0x0000,0x0000,
  0x0000,0x0000,0x0000,0x0000,0x0000,0x0000,0x0000,0x0000,0x0000,0x0000,0x0000,0x0000,
  0x0000,0x0000,0x0000,0x0000,0x0000,0x0000,0x0000,0x0000,0x0000,0x0000,0x0000,0x0000,
  0x0000,0x0000,0x0000,0x0000,0x0000,0x0000,0x0000,0x0000,0x0000,0x1002,0x2804,0x1803,
  0x1803,0x5808,0x4006,0x1003,0x1804,0x1003,0x0002,0x0002,0x0002,0x0001,0x0001,0x0001,
  0x0002,0x0823,0x1826,0x0003,0x0001,0x0001,0x0822,0x28A6,0x0823,0x0001,0x0001,0x0001,
  0x0001,0x0001,0x0001,0x0001,0x0001,0x1023,0x0803,0x0001,0x0001,0x0001,0x0001,0x0001,
  0x0001,0x0001,0x0001,0x0023,0x0002,0x0002,0x0803,0x0003,0x0001,0x0002,0x0001,0x1845,
  0x1845,0x0001,0x0001,0x1825,0x1025,0x0001,0x0002,0x0002,0x0001,0x0001,0x0002,0x0002,
  0x0001,0x0001,0x0001,0x0001,0x0001,0x0001,0x0001,0x0001,0x0001,0x0023,0x0024,0x0002,
  0x0002,0x0001,0x0001,0x0002,0x0802,0x0803,0x0803,0x1004,0x2066,0x1004,0x1004,0x1005,
  0x2006,0x3027,0x2005,0x0000,0x0001,0x0000,0x0000,0x0000,0x0000,0x0000,0x0000,0x0000,
  0x0000,0x0000,0x0000,0x0000,0x0000,0x0000,0x0000,0x0000,0x0000,0x0000,0x0000,0x0000,
  0x0000,0x0000,0x0000,0x0000,0x0000,0x0000,0x0000,0x0000,0x0000,0x0000,0x0000,0x0000,
  0x0000,0x0000,0x0000,0x0000,0x0000,0x0000,0x0000,0x0000,0x0000,0x0000,0x0000,0x0000,
  0x0000,0x0000,0x0000,0x0000,0x0000,0x0000,0x0000,0x0000,0x0000,0x0000,0x0000,0x0000,
  0x0000,0x0000,0x0000,0x0000,0x0000,0x0000,0x0000,0x0000,0x0000,0x0000,0x0000,0x0000,
  0x0000,0x0000,0x0000,0x0000,0x0000,0x0000,0x0000,0x0000,0x0000,0x0000,0x0000,0x0000,
  0x0000,0x0000,0x0000,0x0000,0x0000,0x0000,0x0000,0x0000,0x0000,0x0000,0x0000,0x0000,
  0x0000,0x0000,0x0000,0x0000,0x0000,0x0000,0x0000,0x0000,0x0000,0x0000,0x0000,0x0000,
  0x0000,0x0000,0x0000,0x0000,0x0000,0x0000,0x0000,0x0000,0x0000,0x0000,0x0000,0x0000,
  0x0000,0x0000,0x0000,0x0000,0x0000,0x0000,0x0000,0x0000,0x0000,0x0000,0x0000,0x0000,
  0x0000,0x0000,0x0000,0x0000,0x0000,0x0000,0x0000,0x0000,0x0000,0x0000,0x0000,0x0000,
  0x0000,0x0000,0x0000,0x0000,0x0000,0x0000,0x0000,0x0000,0x0000,0x0801,0x2003,0x2805,
  0x2003,0x4006,0x4807,0x1804,0x1003,0x1003,0x0002,0x0002,0x0001,0x0001,0x0001,0x0002,
  0x0803,0x0001,0x2005,0x0803,0x0002,0x0001,0x0001,0x0001,0x0001,0x0001,0x0001,0x0001,
  0x0001,0x0001,0x0001,0x0001,0x0001,0x0001,0x1824,0x0001,0x0001,0x0001,0x0001,0x0001,
  0x0001,0x0001,0x0002,0x0002,0x0002,0x0001,0x0803,0x0803,0x0001,0x0001,0x0001,0x0002,
  0x1025,0x0803,0x2845,0x2046,0x0002,0x0002,0x0002,0x0001,0x0001,0x0001,0x0002,0x0001,
  0x0001,0x0001,0x0001,0x0001,0x0001,0x0001,0x0001,0x0001,0x0001,0x0023,0x0003,0x0002,
  0x0002,0x0001,0x0001,0x0002,0x0803,0x0803,0x0803,0x1004,0x1825,0x0804,0x1004,0x2006,
  0x2005,0x3007,0x1003,0x0000,0x0000,0x0000,0x0000,0x0000,0x0000,0x0000,0x0000,0x0000,
  0x0000,0x0000,0x0000,0x0000,0x0000,0x0000,0x0000,0x0000,0x0000,0x0000,0x0000,0x0000,
  0x0000,0x0000,0x0000,0x0000,0x0000,0x0000,0x0000,0x0000,0x0000,0x0000,0x0000,0x0000,
  0x0000,0x0000,0x0000,0x0000,0x0000,0x0000,0x0000,0x0000,0x0000,0x0000,0x0000,0x0000,
  0x0000,0x0000,0x0000,0x0000,0x0000,0x0000,0x0000,0x0000,0x0000,0x0000,0x0000,0x0000,
  0x0000,0x0000,0x0000,0x0000,0x0000,0x0000,0x0000,0x0000,0x0000,0x0000,0x0000,0x0000,
  0x0000,0x0000,0x0000,0x0000,0x0000,0x0000,0x0000,0x0000,0x0000,0x0000,0x0000,0x0000,
  0x0000,0x0000,0x0000,0x0000,0x0000,0x0000,0x0000,0x0000,0x0000,0x0000,0x0000,0x0000,
  0x0000,0x0000,0x0000,0x0000,0x0000,0x0000,0x0000,0x0000,0x0000,0x0000,0x0000,0x0000,
  0x0000,0x0000,0x0000,0x0000,0x0000,0x0000,0x0000,0x0000,0x0000,0x0000,0x0000,0x0000,
  0x0000,0x0000,0x0000,0x0000,0x0000,0x0000,0x0000,0x0000,0x0000,0x0000,0x0000,0x0000,
  0x0000,0x0000,0x0000,0x0000,0x0000,0x0000,0x0000,0x0000,0x0000,0x0000,0x0000,0x0000,
  0x0000,0x0000,0x0000,0x0000,0x0000,0x0000,0x0000,0x0000,0x0000,0x0000,0x2003,0x2804,
  0x1803,0x2805,0x4807,0x2005,0x1003,0x1002,0x0802,0x0802,0x0001,0x0001,0x0001,0x0803,
  0x0802,0x0001,0x1803,0x1003,0x0001,0x0001,0x0001,0x0001,0x0001,0x0001,0x0001,0x0001,
  0x0001,0x0001,0x0001,0x0001,0x0001,0x0001,0x1023,0x1024,0x0001,0x0001,0x0001,0x0001,
  0x0001,0x0001,0x0002,0x0001,0x0002,0x0001,0x0003,0x0003,0x0001,0x0001,0x0001,0x0001,
  0x0003,0x0803,0x1845,0x1066,0x0002,0x0002,0x0001,0x0001,0x0001,0x0001,0x0001,0x0001,
  0x0001,0x0001,0x0001,0x0001,0x0001,0x0001,0x0001,0x0001,0x0002,0x0024,0x0001,0x0002,
  0x0002,0x0001,0x0002,0x0001,0x0804,0x0803,0x0803,0x1004,0x1003,0x1004,0x1004,0x2806,
  0x2005,0x2806,0x0001,0x0001,0x0000,0x0000,0x0000,0x0000,0x0000,0x0000,0x0000,0x0000,
  0x0000,0x0000,0x0000,0x0000,0x0000,0x0000,0x0000,0x0000,0x0000,0x0000,0x0000,0x0000,
  0x0000,0x0000,0x0000,0x0000,0x0000,0x0000,0x0000,0x0000,0x0000,0x0000,0x0000,0x0000,
  0x0000,0x0000,0x0000,0x0000,0x0000,0x0000,0x0000,0x0000,0x0000,0x0000,0x0001,0x0000,
  0x0000,0x0000,0x0000,0x0000,0x0000,0x0000,0x0000,0x0000,0x0000,0x0000,0x0000,0x0000,
  0x0000,0x0000,0x0000,0x0000,0x0000,0x0000,0x0000,0x0000,0x0000,0x0000,0x0000,0x0000,
  0x0000,0x0000,0x0000,0x0000,0x0000,0x0000,0x0000,0x0000,0x0000,0x0000,0x0000,0x0000,
  0x0000,0x0000,0x0000,0x0000,0x0000,0x0000,0x0000,0x0000,0x0000,0x0000,0x0000,0x0000,
  0x0000,0x0000,0x0000,0x0000,0x0000,0x0000,0x0000,0x0000,0x0000,0x0000,0x0000,0x0000,
  0x0000,0x0000,0x0000,0x0000,0x0000,0x0000,0x0000,0x0000,0x0000,0x0000,0x0000,0x0000,
  0x0000,0x0000,0x0000,0x0000,0x0000,0x0000,0x0000,0x0000,0x0000,0x0000,0x0000,0x0000,
  0x0000,0x0000,0x0000,0x0000,0x0000,0x0000,0x0000,0x0000,0x0000,0x0000,0x0000,0x0000,
  0x0000,0x0000,0x0000,0x0000,0x0000,0x0000,0x0000,0x0000,0x0000,0x0000,0x1803,0x2004,
  0x1803,0x1803,0x4006,0x2805,0x1003,0x1002,0x0802,0x0802,0x0001,0x0001,0x0802,0x0802,
  0x0001,0x0001,0x1803,0x1803,0x0001,0x0001,0x0001,0x0001,0x0001,0x0001,0x0001,0x0001,
  0x0001,0x0001,0x0001,0x0001,0x0001,0x0001,0x0001,0x1845,0x0002,0x0001,0x0001,0x0001,
  0x0001,0x0044,0x0023,0x0001,0x0002,0x0001,0x0024,0x0023,0x0001,0x0001,0x0001,0x0001,
  0x0002,0x0823,0x1866,0x0844,0x0001,0x0001,0x0001,0x0001,0x0001,0x0001,0x0001,0x0001,
  0x0001,0x0001,0x0001,0x0001,0x0001,0x0001,0x0001,0x0001,0x0002,0x0023,0x0001,0x0001,
  0x0001,0x0002,0x0002,0x0024,0x0824,0x0002,0x0803,0x0803,0x0803,0x0803,0x1805,0x2006,
  0x2005,0x1804,0x0000,0x0001,0x0000,0x0000,0x0000,0x0000,0x0000,0x0000,0x0000,0x0000,
  0x0000,0x0000,0x0000,0x0000,0x0000,0x0000,0x0000,0x0000,0x0000,0x0000,0x0000,0x0000,
  0x0000,0x0000,0x0000,0x0000,0x0000,0x0000,0x0000,0x0000,0x0000,0x0000,0x0000,0x0000,
  0x0000,0x0000,0x0000,0x0000,0x0000,0x0000,0x0000,0x0000,0x0000,0x0000,0x0000,0x0000,
  0x0000,0x0000,0x0000,0x0000,0x0000,0x0000,0x0000,0x0000,0x0000,0x0000,0x0000,0x0000,
  0x0000,0x0000,0x0000,0x0000,0x0000,0x0000,0x0000,0x0000,0x0000,0x0000,0x0000,0x0000,
  0x0000,0x0000,0x0000,0x0000,0x0000,0x0000,0x0000,0x0000,0x0000,0x0000,0x0000,0x0000,
  0x0000,0x0000,0x0000,0x0000,0x0000,0x0000,0x0000,0x0000,0x0000,0x0000,0x0000,0x0000,
  0x0000,0x0000,0x0000,0x0000,0x0000,0x0000,0x0000,0x0000,0x0000,0x0000,0x0000,0x0000,
  0x0000,0x0000,0x0000,0x0000,0x0000,0x0000,0x0000,0x0000,0x0000,0x0000,0x0000,0x0000,
  0x0000,0x0000,0x0000,0x0000,0x0000,0x0000,0x0000,0x0000,0x0000,0x0000,0x0000,0x0000,
  0x0000,0x0000,0x0000,0x0000,0x0000,0x0000,0x0000,0x0000,0x0000,0x0000,0x0000,0x0000,
  0x0000,0x0000,0x0000,0x0000,0x0000,0x0000,0x0000,0x0000,0x0000,0x0000,0x1002,0x2004,
  0x1803,0x1002,0x3005,0x2805,0x1003,0x0802,0x0802,0x0802,0x0001,0x0002,0x0803,0x0002,
  0x0802,0x0001,0x1002,0x1002,0x0001,0x0001,0x0001,0x0001,0x0001,0x0001,0x0001,0x0001,
  0x0001,0x0001,0x0001,0x0001,0x0001,0x0001,0x0001,0x0003,0x0824,0x0001,0x0001,0x0001,
  0x0001,0x0065,0x0002,0x0001,0x0001,0x0001,0x0803,0x0803,0x0001,0x0001,0x0001,0x0001,
  0x0001,0x2066,0x1887,0x0002,0x0002,0x0001,0x0001,0x0001,0x0001,0x0001,0x0001,0x0001,
  0x0001,0x0001,0x0001,0x0001,0x0001,0x0001,0x0001,0x0001,0x0023,0x0002,0x0001,0x0001,
  0x0001,0x0002,0x0001,0x0024,0x0003,0x0802,0x0803,0x0803,0x0803,0x0803,0x2806,0x2006,
  0x2806,0x0802,0x0000,0x0000,0x0000,0x0000,0x0000,0x0000,0x0000,0x0000,0x0000,0x0000,
  0x0000,0x0000,0x0000,0x0000,0x0000,0x0000,0x0000,0x0000,0x0000,0x0000,0x0000,0x0000,
  0x0000,0x0000,0x0000,0x0000,0x0000,0x0000,0x0000,0x0000,0x0000,0x0000,0x0000,0x0000,
  0x0000,0x0000,0x0000,0x0000,0x0000,0x0000,0x0000,0x0000,0x0000,0x0000,0x0000,0x0000,
  0x0000,0x0000,0x0000,0x0000,0x0000,0x0000,0x0000,0x0000,0x0000,0x0000,0x0000,0x0000,
  0x0000,0x0000,0x0000,0x0000,0x0000,0x0000,0x0000,0x0000,0x0000,0x0000,0x0000,0x0000,
  0x0000,0x0000,0x0000,0x0000,0x0000,0x0000,0x0000,0x0000,0x0000,0x0000,0x0000,0x0000,
  0x0000,0x0000,0x0000,0x0000,0x0000,0x0000,0x0000,0x0000,0x0000,0x0000,0x0000,0x0000,
  0x0000,0x0000,0x0000,0x0000,0x0000,0x0000,0x0000,0x0000,0x0000,0x0000,0x0000,0x0000,
  0x0000,0x0000,0x0000,0x0000,0x0000,0x0000,0x0000,0x0000,0x0000,0x0000,0x0000,0x0000,
  0x0000,0x0000,0x0000,0x0000,0x0000,0x0000,0x0000,0x0000,0x0000,0x0000,0x0000,0x0000,
  0x0000,0x0000,0x0000,0x0000,0x0000,0x0000,0x0000,0x0000,0x0000,0x0000,0x0000,0x0000,
  0x0000,0x0000,0x0000,0x0000,0x0000,0x0000,0x0000,0x0000,0x0000,0x0000,0x0801,0x2004,
  0x1803,0x0802,0x2804,0x2805,0x1803,0x0802,0x0802,0x0801,0x0802,0x0003,0x0002,0x0001,
  0x0001,0x0001,0x1803,0x1803,0x0001,0x0001,0x0001,0x0001,0x0001,0x0001,0x0001,0x0001,
  0x0001,0x0001,0x0001,0x0001,0x0001,0x0001,0x0001,0x0002,0x1047,0x0002,0x0001,0x0001,
  0x0002,0x0045,0x0001,0x0001,0x0001,0x0001,0x0824,0x0823,0x0001,0x0001,0x0001,0x0001,
  0x0001,0x2025,0x0845,0x0002,0x0002,0x0001,0x0001,0x0001,0x0001,0x0001,0x0001,0x0001,
  0x0001,0x0001,0x0001,0x0001,0x0001,0x0002,0x0001,0x0001,0x0023,0x0001,0x0001,0x0001,
  0x0001,0x0001,0x0023,0x0024,0x0802,0x0002,0x0802,0x0803,0x0803,0x0803,0x3828,0x2006,
  0x2806,0x0001,0x0000,0x0000,0x0000,0x0000,0x0000,0x0000,0x0000,0x0000,0x0000,0x0000,
  0x0000,0x0000,0x0000,0x0000,0x0000,0x0000,0x0000,0x0000,0x0000,0x0000,0x0000,0x0000,
  0x0000,0x0000,0x0000,0x0000,0x0000,0x0000,0x0000,0x0000,0x0000,0x0000,0x0000,0x0000,
  0x0000,0x0000,0x0000,0x0000,0x0000,0x0000,0x0000,0x0000,0x0000,0x0000,0x0000,0x0000,
  0x0000,0x0000,0x0000,0x0000,0x0000,0x0000,0x0000,0x0000,0x0000,0x0000,0x0000,0x0000,
  0x0000,0x0000,0x0000,0x0000,0x0000,0x0000,0x0000,0x0000,0x0000,0x0000,0x0000,0x0000,
  0x0000,0x0000,0x0000,0x0000,0x0000,0x0000,0x0000,0x0000,0x0000,0x0000,0x0000,0x0000,
  0x0000,0x0000,0x0000,0x0000,0x0000,0x0000,0x0000,0x0000,0x0000,0x0000,0x0000,0x0000,
  0x0000,0x0000,0x0000,0x0000,0x0000,0x0000,0x0000,0x0000,0x0000,0x0000,0x0000,0x0000,
  0x0000,0x0000,0x0000,0x0000,0x0000,0x0000,0x0000,0x0000,0x0000,0x0000,0x0000,0x0000,
  0x0000,0x0000,0x0000,0x0000,0x0000,0x0000,0x0000,0x0000,0x0000,0x0000,0x0000,0x0000,
  0x0000,0x0000,0x0000,0x0000,0x0000,0x0000,0x0000,0x0000,0x0000,0x0000,0x0000,0x0000,
  0x0000,0x0000,0x0000,0x0000,0x0000,0x0000,0x0000,0x0000,0x0000,0x0000,0x0001,0x1803,
  0x1804,0x0802,0x2804,0x3005,0x1803,0x1002,0x0802,0x0001,0x0823,0x0824,0x0001,0x0001,
  0x0001,0x0001,0x1003,0x2004,0x0002,0x0001,0x0001,0x0001,0x0001,0x0001,0x0001,0x0001,
  0x0001,0x0001,0x0001,0x0001,0x0001,0x0001,0x0001,0x0001,0x1087,0x0845,0x0000,0x0001,
  0x0002,0x0023,0x0001,0x0001,0x0001,0x0001,0x0023,0x0023,0x0001,0x0001,0x0001,0x0001,
  0x0001,0x1805,0x0023,0x0001,0x0001,0x0001,0x0001,0x0001,0x0001,0x0001,0x0001,0x0001,
  0x0001,0x0001,0x0001,0x0001,0x0001,0x0001,0x0001,0x0002,0x0002,0x0001,0x0001,0x0001,
  0x0001,0x0001,0x0044,0x0024,0x0802,0x0002,0x0803,0x0803,0x0002,0x1004,0x3828,0x2005,
  0x2805,0x0000,0x0001,0x0000,0x0000,0x0000,0x0000,0x0000,0x0000,0x0000,0x0000,0x0000,
  0x0000,0x0000,0x0000,0x0000,0x0000,0x0000,0x0000,0x0000,0x0000,0x0000,0x0000,0x0000,
  0x0000,0x0000,0x0000,0x0000,0x0000,0x0000,0x0000,0x0000,0x0000,0x0000,0x0000,0x0000,
  0x0000,0x0000,0x0000,0x0000,0x0000,0x0000,0x0000,0x0000,0x0000,0x0000,0x0000,0x0000,
  0x0000,0x0000,0x0000,0x0000,0x0000,0x0000,0x0000,0x0000,0x0000,0x0000,0x0000,0x0000,
  0x0000,0x0000,0x0000,0x0000,0x0000,0x0000,0x0000,0x0000,0x0000,0x0000,0x0000,0x0000,
  0x0000,0x0000,0x0000,0x0000,0x0000,0x0000,0x0000,0x0000,0x0000,0x0000,0x0000,0x0000,
  0x0000,0x0000,0x0000,0x0000,0x0000,0x0000,0x0000,0x0000,0x0000,0x0000,0x0000,0x0000,
  0x0000,0x0000,0x0000,0x0000,0x0000,0x0000,0x0000,0x0000,0x0000,0x0000,0x0000,0x0000,
  0x0000,0x0000,0x0000,0x0000,0x0000,0x0000,0x0000,0x0000,0x0000,0x0000,0x0000,0x0000,
  0x0000,0x0000,0x0000,0x0000,0x0000,0x0000,0x0000,0x0000,0x0000,0x0000,0x0000,0x0000,
  0x0000,0x0000,0x0000,0x0000,0x0000,0x0000,0x0000,0x0000,0x0000,0x0000,0x0000,0x0000,
  0x0000,0x0000,0x0000,0x0000,0x0000,0x0000,0x0000,0x0000,0x0000,0x0000,0x0000,0x1803,
  0x2004,0x0802,0x2024,0x3005,0x1803,0x1002,0x0802,0x0802,0x1024,0x0002,0x0001,0x0001,
  0x0001,0x0001,0x1002,0x3005,0x0002,0x0001,0x0001,0x0001,0x0001,0x0001,0x0001,0x0001,
  0x0001,0x0001,0x0001,0x0001,0x0001,0x0001,0x0001,0x0001,0x0022,0x0866,0x1064,0x0001,
  0x08A7,0x0065,0x0001,0x0001,0x0001,0x0001,0x0824,0x0023,0x0001,0x0001,0x0001,0x0001,
  0x0001,0x1826,0x0002,0x0001,0x0001,0x0001,0x0001,0x0001,0x0001,0x0001,0x0001,0x0001,
  0x0001,0x0001,0x0001,0x0001,0x0001,0x0001,0x0001,0x0024,0x0002,0x0001,0x0001,0x0001,
  0x0001,0x0002,0x0003,0x0004,0x0803,0x0002,0x1003,0x0803,0x0002,0x2006,0x2807,0x3007,
  0x1804,0x0000,0x0000,0x0000,0x0000,0x0000,0x0000,0x0000,0x0000,0x0000,0x0000,0x0000,
  0x0000,0x0000,0x0000,0x0000,0x0000,0x0000,0x0000,0x0000,0x0000,0x0000,0x0000,0x0000,
  0x0000,0x0000,0x0000,0x0000,0x0000,0x0000,0x0000,0x0000,0x0000,0x0000,0x0000,0x0000,
  0x0000,0x0000,0x0000,0x0000,0x0000,0x0000,0x0000,0x0000,0x0000,0x0000,0x0000,0x0000,
  0x0000,0x0000,0x0000,0x0000,0x0000,0x0000,0x0000,0x0000,0x0000,0x0000,0x0000,0x0000,
  0x0000,0x0000,0x0000,0x0000,0x0000,0x0000,0x0000,0x0000,0x0000,0x0000,0x0000,0x0000,
  0x0000,0x0000,0x0000,0x0000,0x0000,0x0000,0x0000,0x0000,0x0000,0x0000,0x0000,0x0000,
  0x0000,0x0000,0x0000,0x0000,0x0000,0x0000,0x0000,0x0000,0x0000,0x0000,0x0000,0x0000,
  0x0000,0x0000,0x0000,0x0000,0x0000,0x0000,0x0000,0x0000,0x0000,0x0000,0x0000,0x0000,
  0x0000,0x0000,0x0000,0x0000,0x0000,0x0000,0x0000,0x0000,0x0000,0x0000,0x0000,0x0000,
  0x0000,0x0000,0x0000,0x0000,0x0000,0x0000,0x0000,0x0000,0x0000,0x0000,0x0000,0x0000,
  0x0000,0x0000,0x0000,0x0000,0x0000,0x0000,0x0000,0x0000,0x0000,0x0000,0x0000,0x0000,
  0x0000,0x0000,0x0000,0x0000,0x0000,0x0000,0x0000,0x0000,0x0000,0x0000,0x0000,0x1803,
  0x1803,0x1002,0x1803,0x3005,0x1803,0x2024,0x0802,0x1002,0x2004,0x0002,0x0001,0x0001,
  0x0001,0x0001,0x1803,0x4806,0x0001,0x0001,0x0001,0x0001,0x0001,0x0001,0x0001,0x0001,
  0x0001,0x0001,0x0001,0x0001,0x0001,0x0001,0x0001,0x0001,0x0002,0x0002,0x1866,0x0087,
  0x0065,0x0002,0x0001,0x0001,0x0001,0x0001,0x1024,0x0803,0x0001,0x0001,0x0001,0x0001,
  0x0803,0x1846,0x0001,0x0001,0x0001,0x0001,0x0001,0x0001,0x0001,0x0001,0x0001,0x0001,
  0x0001,0x0001,0x0001,0x0001,0x0001,0x0001,0x0001,0x0024,0x0001,0x0001,0x0001,0x0001,
  0x0001,0x0002,0x0087,0x0025,0x0802,0x0803,0x0803,0x0803,0x0803,0x2006,0x2006,0x3007,
  0x0802,0x0000,0x0000,0x0000,0x0000,0x0000,0x0000,0x0000,0x0000,0x0000,0x0000,0x0000,
  0x0000,0x0000,0x0000,0x0000,0x0000,0x0000,0x0000,0x0000,0x0000,0x0000,0x0000,0x0000,
  0x0000,0x0000,0x0000,0x0000,0x0000,0x0000,0x0000,0x0000,0x0000,0x0000,0x0000,0x0000,
  0x0000,0x0000,0x0000,0x0000,0x0000,0x0000,0x0000,0x0000,0x0000,0x0000,0x0000,0x0000,
  0x0000,0x0000,0x0000,0x0000,0x0000,0x0000,0x0000,0x0000,0x0000,0x0000,0x0000,0x0000,
  0x0000,0x0000,0x0000,0x0000,0x0000,0x0000,0x0000,0x0000,0x0000,0x0000,0x0000,0x0000,
  0x0000,0x0000,0x0000,0x0000,0x0000,0x0000,0x0000,0x0000,0x0000,0x0000,0x0000,0x0000,
  0x0000,0x0000,0x0000,0x0000,0x0000,0x0000,0x0000,0x0000,0x0000,0x0000,0x0000,0x0000,
  0x0000,0x0000,0x0000,0x0000,0x0000,0x0000,0x0000,0x0000,0x0000,0x0000,0x0000,0x0000,
  0x0000,0x0000,0x0000,0x0000,0x0000,0x0000,0x0000,0x0000,0x0000,0x0000,0x0000,0x0000,
  0x0000,0x0000,0x0000,0x0000,0x0000,0x0000,0x0000,0x0000,0x0000,0x0000,0x0000,0x0000,
  0x0000,0x0000,0x0000,0x0000,0x0000,0x0000,0x0000,0x0000,0x0000,0x0000,0x0000,0x0000,
  0x0000,0x0000,0x0000,0x0000,0x0000,0x0000,0x0000,0x0000,0x0000,0x0000,0x0000,0x1002,
  0x2004,0x1003,0x1002,0x3805,0x2804,0x2004,0x0802,0x0802,0x1803,0x0802,0x0001,0x0001,
  0x0001,0x0002,0x0822,0x2825,0x1825,0x0001,0x0001,0x0001,0x0001,0x0001,0x0001,0x0001,
  0x0001,0x0001,0x0001,0x0001,0x0001,0x0001,0x0001,0x0002,0x0003,0x0001,0x1003,0x0024,
  0x0002,0x0001,0x0001,0x0001,0x0001,0x0001,0x1024,0x0803,0x0001,0x0001,0x0001,0x0001,
  0x1804,0x1825,0x0001,0x0001,0x0001,0x0001,0x0001,0x0002,0x0001,0x0001,0x0001,0x0001,
  0x0001,0x0001,0x0001,0x0001,0x0001,0x0001,0x0002,0x0023,0x0001,0x0001,0x0001,0x0001,
  0x0001,0x0002,0x0067,0x0024,0x0803,0x0803,0x0802,0x0803,0x1004,0x2006,0x2006,0x3007,
  0x0000,0x0001,0x0000,0x0000,0x0000,0x0000,0x0000,0x0000,0x0000,0x0000,0x0000,0x0000,
  0x0000,0x0000,0x0000,0x0000,0x0000,0x0000,0x0000,0x0000,0x0000,0x0000,0x0000,0x0000,
  0x0000,0x0000,0x0000,0x0000,0x0000,0x0000,0x0000,0x0000,0x0000,0x0000,0x0000,0x0000,
  0x0000,0x0000,0x0000,0x0000,0x0000,0x0000,0x0000,0x0000,0x0000,0x0000,0x0000,0x0000,
  0x0000,0x0000,0x0000,0x0000,0x0000,0x0000,0x0000,0x0000,0x0000,0x0000,0x0000,0x0000,
  0x0000,0x0000,0x0000,0x0000,0x0000,0x0000,0x0000,0x0000,0x0000,0x0000,0x0000,0x0000,
  0x0000,0x0000,0x0000,0x0000,0x0000,0x0000,0x0000,0x0000,0x0000,0x0000,0x0000,0x0000,
  0x0000,0x0000,0x0000,0x0000,0x0000,0x0000,0x0000,0x0000,0x0000,0x0000,0x0000,0x0000,
  0x0000,0x0000,0x0000,0x0000,0x0000,0x0000,0x0000,0x0000,0x0000,0x0000,0x0000,0x0000,
  0x0000,0x0000,0x0000,0x0000,0x0000,0x0000,0x0000,0x0000,0x0000,0x0000,0x0000,0x0000,
  0x0000,0x0000,0x0000,0x0000,0x0000,0x0000,0x0000,0x0000,0x0000,0x0000,0x0000,0x0000,
  0x0000,0x0000,0x0000,0x0000,0x0000,0x0000,0x0000,0x0000,0x0000,0x0000,0x0000,0x0000,
  0x0000,0x0000,0x0000,0x0000,0x0000,0x0000,0x0000,0x0000,0x0000,0x0000,0x0000,0x1802,
  0x2004,0x2804,0x1002,0x4006,0x3005,0x2004,0x0802,0x0001,0x1803,0x0802,0x0802,0x0802,
  0x0001,0x0001,0x0001,0x0001,0x2845,0x1825,0x0001,0x0001,0x0001,0x0001,0x0001,0x0001,
  0x0001,0x0000,0x0001,0x0001,0x0001,0x0001,0x0022,0x0002,0x0001,0x0001,0x0802,0x2067,
  0x0065,0x0002,0x0002,0x0001,0x0001,0x0001,0x1024,0x0823,0x0001,0x0001,0x0001,0x0001,
  0x2825,0x1003,0x0001,0x0001,0x0001,0x0001,0x0001,0x0001,0x0001,0x0001,0x0001,0x0001,
  0x0001,0x0001,0x0001,0x0001,0x0001,0x0001,0x0003,0x0002,0x0001,0x0002,0x0001,0x0001,
  0x0001,0x0001,0x0846,0x2045,0x0803,0x0002,0x0803,0x0803,0x0803,0x2005,0x2807,0x2005,
  0x0000,0x0001,0x0000,0x0000,0x0000,0x0000,0x0000,0x0000,0x0000,0x0000,0x0000,0x0000,
  0x0000,0x0000,0x0000,0x0000,0x0000,0x0000,0x0000,0x0000,0x0000,0x0000,0x0000,0x0000,
  0x0000,0x0000,0x0000,0x0000,0x0000,0x0000,0x0000,0x0000,0x0000,0x0000,0x0000,0x0000,
  0x0000,0x0000,0x0000,0x0000,0x0000,0x0000,0x0000,0x0000,0x0000,0x0000,0x0000,0x0000,
  0x0000,0x0000,0x0000,0x0000,0x0000,0x0000,0x0000,0x0000,0x0000,0x0000,0x0000,0x0000,
  0x0000,0x0000,0x0000,0x0000,0x0000,0x0000,0x0000,0x0000,0x0000,0x0000,0x0000,0x0000,
  0x0000,0x0000,0x0000,0x0000,0x0000,0x0000,0x0000,0x0000,0x0000,0x0000,0x0000,0x0000,
  0x0000,0x0000,0x0000,0x0000,0x0000,0x0000,0x0000,0x0000,0x0000,0x0000,0x0000,0x0000,
  0x0000,0x0000,0x0000,0x0000,0x0000,0x0000,0x0000,0x0000,0x0000,0x0000,0x0000,0x0000,
  0x0000,0x0000,0x0000,0x0000,0x0000,0x0000,0x0000,0x0000,0x0000,0x0000,0x0000,0x0000,
  0x0000,0x0000,0x0000,0x0000,0x0000,0x0000,0x0000,0x0000,0x0000,0x0000,0x0000,0x0000,
  0x0000,0x0000,0x0000,0x0000,0x0000,0x0000,0x0000,0x0000,0x0000,0x0000,0x0000,0x0000,
  0x0000,0x0000,0x0000,0x0000,0x0000,0x0000,0x0000,0x0000,0x0000,0x0000,0x0000,0x1002,
  0x2004,0x3826,0x1803,0x4806,0x3005,0x1003,0x0802,0x0802,0x1003,0x0802,0x1003,0x1003,
  0x0001,0x0001,0x0001,0x0001,0x1023,0x40A8,0x1023,0x0001,0x0001,0x0001,0x0001,0x0001,
  0x0001,0x0001,0x0000,0x0001,0x0001,0x0001,0x0002,0x0023,0x0001,0x0001,0x0001,0x1025,
  0x0024,0x0023,0x0002,0x0001,0x0001,0x0001,0x2005,0x0802,0x0001,0x0001,0x0001,0x0802,
  0x3846,0x0802,0x0001,0x0001,0x0001,0x0001,0x0001,0x0001,0x0001,0x0001,0x0001,0x0001,
  0x0001,0x0001,0x0001,0x0001,0x0001,0x0002,0x0066,0x0001,0x0001,0x0001,0x0002,0x0001,
  0x0001,0x0002,0x0824,0x0802,0x0002,0x0803,0x0803,0x0803,0x1805,0x2006,0x3007,0x1803,
  0x0000,0x0001,0x0000,0x0000,0x0000,0x0000,0x0000,0x0000,0x0000,0x0000,0x0000,0x0000,
  0x0000,0x0000,0x0000,0x0000,0x0000,0x0000,0x0000,0x0000,0x0000,0x0000,0x0000,0x0000,
  0x0000,0x0000,0x0000,0x0000,0x0000,0x0000,0x0000,0x0000,0x0000,0x0000,0x0000,0x0000,
  0x0000,0x0000,0x0000,0x0000,0x0000,0x0000,0x0000,0x0000,0x0000,0x0000,0x0000,0x0000,
  0x0000,0x0000,0x0000,0x0000,0x0000,0x0000,0x0000,0x0000,0x0000,0x0000,0x0000,0x0000,
  0x0000,0x0000,0x0000,0x0000,0x0000,0x0000,0x0000,0x0000,0x0000,0x0000,0x0000,0x0000,
  0x0000,0x0000,0x0000,0x0000,0x0000,0x0000,0x0000,0x0000,0x0000,0x0000,0x0000,0x0000,
  0x0000,0x0000,0x0000,0x0000,0x0000,0x0000,0x0000,0x0000,0x0000,0x0000,0x0000,0x0000,
  0x0000,0x0000,0x0000,0x0000,0x0000,0x0000,0x0000,0x0000,0x0000,0x0000,0x0000,0x0000,
  0x0000,0x0000,0x0000,0x0000,0x0000,0x0000,0x0000,0x0000,0x0000,0x0000,0x0000,0x0000,
  0x0000,0x0000,0x0000,0x0000,0x0000,0x0000,0x0000,0x0000,0x0000,0x0000,0x0000,0x0000,
  0x0000,0x0000,0x0000,0x0000,0x0000,0x0000,0x0000,0x0000,0x0000,0x0000,0x0000,0x0000,
  0x0000,0x0000,0x0000,0x0000,0x0000,0x0000,0x0000,0x0000,0x0000,0x0000,0x0000,0x0801,
  0x2004,0x3025,0x3825,0x6028,0x3005,0x1003,0x0802,0x0802,0x1002,0x0802,0x0802,0x0002,
  0x0802,0x0002,0x0001,0x0001,0x0001,0x2024,0x2025,0x0001,0x0001,0x0001,0x0001,0x0001,
  0x0001,0x0001,0x0001,0x0001,0x0001,0x0001,0x0023,0x0023,0x0001,0x0001,0x0001,0x0023,
  0x0024,0x0002,0x0002,0x0001,0x0001,0x0002,0x1847,0x0002,0x0001,0x0001,0x0001,0x0002,
  0x3868,0x0802,0x0001,0x0001,0x0001,0x0001,0x0001,0x0001,0x0001,0x0001,0x0001,0x0001,
  0x0001,0x0001,0x0001,0x0001,0x0001,0x0044,0x0065,0x0001,0x0002,0x0001,0x0001,0x0002,
  0x0003,0x0002,0x0002,0x0002,0x0002,0x0803,0x0803,0x1004,0x3027,0x1805,0x3007,0x0802,
  0x0000,0x0001,0x0000,0x0000,0x0000,0x0000,0x0000,0x0000,0x0000,0x0000,0x0000,0x0000,
  0x0000,0x0000,0x0000,0x0000,0x0000,0x0000,0x0000,0x0000,0x0000,0x0000,0x0000,0x0000,
  0x0000,0x0000,0x0000,0x0000,0x0000,0x0000,0x0000,0x0000,0x0000,0x0000,0x0000,0x0000,
  0x0000,0x0000,0x0000,0x0000,0x0000,0x0000,0x0000,0x0000,0x0000,0x0000,0x0000,0x0000,
  0x0000,0x0000,0x0000,0x0000,0x0000,0x0000,0x0000,0x0000,0x0000,0x0000,0x0000,0x0000,
  0x0000,0x0000,0x0000,0x0000,0x0000,0x0000,0x0000,0x0000,0x0000,0x0000,0x0000,0x0000,
  0x0000,0x0000,0x0000,0x0000,0x0000,0x0000,0x0000,0x0000,0x0000,0x0000,0x0000,0x0000,
  0x0000,0x0000,0x0000,0x0000,0x0000,0x0000,0x0000,0x0000,0x0000,0x0000,0x0000,0x0000,
  0x0000,0x0000,0x0000,0x0000,0x0000,0x0000,0x0000,0x0000,0x0000,0x0000,0x0000,0x0000,
  0x0000,0x0000,0x0000,0x0000,0x0000,0x0000,0x0000,0x0000,0x0000,0x0000,0x0000,0x0000,
  0x0000,0x0000,0x0000,0x0000,0x0000,0x0000,0x0000,0x0000,0x0000,0x0000,0x0000,0x0000,
  0x0000,0x0000,0x0000,0x0000,0x0000,0x0000,0x0000,0x0000,0x0000,0x0000,0x0000,0x0000,
  0x0000,0x0000,0x0000,0x0000,0x0000,0x0000,0x0000,0x0000,0x0000,0x0000,0x0000,0x0801,
  0x2804,0x1803,0x2004,0x6008,0x2805,0x1803,0x0802,0x0802,0x0802,0x0802,0x0001,0x0001,
  0x1023,0x0001,0x0001,0x0001,0x0001,0x0802,0x2046,0x0803,0x0001,0x0001,0x0001,0x0001,
  0x0001,0x0001,0x0001,0x0001,0x0001,0x0001,0x0023,0x0001,0x0001,0x0001,0x0001,0x1065,
  0x0845,0x0002,0x0002,0x0001,0x0002,0x0002,0x0045,0x0003,0x0001,0x0001,0x0001,0x0002,
  0x1047,0x0002,0x0001,0x0001,0x0001,0x0001,0x0001,0x0001,0x0001,0x0001,0x0001,0x0001,
  0x0001,0x0001,0x0001,0x0001,0x0002,0x0024,0x0804,0x0002,0x0001,0x0001,0x0001,0x0002,
  0x0003,0x0002,0x0001,0x0002,0x0002,0x0803,0x0803,0x2806,0x3007,0x2006,0x2806,0x0001,
  0x0000,0x0000,0x0000,0x0000,0x0000,0x0000,0x0000,0x0000,0x0000,0x0000,0x0000,0x0000,
  0x0000,0x0000,0x0000,0x0000,0x0000,0x0000,0x0000,0x0000,0x0000,0x0000,0x0000,0x0000,
  0x0000,0x0000,0x0000,0x0000,0x0000,0x0000,0x0000,0x0000,0x0000,0x0000,0x0000,0x0000,
  0x0000,0x0000,0x0000,0x0000,0x0000,0x0000,0x0000,0x0000,0x0000,0x0000,0x0000,0x0000,
  0x0000,0x0000,0x0000,0x0000,0x0000,0x0000,0x0000,0x0000,0x0000,0x0000,0x0000,0x0000,
  0x0000,0x0000,0x0000,0x0000,0x0000,0x0000,0x0000,0x0000,0x0000,0x0000,0x0000,0x0000,
  0x0000,0x0000,0x0000,0x0000,0x0000,0x0000,0x0000,0x0000,0x0000,0x0000,0x0000,0x0000,
  0x0000,0x0000,0x0000,0x0000,0x0000,0x0000,0x0000,0x0000,0x0000,0x0000,0x0000,0x0000,
  0x0000,0x0000,0x0000,0x0000,0x0000,0x0000,0x0000,0x0000,0x0000,0x0000,0x0000,0x0000,
  0x0000,0x0000,0x0000,0x0000,0x0000,0x0000,0x0000,0x0000,0x0000,0x0000,0x0000,0x0000,
  0x0000,0x0000,0x0000,0x0000,0x0000,0x0000,0x0000,0x0000,0x0000,0x0000,0x0000,0x0000,
  0x0000,0x0000,0x0000,0x0000,0x0000,0x0000,0x0000,0x0000,0x0000,0x0000,0x0000,0x0000,
  0x0000,0x0000,0x0000,0x0000,0x0000,0x0000,0x0000,0x0000,0x0000,0x0000,0x0000,0x0801,
  0x2804,0x1803,0x1803,0x3005,0x2004,0x1003,0x0802,0x1002,0x0802,0x0001,0x0001,0x0001,
  0x0802,0x0001,0x0001,0x0001,0x0001,0x0001,0x1004,0x0823,0x0001,0x0001,0x0001,0x0001,
  0x0001,0x0001,0x0001,0x0001,0x0001,0x0001,0x0002,0x0001,0x0001,0x0001,0x0001,0x1886,
  0x0023,0x0002,0x0001,0x0001,0x0002,0x0002,0x0003,0x0002,0x0001,0x0001,0x0001,0x0001,
  0x1067,0x0022,0x0001,0x0001,0x0001,0x0001,0x0001,0x0001,0x0001,0x0001,0x0001,0x0001,
  0x0001,0x0001,0x0001,0x0802,0x1805,0x0001,0x1023,0x0803,0x0001,0x0001,0x0001,0x0003,
  0x0002,0x0001,0x0001,0x0001,0x0002,0x0002,0x0803,0x3007,0x2807,0x2005,0x2005,0x0001,
  0x0000,0x0000,0x0000,0x0000,0x0000,0x0000,0x0000,0x0000,0x0000,0x0000,0x0000,0x0000,
  0x0000,0x0000,0x0000,0x0000,0x0000,0x0000,0x0000,0x0000,0x0000,0x0000,0x0000,0x0000,
  0x0000,0x0000,0x0000,0x0000,0x0000,0x0000,0x0000,0x0000,0x0000,0x0000,0x0000,0x0000,
  0x0000,0x0000,0x0000,0x0000,0x0000,0x0000,0x0000,0x0000,0x0000,0x0000,0x0000,0x0000,
  0x0000,0x0000,0x0000,0x0000,0x0000,0x0000,0x0000,0x0000,0x0000,0x0000,0x0000,0x0000,
  0x0000,0x0000,0x0000,0x0000,0x0000,0x0000,0x0000,0x0000,0x0000,0x0000,0x0000,0x0000,
  0x0000,0x0000,0x0000,0x0000,0x0000,0x0000,0x0000,0x0000,0x0000,0x0000,0x0000,0x0000,
  0x0000,0x0000,0x0000,0x0000,0x0000,0x0000,0x0000,0x0000,0x0000,0x0000,0x0000,0x0000,
  0x0000,0x0000,0x0000,0x0000,0x0000,0x0000,0x0000,0x0000,0x0000,0x0000,0x0000,0x0000,
  0x0000,0x0000,0x0000,0x0000,0x0000,0x0000,0x0000,0x0000,0x0000,0x0000,0x0000,0x0000,
  0x0000,0x0000,0x0000,0x0000,0x0000,0x0000,0x0000,0x0000,0x0000,0x0000,0x0000,0x0000,
  0x0000,0x0000,0x0000,0x0000,0x0000,0x0000,0x0000,0x0000,0x0000,0x0000,0x0000,0x0000,
  0x0000,0x0000,0x0000,0x0000,0x0000,0x0000,0x0000,0x0000,0x0000,0x0000,0x0000,0x0000,
  0x1803,0x1803,0x1003,0x2804,0x2004,0x1002,0x1002,0x1804,0x0001,0x0001,0x0001,0x0001,
  0x0001,0x0802,0x0001,0x0001,0x0001,0x0001,0x1004,0x0824,0x0001,0x0001,0x0001,0x0001,
  0x0001,0x0001,0x0001,0x0001,0x0000,0x0001,0x0002,0x0001,0x0001,0x0001,0x0001,0x1065,
  0x0002,0x0002,0x0001,0x0001,0x0003,0x0002,0x0002,0x0002,0x0001,0x0001,0x0001,0x0002,
  0x1067,0x0002,0x0001,0x0001,0x0001,0x0001,0x0001,0x0001,0x0001,0x0001,0x0001,0x0001,
  0x0001,0x0001,0x0001,0x1004,0x1003,0x0001,0x0001,0x1004,0x0001,0x0001,0x0003,0x0003,
  0x0001,0x0001,0x0001,0x0001,0x0802,0x0002,0x0803,0x3007,0x3007,0x2806,0x2005,0x0000,
  0x0000,0x0000,0x0000,0x0000,0x0000,0x0000,0x0000,0x0000,0x0000,0x0000,0x0000,0x0000,
  0x0000,0x0000,0x0000,0x0000,0x0000,0x0000,0x0000,0x0000,0x0000,0x0000,0x0000,0x0000,
  0x0000,0x0000,0x0000,0x0000,0x0000,0x0000,0x0000,0x0000,0x0000,0x0000,0x0000,0x0000,
  0x0000,0x0000,0x0000,0x0000,0x0000,0x0000,0x0000,0x0000,0x0000,0x0000,0x0000,0x0000,
  0x0000,0x0000,0x0000,0x0000,0x0000,0x0000,0x0000,0x0000,0x0000,0x0000,0x0000,0x0000,
  0x0000,0x0000,0x0000,0x0000,0x0000,0x0000,0x0000,0x0000,0x0000,0x0000,0x0000,0x0000,
  0x0000,0x0000,0x0000,0x0000,0x0000,0x0000,0x0000,0x0000,0x0000,0x0000,0x0000,0x0000,
  0x0000,0x0000,0x0000,0x0000,0x0000,0x0000,0x0000,0x0000,0x0000,0x0000,0x0000,0x0000,
  0x0000,0x0000,0x0000,0x0000,0x0000,0x0000,0x0000,0x0000,0x0000,0x0000,0x0000,0x0000,
  0x0000,0x0000,0x0000,0x0000,0x0000,0x0000,0x0000,0x0000,0x0000,0x0000,0x0000,0x0000,
  0x0000,0x0000,0x0000,0x0000,0x0000,0x0000,0x0000,0x0000,0x0000,0x0000,0x0000,0x0000,
  0x0000,0x0000,0x0000,0x0000,0x0000,0x0000,0x0000,0x0000,0x0000,0x0000,0x0000,0x0000,
  0x0000,0x0000,0x0000,0x0000,0x0000,0x0000,0x0000,0x0000,0x0000,0x0000,0x0000,0x0000,
  0x1803,0x1804,0x1003,0x2804,0x2804,0x1803,0x1803,0x2004,0x0002,0x0802,0x0001,0x0001,
  0x0001,0x0001,0x0001,0x0001,0x0001,0x0001,0x1004,0x1025,0x0001,0x0001,0x0001,0x0001,
  0x0001,0x0001,0x0001,0x0001,0x0001,0x0002,0x0001,0x0001,0x0001,0x0001,0x0002,0x1024,
  0x0002,0x0002,0x0002,0x0001,0x0803,0x0003,0x0002,0x0002,0x0001,0x0001,0x0001,0x0002,
  0x1067,0x0001,0x0001,0x0001,0x0001,0x0001,0x0001,0x0001,0x0001,0x0001,0x0001,0x0001,
  0x0001,0x0001,0x0001,0x0802,0x0001,0x0001,0x0001,0x1003,0x0002,0x0001,0x0024,0x0001,
  0x0001,0x0001,0x0001,0x0001,0x0802,0x0803,0x1004,0x3007,0x3006,0x3007,0x1804,0x0000,
  0x0000,0x0000,0x0000,0x0000,0x0000,0x0000,0x0000,0x0000,0x0000,0x0000,0x0000,0x0000,
  0x0000,0x0000,0x0000,0x0000,0x0000,0x0000,0x0000,0x0000,0x0000,0x0000,0x0000,0x0000,
  0x0000,0x0000,0x0000,0x0000,0x0000,0x0000,0x0000,0x0000,0x0000,0x0000,0x0000,0x0000,
  0x0000,0x0000,0x0000,0x0000,0x0000,0x0000,0x0000,0x0000,0x0000,0x0000,0x0000,0x0000,
  0x0000,0x0000,0x0000,0x0000,0x0000,0x0000,0x0000,0x0000,0x0000,0x0000,0x0000,0x0000,
  0x0000,0x0000,0x0000,0x0000,0x0000,0x0000,0x0000,0x0000,0x0000,0x0000,0x0000,0x0000,
  0x0000,0x0000,0x0000,0x0000,0x0000,0x0000,0x0000,0x0000,0x0000,0x0000,0x0000,0x0000,
  0x0000,0x0000,0x0000,0x0000,0x0000,0x0000,0x0000,0x0000,0x0000,0x0000,0x0000,0x0000,
  0x0000,0x0000,0x0000,0x0000,0x0000,0x0000,0x0000,0x0000,0x0000,0x0000,0x0000,0x0000,
  0x0000,0x0000,0x0000,0x0000,0x0000,0x0000,0x0000,0x0000,0x0000,0x0000,0x0000,0x0000,
  0x0000,0x0000,0x0000,0x0000,0x0000,0x0000,0x0000,0x0000,0x0000,0x0000,0x0000,0x0000,
  0x0000,0x0000,0x0000,0x0000,0x0000,0x0000,0x0000,0x0000,0x0000,0x0000,0x0000,0x0000,
  0x0000,0x0000,0x0000,0x0000,0x0000,0x0000,0x0000,0x0000,0x0000,0x0000,0x0000,0x0000,
  0x1002,0x1804,0x2004,0x2004,0x2004,0x1803,0x1803,0x1003,0x0802,0x0802,0x0002,0x0802,
  0x0001,0x0802,0x0801,0x0001,0x0001,0x0001,0x1003,0x1825,0x0002,0x0001,0x0001,0x0001,
  0x0001,0x0001,0x0001,0x0001,0x0001,0x0002,0x0001,0x0001,0x0001,0x0001,0x1003,0x1804,
  0x0002,0x0002,0x0002,0x0002,0x0002,0x0002,0x0002,0x0002,0x0001,0x0001,0x0001,0x0002,
  0x1046,0x0001,0x0001,0x0001,0x0001,0x0001,0x0001,0x0001,0x0001,0x0001,0x0001,0x0001,
  0x0001,0x0001,0x1003,0x0001,0x0001,0x0001,0x0001,0x0002,0x1003,0x0024,0x0002,0x0001,
  0x0001,0x0002,0x0001,0x0002,0x1003,0x0803,0x1004,0x2805,0x2005,0x2806,0x1002,0x0000,
  0x0000,0x0000,0x0000,0x0000,0x0000,0x0000,0x0000,0x0000,0x0000,0x0000,0x0000,0x0000,
  0x0000,0x0000,0x0000,0x0000,0x0000,0x0000,0x0000,0x0000,0x0000,0x0000,0x0000,0x0000,
  0x0000,0x0000,0x0000,0x0000,0x0000,0x0000,0x0000,0x0000,0x0000,0x0000,0x0000,0x0000,
  0x0000,0x0000,0x0000,0x0000,0x0000,0x0000,0x0000,0x0000,0x0000,0x0000,0x0000,0x0000,
  0x0000,0x0000,0x0000,0x0000,0x0000,0x0000,0x0000,0x0000,0x0000,0x0000,0x0000,0x0000,
  0x0000,0x0000,0x0000,0x0000,0x0000,0x0000,0x0000,0x0000,0x0000,0x0000,0x0000,0x0000,
  0x0000,0x0000,0x0000,0x0000,0x0000,0x0000,0x0000,0x0000,0x0000,0x0000,0x0000,0x0000,
  0x0000,0x0000,0x0000,0x0000,0x0000,0x0000,0x0000,0x0000,0x0000,0x0000,0x0000,0x0000,
  0x0000,0x0000,0x0000,0x0000,0x0000,0x0000,0x0000,0x0000,0x0000,0x0000,0x0000,0x0000,
  0x0000,0x0000,0x0000,0x0000,0x0000,0x0000,0x0000,0x0000,0x0000,0x0000,0x0000,0x0000,
  0x0000,0x0000,0x0000,0x0000,0x0000,0x0000,0x0000,0x0000,0x0000,0x0000,0x0000,0x0000,
  0x0000,0x0000,0x0000,0x0000,0x0000,0x0000,0x0000,0x0000,0x0000,0x0000,0x0000,0x0000,
  0x0000,0x0000,0x0000,0x0000,0x0000,0x0000,0x0000,0x0000,0x0000,0x0000,0x0000,0x0000,
  0x0801,0x2004,0x1803,0x1002,0x2004,0x3005,0x2004,0x0802,0x0802,0x0802,0x0802,0x0802,
  0x0002,0x0802,0x0802,0x0802,0x0802,0x0001,0x0001,0x1004,0x0002,0x0001,0x0002,0x0001,
  0x0001,0x0001,0x0001,0x0001,0x0001,0x0001,0x0001,0x0001,0x0001,0x0001,0x3005,0x1004,
  0x0002,0x0002,0x0002,0x0002,0x0824,0x0002,0x0002,0x0003,0x0002,0x0002,0x0002,0x0803,
  0x1025,0x0001,0x0001,0x0001,0x0001,0x0001,0x0001,0x0001,0x0001,0x0001,0x0001,0x0001,
  0x0001,0x0803,0x1804,0x0001,0x0001,0x0001,0x0001,0x0001,0x0803,0x0002,0x0001,0x0001,
  0x0001,0x0001,0x0001,0x0002,0x1004,0x0803,0x1003,0x2806,0x2005,0x2005,0x0001,0x0000,
  0x0000,0x0000,0x0000,0x0000,0x0000,0x0000,0x0000,0x0000,0x0000,0x0000,0x0000,0x0000,
  0x0000,0x0000,0x0000,0x0000,0x0000,0x0000,0x0000,0x0000,0x0000,0x0000,0x0000,0x0000,
  0x0000,0x0000,0x0000,0x0000,0x0000,0x0000,0x0000,0x0000,0x0000,0x0000,0x0000,0x0000,
  0x0000,0x0000,0x0000,0x0000,0x0000,0x0000,0x0000,0x0000,0x0000,0x0000,0x0000,0x0000,
  0x0000,0x0000,0x0000,0x0000,0x0000,0x0000,0x0000,0x0000,0x0000,0x0000,0x0000,0x0000,
  0x0000,0x0000,0x0000,0x0000,0x0000,0x0000,0x0000,0x0000,0x0000,0x0000,0x0000,0x0000,
  0x0000,0x0000,0x0000,0x0000,0x0000,0x0000,0x0000,0x0000,0x0000,0x0000,0x0000,0x0000,
  0x0000,0x0000,0x0000,0x0000,0x0000,0x0000,0x0000,0x0000,0x0000,0x0000,0x0000,0x0000,
  0x0000,0x0000,0x0000,0x0000,0x0000,0x0000,0x0000,0x0000,0x0000,0x0000,0x0000,0x0000,
  0x0000,0x0000,0x0000,0x0000,0x0000,0x0000,0x0000,0x0000,0x0000,0x0000,0x0000,0x0000,
  0x0000,0x0000,0x0000,0x0000,0x0000,0x0000,0x0000,0x0000,0x0000,0x0000,0x0000,0x0000,
  0x0000,0x0000,0x0000,0x0000,0x0000,0x0000,0x0000,0x0000,0x0000,0x0000,0x0000,0x0000,
  0x0000,0x0000,0x0000,0x0000,0x0000,0x0000,0x0000,0x0000,0x0000,0x0000,0x0000,0x0000,
  0x0000,0x2004,0x2805,0x0802,0x3005,0x5008,0x2004,0x1002,0x0802,0x0802,0x1003,0x1803,
  0x0802,0x0802,0x0802,0x0802,0x0803,0x0002,0x0001,0x1846,0x0023,0x0001,0x0002,0x0001,
  0x0001,0x0001,0x0001,0x0001,0x0001,0x0001,0x0001,0x0001,0x0001,0x0802,0x3046,0x0024,
  0x0002,0x0002,0x0002,0x0002,0x0804,0x0003,0x0003,0x0003,0x0002,0x0002,0x0002,0x0803,
  0x1046,0x0002,0x0001,0x0001,0x0001,0x0001,0x0001,0x0001,0x0001,0x0001,0x0001,0x0001,
  0x0001,0x1003,0x0802,0x0001,0x0001,0x0001,0x0001,0x0002,0x0002,0x0802,0x0001,0x0001,
  0x0001,0x0001,0x0001,0x0802,0x1804,0x0803,0x1004,0x1804,0x2805,0x2004,0x0000,0x0000,
  0x0000,0x0000,0x0000,0x0000,0x0000,0x0000,0x0000,0x0000,0x0000,0x0000,0x0000,0x0000,
  0x0000,0x0000,0x0000,0x0000,0x0000,0x0000,0x0000,0x0000,0x0000,0x0000,0x0000,0x0000,
  0x0000,0x0000,0x0000,0x0000,0x0000,0x0000,0x0000,0x0000,0x0000,0x0000,0x0000,0x0000,
  0x0000,0x0000,0x0000,0x0000,0x0000,0x0000,0x0000,0x0000,0x0000,0x0000,0x0000,0x0000,
  0x0000,0x0000,0x0000,0x0000,0x0000,0x0000,0x0000,0x0000,0x0000,0x0000,0x0000,0x0000,
  0x0000,0x0000,0x0000,0x0000,0x0000,0x0000,0x0000,0x0000,0x0000,0x0000,0x0000,0x0000,
  0x0000,0x0000,0x0000,0x0000,0x0000,0x0000,0x0000,0x0000,0x0000,0x0000,0x0000,0x0000,
  0x0000,0x0000,0x0000,0x0000,0x0000,0x0000,0x0000,0x0000,0x0000,0x0000,0x0000,0x0000,
  0x0000,0x0000,0x0000,0x0000,0x0000,0x0000,0x0000,0x0000,0x0000,0x0000,0x0000,0x0000,
  0x0000,0x0000,0x0000,0x0000,0x0000,0x0000,0x0000,0x0000,0x0000,0x0000,0x0000,0x0000,
  0x0000,0x0000,0x0000,0x0000,0x0000,0x0000,0x0000,0x0000,0x0000,0x0000,0x0000,0x0000,
  0x0000,0x0000,0x0000,0x0000,0x0000,0x0000,0x0000,0x0000,0x0000,0x0000,0x0000,0x0000,
  0x0000,0x0000,0x0000,0x0000,0x0000,0x0000,0x0000,0x0000,0x0000,0x0000,0x0000,0x0000,
  0x0000,0x1002,0x2805,0x1803,0x1803,0x4007,0x3806,0x1003,0x0802,0x1804,0x1003,0x0802,
  0x1824,0x1003,0x1003,0x1003,0x1003,0x2026,0x0803,0x1805,0x1867,0x0064,0x0002,0x0001,
  0x0001,0x0001,0x0001,0x0001,0x0023,0x0001,0x0001,0x0001,0x0001,0x1002,0x2887,0x0066,
  0x0023,0x0044,0x0002,0x0002,0x0002,0x0003,0x1046,0x0003,0x0002,0x0002,0x0002,0x1044,
  0x0887,0x0002,0x0002,0x0002,0x0001,0x0001,0x0001,0x0001,0x0001,0x0001,0x0001,0x0802,
  0x1003,0x1024,0x0001,0x0001,0x0001,0x0002,0x0002,0x0003,0x0001,0x1003,0x0002,0x0001,
  0x0001,0x0001,0x0001,0x1003,0x2805,0x1804,0x1004,0x1804,0x2806,0x0802,0x0000,0x0000,
  0x0000,0x0000,0x0000,0x0000,0x0000,0x0000,0x0000,0x0000,0x0000,0x0000,0x0000,0x0000,
  0x0000,0x0000,0x0000,0x0000,0x0000,0x0000,0x0000,0x0000,0x0000,0x0000,0x0000,0x0000,
  0x0000,0x0000,0x0000,0x0000,0x0000,0x0000,0x0000,0x0000,0x0000,0x0000,0x0000,0x0000,
  0x0000,0x0000,0x0000,0x0000,0x0000,0x0000,0x0000,0x0000,0x0000,0x0000,0x0000,0x0000,
  0x0000,0x0000,0x0000,0x0000,0x0000,0x0000,0x0000,0x0000,0x0000,0x0000,0x0000,0x0000,
  0x0000,0x0000,0x0000,0x0000,0x0000,0x0000,0x0000,0x0000,0x0000,0x0000,0x0000,0x0000,
  0x0000,0x0000,0x0000,0x0000,0x0000,0x0000,0x0000,0x0000,0x0000,0x0000,0x0000,0x0000,
  0x0000,0x0000,0x0000,0x0000,0x0000,0x0000,0x0000,0x0000,0x0000,0x0000,0x0000,0x0000,
  0x0000,0x0000,0x0000,0x0000,0x0000,0x0000,0x0000,0x0000,0x0000,0x0000,0x0000,0x0000,
  0x0000,0x0000,0x0000,0x0000,0x0000,0x0000,0x0000,0x0000,0x0000,0x0000,0x0000,0x0000,
  0x0000,0x0000,0x0000,0x0000,0x0000,0x0000,0x0000,0x0000,0x0000,0x0000,0x0000,0x0000,
  0x0000,0x0000,0x0000,0x0000,0x0000,0x0000,0x0000,0x0000,0x0000,0x0000,0x0000,0x0000,
  0x0000,0x0000,0x0000,0x0000,0x0000,0x0000,0x0000,0x0000,0x0000,0x0000,0x0000,0x0000,
  0x0000,0x0001,0x2805,0x2004,0x1003,0x2805,0x3006,0x1803,0x1003,0x1804,0x1803,0x0802,
  0x1804,0x2805,0x1004,0x2004,0x1024,0x2026,0x0804,0x1004,0x1847,0x00EB,0x00E9,0x0002,
  0x0002,0x0002,0x0002,0x0023,0x0024,0x0024,0x0023,0x0003,0x0002,0x1804,0x1847,0x0045,
  0x0024,0x0024,0x0003,0x0003,0x0004,0x0805,0x0826,0x0025,0x0003,0x0003,0x0003,0x0845,
  0x0867,0x0003,0x0003,0x0002,0x0002,0x0002,0x0002,0x0002,0x0002,0x0001,0x0002,0x1004,
  0x0803,0x0803,0x0002,0x0045,0x0003,0x0044,0x0024,0x0002,0x0001,0x1003,0x0802,0x0001,
  0x0002,0x0001,0x0802,0x1003,0x2004,0x1804,0x1804,0x2005,0x2005,0x0000,0x0000,0x0000,
  0x0000,0x0000,0x0000,0x0000,0x0000,0x0000,0x0000,0x0000,0x0000,0x0000,0x0000,0x0000,
  0x0000,0x0000,0x0000,0x0000,0x0000,0x0000,0x0000,0x0000,0x0000,0x0000,0x0000,0x0000,
  0x0000,0x0000,0x0000,0x0000,0x0000,0x0000,0x0000,0x0000,0x0000,0x0000,0x0000,0x0000,
  0x0000,0x0000,0x0000,0x0000,0x0000,0x0000,0x0000,0x0000,0x0000,0x0000,0x0000,0x0000,
  0x0000,0x0000,0x0000,0x0000,0x0000,0x0000,0x0000,0x0000,0x0000,0x0000,0x0000,0x0000,
  0x0000,0x0000,0x0000,0x0000,0x0000,0x0000,0x0000,0x0000,0x0000,0x0000,0x0000,0x0000,
  0x0000,0x0000,0x0000,0x0000,0x0000,0x0000,0x0000,0x0000,0x0000,0x0000,0x0000,0x0000,
  0x0000,0x0000,0x0000,0x0000,0x0000,0x0000,0x0000,0x0000,0x0000,0x0000,0x0000,0x0000,
  0x0000,0x0000,0x0000,0x0000,0x0000,0x0000,0x0000,0x0000,0x0000,0x0000,0x0000,0x0000,
  0x0000,0x0000,0x0000,0x0000,0x0000,0x0000,0x0000,0x0000,0x0000,0x0000,0x0000,0x0000,
  0x0000,0x0000,0x0000,0x0000,0x0000,0x0000,0x0000,0x0000,0x0000,0x0000,0x0000,0x0000,
  0x0000,0x0000,0x0000,0x0000,0x0000,0x0000,0x0000,0x0000,0x0000,0x0000,0x0000,0x0000,
  0x0000,0x0000,0x0000,0x0000,0x0000,0x0000,0x0000,0x0000,0x0000,0x0000,0x0000,0x0000,
  0x0000,0x0000,0x1802,0x3806,0x2004,0x1804,0x2004,0x1803,0x2004,0x2005,0x1804,0x2805,
  0x2004,0x2005,0x2806,0x2805,0x1004,0x1005,0x1805,0x0805,0x1026,0x012C,0x00EC,0x0068,
  0x0047,0x0046,0x0088,0x0067,0x0046,0x0046,0x0025,0x0024,0x0003,0x1805,0x0826,0x0024,
  0x0024,0x0024,0x0003,0x0004,0x0003,0x0804,0x0005,0x0025,0x0024,0x0003,0x0003,0x0004,
  0x0867,0x0003,0x0003,0x0003,0x0003,0x0002,0x0002,0x0003,0x0003,0x0804,0x2006,0x1805,
  0x0804,0x0825,0x0086,0x0067,0x0024,0x0804,0x0002,0x0803,0x0803,0x0803,0x1804,0x0002,
  0x0802,0x1003,0x2024,0x0803,0x2004,0x2004,0x2005,0x2806,0x1002,0x0000,0x0000,0x0000,
  0x0000,0x0000,0x0000,0x0000,0x0000,0x0000,0x0000,0x0000,0x0000,0x0000,0x0000,0x0000,
  0x0000,0x0000,0x0000,0x0000,0x0000,0x0000,0x0000,0x0000,0x0000,0x0000,0x0000,0x0000,
  0x0000,0x0000,0x0000,0x0000,0x0000,0x0000,0x0000,0x0000,0x0000,0x0000,0x0000,0x0000,
  0x0000,0x0000,0x0000,0x0000,0x0000,0x0000,0x0000,0x0000,0x0000,0x0000,0x0000,0x0000,
  0x0000,0x0000,0x0000,0x0000,0x0000,0x0000,0x0000,0x0000,0x0000,0x0000,0x0000,0x0000,
  0x0000,0x0000,0x0000,0x0000,0x0000,0x0000,0x0000,0x0000,0x0000,0x0000,0x0000,0x0000,
  0x0000,0x0000,0x0000,0x0000,0x0000,0x0000,0x0000,0x0000,0x0000,0x0000,0x0000,0x0000,
  0x0000,0x0000,0x0000,0x0000,0x0000,0x0000,0x0000,0x0000,0x0000,0x0000,0x0000,0x0000,
  0x0000,0x0000,0x0000,0x0000,0x0000,0x0000,0x0000,0x0000,0x0000,0x0000,0x0000,0x0000,
  0x0000,0x0000,0x0000,0x0000,0x0000,0x0000,0x0000,0x0000,0x0000,0x0000,0x0000,0x0000,
  0x0000,0x0000,0x0000,0x0000,0x0000,0x0000,0x0000,0x0000,0x0000,0x0000,0x0000,0x0000,
  0x0000,0x0000,0x0000,0x0000,0x0000,0x0000,0x0000,0x0000,0x0000,0x0000,0x0000,0x0000,
  0x0000,0x0000,0x0000,0x0000,0x0000,0x0000,0x0000,0x0000,0x0000,0x0000,0x0000,0x0000,
  0x0000,0x0000,0x0000,0x2805,0x4007,0x1804,0x1804,0x1003,0x1803,0x2805,0x1804,0x5029,
  0x784B,0x5028,0x3808,0x606B,0x4889,0x0827,0x1049,0x0848,0x1047,0x0889,0x00AB,0x0089,
  0x0046,0x0046,0x0025,0x0004,0x0003,0x0002,0x0002,0x0003,0x0002,0x1826,0x0825,0x0003,
  0x0023,0x0003,0x0002,0x0002,0x0002,0x0803,0x1025,0x0003,0x0003,0x0003,0x0003,0x0024,
  0x0866,0x0002,0x0003,0x0002,0x0002,0x0002,0x0002,0x0003,0x0804,0x2825,0x1004,0x1004,
  0x2026,0x0826,0x0088,0x0068,0x0825,0x1004,0x0804,0x0804,0x0804,0x0803,0x2826,0x2826,
  0x1804,0x2025,0x0803,0x1003,0x1003,0x2805,0x2805,0x2004,0x0000,0x0001,0x0000,0x0000,
  0x0000,0x0000,0x0000,0x0000,0x0000,0x0000,0x0000,0x0000,0x0000,0x0000,0x0000,0x0000,
  0x0000,0x0000,0x0000,0x0000,0x0000,0x0000,0x0000,0x0000,0x0000,0x0000,0x0000,0x0000,
  0x0000,0x0000,0x0000,0x0000,0x0000,0x0000,0x0000,0x0000,0x0000,0x0000,0x0000,0x0000,
  0x0000,0x0000,0x0000,0x0000,0x0000,0x0000,0x0000,0x0000,0x0000,0x0000,0x0000,0x0000,
  0x0000,0x0000,0x0000,0x0000,0x0000,0x0000,0x0000,0x0000,0x0000,0x0000,0x0000,0x0000,
  0x0000,0x0000,0x0000,0x0000,0x0000,0x0000,0x0000,0x0000,0x0000,0x0000,0x0000,0x0000,
  0x0000,0x0000,0x0000,0x0000,0x0000,0x0000,0x0000,0x0000,0x0000,0x0000,0x0000,0x0000,
  0x0000,0x0000,0x0000,0x0000,0x0000,0x0000,0x0000,0x0000,0x0000,0x0000,0x0000,0x0000,
  0x0000,0x0000,0x0000,0x0000,0x0000,0x0000,0x0000,0x0000,0x0000,0x0000,0x0000,0x0000,
  0x0000,0x0000,0x0000,0x0000,0x0000,0x0000,0x0000,0x0000,0x0000,0x0000,0x0000,0x0000,
  0x0000,0x0000,0x0000,0x0000,0x0000,0x0000,0x0000,0x0000,0x0000,0x0000,0x0000,0x0000,
  0x0000,0x0000,0x0000,0x0000,0x0000,0x0000,0x0000,0x0000,0x0000,0x0000,0x0000,0x0000,
  0x0000,0x0000,0x0000,0x0000,0x0000,0x0000,0x0000,0x0000,0x0000,0x0000,0x0000,0x0000,
  0x0000,0x0000,0x0000,0x0001,0x3806,0x3005,0x2004,0x1803,0x1803,0x704B,0x4808,0x2027,
  0x48AB,0x60EC,0x384A,0x1849,0x188A,0x0868,0x0047,0x0046,0x0025,0x1867,0x0046,0x0003,
  0x0023,0x0024,0x0023,0x0003,0x0003,0x0003,0x0003,0x0003,0x0002,0x1025,0x0825,0x0002,
  0x0023,0x0003,0x0003,0x0002,0x0002,0x0003,0x1004,0x0003,0x0002,0x0003,0x0002,0x0024,
  0x0866,0x0002,0x0002,0x0002,0x0002,0x0002,0x0002,0x0003,0x1003,0x0803,0x0803,0x1004,
  0x2025,0x0025,0x0026,0x0025,0x0824,0x1004,0x1805,0x1004,0x1004,0x1805,0x3006,0x3827,
  0x3005,0x1804,0x1003,0x1003,0x1804,0x3006,0x2005,0x0001,0x0000,0x0001,0x0000,0x0000,
  0x0000,0x0000,0x0000,0x0000,0x0000,0x0000,0x0000,0x0000,0x0000,0x0000,0x0000,0x0000,
  0x0000,0x0000,0x0000,0x0000,0x0000,0x0000,0x0000,0x0000,0x0000,0x0000,0x0000,0x0000,
  0x0000,0x0000,0x0000,0x0000,0x0000,0x0000,0x0000,0x0000,0x0000,0x0000,0x0000,0x0000,
  0x0000,0x0000,0x0000,0x0000,0x0000,0x0000,0x0000,0x0000,0x0000,0x0000,0x0000,0x0000,
  0x0000,0x0000,0x0000,0x0000,0x0000,0x0000,0x0000,0x0000,0x0000,0x0000,0x0000,0x0000,
  0x0000,0x0000,0x0000,0x0000,0x0000,0x0000,0x0000,0x0000,0x0000,0x0000,0x0000,0x0000,
  0x0000,0x0000,0x0000,0x0000,0x0000,0x0000,0x0000,0x0000,0x0000,0x0000,0x0000,0x0000,
  0x0000,0x0000,0x0000,0x0000,0x0000,0x0000,0x0000,0x0000,0x0000,0x0000,0x0000,0x0000,
  0x0000,0x0000,0x0000,0x0000,0x0000,0x0000,0x0000,0x0000,0x0000,0x0000,0x0000,0x0000,
  0x0000,0x0000,0x0000,0x0000,0x0000,0x0000,0x0000,0x0000,0x0000,0x0000,0x0000,0x0000,
  0x0000,0x0000,0x0000,0x0000,0x0000,0x0000,0x0000,0x0000,0x0000,0x0000,0x0000,0x0000,
  0x0000,0x0000,0x0000,0x0000,0x0000,0x0000,0x0000,0x0000,0x0000,0x0000,0x0000,0x0000,
  0x0000,0x0000,0x0000,0x0000,0x0000,0x0000,0x0000,0x0000,0x0000,0x0000,0x0000,0x0000,
  0x0000,0x0000,0x0000,0x0000,0x1002,0x4006,0x3806,0x3005,0x2804,0x782B,0x702B,0x1827,
  0x0088,0x292A,0x188A,0x0868,0x0026,0x0846,0x0004,0x0024,0x0024,0x1046,0x0825,0x0023,
  0x0024,0x0003,0x0003,0x0003,0x0002,0x0002,0x0002,0x0002,0x0002,0x1025,0x0804,0x0003,
  0x0004,0x0003,0x0003,0x0003,0x0003,0x0003,0x0804,0x0003,0x0002,0x0002,0x0002,0x0024,
  0x1067,0x0002,0x0002,0x0002,0x0003,0x0002,0x0002,0x0802,0x0803,0x1004,0x1004,0x1805,
  0x1004,0x0003,0x0003,0x0003,0x0003,0x0004,0x0824,0x0825,0x0804,0x1004,0x1804,0x2005,
  0x5029,0x3827,0x1003,0x1804,0x3806,0x2805,0x0801,0x0000,0x0000,0x0000,0x0000,0x0000,
  0x0000,0x0000,0x0000,0x0000,0x0000,0x0000,0x0000,0x0000,0x0000,0x0000,0x0000,0x0000,
  0x0000,0x0000,0x0000,0x0000,0x0000,0x0000,0x0000,0x0000,0x0000,0x0000,0x0000,0x0000,
  0x0000,0x0000,0x0000,0x0000,0x0000,0x0000,0x0000,0x0000,0x0000,0x0000,0x0000,0x0000,
  0x0000,0x0000,0x0000,0x0000,0x0000,0x0000,0x0000,0x0000,0x0000,0x0000,0x0000,0x0000,
  0x0000,0x0000,0x0000,0x0000,0x0000,0x0000,0x0000,0x0000,0x0000,0x0000,0x0000,0x0000,
  0x0000,0x0000,0x0000,0x0000,0x0000,0x0000,0x0000,0x0000,0x0000,0x0000,0x0000,0x0000,
  0x0000,0x0000,0x0000,0x0000,0x0000,0x0000,0x0000,0x0000,0x0000,0x0000,0x0000,0x0000,
  0x0000,0x0000,0x0000,0x0000,0x0000,0x0000,0x0000,0x0000,0x0000,0x0000,0x0000,0x0000,
  0x0000,0x0000,0x0000,0x0000,0x0000,0x0000,0x0000,0x0000,0x0000,0x0000,0x0000,0x0000,
  0x0000,0x0000,0x0000,0x0000,0x0000,0x0000,0x0000,0x0000,0x0000,0x0000,0x0000,0x0000,
  0x0000,0x0000,0x0000,0x0000,0x0000,0x0000,0x0000,0x0000,0x0000,0x0000,0x0000,0x0000,
  0x0000,0x0000,0x0000,0x0000,0x0000,0x0000,0x0000,0x0000,0x0000,0x0000,0x0000,0x0000,
  0x0000,0x0000,0x0000,0x0000,0x0000,0x0000,0x0000,0x0000,0x0000,0x0000,0x0000,0x0000,
  0x0000,0x0000,0x0000,0x0000,0x0000,0x1002,0x3805,0x5828,0x3005,0x3806,0x5008,0x2028,
  0x0067,0x00A9,0x00EA,0x00A9,0x0087,0x00A7,0x0086,0x0045,0x0045,0x1046,0x1046,0x0025,
  0x0846,0x0846,0x0005,0x2047,0x4069,0x4068,0x4048,0x3026,0x2025,0x1826,0x0805,0x1004,
  0x1825,0x2025,0x2806,0x1804,0x0804,0x1005,0x0804,0x1805,0x3847,0x3006,0x1805,0x0825,
  0x1088,0x0024,0x0089,0x08EA,0x08E9,0x0004,0x0803,0x0803,0x1003,0x2005,0x1804,0x2005,
  0x2006,0x1004,0x0003,0x0003,0x0003,0x0003,0x0004,0x0867,0x0845,0x0803,0x0803,0x2806,
  0x4048,0x2825,0x2825,0x4007,0x4808,0x0802,0x0000,0x0000,0x0000,0x0000,0x0000,0x0000,
  0x0000,0x0000,0x0000,0x0000,0x0000,0x0000,0x0000,0x0000,0x0000,0x0000,0x0000,0x0000,
  0x0000,0x0000,0x0000,0x0000,0x0000,0x0000,0x0000,0x0000,0x0000,0x0000,0x0000,0x0000,
  0x0000,0x0000,0x0000,0x0000,0x0000,0x0000,0x0000,0x0000,0x0000,0x0000,0x0000,0x0000,
  0x0000,0x0000,0x0000,0x0000,0x0000,0x0000,0x0000,0x0000,0x0000,0x0000,0x0000,0x0000,
  0x0000,0x0000,0x0000,0x0000,0x0000,0x0000,0x0000,0x0000,0x0000,0x0000,0x0000,0x0000,
  0x0000,0x0000,0x0000,0x0000,0x0000,0x0000,0x0000,0x0000,0x0000,0x0000,0x0000,0x0000,
  0x0000,0x0000,0x0000,0x0000,0x0000,0x0000,0x0000,0x0000,0x0000,0x0000,0x0000,0x0000,
  0x0000,0x0000,0x0000,0x0000,0x0000,0x0000,0x0000,0x0000,0x0000,0x0000,0x0000,0x0000,
  0x0000,0x0000,0x0000,0x0000,0x0000,0x0000,0x0000,0x0000,0x0000,0x0000,0x0000,0x0000,
  0x0000,0x0000,0x0000,0x0000,0x0000,0x0000,0x0000,0x0000,0x0000,0x0000,0x0000,0x0000,
  0x0000,0x0000,0x0000,0x0000,0x0000,0x0000,0x0000,0x0000,0x0000,0x0000,0x0000,0x0000,
  0x0000,0x0000,0x0000,0x0000,0x0000,0x0000,0x0000,0x0000,0x0000,0x0000,0x0000,0x0000,
  0x0000,0x0000,0x0000,0x0000,0x0000,0x0000,0x0000,0x0000,0x0000,0x0000,0x0000,0x0000,
  0x0000,0x0000,0x0000,0x0000,0x0000,0x0000,0x3005,0x4807,0x4827,0x4047,0x3807,0x2849,
  0x108A,0x116D,0x01CE,0x0A70,0x01CE,0x08EC,0x10AA,0x1048,0x2049,0x2068,0x2048,0x2848,
  0x2047,0x1026,0x0805,0x0805,0x0825,0x0804,0x0803,0x0803,0x0803,0x1805,0x0804,0x1004,
  0x1024,0x2005,0x2805,0x3805,0x2804,0x0803,0x0804,0x0826,0x1825,0x1805,0x1003,0x0824,
  0x1068,0x0803,0x1024,0x0824,0x1003,0x1804,0x2804,0x2004,0x1003,0x1004,0x1023,0x0804,
  0x1005,0x0803,0x0002,0x0003,0x0003,0x0003,0x0804,0x0825,0x0804,0x0804,0x1004,0x58CB,
  0x5869,0x3806,0x4007,0x5008,0x0802,0x0000,0x0001,0x0000,0x0000,0x0000,0x0000,0x0000,
  0x0000,0x0000,0x0000,0x0000,0x0000,0x0000,0x0000,0x0000,0x0000,0x0000,0x0000,0x0000,
  0x0000,0x0000,0x0000,0x0000,0x0000,0x0000,0x0000,0x0000,0x0000,0x0000,0x0000,0x0000,
  0x0000,0x0000,0x0000,0x0000,0x0000,0x0000,0x0000,0x0000,0x0000,0x0000,0x0000,0x0000,
  0x0000,0x0000,0x0000,0x0000,0x0000,0x0000,0x0000,0x0000,0x0000,0x0000,0x0000,0x0000,
  0x0000,0x0000,0x0000,0x0000,0x0000,0x0000,0x0000,0x0000,0x0000,0x0000,0x0000,0x0000,
  0x0000,0x0000,0x0000,0x0000,0x0000,0x0000,0x0000,0x0000,0x0000,0x0000,0x0000,0x0000,
  0x0000,0x0000,0x0000,0x0000,0x0000,0x0000,0x0000,0x0000,0x0000,0x0000,0x0000,0x0000,
  0x0000,0x0000,0x0000,0x0000,0x0000,0x0000,0x0000,0x0000,0x0000,0x0000,0x0000,0x0000,
  0x0000,0x0000,0x0000,0x0000,0x0000,0x0000,0x0000,0x0000,0x0000,0x0000,0x0000,0x0000,
  0x0000,0x0000,0x0000,0x0000,0x0000,0x0000,0x0000,0x0000,0x0000,0x0000,0x0000,0x0000,
  0x0000,0x0000,0x0000,0x0000,0x0000,0x0000,0x0000,0x0000,0x0000,0x0000,0x0000,0x0000,
  0x0000,0x0000,0x0000,0x0000,0x0000,0x0000,0x0000,0x0000,0x0000,0x0000,0x0000,0x0000,
  0x0000,0x0000,0x0000,0x0000,0x0000,0x0000,0x0000,0x0000,0x0000,0x0000,0x0000,0x0000,
  0x0000,0x0000,0x0000,0x0000,0x0000,0x0801,0x4826,0x4806,0x4006,0x5847,0x3005,0x3006,
  0x4047,0x2806,0x2006,0x1846,0x0844,0x1003,0x1003,0x1004,0x1004,0x0804,0x1025,0x0824,
  0x0824,0x0824,0x0825,0x0825,0x0024,0x0024,0x0824,0x0825,0x1045,0x1026,0x0804,0x0803,
  0x0003,0x0003,0x0803,0x1023,0x1824,0x0023,0x0003,0x0024,0x0002,0x0001,0x0002,0x0003,
  0x2027,0x1804,0x0803,0x0003,0x1804,0x3805,0x4005,0x4806,0x4006,0x4006,0x3006,0x3006,
  0x1805,0x1004,0x0804,0x0003,0x0003,0x0003,0x0804,0x0803,0x0803,0x1004,0x1826,0x3068,
  0x2805,0x2806,0x3027,0x582A,0x1002,0x0000,0x0000,0x0000,0x0000,0x0000,0x0000,0x0000,
  0x0000,0x0000,0x0000,0x0000,0x0000,0x0000,0x0000,0x0000,0x0000,0x0000,0x0000,0x0000,
  0x0000,0x0000,0x0000,0x0000,0x0000,0x0000,0x0000,0x0000,0x0000,0x0000,0x0000,0x0000,
  0x0000,0x0000,0x0000,0x0000,0x0000,0x0000,0x0000,0x0000,0x0000,0x0000,0x0000,0x0000,
  0x0000,0x0000,0x0000,0x0000,0x0000,0x0000,0x0000,0x0000,0x0000,0x0000,0x0000,0x0000,
  0x0000,0x0000,0x0000,0x0000,0x0000,0x0000,0x0000,0x0000,0x0000,0x0000,0x0000,0x0000,
  0x0000,0x0000,0x0000,0x0000,0x0000,0x0000,0x0000,0x0000,0x0000,0x0000,0x0000,0x0000,
  0x0000,0x0000,0x0000,0x0000,0x0000,0x0000,0x0000,0x0000,0x0000,0x0000,0x0000,0x0000,
  0x0000,0x0000,0x0000,0x0000,0x0000,0x0000,0x0000,0x0000,0x0000,0x0000,0x0000,0x0000,
  0x0000,0x0000,0x0000,0x0000,0x0000,0x0000,0x0000,0x0000,0x0000,0x0000,0x0000,0x0000,
  0x0000,0x0000,0x0000,0x0000,0x0000,0x0000,0x0000,0x0000,0x0000,0x0000,0x0000,0x0000,
  0x0000,0x0000,0x0000,0x0000,0x0000,0x0000,0x0000,0x0000,0x0000,0x0000,0x0000,0x0000,
  0x0000,0x0000,0x0000,0x0000,0x0000,0x0000,0x0000,0x0000,0x0000,0x0000,0x0000,0x0000,
  0x0000,0x0000,0x0000,0x0000,0x0000,0x0000,0x0000,0x0000,0x0000,0x0000,0x0000,0x0000,
  0x0000,0x0000,0x0000,0x0000,0x0000,0x0000,0x0801,0x1002,0x2003,0x2804,0x3804,0x3825,
  0x4025,0x2804,0x3825,0x3005,0x2004,0x1804,0x1003,0x1003,0x0803,0x0803,0x0803,0x0802,
  0x0802,0x0002,0x0002,0x0002,0x0001,0x0001,0x0001,0x0002,0x0001,0x0001,0x0001,0x0001,
  0x0001,0x0001,0x0001,0x0001,0x0001,0x0002,0x0023,0x0003,0x0003,0x0003,0x0024,0x1045,
  0x1025,0x1045,0x0045,0x0066,0x0066,0x1067,0x1046,0x1867,0x1067,0x1867,0x2067,0x2087,
  0x1887,0x08C8,0x0908,0x1128,0x1128,0x1969,0x1149,0x0908,0x1128,0x1108,0x18E8,0x18A8,
  0x28A8,0x38A8,0x3887,0x3027,0x0801,0x0000,0x0000,0x0000,0x0000,0x0000,0x0000,0x0000,
  0x0000,0x0000,0x0000,0x0000,0x0000,0x0000,0x0000,0x0000,0x0000,0x0000,0x0000,0x0000,
  0x0000,0x0000,0x0000,0x0000,0x0000,0x0000,0x0000,0x0000,0x0000,0x0000,0x0000,0x0000,
  0x0000,0x0000,0x0000,0x0000,0x0000,0x0000,0x0000,0x0000,0x0000,0x0000,0x0000,0x0000,
  0x0000,0x0000,0x0000,0x0000,0x0000,0x0000,0x0000,0x0000,0x0000,0x0000,0x0000,0x0000,
  0x0000,0x0000,0x0000,0x0000,0x0000,0x0000,0x0000,0x0000,0x0000,0x0000,0x0000,0x0000,
  0x0000,0x0000,0x0000,0x0000,0x0000,0x0000,0x0000,0x0000,0x0000,0x0000,0x0000,0x0000,
  0x0000,0x0000,0x0000,0x0000,0x0000,0x0000,0x0000,0x0000,0x0000,0x0000,0x0000,0x0000,
  0x0000,0x0000,0x0000,0x0000,0x0000,0x0000,0x0000,0x0000,0x0000,0x0000,0x0000,0x0000,
  0x0000,0x0000,0x0000,0x0000,0x0000,0x0000,0x0000,0x0000,0x0000,0x0000,0x0000,0x0000,
  0x0000,0x0000,0x0000,0x0000,0x0000,0x0000,0x0000,0x0000,0x0000,0x0000,0x0000,0x0000,
  0x0000,0x0000,0x0000,0x0000,0x0000,0x0000,0x0000,0x0000,0x0000,0x0000,0x0000,0x0000,
  0x0000,0x0000,0x0000,0x0000,0x0000,0x0000,0x0000,0x0000,0x0000,0x0000,0x0000,0x0000,
  0x0000,0x0000,0x0000,0x0000,0x0000,0x0000,0x0000,0x0000,0x0000,0x0000,0x0000,0x0000,
  0x0000,0x0000,0x0000,0x0000,0x0000,0x0000,0x0000,0x0801,0x0801,0x0801,0x2023,0x3064,
  0x4086,0x5087,0x4887,0x4866,0x4046,0x3825,0x3005,0x2804,0x2804,0x2004,0x2024,0x2024,
  0x1824,0x1824,0x1804,0x1804,0x1804,0x1824,0x1824,0x1824,0x1824,0x1824,0x1824,0x1023,
  0x1023,0x0823,0x0023,0x0023,0x0023,0x0023,0x0843,0x0864,0x0864,0x0043,0x0843,0x0864,
  0x0864,0x0884,0x0084,0x0084,0x0084,0x00A4,0x00A5,0x00A5,0x00C5,0x00C5,0x08C5,0x08C5,
  0x08C6,0x08E7,0x0908,0x0928,0x1128,0x1128,0x1128,0x2129,0x3929,0x38A8,0x3847,0x3005,
  0x2003,0x0802,0x0802,0x0000,0x0000,0x0000,0x0000,0x0000,0x0000,0x0000,0x0000,0x0000,
  0x0000,0x0000,0x0000,0x0000,0x0000,0x0000,0x0000,0x0000,0x0000,0x0000,0x0000,0x0000,
  0x0000,0x0000,0x0000,0x0000,0x0000,0x0000,0x0000,0x0000,0x0000,0x0000,0x0000,0x0000,
  0x0000,0x0000,0x0000,0x0000,0x0000,0x0000,0x0000,0x0000,0x0000,0x0000,0x0000,0x0000,
  0x0000,0x0000,0x0000,0x0000,0x0000,0x0000,0x0000,0x0000,0x0000,0x0000,0x0000,0x0000,
  0x0000,0x0000,0x0000,0x0000,0x0000,0x0000,0x0000,0x0000,0x0000,0x0000,0x0000,0x0000,
  0x0000,0x0000,0x0000,0x0000,0x0000,0x0000,0x0000,0x0000,0x0000,0x0000,0x0000,0x0000,
  0x0000,0x0000,0x0000,0x0000,0x0000,0x0000,0x0000,0x0000,0x0000,0x0000,0x0000,0x0000,
  0x0000,0x0000,0x0000,0x0000,0x0000,0x0000,0x0000,0x0000,0x0000,0x0000,0x0000,0x0000,
  0x0000,0x0000,0x0000,0x0000,0x0000,0x0000,0x0000,0x0000,0x0000,0x0000,0x0000,0x0000,
  0x0000,0x0000,0x0000,0x0000,0x0000,0x0000,0x0000,0x0000,0x0000,0x0000,0x0000,0x0000,
  0x0000,0x0000,0x0000,0x0000,0x0000,0x0000,0x0000,0x0000,0x0000,0x0000,0x0000,0x0000,
  0x0000,0x0000,0x0000,0x0000,0x0000,0x0000,0x0000,0x0000,0x0000,0x0000,0x0000,0x0000,
  0x0000,0x0000,0x0000,0x0000,0x0000,0x0000,0x0000,0x0000,0x0000,0x0000,0x0000,0x0000,
  0x0000,0x0000,0x0000,0x0000,0x0000,0x0000,0x0000,0x1802,0x1002,0x0801,0x0801,0x1002,
  0x0801,0x1802,0x1802,0x2003,0x2003,0x2023,0x2003,0x2803,0x2803,0x2803,0x2003,0x2003,
  0x2003,0x2003,0x3005,0x3805,0x3004,0x2004,0x1803,0x1003,0x1003,0x0803,0x0802,0x0802,
  0x0802,0x0002,0x0022,0x0022,0x0022,0x0022,0x0022,0x0843,0x0863,0x0043,0x0043,0x0063,
  0x0064,0x0064,0x0084,0x0084,0x0084,0x0084,0x0085,0x0885,0x00A5,0x08A5,0x08A6,0x08A6,
  0x08A5,0x08A6,0x08A6,0x08A6,0x08A6,0x08A6,0x0885,0x1085,0x2064,0x1824,0x1003,0x1003,
  0x0802,0x1003,0x1004,0x0000,0x0000,0x0000,0x0000,0x0000,0x0000,0x0000,0x0000,0x0000,
  0x0000,0x0000,0x0000,0x0000,0x0000,0x0000,0x0000,0x0000,0x0000,0x0000,0x0000,0x0000,
  0x0000,0x0000,0x0000,0x0000,0x0000,0x0000,0x0000,0x0000,0x0000,0x0000,0x0000,0x0000,
  0x0000,0x0000,0x0000,0x0000,0x0000,0x0000,0x0000,0x0000,0x0000,0x0000,0x0000,0x0000,
  0x0000,0x0000,0x0000,0x0000,0x0000,0x0000,0x0000,0x0000,0x0000,0x0000,0x0000,0x0000,
  0x0000,0x0000,0x0000,0x0000,0x0000,0x0000,0x0000,0x0000,0x0000,0x0000,0x0000,0x0000,
  0x0000,0x0000,0x0000,0x0000,0x0000,0x0000,0x0000,0x0000,0x0000,0x0000,0x0000,0x0000,
  0x0000,0x0000,0x0000,0x0000,0x0000,0x0000,0x0000,0x0000,0x0000,0x0000,0x0000,0x0000,
  0x0000,0x0000,0x0000,0x0000,0x0000,0x0000,0x0000,0x0000,0x0000,0x0000,0x0000,0x0000,
  0x0000,0x0000,0x0000,0x0000,0x0000,0x0000,0x0000,0x0000,0x0000,0x0000,0x0000,0x0000,
  0x0000,0x0000,0x0000,0x0000,0x0000,0x0000,0x0000,0x0000,0x0000,0x0000,0x0000,0x0000,
  0x0000,0x0000,0x0000,0x0000,0x0000,0x0000,0x0000,0x0000,0x0000,0x0000,0x0000,0x0000,
  0x0000,0x0000,0x0000,0x0000,0x0000,0x0000,0x0000,0x0000,0x0000,0x0000,0x0000,0x0000,
  0x0000,0x0000,0x0000,0x0000,0x0000,0x0000,0x0000,0x0000,0x0000,0x0000,0x0000,0x0000,
  0x0000,0x0000,0x0000,0x0000,0x0000,0x0000,0x0000,0x1802,0x1802,0x0801,0x1802,0x3805,
  0x1802,0x3004,0x5868,0x2803,0x3003,0x2803,0x1802,0x1001,0x0801,0x0001,0x0001,0x0801,
  0x0801,0x1002,0x2003,0x2003,0x2003,0x1802,0x1002,0x0802,0x0801,0x0801,0x0801,0x0801,
  0x0001,0x0001,0x0001,0x0000,0x0000,0x0000,0x0000,0x0000,0x0000,0x0000,0x0000,0x0000,
  0x0000,0x0000,0x0000,0x0000,0x0000,0x0000,0x0000,0x0000,0x0000,0x0000,0x0001,0x0001,
  0x0001,0x0001,0x0001,0x0001,0x0002,0x0023,0x0086,0x0025,0x0003,0x0003,0x1804,0x1803,
  0x1003,0x1804,0x1003,0x0000,0x0000,0x0000,0x0000,0x0000,0x0000,0x0000,0x0000,0x0000,
  0x0000,0x0000,0x0000,0x0000,0x0000,0x0000,0x0000,0x0000,0x0000,0x0000,0x0000,0x0000,
  0x0000,0x0000,0x0000,0x0000,0x0000,0x0000,0x0000,0x0000,0x0000,0x0000,0x0000,0x0000,
  0x0000,0x0000,0x0000,0x0000,0x0000,0x0000,0x0000,0x0000,0x0000,0x0000,0x0000,0x0000,
  0x0000,0x0000,0x0000,0x0000,0x0000,0x0000,0x0000,0x0000,0x0000,0x0000,0x0000,0x0000,
  0x0000,0x0000,0x0000,0x0000,0x0000,0x0000,0x0000,0x0000,0x0000,0x0000,0x0000,0x0000,
  0x0000,0x0000,0x0000,0x0000,0x0000,0x0000,0x0000,0x0000,0x0000,0x0000,0x0000,0x0000,
  0x0000,0x0000,0x0000,0x0000,0x0000,0x0000,0x0000,0x0000,0x0000,0x0000,0x0000,0x0000,
  0x0000,0x0000,0x0000,0x0000,0x0000,0x0000,0x0000,0x0000,0x0000,0x0000,0x0000,0x0000,
  0x0000,0x0000,0x0000,0x0000,0x0000,0x0000,0x0000,0x0000,0x0000,0x0000,0x0000,0x0000,
  0x0000,0x0000,0x0000,0x0000,0x0000,0x0000,0x0000,0x0000,0x0000,0x0000,0x0000,0x0000,
  0x0000,0x0000,0x0000,0x0000,0x0000,0x0000,0x0000,0x0000,0x0000,0x0000,0x0000,0x0000,
  0x0000,0x0000,0x0000,0x0000,0x0000,0x0000,0x0000,0x0000,0x0000,0x0000,0x0000,0x0000,
  0x0000,0x0000,0x0000,0x0000,0x0000,0x0000,0x0000,0x0000,0x0000,0x0000,0x0000,0x0000,
  0x0000,0x0000,0x0000,0x0000,0x0000,0x0000,0x0000,0x1802,0x1802,0x0801,0x1802,0x2803,
  0x1802,0x4846,0x88EC,0x4004,0x4805,0x5806,0x2803,0x2803,0x3004,0x2003,0x1002,0x0001,
  0x0001,0x0000,0x0000,0x0000,0x0000,0x0000,0x0000,0x0000,0x0000,0x0000,0x0000,0x0000,
  0x0000,0x0000,0x0000,0x0000,0x0000,0x0000,0x0000,0x0001,0x0000,0x0000,0x0001,0x0001,
  0x0001,0x0001,0x0001,0x0001,0x0002,0x0022,0x0022,0x0022,0x0002,0x0002,0x0023,0x0045,
  0x0087,0x0044,0x0023,0x0023,0x0044,0x0066,0x016D,0x0089,0x0025,0x0824,0x2005,0x1003,
  0x0802,0x1804,0x1803,0x0000,0x0000,0x0000,0x0000,0x0000,0x0000,0x0000,0x0000,0x0000,
  0x0000,0x0000,0x0000,0x0000,0x0000,0x0000,0x0000,0x0000,0x0000,0x0000,0x0000,0x0000,
  0x0000,0x0000,0x0000,0x0000,0x0000,0x0000,0x0000,0x0000,0x0000,0x0000,0x0000,0x0000,
  0x0000,0x0000,0x0000,0x0000,0x0000,0x0000,0x0000,0x0000,0x0000,0x0000,0x0000,0x0000,
  0x0000,0x0000,0x0000,0x0000,0x0000,0x0000,0x0000,0x0000,0x0000,0x0000,0x0000,0x0000,
  0x0000,0x0000,0x0000,0x0000,0x0000,0x0000,0x0000,0x0000,0x0000,0x0000,0x0000,0x0000,
  0x0000,0x0000,0x0000,0x0000,0x0000,0x0000,0x0000,0x0000,0x0000,0x0000,0x0000,0x0000,
  0x0000,0x0000,0x0000,0x0000,0x0000,0x0000,0x0000,0x0000,0x0000,0x0000,0x0000,0x0000,
  0x0000,0x0000,0x0000,0x0000,0x0000,0x0000,0x0000,0x0000,0x0000,0x0000,0x0000,0x0000,
  0x0000,0x0000,0x0000,0x0000,0x0000,0x0000,0x0000,0x0000,0x0000,0x0000,0x0000,0x0000,
  0x0000,0x0000,0x0000,0x0000,0x0000,0x0000,0x0000,0x0000,0x0000,0x0000,0x0000,0x0000,
  0x0000,0x0000,0x0000,0x0000,0x0000,0x0000,0x0000,0x0000,0x0000,0x0000,0x0000,0x0000,
  0x0000,0x0000,0x0000,0x0000,0x0000,0x0000,0x0000,0x0000,0x0000,0x0000,0x0000,0x0000,
  0x0000,0x0000,0x0000,0x0000,0x0000,0x0000,0x0000,0x0000,0x0000,0x0000,0x0000,0x0000,
  0x0000,0x0000,0x0000,0x0000,0x0000,0x0000,0x0000,0x1002,0x1803,0x0801,0x1802,0x3004,
  0x1001,0x4066,0x80EC,0x3803,0x3804,0x4805,0x1002,0x1002,0x2003,0x1803,0x0801,0x0001,
  0x0001,0x0001,0x0001,0x0001,0x0001,0x0001,0x0001,0x0001,0x0001,0x0001,0x0001,0x0000,
  0x0000,0x0000,0x0000,0x0000,0x0000,0x0000,0x0000,0x0001,0x0000,0x0001,0x0001,0x0001,
  0x0001,0x0001,0x0001,0x0001,0x0022,0x0023,0x0023,0x0023,0x0023,0x0023,0x0023,0x0045,
  0x0087,0x0065,0x0023,0x0044,0x0045,0x0066,0x010B,0x0068,0x0024,0x0024,0x2005,0x1804,
  0x0802,0x1804,0x1003,0x0000,0x0000,0x0000,0x0000,0x0000,0x0000,0x0000,0x0000,0x0000,
  0x0000,0x0000,0x0000,0x0000,0x0000,0x0000,0x0000,0x0000,0x0000,0x0000,0x0000,0x0000,
  0x0000,0x0000,0x0000,0x0000,0x0000,0x0000,0x0000,0x0000,0x0000,0x0000,0x0000,0x0000,
  0x0000,0x0000,0x0000,0x0000,0x0000,0x0000,0x0000,0x0000,0x0000,0x0000,0x0000,0x0000,
  0x0000,0x0000,0x0000,0x0000,0x0000,0x0000,0x0000,0x0000,0x0000,0x0000,0x0000,0x0000,
  0x0000,0x0000,0x0000,0x0000,0x0000,0x0000,0x0000,0x0000,0x0000,0x0000,0x0000,0x0000,
  0x0000,0x0000,0x0000,0x0000,0x0000,0x0000,0x0000,0x0000,0x0000,0x0000,0x0000,0x0000,
  0x0000,0x0000,0x0000,0x0000,0x0000,0x0000,0x0000,0x0000,0x0000,0x0000,0x0000,0x0000,
  0x0000,0x0000,0x0000,0x0000,0x0000,0x0000,0x0000,0x0000,0x0000,0x0000,0x0000,0x0000,
  0x0000,0x0000,0x0000,0x0000,0x0000,0x0000,0x0000,0x0000,0x0000,0x0000,0x0000,0x0000,
  0x0000,0x0000,0x0000,0x0000,0x0000,0x0000,0x0000,0x0000,0x0000,0x0000,0x0000,0x0000,
  0x0000,0x0000,0x0000,0x0000,0x0000,0x0000,0x0000,0x0000,0x0000,0x0000,0x0000,0x0000,
  0x0000,0x0000,0x0000,0x0000,0x0000,0x0000,0x0000,0x0000,0x0000,0x0000,0x0000,0x0000,
  0x0000,0x0000,0x0000,0x0000,0x0000,0x0000,0x0000,0x0000,0x0000,0x0000,0x0000,0x0000,
  0x0000,0x0000,0x0000,0x0000,0x0000,0x0000,0x0000,0x1802,0x1802,0x0801,0x1802,0x2803,
  0x1001,0x3825,0x88EC,0x3804,0x4004,0x4004,0x1802,0x1802,0x1002,0x0802,0x0801,0x0801,
  0x0001,0x0001,0x0001,0x0000,0x0000,0x0000,0x0000,0x0000,0x0000,0x0001,0x0000,0x0000,
  0x0000,0x0000,0x0000,0x0000,0x0000,0x0000,0x0001,0x0001,0x0001,0x0001,0x0001,0x0001,
  0x0001,0x0001,0x0001,0x0022,0x0023,0x0023,0x0023,0x0023,0x0023,0x0023,0x0044,0x0066,
  0x00A7,0x0044,0x0023,0x0044,0x0045,0x0065,0x00CA,0x0047,0x0024,0x0825,0x1805,0x1004,
  0x0802,0x1804,0x1003,0x0000,0x0000,0x0000,0x0000,0x0000,0x0000,0x0000,0x0000,0x0000,
  0x0000,0x0000,0x0000,0x0000,0x0000,0x0000,0x0000,0x0000,0x0000,0x0000,0x0000,0x0000,
  0x0000,0x0000,0x0000,0x0000,0x0000,0x0000,0x0000,0x0000,0x0000,0x0000,0x0000,0x0000,
  0x0000,0x0000,0x0000,0x0000,0x0000,0x0000,0x0000,0x0000,0x0000,0x0000,0x0000,0x0000,
  0x0000,0x0000,0x0000,0x0000,0x0000,0x0000,0x0000,0x0000,0x0000,0x0000,0x0000,0x0000,
  0x0000,0x0000,0x0000,0x0000,0x0000,0x0000,0x0000,0x0000,0x0000,0x0000,0x0000,0x0000,
  0x0000,0x0000,0x0000,0x0000,0x0000,0x0000,0x0000,0x0000,0x0000,0x0000,0x0000,0x0000,
  0x0000,0x0000,0x0000,0x0000,0x0000,0x0000,0x0000,0x0000,0x0000,0x0000,0x0000,0x0000,
  0x0000,0x0000,0x0000,0x0000,0x0000,0x0000,0x0000,0x0000,0x0000,0x0000,0x0000,0x0000,
  0x0000,0x0000,0x0000,0x0000,0x0000,0x0000,0x0000,0x0000,0x0000,0x0000,0x0000,0x0000,
  0x0000,0x0000,0x0000,0x0000,0x0000,0x0000,0x0000,0x0000,0x0000,0x0000,0x0000,0x0000,
  0x0000,0x0000,0x0000,0x0000,0x0000,0x0000,0x0000,0x0000,0x0000,0x0000,0x0000,0x0000,
  0x0000,0x0000,0x0000,0x0000,0x0000,0x0000,0x0000,0x0000,0x0000,0x0000,0x0000,0x0000,
  0x0000,0x0000,0x0000,0x0000,0x0000,0x0000,0x0000,0x0000,0x0000,0x0000,0x0000,0x0000,
  0x0000,0x0000,0x0000,0x0000,0x0000,0x0000,0x0000,0x1802,0x1802,0x0801,0x1802,0x2002,
  0x1802,0x4825,0x886B,0x3803,0x2803,0x3804,0x1803,0x1802,0x1002,0x1002,0x0801,0x0001,
  0x0001,0x0001,0x0001,0x0001,0x0001,0x0000,0x0000,0x0000,0x0001,0x0001,0x0000,0x0000,
  0x0000,0x0000,0x0000,0x0000,0x0000,0x0000,0x0001,0x0001,0x0001,0x0001,0x0001,0x0001,
  0x0001,0x0001,0x0002,0x0022,0x0023,0x0023,0x0023,0x0023,0x0023,0x0023,0x0044,0x0066,
  0x0087,0x0045,0x0023,0x0044,0x0044,0x0087,0x010B,0x0089,0x0025,0x0825,0x1804,0x2004,
  0x1003,0x2004,0x1803,0x0000,0x0000,0x0000,0x0000,0x0000,0x0000,0x0000,0x0000,0x0000,
  0x0000,0x0000,0x0000,0x0000,0x0000,0x0000,0x0000,0x0000,0x0000,0x0000,0x0000,0x0000,
  0x0000,0x0000,0x0000,0x0000,0x0000,0x0000,0x0000,0x0000,0x0000,0x0000,0x0000,0x0000,
  0x0000,0x0000,0x0000,0x0000,0x0000,0x0000,0x0000,0x0000,0x0000,0x0000,0x0000,0x0000,
  0x0000,0x0000,0x0000,0x0000,0x0000,0x0000,0x0000,0x0000,0x0000,0x0000,0x0000,0x0000,
  0x0000,0x0000,0x0000,0x0000,0x0000,0x0000,0x0000,0x0000,0x0000,0x0000,0x0000,0x0000,
  0x0000,0x0000,0x0000,0x0000,0x0000,0x0000,0x0000,0x0000,0x0000,0x0000,0x0000,0x0000,
  0x0000,0x0000,0x0000,0x0000,0x0000,0x0000,0x0000,0x0000,0x0000,0x0000,0x0000,0x0000,
  0x0000,0x0000,0x0000,0x0000,0x0000,0x0000,0x0000,0x0000,0x0000,0x0000,0x0000,0x0000,
  0x0000,0x0000,0x0000,0x0000,0x0000,0x0000,0x0000,0x0000,0x0000,0x0000,0x0000,0x0000,
  0x0000,0x0000,0x0000,0x0000,0x0000,0x0000,0x0000,0x0000,0x0000,0x0000,0x0000,0x0000,
  0x0000,0x0000,0x0000,0x0000,0x0000,0x0000,0x0000,0x0000,0x0000,0x0000,0x0000,0x0000,
  0x0000,0x0000,0x0000,0x0000,0x0000,0x0000,0x0000,0x0000,0x0000,0x0000,0x0000,0x0000,
  0x0000,0x0000,0x0000,0x0000,0x0000,0x0000,0x0000,0x0000,0x0000,0x0000,0x0000,0x0000,
  0x0000,0x0000,0x0000,0x0000,0x0000,0x0000,0x0000,0x1001,0x1802,0x0801,0x1802,0x2002,
  0x2002,0x3824,0x6027,0x3804,0x3003,0x2803,0x1802,0x1802,0x1002,0x0801,0x0801,0x0801,
  0x0001,0x0001,0x0001,0x0001,0x0001,0x0000,0x0000,0x0000,0x0000,0x0001,0x0000,0x0000,
  0x0000,0x0000,0x0000,0x0000,0x0000,0x0000,0x0000,0x0001,0x0001,0x0001,0x0001,0x0001,
  0x0001,0x0001,0x0002,0x0002,0x0022,0x0023,0x0023,0x0023,0x0024,0x0023,0x0044,0x0066,
  0x0087,0x0065,0x0023,0x0044,0x0045,0x00A8,0x010B,0x0068,0x1025,0x1825,0x2805,0x2805,
  0x1003,0x1804,0x0802,0x0000,0x0000,0x0000,0x0000,0x0000,0x0000,0x0000,0x0000,0x0000,
  0x0000,0x0000,0x0000,0x0000,0x0000,0x0000,0x0000,0x0000,0x0000,0x0000,0x0000,0x0000,
  0x0000,0x0000,0x0000,0x0000,0x0000,0x0000,0x0000,0x0000,0x0000,0x0000,0x0000,0x0000,
  0x0000,0x0000,0x0000,0x0000,0x0000,0x0000,0x0000,0x0000,0x0000,0x0000,0x0000,0x0000,
  0x0000,0x0000,0x0000,0x0000,0x0000,0x0000,0x0000,0x0000,0x0000,0x0000,0x0000,0x0000,
  0x0000,0x0000,0x0000,0x0000,0x0000,0x0000,0x0000,0x0000,0x0000,0x0000,0x0000,0x0000,
  0x0000,0x0000,0x0000,0x0000,0x0000,0x0000,0x0000,0x0000,0x0000,0x0000,0x0000,0x0000,
  0x0000,0x0000,0x0000,0x0000,0x0000,0x0000,0x0000,0x0000,0x0000,0x0000,0x0000,0x0000,
  0x0000,0x0000,0x0000,0x0000,0x0000,0x0000,0x0000,0x0000,0x0000,0x0000,0x0000,0x0000,
  0x0000,0x0000,0x0000,0x0000,0x0000,0x0000,0x0000,0x0000,0x0000,0x0000,0x0000,0x0000,
  0x0000,0x0000,0x0000,0x0000,0x0000,0x0000,0x0000,0x0000,0x0000,0x0000,0x0000,0x0000,
  0x0000,0x0000,0x0000,0x0000,0x0000,0x0000,0x0000,0x0000,0x0000,0x0000,0x0000,0x0000,
  0x0000,0x0000,0x0000,0x0000,0x0000,0x0000,0x0000,0x0000,0x0000,0x0000,0x0000,0x0000,
  0x0000,0x0000,0x0000,0x0000,0x0000,0x0000,0x0000,0x0000,0x0000,0x0000,0x0000,0x0000,
  0x0000,0x0000,0x0000,0x0000,0x0000,0x0000,0x0000,0x0000,0x1802,0x1802,0x0001,0x0801,
  0x0801,0x0001,0x0801,0x1802,0x1802,0x1001,0x1001,0x0801,0x1001,0x1002,0x0801,0x0802,
  0x0802,0x1823,0x0802,0x0801,0x0801,0x0001,0x0001,0x0001,0x0001,0x0001,0x0001,0x0001,
  0x0001,0x0001,0x0001,0x0001,0x0001,0x0001,0x0001,0x0001,0x0001,0x0001,0x0001,0x0001,
  0x0001,0x0022,0x0022,0x0023,0x0023,0x0043,0x0044,0x0043,0x0043,0x0023,0x0044,0x0044,
  0x0065,0x0044,0x0044,0x0044,0x0044,0x0024,0x0003,0x0003,0x0802,0x0802,0x0802,0x0002,
  0x0802,0x0001,0x0000,0x0000,0x0000,0x0000,0x0000,0x0000,0x0000,0x0000,0x0000,0x0000,
  0x0000,0x0000,0x0000,0x0000,0x0000,0x0000,0x0000,0x0000,0x0000,0x0000,0x0000,0x0000,
  0x0000,0x0000,0x0000,0x0000,0x0000,0x0000,0x0000,0x0000,0x0000,0x0000,0x0000,0x0000,
  0x0000,0x0000,0x0000,0x0000,0x0000,0x0000,0x0000,0x0000,0x0000,0x0000,0x0000,0x0000,
  0x0000,0x0000,0x0000,0x0000,0x0000,0x0000,0x0000,0x0000,0x0000,0x0000,0x0000,0x0000,
  0x0000,0x0000,0x0000,0x0000,0x0000,0x0000,0x0000,0x0000,0x0000,0x0000,0x0000,0x0000,
  0x0000,0x0000,0x0000,0x0000,0x0000,0x0000,0x0000,0x0000,0x0000,0x0000,0x0000,0x0000,
  0x0000,0x0000,0x0000,0x0000,0x0000,0x0000,0x0000,0x0000,0x0000,0x0000,0x0000,0x0000,
  0x0000,0x0000,0x0000,0x0000,0x0000,0x0000,0x0000,0x0000,0x0000,0x0000,0x0000,0x0000,
  0x0000,0x0000,0x0000,0x0000,0x0000,0x0000,0x0000,0x0000,0x0000,0x0000,0x0000,0x0000,
  0x0000,0x0000,0x0000,0x0000,0x0000,0x0000,0x0000,0x0000,0x0000,0x0000,0x0000,0x0000,
  0x0000,0x0000,0x0000,0x0000,0x0000,0x0000,0x0000,0x0000,0x0000,0x0000,0x0000,0x0000,
  0x0000,0x0000,0x0000,0x0000,0x0000,0x0000,0x0000,0x0000,0x0000,0x0000,0x0000,0x0000,
  0x0000,0x0000,0x0000,0x0000,0x0000,0x0000,0x0000,0x0000,0x0000,0x0000,0x0000,0x0000,
  0x0000,0x0000,0x0000,0x0000,0x0000,0x0000,0x0000,0x0000,0x0000,0x2003,0x1802,0x1002,
  0x2803,0x2003,0x2002,0x2802,0x2002,0x2003,0x2803,0x2803,0x2003,0x2003,0x2003,0x1823,
  0x1803,0x1002,0x1002,0x1002,0x0822,0x0801,0x0001,0x0001,0x0001,0x0001,0x0001,0x0001,
  0x0001,0x0001,0x0001,0x0001,0x0001,0x0001,0x0001,0x0001,0x0001,0x0002,0x0002,0x0022,
  0x0022,0x0023,0x0043,0x0044,0x0044,0x0064,0x0065,0x0065,0x0065,0x0065,0x0086,0x0086,
  0x0086,0x0066,0x0065,0x0045,0x0044,0x0045,0x0024,0x0003,0x0002,0x0002,0x0802,0x0803,
  0x0802,0x0000,0x0000,0x0000,0x0000,0x0000,0x0000,0x0000,0x0000,0x0000,0x0000,0x0000,
  0x0000,0x0000,0x0000,0x0000,0x0000,0x0000,0x0000,0x0000,0x0000,0x0000,0x0000,0x0000,
  0x0000,0x0000,0x0000,0x0000,0x0000,0x0000,0x0000,0x0000,0x0000,0x0000,0x0000,0x0000,
  0x0000,0x0000,0x0000,0x0000,0x0000,0x0000,0x0000,0x0000,0x0000,0x0000,0x0000,0x0000,
  0x0000,0x0000,0x0000,0x0000,0x0000,0x0000,0x0000,0x0000,0x0000,0x0000,0x0000,0x0000,
  0x0000,0x0000,0x0000,0x0000,0x0000,0x0000,0x0000,0x0000,0x0000,0x0000,0x0000,0x0000,
  0x0000,0x0000,0x0000,0x0000,0x0000,0x0000,0x0000,0x0000,0x0000,0x0000,0x0000,0x0000,
  0x0000,0x0000,0x0000,0x0000,0x0000,0x0000,0x0000,0x0000,0x0000,0x0000,0x0000,0x0000,
  0x0000,0x0000,0x0000,0x0000,0x0000,0x0000,0x0000,0x0000,0x0000,0x0000,0x0000,0x0000,
  0x0000,0x0000,0x0000,0x0000,0x0000,0x0000,0x0000,0x0000,0x0000,0x0000,0x0000,0x0000,
  0x0000,0x0000,0x0000,0x0000,0x0000,0x0000,0x0000,0x0000,0x0000,0x0000,0x0000,0x0000,
  0x0000,0x0000,0x0000,0x0000,0x0000,0x0000,0x0000,0x0000,0x0000,0x0000,0x0000,0x0000,
  0x0000,0x0000,0x0000,0x0000,0x0000,0x0000,0x0000,0x0000,0x0000,0x0000,0x0000,0x0000,
  0x0000,0x0000,0x0000,0x0000,0x0000,0x0000,0x0000,0x0000,0x0000,0x0000,0x0000,0x0000,
  0x0000,0x0000,0x0000,0x0000,0x0000,0x0000,0x0000,0x0000,0x0000,0x0000,0x1002,0x1802,
  0x2002,0x2002,0x2003,0x4004,0x4005,0x3804,0x3003,0x2803,0x2003,0x1802,0x1002,0x1002,
  0x1002,0x0802,0x0802,0x0801,0x0801,0x0001,0x0001,0x0001,0x0001,0x0001,0x0001,0x0001,
  0x0001,0x0001,0x0000,0x0001,0x0000,0x0000,0x0001,0x0001,0x0001,0x0001,0x0001,0x0001,
  0x0001,0x0002,0x0002,0x0001,0x0002,0x0002,0x0002,0x0002,0x0002,0x0002,0x0022,0x0023,
  0x0023,0x0044,0x0045,0x0045,0x0026,0x0026,0x0025,0x0024,0x0025,0x0025,0x0004,0x1805,
  0x0802,0x0000,0x0000,0x0000,0x0000,0x0000,0x0000,0x0000,0x0000,0x0000,0x0000,0x0000,
  0x0000,0x0000,0x0000,0x0000,0x0000,0x0000,0x0000,0x0000,0x0000,0x0000,0x0000,0x0000,
  0x0000,0x0000,0x0000,0x0000,0x0000,0x0000,0x0000,0x0000,0x0000,0x0000,0x0000,0x0000,
  0x0000,0x0000,0x0000,0x0000,0x0000,0x0000,0x0000,0x0000,0x0000,0x0000,0x0000,0x0000,
  0x0000,0x0000,0x0000,0x0000,0x0000,0x0000,0x0000,0x0000,0x0000,0x0000,0x0000,0x0000,
  0x0000,0x0000,0x0000,0x0000,0x0000,0x0000,0x0000,0x0000,0x0000,0x0000,0x0000,0x0000,
  0x0000,0x0000,0x0000,0x0000,0x0000,0x0000,0x0000,0x0000,0x0000,0x0000,0x0000,0x0000,
  0x0000,0x0000,0x0000,0x0000,0x0000,0x0000,0x0000,0x0000,0x0000,0x0000,0x0000,0x0000,
  0x0000,0x0000,0x0000,0x0000,0x0000,0x0000,0x0000,0x0000,0x0000,0x0000,0x0000,0x0000,
  0x0000,0x0000,0x0000,0x0000,0x0000,0x0000,0x0000,0x0000,0x0000,0x0000,0x0000,0x0000,
  0x0000,0x0000,0x0000,0x0000,0x0000,0x0000,0x0000,0x0000,0x0000,0x0000,0x0000,0x0000,
  0x0000,0x0000,0x0000,0x0000,0x0000,0x0000,0x0000,0x0000,0x0000,0x0000,0x0000,0x0000,
  0x0000,0x0000,0x0000,0x0000,0x0000,0x0000,0x0000,0x0000,0x0000,0x0000,0x0000,0x0000,
  0x0000,0x0000,0x0000,0x0000,0x0000,0x0000,0x0000,0x0000,0x0000,0x0000,0x0000,0x0000,
  0x0000,0x0000,0x0000,0x0000,0x0000,0x0000,0x0000,0x0000,0x0000,0x0000,0x0802,0x0801,
  0x0801,0x0801,0x1802,0x2803,0x3003,0x2803,0x1802,0x1001,0x0801,0x0801,0x0801,0x0001,
  0x0001,0x0001,0x0001,0x0001,0x0000,0x0000,0x0000,0x0000,0x0000,0x0000,0x0000,0x0000,
  0x0000,0x0000,0x0000,0x0000,0x0000,0x0000,0x0000,0x0000,0x0000,0x0000,0x0000,0x0000,
  0x0001,0x0001,0x0001,0x0001,0x0002,0x0023,0x0023,0x0044,0x0065,0x0065,0x0066,0x0067,
  0x00A9,0x00AA,0x00CB,0x010C,0x1A0D,0x224E,0x01AD,0x00CB,0x1069,0x1048,0x1007,0x0804,
  0x0000,0x0000,0x0000,0x0000,0x0000,0x0000,0x0000,0x0000,0x0000,0x0000,0x0000,0x0000,
  0x0000,0x0000,0x0000,0x0000,0x0000,0x0000,0x0000,0x0000,0x0000,0x0000,0x0000,0x0000,
  0x0000,0x0000,0x0000,0x0000,0x0000,0x0000,0x0000,0x0000,0x0000,0x0000,0x0000,0x0000,
  0x0000,0x0000,0x0000,0x0000,0x0000,0x0000,0x0000,0x0000,0x0000,0x0000,0x0000,0x0000,
  0x0000,0x0000,0x0000,0x0000,0x0000,0x0000,0x0000,0x0000,0x0000,0x0000,0x0000,0x0000,
  0x0000,0x0000,0x0000,0x0000,0x0000,0x0000,0x0000,0x0000,0x0000,0x0000,0x0000,0x0000,
  0x0000,0x0000,0x0000,0x0000,0x0000,0x0000,0x0000,0x0000,0x0000,0x0000,0x0000,0x0000,
  0x0000,0x0000,0x0000,0x0000,0x0000,0x0000,0x0000,0x0000,0x0000,0x0000,0x0000,0x0000,
  0x0000,0x0000,0x0000,0x0000,0x0000,0x0000,0x0000,0x0000,0x0000,0x0000,0x0000,0x0000,
  0x0000,0x0000,0x0000,0x0000,0x0000,0x0000,0x0000,0x0000,0x0000,0x0000,0x0000,0x0000,
  0x0000,0x0000,0x0000,0x0000,0x0000,0x0000,0x0000,0x0000,0x0000,0x0000,0x0000,0x0000,
  0x0000,0x0000,0x0000,0x0000,0x0000,0x0000,0x0000,0x0000,0x0000,0x0000,0x0000,0x0000,
  0x0000,0x0000,0x0000,0x0000,0x0000,0x0000,0x0000,0x0000,0x0000,0x0000,0x0000,0x0000,
  0x0000,0x0000,0x0000,0x0000,0x0000,0x0000,0x0000,0x0000,0x0000,0x0000,0x0000,0x0000,
  0x0000,0x0000,0x0000,0x0000,0x0000,0x0000,0x0000,0x0000,0x0000,0x0001,0x1002,0x1802,
  0x2803,0x3004,0x4004,0x78CA,0x79CC,0x7828,0x6007,0x4025,0x3004,0x3004,0x2003,0x1002,
  0x0802,0x0801,0x0001,0x0001,0x0001,0x0000,0x0000,0x0000,0x0000,0x0000,0x0000,0x0000,
  0x0000,0x0000,0x0000,0x0000,0x0000,0x0000,0x0000,0x0000,0x0000,0x0001,0x0001,0x0001,
  0x0001,0x0002,0x0002,0x0003,0x0003,0x0024,0x0024,0x0024,0x0024,0x0024,0x0065,0x00C7,
  0x0109,0x01ED,0x0A6F,0x12AF,0x1A90,0x1A50,0x3210,0x516E,0x408A,0x1026,0x0803,0x0003,
  0x0000,0x0001,0x0000,0x0000,0x0000,0x0000,0x0000,0x0000,0x0000,0x0000,0x0000,0x0000,
  0x0000,0x0000,0x0000,0x0000,0x0000,0x0000,0x0000,0x0000,0x0000,0x0000,0x0000,0x0000,
  0x0000,0x0000,0x0000,0x0000,0x0000,0x0000,0x0000,0x0000,0x0000,0x0000,0x0000,0x0000,
  0x0000,0x0000,0x0000,0x0000,0x0000,0x0000,0x0000,0x0000,0x0000,0x0000,0x0000,0x0000,
  0x0000,0x0000,0x0000,0x0000,0x0000,0x0000,0x0000,0x0000,0x0000,0x0000,0x0000,0x0000,
  0x0000,0x0000,0x0000,0x0000,0x0000,0x0000,0x0000,0x0000,0x0000,0x0000,0x0000,0x0000,
  0x0000,0x0000,0x0000,0x0000,0x0000,0x0000,0x0000,0x0000,0x0000,0x0000,0x0000,0x0000,
  0x0000,0x0000,0x0000,0x0000,0x0000,0x0000,0x0000,0x0000,0x0000,0x0000,0x0000,0x0000,
  0x0000,0x0000,0x0000,0x0000,0x0000,0x0000,0x0000,0x0000,0x0000,0x0000,0x0000,0x0000,
  0x0000,0x0000,0x0000,0x0000,0x0000,0x0000,0x0000,0x0000,0x0000,0x0000,0x0000,0x0000,
  0x0000,0x0000,0x0000,0x0000,0x0000,0x0000,0x0000,0x0000,0x0000,0x0000,0x0000,0x0000,
  0x0000,0x0000,0x0000,0x0000,0x0000,0x0000,0x0000,0x0000,0x0000,0x0000,0x0000,0x0000,
  0x0000,0x0000,0x0000,0x0000,0x0000,0x0000,0x0000,0x0000,0x0000,0x0000,0x0000,0x0000,
  0x0000,0x0000,0x0000,0x0000,0x0000,0x0000,0x0000,0x0000,0x0000,0x0000,0x0000,0x0000,
  0x0000,0x0000,0x0000,0x0000,0x0000,0x0000,0x0000,0x0000,0x1002,0x1804,0x1002,0x1802,
  0x2803,0x3003,0x6047,0x8A2E,0x8A8E,0x89AD,0x7849,0x2803,0x1802,0x1001,0x0801,0x0801,
  0x0001,0x0001,0x0001,0x0000,0x0000,0x0000,0x0000,0x0000,0x0000,0x0000,0x0000,0x0000,
  0x0000,0x0000,0x0000,0x0000,0x0000,0x0000,0x0000,0x0000,0x0000,0x0000,0x0000,0x0000,
  0x0001,0x0002,0x0043,0x0064,0x00A5,0x00C6,0x0928,0x098A,0x09CB,0x01EC,0x022E,0x022F,
  0x022F,0x1250,0x1A0F,0x2A0F,0x3A0F,0x41CD,0x4129,0x2047,0x0004,0x0003,0x0003,0x0068,
  0x0046,0x0000,0x0001,0x0000,0x0000,0x0000,0x0000,0x0000,0x0000,0x0000,0x0000,0x0000,
  0x0000,0x0000,0x0000,0x0000,0x0000,0x0000,0x0000,0x0000,0x0000,0x0000,0x0000,0x0000,
  0x0000,0x0000,0x0000,0x0000,0x0000,0x0000,0x0000,0x0000,0x0000,0x0000,0x0000,0x0000,
  0x0000,0x0000,0x0000,0x0000,0x0000,0x0000,0x0000,0x0000,0x0000,0x0000,0x0000,0x0000,
  0x0000,0x0000,0x0000,0x0000,0x0000,0x0000,0x0000,0x0000,0x0000,0x0000,0x0000,0x0000,
  0x0000,0x0000,0x0000,0x0000,0x0000,0x0000,0x0000,0x0000,0x0000,0x0000,0x0000,0x0000,
  0x0000,0x0000,0x0000,0x0000,0x0000,0x0000,0x0000,0x0000,0x0000,0x0000,0x0000,0x0000,
  0x0000,0x0000,0x0000,0x0000,0x0000,0x0000,0x0000,0x0000,0x0000,0x0000,0x0000,0x0000,
  0x0000,0x0000,0x0000,0x0000,0x0000,0x0000,0x0000,0x0000,0x0000,0x0000,0x0000,0x0000,
  0x0000,0x0000,0x0000,0x0000,0x0000,0x0000,0x0000,0x0000,0x0000,0x0000,0x0000,0x0000,
  0x0000,0x0000,0x0000,0x0000,0x0000,0x0000,0x0000,0x0000,0x0000,0x0000,0x0000,0x0000,
  0x0000,0x0000,0x0000,0x0000,0x0000,0x0000,0x0000,0x0000,0x0000,0x0000,0x0000,0x0000,
  0x0000,0x0000,0x0000,0x0000,0x0000,0x0000,0x0000,0x0000,0x0000,0x0000,0x0000,0x0000,
  0x0000,0x0000,0x0000,0x0000,0x0000,0x0000,0x0000,0x0000,0x0000,0x0000,0x0000,0x0000,
  0x0000,0x0000,0x0000,0x0000,0x0000,0x0000,0x0000,0x0801,0x2004,0x1803,0x1802,0x2002,
  0x1802,0x1802,0x3804,0x5025,0x5026,0x5026,0x5005,0x4005,0x4005,0x3804,0x3004,0x2803,
  0x2003,0x1802,0x1002,0x0801,0x0001,0x0001,0x0802,0x0801,0x0802,0x0801,0x0001,0x0001,
  0x0001,0x0001,0x0001,0x0001,0x0001,0x0001,0x0022,0x0022,0x0023,0x0044,0x0065,0x0086,
  0x00E8,0x094A,0x09CC,0x122E,0x124E,0x0A2F,0x124F,0x1270,0x124F,0x122F,0x1A4F,0x224F,
  0x3A4E,0x39CC,0x3949,0x28E8,0x1066,0x0025,0x0025,0x0025,0x0024,0x0004,0x0025,0x0089,
  0x00AB,0x0025,0x0000,0x0000,0x0000,0x0000,0x0000,0x0000,0x0000,0x0000,0x0000,0x0000,
  0x0000,0x0000,0x0000,0x0000,0x0000,0x0000,0x0000,0x0000,0x0000,0x0000,0x0000,0x0000,
  0x0000,0x0000,0x0000,0x0000,0x0000,0x0000,0x0000,0x0000,0x0000,0x0000,0x0000,0x0000,
  0x0000,0x0000,0x0000,0x0000,0x0000,0x0000,0x0000,0x0000,0x0000,0x0000,0x0000,0x0000,
  0x0000,0x0000,0x0000,0x0000,0x0000,0x0000,0x0000,0x0000,0x0000,0x0000,0x0000,0x0000,
  0x0000,0x0000,0x0000,0x0000,0x0000,0x0000,0x0000,0x0000,0x0000,0x0000,0x0000,0x0000,
  0x0000,0x0000,0x0000,0x0000,0x0000,0x0000,0x0000,0x0000,0x0000,0x0000,0x0000,0x0000,
  0x0000,0x0000,0x0000,0x0000,0x0000,0x0000,0x0000,0x0000,0x0000,0x0000,0x0000,0x0000,
  0x0000,0x0000,0x0000,0x0000,0x0000,0x0000,0x0000,0x0000,0x0000,0x0000,0x0000,0x0000,
  0x0000,0x0000,0x0000,0x0000,0x0000,0x0000,0x0000,0x0000,0x0000,0x0000,0x0000,0x0000,
  0x0000,0x0000,0x0000,0x0000,0x0000,0x0000,0x0000,0x0000,0x0000,0x0000,0x0000,0x0000,
  0x0000,0x0000,0x0000,0x0000,0x0000,0x0000,0x0000,0x0000,0x0000,0x0000,0x0000,0x0000,
  0x0000,0x0000,0x0000,0x0000,0x0000,0x0000,0x0000,0x0000,0x0000,0x0000,0x0000,0x0000,
  0x0000,0x0000,0x0000,0x0000,0x0000,0x0000,0x0000,0x0000,0x0000,0x0000,0x0000,0x0000,
  0x0000,0x0000,0x0000,0x0000,0x0000,0x0000,0x0000,0x1002,0x1803,0x1803,0x2003,0x3004,
  0x4024,0x4865,0x4865,0x4865,0x4825,0x3804,0x2003,0x2002,0x1802,0x1802,0x1802,0x1802,
  0x1803,0x1803,0x1803,0x1803,0x1003,0x1003,0x0802,0x0802,0x0802,0x0802,0x0002,0x0002,
  0x0002,0x0002,0x0023,0x0023,0x0044,0x0045,0x0066,0x0086,0x00A7,0x00E8,0x00E9,0x096B,
  0x09AB,0x11EC,0x1A2D,0x1A2D,0x222D,0x19EC,0x222C,0x29EB,0x1969,0x1129,0x10E8,0x0886,
  0x0045,0x0005,0x0025,0x0046,0x0067,0x0067,0x0046,0x0025,0x0067,0x00C9,0x0047,0x0047,
  0x0089,0x088A,0x0001,0x0000,0x0000,0x0000,0x0000,0x0000,0x0000,0x0000,0x0000,0x0000,
  0x0000,0x0000,0x0000,0x0000,0x0000,0x0000,0x0000,0x0000,0x0000,0x0000,0x0000,0x0000,
  0x0000,0x0000,0x0000,0x0000,0x0000,0x0000,0x0000,0x0000,0x0000,0x0000,0x0000,0x0000,
  0x0000,0x0000,0x0000,0x0000,0x0000,0x0000,0x0000,0x0000,0x0000,0x0000,0x0000,0x0000,
  0x0000,0x0000,0x0000,0x0000,0x0000,0x0000,0x0000,0x0000,0x0000,0x0000,0x0000,0x0000,
  0x0000,0x0000,0x0000,0x0000,0x0000,0x0000,0x0000,0x0000,0x0000,0x0000,0x0000,0x0000,
  0x0000,0x0000,0x0000,0x0000,0x0000,0x0000,0x0000,0x0000,0x0000,0x0000,0x0000,0x0000,
  0x0000,0x0000,0x0000,0x0000,0x0000,0x0000,0x0000,0x0000,0x0000,0x0000,0x0000,0x0000,
  0x0000,0x0000,0x0000,0x0000,0x0000,0x0000,0x0000,0x0000,0x0000,0x0000,0x0000,0x0000,
  0x0000,0x0000,0x0000,0x0000,0x0000,0x0000,0x0000,0x0000,0x0000,0x0000,0x0000,0x0000,
  0x0000,0x0000,0x0000,0x0000,0x0000,0x0000,0x0000,0x0000,0x0000,0x0000,0x0000,0x0000,
  0x0000,0x0000,0x0000,0x0000,0x0000,0x0000,0x0000,0x0000,0x0000,0x0000,0x0000,0x0000,
  0x0000,0x0000,0x0000,0x0000,0x0000,0x0000,0x0000,0x0000,0x0000,0x0000,0x0000,0x0000,
  0x0000,0x0000,0x0000,0x0000,0x0000,0x0000,0x0000,0x0000,0x0000,0x0000,0x0000,0x0000,
  0x0000,0x0000,0x0000,0x0000,0x0000,0x0000,0x0000,0x0000,0x1802,0x1802,0x1802,0x3824,
  0x5866,0x792A,0x81AC,0x79AB,0x70C9,0x6088,0x5847,0x5026,0x4805,0x2804,0x2003,0x2003,
  0x2004,0x2804,0x2004,0x2804,0x2004,0x1803,0x0802,0x0802,0x0002,0x0002,0x0002,0x0022,
  0x0022,0x0022,0x0043,0x0043,0x0043,0x0044,0x0064,0x0065,0x0085,0x0085,0x0085,0x0085,
  0x0084,0x0084,0x0084,0x0044,0x0023,0x0024,0x0004,0x0004,0x0025,0x0045,0x0045,0x0066,
  0x0066,0x0066,0x0066,0x0046,0x0047,0x0048,0x00AA,0x008A,0x0028,0x008A,0x00AA,0x0046,
  0x1069,0x1848,0x0000,0x0000,0x0000,0x0000,0x0000,0x0000,0x0000,0x0000,0x0000,0x0000,
  0x0000,0x0000,0x0000,0x0000,0x0000,0x0000,0x0000,0x0000,0x0000,0x0000,0x0000,0x0000,
  0x0000,0x0000,0x0000,0x0000,0x0000,0x0000,0x0000,0x0000,0x0000,0x0000,0x0000,0x0000,
  0x0000,0x0000,0x0000,0x0000,0x0000,0x0000,0x0000,0x0000,0x0000,0x0000,0x0000,0x0000,
  0x0000,0x0000,0x0000,0x0000,0x0000,0x0000,0x0000,0x0000,0x0000,0x0000,0x0000,0x0000,
  0x0000,0x0000,0x0000,0x0000,0x0000,0x0000,0x0000,0x0000,0x0000,0x0000,0x0000,0x0000,
  0x0000,0x0000,0x0000,0x0000,0x0000,0x0000,0x0000,0x0000,0x0000,0x0000,0x0000,0x0000,
  0x0000,0x0000,0x0000,0x0000,0x0000,0x0000,0x0000,0x0000,0x0000,0x0000,0x0000,0x0000,
  0x0000,0x0000,0x0000,0x0000,0x0000,0x0000,0x0000,0x0000,0x0000,0x0000,0x0000,0x0000,
  0x0000,0x0000,0x0000,0x0000,0x0000,0x0000,0x0000,0x0000,0x0000,0x0000,0x0000,0x0000,
  0x0000,0x0000,0x0000,0x0000,0x0000,0x0000,0x0000,0x0000,0x0000,0x0000,0x0000,0x0000,
  0x0000,0x0000,0x0000,0x0000,0x0000,0x0000,0x0000,0x0000,0x0000,0x0000,0x0000,0x0000,
  0x0000,0x0000,0x0000,0x0000,0x0000,0x0000,0x0000,0x0000,0x0000,0x0000,0x0000,0x0000,
  0x0000,0x0000,0x0000,0x0000,0x0000,0x0000,0x0000,0x0000,0x0000,0x0000,0x0000,0x0000,
  0x0000,0x0000,0x0000,0x0000,0x0000,0x0000,0x0000,0x0000,0x0000,0x2803,0x3003,0x2802,
  0x1801,0x2802,0x3002,0x2002,0x1802,0x1001,0x1001,0x2803,0x2803,0x3004,0x3004,0x3004,
  0x2803,0x1802,0x1002,0x0801,0x0001,0x0801,0x0802,0x0802,0x1002,0x0802,0x0802,0x0802,
  0x0801,0x0001,0x0001,0x0001,0x0001,0x0000,0x0001,0x0001,0x0001,0x0001,0x0001,0x0002,
  0x0002,0x0002,0x0023,0x0023,0x0044,0x0044,0x0044,0x0065,0x0044,0x0044,0x0024,0x0024,
  0x0024,0x0046,0x0089,0x00AA,0x00CC,0x01AE,0x0210,0x2170,0x40EE,0x18AC,0x0089,0x0847,
  0x2829,0x0803,0x0000,0x0000,0x0000,0x0000,0x0000,0x0000,0x0000,0x0000,0x0000,0x0000,
  0x0000,0x0000,0x0000,0x0000,0x0000,0x0000,0x0000,0x0000,0x0000,0x0000,0x0000,0x0000,
  0x0000,0x0000,0x0000,0x0000,0x0000,0x0000,0x0000,0x0000,0x0000,0x0000,0x0000,0x0000,
  0x0000,0x0000,0x0000,0x0000,0x0000,0x0000,0x0000,0x0000,0x0000,0x0000,0x0000,0x0000,
  0x0000,0x0000,0x0000,0x0000,0x0000,0x0000,0x0000,0x0000,0x0000,0x0000,0x0000,0x0000,
  0x0000,0x0000,0x0000,0x0000,0x0000,0x0000,0x0000,0x0000,0x0000,0x0000,0x0000,0x0000,
  0x0000,0x0000,0x0000,0x0000,0x0000,0x0000,0x0000,0x0000,0x0000,0x0000,0x0000,0x0000,
  0x0000,0x0000,0x0000,0x0000,0x0000,0x0000,0x0000,0x0000,0x0000,0x0000,0x0000,0x0000,
  0x0000,0x0000,0x0000,0x0000,0x0000,0x0000,0x0000,0x0000,0x0000,0x0000,0x0000,0x0000,
  0x0000,0x0000,0x0000,0x0000,0x0000,0x0000,0x0000,0x0000,0x0000,0x0000,0x0000,0x0000,
  0x0000,0x0000,0x0000,0x0000,0x0000,0x0000,0x0000,0x0000,0x0000,0x0000,0x0000,0x0000,
  0x0000,0x0000,0x0000,0x0000,0x0000,0x0000,0x0000,0x0000,0x0000,0x0000,0x0000,0x0000,
  0x0000,0x0000,0x0000,0x0000,0x0000,0x0000,0x0000,0x0000,0x0000,0x0000,0x0000,0x0000,
  0x0000,0x0000,0x0000,0x0000,0x0000,0x0000,0x0000,0x0000,0x0000,0x0000,0x0000,0x0000,
  0x0000,0x0000,0x0000,0x0000,0x0000,0x0000,0x0000,0x0000,0x0000,0x0000,0x0801,0x1001,
  0x1802,0x2002,0x3003,0x4005,0x4004,0x3804,0x3004,0x2003,0x1803,0x1802,0x1802,0x1802,
  0x1802,0x1802,0x1002,0x0802,0x0802,0x0801,0x0802,0x0802,0x0802,0x0802,0x0801,0x0001,
  0x0001,0x0001,0x0001,0x0001,0x0001,0x0001,0x0001,0x0001,0x0001,0x0001,0x0001,0x0001,
  0x0001,0x0001,0x0001,0x0001,0x0001,0x0001,0x0002,0x0002,0x0023,0x0024,0x0046,0x0088,
  0x00A9,0x00A9,0x00AA,0x00ED,0x0270,0x33B1,0x63F1,0x4AB1,0x20EC,0x0068,0x1048,0x3028,
  0x1003,0x0000,0x0000,0x0000,0x0000,0x0000,0x0000,0x0000,0x0000,0x0000,0x0000,0x0000,
  0x0000,0x0000,0x0000,0x0000,0x0000,0x0000,0x0000,0x0000,0x0000,0x0000,0x0000,0x0000,
  0x0000,0x0000,0x0000,0x0000,0x0000,0x0000,0x0000,0x0000,0x0000,0x0000,0x0000,0x0000,
  0x0000,0x0000,0x0000,0x0000,0x0000,0x0000,0x0000,0x0000,0x0000,0x0000,0x0000,0x0000,
  0x0000,0x0000,0x0000,0x0000,0x0000,0x0000,0x0000,0x0000,0x0000,0x0000,0x0000,0x0000,
  0x0000,0x0000,0x0000,0x0000,0x0000,0x0000,0x0000,0x0000,0x0000,0x0000,0x0000,0x0000,
  0x0000,0x0000,0x0000,0x0000,0x0000,0x0000,0x0000,0x0000,0x0000,0x0000,0x0000,0x0000,
  0x0000,0x0000,0x0000,0x0000,0x0000,0x0000,0x0000,0x0000,0x0000,0x0000,0x0000,0x0000,
  0x0000,0x0000,0x0000,0x0000,0x0000,0x0000,0x0000,0x0000,0x0000,0x0000,0x0000,0x0000,
  0x0000,0x0000,0x0000,0x0000,0x0000,0x0000,0x0000,0x0000,0x0000,0x0000,0x0000,0x0000,
  0x0000,0x0000,0x0000,0x0000,0x0000,0x0000,0x0000,0x0000,0x0000,0x0000,0x0000,0x0000,
  0x0000,0x0000,0x0000,0x0000,0x0000,0x0000,0x0000,0x0000,0x0000,0x0000,0x0000,0x0000,
  0x0000,0x0000,0x0000,0x0000,0x0000,0x0000,0x0000,0x0000,0x0000,0x0000,0x0000,0x0000,
  0x0000,0x0000,0x0000,0x0000,0x0000,0x0000,0x0000,0x0000,0x0000,0x0000,0x0000,0x0000,
  0x0000,0x0000,0x0000,0x0000,0x0000,0x0000,0x0000,0x0000,0x0000,0x0000,0x0801,0x1002,
  0x0801,0x0801,0x1001,0x2002,0x3003,0x1801,0x1001,0x1001,0x0801,0x0001,0x0000,0x0000,
  0x0000,0x0000,0x0000,0x0000,0x0000,0x0000,0x0000,0x0000,0x0000,0x0000,0x0000,0x0000,
  0x0000,0x0000,0x0000,0x0000,0x0000,0x0000,0x0000,0x0000,0x0000,0x0000,0x0001,0x0001,
  0x0001,0x0001,0x0022,0x0023,0x0044,0x0044,0x0065,0x0066,0x0086,0x0065,0x0044,0x0025,
  0x0068,0x008A,0x018E,0x2B71,0x5431,0x5B90,0x2A2E,0x008B,0x0069,0x1849,0x2827,0x0803,
  0x0000,0x0001,0x0000,0x0000,0x0000,0x0000,0x0000,0x0000,0x0000,0x0000,0x0000,0x0000,
  0x0000,0x0000,0x0000,0x0000,0x0000,0x0000,0x0000,0x0000,0x0000,0x0000,0x0000,0x0000,
  0x0000,0x0000,0x0000,0x0000,0x0000,0x0000,0x0000,0x0000,0x0000,0x0000,0x0000,0x0000,
  0x0000,0x0000,0x0000,0x0000,0x0000,0x0000,0x0000,0x0000,0x0000,0x0000,0x0000,0x0000,
  0x0000,0x0000,0x0000,0x0000,0x0000,0x0000,0x0000,0x0000,0x0000,0x0000,0x0000,0x0000,
  0x0000,0x0000,0x0000,0x0000,0x0000,0x0000,0x0000,0x0000,0x0000,0x0000,0x0000,0x0000,
  0x0000,0x0000,0x0000,0x0000,0x0000,0x0000,0x0000,0x0000,0x0000,0x0000,0x0000,0x0000,
  0x0000,0x0000,0x0000,0x0000,0x0000,0x0000,0x0000,0x0000,0x0000,0x0000,0x0000,0x0000,
  0x0000,0x0000,0x0000,0x0000,0x0000,0x0000,0x0000,0x0000,0x0000,0x0000,0x0000,0x0000,
  0x0000,0x0000,0x0000,0x0000,0x0000,0x0000,0x0000,0x0000,0x0000,0x0000,0x0000,0x0000,
  0x0000,0x0000,0x0000,0x0000,0x0000,0x0000,0x0000,0x0000,0x0000,0x0000,0x0000,0x0000,
  0x0000,0x0000,0x0000,0x0000,0x0000,0x0000,0x0000,0x0000,0x0000,0x0000,0x0000,0x0000,
  0x0000,0x0000,0x0000,0x0000,0x0000,0x0000,0x0000,0x0000,0x0000,0x0000,0x0000,0x0000,
  0x0000,0x0000,0x0000,0x0000,0x0000,0x0000,0x0000,0x0000,0x0000,0x0000,0x0000,0x0000,
  0x0000,0x0000,0x0000,0x0000,0x0000,0x0000,0x0000,0x0000,0x0000,0x0001,0x1002,0x1002,
  0x2803,0x1802,0x2803,0x5846,0x60A8,0x5867,0x4025,0x2003,0x2003,0x1802,0x0801,0x0801,
  0x0001,0x0001,0x0001,0x0001,0x0000,0x0000,0x0000,0x0000,0x0000,0x0000,0x0000,0x0000,
  0x0000,0x0000,0x0000,0x0000,0x0000,0x0000,0x0000,0x0000,0x0000,0x0001,0x0001,0x0001,
  0x0001,0x0002,0x0022,0x0023,0x0023,0x0003,0x0003,0x0003,0x0003,0x0025,0x0086,0x00E9,
  0x01AD,0x0A50,0x12D0,0x224D,0x092C,0x00AC,0x08EC,0x396D,0x40EB,0x1806,0x0003,0x0002,
  0x0000,0x0001,0x0000,0x0000,0x0000,0x0000,0x0000,0x0000,0x0000,0x0000,0x0000,0x0000,
  0x0000,0x0000,0x0000,0x0000,0x0000,0x0000,0x0000,0x0000,0x0000,0x0000,0x0000,0x0000,
  0x0000,0x0000,0x0000,0x0000,0x0000,0x0000,0x0000,0x0000,0x0000,0x0000,0x0000,0x0000,
  0x0000,0x0000,0x0000,0x0000,0x0000,0x0000,0x0000,0x0000,0x0000,0x0000,0x0000,0x0000,
  0x0000,0x0000,0x0000,0x0000,0x0000,0x0000,0x0000,0x0000,0x0000,0x0000,0x0000,0x0000,
  0x0000,0x0000,0x0000,0x0000,0x0000,0x0000,0x0000,0x0000,0x0000,0x0000,0x0000,0x0000,
  0x0000,0x0000,0x0000,0x0000,0x0000,0x0000,0x0000,0x0000,0x0000,0x0000,0x0000,0x0000,
  0x0000,0x0000,0x0000,0x0000,0x0000,0x0000,0x0000,0x0000,0x0000,0x0000,0x0000,0x0000,
  0x0000,0x0000,0x0000,0x0000,0x0000,0x0000,0x0000,0x0000,0x0000,0x0000,0x0000,0x0000,
  0x0000,0x0000,0x0000,0x0000,0x0000,0x0000,0x0000,0x0000,0x0000,0x0000,0x0000,0x0000,
  0x0000,0x0000,0x0000,0x0000,0x0000,0x0000,0x0000,0x0000,0x0000,0x0000,0x0000,0x0000,
  0x0000,0x0000,0x0000,0x0000,0x0000,0x0000,0x0000,0x0000,0x0000,0x0000,0x0000,0x0000,
  0x0000,0x0000,0x0000,0x0000,0x0000,0x0000,0x0000,0x0000,0x0000,0x0000,0x0000,0x0000,
  0x0000,0x0000,0x0000,0x0000,0x0000,0x0000,0x0000,0x0000,0x0000,0x0000,0x0000,0x0000,
  0x0000,0x0000,0x0000,0x0000,0x0000,0x0000,0x0000,0x0000,0x0802,0x1803,0x1002,0x1002,
  0x3003,0x2803,0x5005,0x89AC,0x8A4E,0x88AC,0x6027,0x2803,0x3004,0x2003,0x1802,0x1002,
  0x0801,0x0001,0x0000,0x0000,0x0000,0x0000,0x0000,0x0000,0x0000,0x0000,0x0000,0x0000,
  0x0000,0x0000,0x0000,0x0000,0x0000,0x0000,0x0000,0x0000,0x0000,0x0000,0x0000,0x0000,
  0x0000,0x0001,0x0023,0x0065,0x00C7,0x0929,0x11AB,0x1A0C,0x1A4E,0x1A4E,0x1A4E,0x09ED,
  0x016B,0x00C9,0x0089,0x08EB,0x29CD,0x420E,0x49AB,0x2887,0x0803,0x0002,0x0004,0x0068,
  0x0002,0x0000,0x0001,0x0000,0x0000,0x0000,0x0000,0x0000,0x0000,0x0000,0x0000,0x0000,
  0x0000,0x0000,0x0000,0x0000,0x0000,0x0000,0x0000,0x0000,0x0000,0x0000,0x0000,0x0000,
  0x0000,0x0000,0x0000,0x0000,0x0000,0x0000,0x0000,0x0000,0x0000,0x0000,0x0000,0x0000,
  0x0000,0x0000,0x0000,0x0000,0x0000,0x0000,0x0000,0x0000,0x0000,0x0000,0x0000,0x0000,
  0x0000,0x0000,0x0000,0x0000,0x0000,0x0000,0x0000,0x0000,0x0000,0x0000,0x0000,0x0000,
  0x0000,0x0000,0x0000,0x0000,0x0000,0x0000,0x0000,0x0000,0x0000,0x0000,0x0000,0x0000,
  0x0000,0x0000,0x0000,0x0000,0x0000,0x0000,0x0000,0x0000,0x0000,0x0000,0x0000,0x0000,
  0x0000,0x0000,0x0000,0x0000,0x0000,0x0000,0x0000,0x0000,0x0000,0x0000,0x0000,0x0000,
  0x0000,0x0000,0x0000,0x0000,0x0000,0x0000,0x0000,0x0000,0x0000,0x0000,0x0000,0x0000,
  0x0000,0x0000,0x0000,0x0000,0x0000,0x0000,0x0000,0x0000,0x0000,0x0000,0x0000,0x0000,
  0x0000,0x0000,0x0000,0x0000,0x0000,0x0000,0x0000,0x0000,0x0000,0x0000,0x0000,0x0000,
  0x0000,0x0000,0x0000,0x0000,0x0000,0x0000,0x0000,0x0000,0x0000,0x0000,0x0000,0x0000,
  0x0000,0x0000,0x0000,0x0000,0x0000,0x0000,0x0000,0x0000,0x0000,0x0000,0x0000,0x0000,
  0x0000,0x0000,0x0000,0x0000,0x0000,0x0000,0x0000,0x0000,0x0000,0x0000,0x0000,0x0000,
  0x0000,0x0000,0x0000,0x0000,0x0000,0x0000,0x0000,0x1002,0x2804,0x2003,0x0802,0x1802,
  0x2803,0x3003,0x5826,0x6909,0x710A,0x7869,0x6027,0x4005,0x2803,0x1002,0x1002,0x1002,
  0x0801,0x0001,0x0000,0x0000,0x0000,0x0000,0x0000,0x0000,0x0000,0x0000,0x0000,0x0000,
  0x0000,0x0000,0x0000,0x0000,0x0000,0x0000,0x0001,0x0001,0x0022,0x0043,0x0085,0x00C7,
  0x00E9,0x096B,0x09CC,0x122D,0x124D,0x120D,0x11CD,0x098C,0x014B,0x010A,0x010A,0x012B,
  0x098B,0x220D,0x322E,0x39EC,0x2929,0x1066,0x0004,0x0003,0x0003,0x0003,0x0025,0x0089,
  0x0068,0x0001,0x0000,0x0000,0x0000,0x0000,0x0000,0x0000,0x0000,0x0000,0x0000,0x0000,
  0x0000,0x0000,0x0000,0x0000,0x0000,0x0000,0x0000,0x0000,0x0000,0x0000,0x0000,0x0000,
  0x0000,0x0000,0x0000,0x0000,0x0000,0x0000,0x0000,0x0000,0x0000,0x0000,0x0000,0x0000,
  0x0000,0x0000,0x0000,0x0000,0x0000,0x0000,0x0000,0x0000,0x0000,0x0000,0x0000,0x0000,
  0x0000,0x0000,0x0000,0x0000,0x0000,0x0000,0x0000,0x0000,0x0000,0x0000,0x0000,0x0000,
  0x0000,0x0000,0x0000,0x0000,0x0000,0x0000,0x0000,0x0000,0x0000,0x0000,0x0000,0x0000,
  0x0000,0x0000,0x0000,0x0000,0x0000,0x0000,0x0000,0x0000,0x0000,0x0000,0x0000,0x0000,
  0x0000,0x0000,0x0000,0x0000,0x0000,0x0000,0x0000,0x0000,0x0000,0x0000,0x0000,0x0000,
  0x0000,0x0000,0x0000,0x0000,0x0000,0x0000,0x0000,0x0000,0x0000,0x0000,0x0000,0x0000,
  0x0000,0x0000,0x0000,0x0000,0x0000,0x0000,0x0000,0x0000,0x0000,0x0000,0x0000,0x0000,
  0x0000,0x0000,0x0000,0x0000,0x0000,0x0000,0x0000,0x0000,0x0000,0x0000,0x0000,0x0000,
  0x0000,0x0000,0x0000,0x0000,0x0000,0x0000,0x0000,0x0000,0x0000,0x0000,0x0000,0x0000,
  0x0000,0x0000,0x0000,0x0000,0x0000,0x0000,0x0000,0x0000,0x0000,0x0000,0x0000,0x0000,
  0x0000,0x0000,0x0000,0x0000,0x0000,0x0000,0x0000,0x0000,0x0000,0x0000,0x0000,0x0000,
  0x0000,0x0000,0x0000,0x0000,0x0000,0x0000,0x0000,0x1002,0x2003,0x2003,0x2003,0x1802,
  0x1002,0x1801,0x1801,0x2001,0x3003,0x4004,0x2002,0x1001,0x1001,0x0801,0x0801,0x0801,
  0x0801,0x0801,0x0001,0x0001,0x0001,0x0001,0x0001,0x0001,0x0001,0x0001,0x0001,0x0001,
  0x0001,0x0001,0x0002,0x0002,0x0002,0x0023,0x0043,0x0044,0x0045,0x0065,0x0086,0x0086,
  0x0065,0x00A6,0x00C6,0x00E7,0x0129,0x014A,0x09AC,0x11ED,0x1A0D,0x122D,0x124D,0x11CB,
  0x1149,0x18A7,0x1025,0x0005,0x0026,0x0066,0x0045,0x0025,0x0024,0x0046,0x0046,0x0025,
  0x0068,0x0045,0x0000,0x0000,0x0000,0x0000,0x0000,0x0000,0x0000,0x0000,0x0000,0x0000,
  0x0000,0x0000,0x0000,0x0000,0x0000,0x0000,0x0000,0x0000,0x0000,0x0000,0x0000,0x0000,
  0x0000,0x0000,0x0000,0x0000,0x0000,0x0000,0x0000,0x0000,0x0000,0x0000,0x0000,0x0000,
  0x0000,0x0000,0x0000,0x0000,0x0000,0x0000,0x0000,0x0000,0x0000,0x0000,0x0000,0x0000,
  0x0000,0x0000,0x0000,0x0000,0x0000,0x0000,0x0000,0x0000,0x0000,0x0000,0x0000,0x0000,
  0x0000,0x0000,0x0000,0x0000,0x0000,0x0000,0x0000,0x0000,0x0000,0x0000,0x0000,0x0000,
  0x0000,0x0000,0x0000,0x0000,0x0000,0x0000,0x0000,0x0000,0x0000,0x0000,0x0000,0x0000,
  0x0000,0x0000,0x0000,0x0000,0x0000,0x0000,0x0000,0x0000,0x0000,0x0000,0x0000,0x0000,
  0x0000,0x0000,0x0000,0x0000,0x0000,0x0000,0x0000,0x0000,0x0000,0x0000,0x0000,0x0000,
  0x0000,0x0000,0x0000,0x0000,0x0000,0x0000,0x0000,0x0000,0x0000,0x0000,0x0000,0x0000,
  0x0000,0x0000,0x0000,0x0000,0x0000,0x0000,0x0000,0x0000,0x0000,0x0000,0x0000,0x0000,
  0x0000,0x0000,0x0000,0x0000,0x0000,0x0000,0x0000,0x0000,0x0000,0x0000,0x0000,0x0000,
  0x0000,0x0000,0x0000,0x0000,0x0000,0x0000,0x0000,0x0000,0x0000,0x0000,0x0000,0x0000,
  0x0000,0x0000,0x0000,0x0000,0x0000,0x0000,0x0000,0x0000,0x0000,0x0000,0x0000,0x0000,
  0x0000,0x0000,0x0000,0x0000,0x0000,0x0000,0x0000,0x0000,0x1002,0x1002,0x1802,0x4825,
  0x60A8,0x710A,0x712A,0x7109,0x6068,0x5026,0x3805,0x2803,0x2803,0x2003,0x1802,0x1803,
  0x1803,0x1803,0x2004,0x2004,0x2004,0x1803,0x0802,0x0802,0x0802,0x0001,0x0002,0x0002,
  0x0002,0x0002,0x0002,0x0023,0x0043,0x0024,0x0044,0x0066,0x0086,0x00A7,0x00A8,0x00E9,
  0x0129,0x094A,0x11AA,0x11AA,0x0989,0x0949,0x0928,0x08A6,0x0864,0x0024,0x0003,0x0003,
  0x0024,0x0045,0x0066,0x0066,0x0066,0x0067,0x0046,0x0046,0x0025,0x0068,0x0847,0x0047,
  0x1068,0x1825,0x0000,0x0000,0x0000,0x0000,0x0000,0x0000,0x0000,0x0000,0x0000,0x0000,
  0x0000,0x0000,0x0000,0x0000,0x0000,0x0000,0x0000,0x0000,0x0000,0x0000,0x0000,0x0000,
  0x0000,0x0000,0x0000,0x0000,0x0000,0x0000,0x0000,0x0000,0x0000,0x0000,0x0000,0x0000,
  0x0000,0x0000,0x0000,0x0000,0x0000,0x0000,0x0000,0x0000,0x0000,0x0000,0x0000,0x0000,
  0x0000,0x0000,0x0000,0x0000,0x0000,0x0000,0x0000,0x0000,0x0000,0x0000,0x0000,0x0000,
  0x0000,0x0000,0x0000,0x0000,0x0000,0x0000,0x0000,0x0000,0x0000,0x0000,0x0000,0x0000,
  0x0000,0x0000,0x0000,0x0000,0x0000,0x0000,0x0000,0x0000,0x0000,0x0000,0x0000,0x0000,
  0x0000,0x0000,0x0000,0x0000,0x0000,0x0000,0x0000,0x0000,0x0000,0x0000,0x0000,0x0000,
  0x0000,0x0000,0x0000,0x0000,0x0000,0x0000,0x0000,0x0000,0x0000,0x0000,0x0000,0x0000,
  0x0000,0x0000,0x0000,0x0000,0x0000,0x0000,0x0000,0x0000,0x0000,0x0000,0x0000,0x0000,
  0x0000,0x0000,0x0000,0x0000,0x0000,0x0000,0x0000,0x0000,0x0000,0x0000,0x0000,0x0000,
  0x0000,0x0000,0x0000,0x0000,0x0000,0x0000,0x0000,0x0000,0x0000,0x0000,0x0000,0x0000,
  0x0000,0x0000,0x0000,0x0000,0x0000,0x0000,0x0000,0x0000,0x0000,0x0000,0x0000,0x0000,
  0x0000,0x0000,0x0000,0x0000,0x0000,0x0000,0x0000,0x0000,0x0000,0x0000,0x0000,0x0000,
  0x0000,0x0000,0x0000,0x0000,0x0000,0x0000,0x0000,0x0000,0x0801,0x2003,0x2003,0x2803,
  0x3003,0x3824,0x4045,0x4045,0x3825,0x3824,0x3004,0x3004,0x3804,0x2803,0x1802,0x1002,
  0x1802,0x1803,0x1803,0x2003,0x2003,0x1002,0x0802,0x0801,0x0801,0x0001,0x0001,0x0001,
  0x0001,0x0001,0x0001,0x0022,0x0022,0x0022,0x0023,0x0043,0x0043,0x0022,0x0022,0x0022,
  0x0001,0x0001,0x0001,0x0001,0x0002,0x0002,0x0003,0x0044,0x0065,0x0065,0x0065,0x0045,
  0x0044,0x0024,0x0025,0x0047,0x0089,0x008A,0x008A,0x106A,0x206A,0x288B,0x0847,0x0025,
  0x3049,0x1003,0x0000,0x0000,0x0000,0x0000,0x0000,0x0000,0x0000,0x0000,0x0000,0x0000,
  0x0000,0x0000,0x0000,0x0000,0x0000,0x0000,0x0000,0x0000,0x0000,0x0000,0x0000,0x0000,
  0x0000,0x0000,0x0000,0x0000,0x0000,0x0000,0x0000,0x0000,0x0000,0x0000,0x0000,0x0000,
  0x0000,0x0000,0x0000,0x0000,0x0000,0x0000,0x0000,0x0000,0x0000,0x0000,0x0000,0x0000,
  0x0000,0x0000,0x0000,0x0000,0x0000,0x0000,0x0000,0x0000,0x0000,0x0000,0x0000,0x0000,
  0x0000,0x0000,0x0000,0x0000,0x0000,0x0000,0x0000,0x0000,0x0000,0x0000,0x0000,0x0000,
  0x0000,0x0000,0x0000,0x0000,0x0000,0x0000,0x0000,0x0000,0x0000,0x0000,0x0000,0x0000,
  0x0000,0x0000,0x0000,0x0000,0x0000,0x0000,0x0000,0x0000,0x0000,0x0000,0x0000,0x0000,
  0x0000,0x0000,0x0000,0x0000,0x0000,0x0000,0x0000,0x0000,0x0000,0x0000,0x0000,0x0000,
  0x0000,0x0000,0x0000,0x0000,0x0000,0x0000,0x0000,0x0000,0x0000,0x0000,0x0000,0x0000,
  0x0000,0x0000,0x0000,0x0000,0x0000,0x0000,0x0000,0x0000,0x0000,0x0000,0x0000,0x0000,
  0x0000,0x0000,0x0000,0x0000,0x0000,0x0000,0x0000,0x0000,0x0000,0x0000,0x0000,0x0000,
  0x0000,0x0000,0x0000,0x0000,0x0000,0x0000,0x0000,0x0000,0x0000,0x0000,0x0000,0x0000,
  0x0000,0x0000,0x0000,0x0000,0x0000,0x0000,0x0000,0x0000,0x0000,0x0000,0x0000,0x0000,
  0x0000,0x0000,0x0000,0x0000,0x0000,0x0000,0x0000,0x0000,0x0000,0x0000,0x1002,0x1802,
  0x2002,0x2002,0x2803,0x3803,0x3003,0x2002,0x2002,0x2002,0x2002,0x2803,0x2804,0x2003,
  0x2003,0x2003,0x1803,0x1002,0x0801,0x0001,0x0801,0x0801,0x0802,0x0802,0x0801,0x0801,
  0x0001,0x0001,0x0001,0x0000,0x0000,0x0000,0x0000,0x0000,0x0001,0x0001,0x0001,0x0002,
  0x0002,0x0002,0x0022,0x0022,0x0022,0x0022,0x0002,0x0002,0x0002,0x0002,0x0023,0x0024,
  0x0045,0x0088,0x00A9,0x008A,0x010E,0x01D0,0x32D0,0x4950,0x408C,0x0848,0x0026,0x1848,
  0x2005,0x0000,0x0000,0x0000,0x0000,0x0000,0x0000,0x0000,0x0000,0x0000,0x0000,0x0000,
  0x0000,0x0000,0x0000,0x0000,0x0000,0x0000,0x0000,0x0000,0x0000,0x0000,0x0000,0x0000,
  0x0000,0x0000,0x0000,0x0000,0x0000,0x0000,0x0000,0x0000,0x0000,0x0000,0x0000,0x0000,
  0x0000,0x0000,0x0000,0x0000,0x0000,0x0000,0x0000,0x0000,0x0000,0x0000,0x0000,0x0000,
  0x0000,0x0000,0x0000,0x0000,0x0000,0x0000,0x0000,0x0000,0x0000,0x0000,0x0000,0x0000,
  0x0000,0x0000,0x0000,0x0000,0x0000,0x0000,0x0000,0x0000,0x0000,0x0000,0x0000,0x0000,
  0x0000,0x0000,0x0000,0x0000,0x0000,0x0000,0x0000,0x0000,0x0000,0x0000,0x0000,0x0000,
  0x0000,0x0000,0x0000,0x0000,0x0000,0x0000,0x0000,0x0000,0x0000,0x0000,0x0000,0x0000,
  0x0000,0x0000,0x0000,0x0000,0x0000,0x0000,0x0000,0x0000,0x0000,0x0000,0x0000,0x0000,
  0x0000,0x0000,0x0000,0x0000,0x0000,0x0000,0x0000,0x0000,0x0000,0x0000,0x0000,0x0000,
  0x0000,0x0000,0x0000,0x0000,0x0000,0x0000,0x0000,0x0000,0x0000,0x0000,0x0000,0x0000,
  0x0000,0x0000,0x0000,0x0000,0x0000,0x0000,0x0000,0x0000,0x0000,0x0000,0x0000,0x0000,
  0x0000,0x0000,0x0000,0x0000,0x0000,0x0000,0x0000,0x0000,0x0000,0x0000,0x0000,0x0000,
  0x0000,0x0000,0x0000,0x0000,0x0000,0x0000,0x0000,0x0000,0x0000,0x0000,0x0000,0x0000,
  0x0000,0x0000,0x0000,0x0000,0x0000,0x0000,0x0000,0x0000,0x0000,0x0000,0x0801,0x0801,
  0x0001,0x0801,0x1802,0x3004,0x3804,0x3004,0x3004,0x2803,0x1802,0x0801,0x0801,0x0801,
  0x0801,0x0801,0x0801,0x0801,0x0801,0x0001,0x0001,0x0001,0x0001,0x0001,0x0001,0x0001,
  0x0000,0x0000,0x0000,0x0000,0x0000,0x0000,0x0000,0x0000,0x0000,0x0000,0x0000,0x0001,
  0x0001,0x0001,0x0001,0x0001,0x0002,0x0002,0x0023,0x0024,0x0045,0x0045,0x0065,0x0066,
  0x0087,0x008A,0x008A,0x018F,0x12D1,0x43D1,0x4330,0x110C,0x0027,0x0047,0x1868,0x1825,
  0x0001,0x0000,0x0000,0x0000,0x0000,0x0000,0x0000,0x0000,0x0000,0x0000,0x0000,0x0000,
  0x0000,0x0000,0x0000,0x0000,0x0000,0x0000,0x0000,0x0000,0x0000,0x0000,0x0000,0x0000,
  0x0000,0x0000,0x0000,0x0000,0x0000,0x0000,0x0000,0x0000,0x0000,0x0000,0x0000,0x0000,
  0x0000,0x0000,0x0000,0x0000,0x0000,0x0000,0x0000,0x0000,0x0000,0x0000,0x0000,0x0000,
  0x0000,0x0000,0x0000,0x0000,0x0000,0x0000,0x0000,0x0000,0x0000,0x0000,0x0000,0x0000,
  0x0000,0x0000,0x0000,0x0000,0x0000,0x0000,0x0000,0x0000,0x0000,0x0000,0x0000,0x0000,
  0x0000,0x0000,0x0000,0x0000,0x0000,0x0000,0x0000,0x0000,0x0000,0x0000,0x0000,0x0000,
  0x0000,0x0000,0x0000,0x0000,0x0000,0x0000,0x0000,0x0000,0x0000,0x0000,0x0000,0x0000,
  0x0000,0x0000,0x0000,0x0000,0x0000,0x0000,0x0000,0x0000,0x0000,0x0000,0x0000,0x0000,
  0x0000,0x0000,0x0000,0x0000,0x0000,0x0000,0x0000,0x0000,0x0000,0x0000,0x0000,0x0000,
  0x0000,0x0000,0x0000,0x0000,0x0000,0x0000,0x0000,0x0000,0x0000,0x0000,0x0000,0x0000,
  0x0000,0x0000,0x0000,0x0000,0x0000,0x0000,0x0000,0x0000,0x0000,0x0000,0x0000,0x0000,
  0x0000,0x0000,0x0000,0x0000,0x0000,0x0000,0x0000,0x0000,0x0000,0x0000,0x0000,0x0000,
  0x0000,0x0000,0x0000,0x0000,0x0000,0x0000,0x0000,0x0000,0x0000,0x0000,0x0000,0x0000,
  0x0000,0x0000,0x0000,0x0000,0x0000,0x0000,0x0000,0x0000,0x0000,0x0001,0x1002,0x0801,
  0x1002,0x1001,0x0801,0x2803,0x2803,0x2002,0x1001,0x0801,0x0801,0x0801,0x0801,0x0801,
  0x0001,0x0000,0x0000,0x0000,0x0000,0x0000,0x0000,0x0000,0x0000,0x0000,0x0000,0x0000,
  0x0000,0x0000,0x0000,0x0000,0x0000,0x0000,0x0000,0x0000,0x0001,0x0001,0x0001,0x0001,
  0x0001,0x0002,0x0022,0x0023,0x0044,0x0044,0x0064,0x0044,0x0023,0x0003,0x0003,0x0004,
  0x00A9,0x09CD,0x1290,0x12F0,0x22CF,0x094C,0x004A,0x0869,0x2068,0x2047,0x1025,0x0001,
  0x0000,0x0001,0x0000,0x0000,0x0000,0x0000,0x0000,0x0000,0x0000,0x0000,0x0000,0x0000,
  0x0000,0x0000,0x0000,0x0000,0x0000,0x0000,0x0000,0x0000,0x0000,0x0000,0x0000,0x0000,
  0x0000,0x0000,0x0000,0x0000,0x0000,0x0000,0x0000,0x0000,0x0000,0x0000,0x0000,0x0000,
  0x0000,0x0000,0x0000,0x0000,0x0000,0x0000,0x0000,0x0000,0x0000,0x0000,0x0000,0x0000,
  0x0000,0x0000,0x0000,0x0000,0x0000,0x0000,0x0000,0x0000,0x0000,0x0000,0x0000,0x0000,
  0x0000,0x0000,0x0000,0x0000,0x0000,0x0000,0x0000,0x0000,0x0000,0x0000,0x0000,0x0000,
  0x0000,0x0000,0x0000,0x0000,0x0000,0x0000,0x0000,0x0000,0x0000,0x0000,0x0000,0x0000,
  0x0000,0x0000,0x0000,0x0000,0x0000,0x0000,0x0000,0x0000,0x0000,0x0000,0x0000,0x0000,
  0x0000,0x0000,0x0000,0x0000,0x0000,0x0000,0x0000,0x0000,0x0000,0x0000,0x0000,0x0000,
  0x0000,0x0000,0x0000,0x0000,0x0000,0x0000,0x0000,0x0000,0x0000,0x0000,0x0000,0x0000,
  0x0000,0x0000,0x0000,0x0000,0x0000,0x0000,0x0000,0x0000,0x0000,0x0000,0x0000,0x0000,
  0x0000,0x0000,0x0000,0x0000,0x0000,0x0000,0x0000,0x0000,0x0000,0x0000,0x0000,0x0000,
  0x0000,0x0000,0x0000,0x0000,0x0000,0x0000,0x0000,0x0000,0x0000,0x0000,0x0000,0x0000,
  0x0000,0x0000,0x0000,0x0000,0x0000,0x0000,0x0000,0x0000,0x0000,0x0000,0x0000,0x0000,
  0x0000,0x0000,0x0000,0x0000,0x0000,0x0000,0x0000,0x0000,0x0801,0x1803,0x1002,0x0801,
  0x1002,0x1802,0x3804,0x80CA,0x896C,0x8069,0x5806,0x3003,0x1802,0x1001,0x0801,0x0801,
  0x0001,0x0001,0x0001,0x0000,0x0000,0x0000,0x0000,0x0000,0x0000,0x0000,0x0000,0x0000,
  0x0000,0x0000,0x0000,0x0000,0x0000,0x0000,0x0000,0x0000,0x0000,0x0000,0x0001,0x0001,
  0x0001,0x0001,0x0001,0x0001,0x0001,0x0002,0x0003,0x0024,0x0065,0x00C8,0x094B,0x09EE,
  0x0A0E,0x09EE,0x014C,0x008B,0x004A,0x18EB,0x394C,0x40EA,0x2046,0x0003,0x0024,0x0066,
  0x0001,0x0000,0x0000,0x0000,0x0000,0x0000,0x0000,0x0000,0x0000,0x0000,0x0000,0x0000,
  0x0000,0x0000,0x0000,0x0000,0x0000,0x0000,0x0000,0x0000,0x0000,0x0000,0x0000,0x0000,
  0x0000,0x0000,0x0000,0x0000,0x0000,0x0000,0x0000,0x0000,0x0000,0x0000,0x0000,0x0000,
  0x0000,0x0000,0x0000,0x0000,0x0000,0x0000,0x0000,0x0000,0x0000,0x0000,0x0000,0x0000,
  0x0000,0x0000,0x0000,0x0000,0x0000,0x0000,0x0000,0x0000,0x0000,0x0000,0x0000,0x0000,
  0x0000,0x0000,0x0000,0x0000,0x0000,0x0000,0x0000,0x0000,0x0000,0x0000,0x0000,0x0000,
  0x0000,0x0000,0x0000,0x0000,0x0000,0x0000,0x0000,0x0000,0x0000,0x0000,0x0000,0x0000,
  0x0000,0x0000,0x0000,0x0000,0x0000,0x0000,0x0000,0x0000,0x0000,0x0000,0x0000,0x0000,
  0x0000,0x0000,0x0000,0x0000,0x0000,0x0000,0x0000,0x0000,0x0000,0x0000,0x0000,0x0000,
  0x0000,0x0000,0x0000,0x0000,0x0000,0x0000,0x0000,0x0000,0x0000,0x0000,0x0000,0x0000,
  0x0000,0x0000,0x0000,0x0000,0x0000,0x0000,0x0000,0x0000,0x0000,0x0000,0x0000,0x0000,
  0x0000,0x0000,0x0000,0x0000,0x0000,0x0000,0x0000,0x0000,0x0000,0x0000,0x0000,0x0000,
  0x0000,0x0000,0x0000,0x0000,0x0000,0x0000,0x0000,0x0000,0x0000,0x0000,0x0000,0x0000,
  0x0000,0x0000,0x0000,0x0000,0x0000,0x0000,0x0000,0x0000,0x0000,0x0000,0x0000,0x0000,
  0x0000,0x0000,0x0000,0x0000,0x0000,0x0000,0x0000,0x0801,0x1803,0x1803,0x1002,0x2003,
  0x3004,0x2803,0x5805,0x896C,0x89AC,0x886A,0x5005,0x2803,0x2803,0x1802,0x0801,0x0001,
  0x0000,0x0000,0x0000,0x0000,0x0000,0x0000,0x0000,0x0000,0x0000,0x0000,0x0000,0x0000,
  0x0000,0x0000,0x0000,0x0000,0x0000,0x0000,0x0000,0x0000,0x0000,0x0000,0x0000,0x0000,
  0x0001,0x0022,0x0064,0x00C6,0x0149,0x09CB,0x122D,0x122D,0x124E,0x09CD,0x094B,0x00E9,
  0x0088,0x0089,0x190C,0x39AD,0x41AC,0x3969,0x1886,0x0003,0x0002,0x0023,0x0024,0x0089,
  0x00A8,0x0001,0x0000,0x0000,0x0000,0x0000,0x0000,0x0000,0x0000,0x0000,0x0000,0x0000,
  0x0000,0x0000,0x0000,0x0000,0x0000,0x0000,0x0000,0x0000,0x0000,0x0000,0x0000,0x0000,
  0x0000,0x0000,0x0000,0x0000,0x0000,0x0000,0x0000,0x0000,0x0000,0x0000,0x0000,0x0000,
  0x0000,0x0000,0x0000,0x0000,0x0000,0x0000,0x0000,0x0000,0x0000,0x0000,0x0000,0x0000,
  0x0000,0x0000,0x0000,0x0000,0x0000,0x0000,0x0000,0x0000,0x0000,0x0000,0x0000,0x0000,
  0x0000,0x0000,0x0000,0x0000,0x0000,0x0000,0x0000,0x0000,0x0000,0x0000,0x0000,0x0000,
  0x0000,0x0000,0x0000,0x0000,0x0000,0x0000,0x0000,0x0000,0x0000,0x0000,0x0000,0x0000,
  0x0000,0x0000,0x0000,0x0000,0x0000,0x0000,0x0000,0x0000,0x0000,0x0000,0x0000,0x0000,
  0x0000,0x0000,0x0000,0x0000,0x0000,0x0000,0x0000,0x0000,0x0000,0x0000,0x0000,0x0000,
  0x0000,0x0000,0x0000,0x0000,0x0000,0x0000,0x0000,0x0000,0x0000,0x0000,0x0000,0x0000,
  0x0000,0x0000,0x0000,0x0000,0x0000,0x0000,0x0000,0x0000,0x0000,0x0000,0x0000,0x0000,
  0x0000,0x0000,0x0000,0x0000,0x0000,0x0000,0x0000,0x0000,0x0000,0x0000,0x0000,0x0000,
  0x0000,0x0000,0x0000,0x0000,0x0000,0x0000,0x0000,0x0000,0x0000,0x0000,0x0000,0x0000,
  0x0000,0x0000,0x0000,0x0000,0x0000,0x0000,0x0000,0x0000,0x0000,0x0000,0x0000,0x0000,
  0x0000,0x0000,0x0000,0x0000,0x0000,0x0000,0x0000,0x1002,0x2803,0x1802,0x1802,0x1001,
  0x1802,0x2002,0x3003,0x5826,0x7048,0x5826,0x3824,0x3804,0x2803,0x2002,0x1002,0x0801,
  0x0801,0x0801,0x0001,0x0001,0x0000,0x0000,0x0000,0x0000,0x0000,0x0000,0x0000,0x0000,
  0x0000,0x0000,0x0000,0x0000,0x0001,0x0001,0x0022,0x0023,0x0044,0x0065,0x00A7,0x00C7,
  0x00E9,0x094A,0x0169,0x098A,0x016A,0x012A,0x010A,0x010B,0x094C,0x096B,0x098B,0x09CC,
  0x11EC,0x31CB,0x3129,0x18A6,0x0024,0x0004,0x0003,0x0003,0x0024,0x0025,0x0025,0x0067,
  0x0088,0x0024,0x0000,0x0000,0x0000,0x0000,0x0000,0x0000,0x0000,0x0000,0x0000,0x0000,
  0x0000,0x0000,0x0000,0x0000,0x0000,0x0000,0x0000,0x0000,0x0000,0x0000,0x0000,0x0000,
  0x0000,0x0000,0x0000,0x0000,0x0000,0x0000,0x0000,0x0000,0x0000,0x0000,0x0000,0x0000,
  0x0000,0x0000,0x0000,0x0000,0x0000,0x0000,0x0000,0x0000,0x0000,0x0000,0x0000,0x0000,
  0x0000,0x0000,0x0000,0x0000,0x0000,0x0000,0x0000,0x0000,0x0000,0x0000,0x0000,0x0000,
  0x0000,0x0000,0x0000,0x0000,0x0000,0x0000,0x0000,0x0000,0x0000,0x0000,0x0000,0x0000,
  0x0000,0x0000,0x0000,0x0000,0x0000,0x0000,0x0000,0x0000,0x0000,0x0000,0x0000,0x0000,
  0x0000,0x0000,0x0000,0x0000,0x0000,0x0000,0x0000,0x0000,0x0000,0x0000,0x0000,0x0000,
  0x0000,0x0000,0x0000,0x0000,0x0000,0x0000,0x0000,0x0000,0x0000,0x0000,0x0000,0x0000,
  0x0000,0x0000,0x0000,0x0000,0x0000,0x0000,0x0000,0x0000,0x0000,0x0000,0x0000,0x0000,
  0x0000,0x0000,0x0000,0x0000,0x0000,0x0000,0x0000,0x0000,0x0000,0x0000,0x0000,0x0000,
  0x0000,0x0000,0x0000,0x0000,0x0000,0x0000,0x0000,0x0000,0x0000,0x0000,0x0000,0x0000,
  0x0000,0x0000,0x0000,0x0000,0x0000,0x0000,0x0000,0x0000,0x0000,0x0000,0x0000,0x0000,
  0x0000,0x0000,0x0000,0x0000,0x0000,0x0000,0x0000,0x0000,0x0000,0x0000,0x0000,0x0000,
  0x0000,0x0000,0x0000,0x0000,0x0000,0x0000,0x0000,0x0000,0x2003,0x2003,0x1802,0x2803,
  0x3824,0x4045,0x3844,0x3024,0x3804,0x2002,0x1001,0x0801,0x0801,0x0801,0x0801,0x0001,
  0x0001,0x0000,0x0001,0x0001,0x0000,0x0001,0x0001,0x0001,0x0001,0x0000,0x0001,0x0001,
  0x0001,0x0001,0x0001,0x0002,0x0022,0x0022,0x0043,0x0043,0x0043,0x0044,0x0064,0x0064,
  0x0085,0x00A6,0x08E7,0x0108,0x096A,0x09CB,0x122D,0x1A4C,0x1A0B,0x11CA,0x0928,0x00A6,
  0x0044,0x0003,0x0003,0x0024,0x0044,0x0025,0x0025,0x0004,0x0025,0x0025,0x0046,0x0047,
  0x0827,0x1025,0x0000,0x0000,0x0000,0x0000,0x0000,0x0000,0x0000,0x0000,0x0000,0x0000,
  0x0000,0x0000,0x0000,0x0000,0x0000,0x0000,0x0000,0x0000,0x0000,0x0000,0x0000,0x0000,
  0x0000,0x0000,0x0000,0x0000,0x0000,0x0000,0x0000,0x0000,0x0000,0x0000,0x0000,0x0000,
  0x0000,0x0000,0x0000,0x0000,0x0000,0x0000,0x0000,0x0000,0x0000,0x0000,0x0000,0x0000,
  0x0000,0x0000,0x0000,0x0000,0x0000,0x0000,0x0000,0x0000,0x0000,0x0000,0x0000,0x0000,
  0x0000,0x0000,0x0000,0x0000,0x0000,0x0000,0x0000,0x0000,0x0000,0x0000,0x0000,0x0000,
  0x0000,0x0000,0x0000,0x0000,0x0000,0x0000,0x0000,0x0000,0x0000,0x0000,0x0000,0x0000,
  0x0000,0x0000,0x0000,0x0000,0x0000,0x0000,0x0000,0x0000,0x0000,0x0000,0x0000,0x0000,
  0x0000,0x0000,0x0000,0x0000,0x0000,0x0000,0x0000,0x0000,0x0000,0x0000,0x0000,0x0000,
  0x0000,0x0000,0x0000,0x0000,0x0000,0x0000,0x0000,0x0000,0x0000,0x0000,0x0000,0x0000,
  0x0000,0x0000,0x0000,0x0000,0x0000,0x0000,0x0000,0x0000,0x0000,0x0000,0x0000,0x0000,
  0x0000,0x0000,0x0000,0x0000,0x0000,0x0000,0x0000,0x0000,0x0000,0x0000,0x0000,0x0000,
  0x0000,0x0000,0x0000,0x0000,0x0000,0x0000,0x0000,0x0000,0x0000,0x0000,0x0000,0x0000,
  0x0000,0x0000,0x0000,0x0000,0x0000,0x0000,0x0000,0x0000,0x0000,0x0000,0x0000,0x0000,
  0x0000,0x0000,0x0000,0x0000,0x0000,0x0000,0x0000,0x0000,0x0801,0x1802,0x1802,0x2002,
  0x4045,0x58A7,0x70C9,0x7069,0x6027,0x5806,0x4806,0x4005,0x3804,0x3003,0x2003,0x2803,
  0x2003,0x2804,0x2004,0x2003,0x2004,0x1803,0x1002,0x0802,0x0801,0x0801,0x0001,0x0001,
  0x0002,0x0002,0x0022,0x0022,0x0023,0x0043,0x0044,0x0044,0x0065,0x0086,0x00C7,0x00A7,
  0x00E9,0x0108,0x0907,0x00E6,0x00C5,0x0084,0x0043,0x0002,0x0001,0x0002,0x0002,0x0003,
  0x0023,0x0023,0x0023,0x0023,0x0004,0x0028,0x0049,0x2069,0x206A,0x0868,0x0046,0x0004,
  0x1005,0x0802,0x0000,0x0000,0x0000,0x0000,0x0000,0x0000,0x0000,0x0000,0x0000,0x0000,
  0x0000,0x0000,0x0000,0x0000,0x0000,0x0000,0x0000,0x0000,0x0000,0x0000,0x0000,0x0000,
  0x0000,0x0000,0x0000,0x0000,0x0000,0x0000,0x0000,0x0000,0x0000,0x0000,0x0000,0x0000,
  0x0000,0x0000,0x0000,0x0000,0x0000,0x0000,0x0000,0x0000,0x0000,0x0000,0x0000,0x0000,
  0x0000,0x0000,0x0000,0x0000,0x0000,0x0000,0x0000,0x0000,0x0000,0x0000,0x0000,0x0000,
  0x0000,0x0000,0x0000,0x0000,0x0000,0x0000,0x0000,0x0000,0x0000,0x0000,0x0000,0x0000,
  0x0000,0x0000,0x0000,0x0000,0x0000,0x0000,0x0000,0x0000,0x0000,0x0000,0x0000,0x0000,
  0x0000,0x0000,0x0000,0x0000,0x0000,0x0000,0x0000,0x0000,0x0000,0x0000,0x0000,0x0000,
  0x0000,0x0000,0x0000,0x0000,0x0000,0x0000,0x0000,0x0000,0x0000,0x0000,0x0000,0x0000,
  0x0000,0x0000,0x0000,0x0000,0x0000,0x0000,0x0000,0x0000,0x0000,0x0000,0x0000,0x0000,
  0x0000,0x0000,0x0000,0x0000,0x0000,0x0000,0x0000,0x0000,0x0000,0x0000,0x0000,0x0000,
  0x0000,0x0000,0x0000,0x0000,0x0000,0x0000,0x0000,0x0000,0x0000,0x0000,0x0000,0x0000,
  0x0000,0x0000,0x0000,0x0000,0x0000,0x0000,0x0000,0x0000,0x0000,0x0000,0x0000,0x0000,
  0x0000,0x0000,0x0000,0x0000,0x0000,0x0000,0x0000,0x0000,0x0000,0x0000,0x0000,0x0000,
  0x0000,0x0000,0x0000,0x0000,0x0000,0x0000,0x0000,0x0000,0x0000,0x0801,0x1802,0x2803,
  0x3003,0x3003,0x2803,0x2802,0x1801,0x1001,0x1001,0x1802,0x1803,0x1002,0x1002,0x1002,
  0x1001,0x1002,0x1002,0x1002,0x1002,0x1002,0x0801,0x0801,0x0801,0x0001,0x0001,0x0001,
  0x0001,0x0001,0x0001,0x0001,0x0001,0x0001,0x0001,0x0001,0x0001,0x0001,0x0001,0x0000,
  0x0000,0x0000,0x0000,0x0001,0x0001,0x0001,0x0001,0x0002,0x0022,0x0001,0x0002,0x0002,
  0x0023,0x0024,0x0025,0x0047,0x010C,0x224F,0x3A6F,0x38CE,0x2069,0x0025,0x0804,0x1825,
  0x1003,0x0000,0x0000,0x0000,0x0000,0x0000,0x0000,0x0000,0x0000,0x0000,0x0000,0x0000,
  0x0000,0x0000,0x0000,0x0000,0x0000,0x0000,0x0000,0x0000,0x0000,0x0000,0x0000,0x0000,
  0x0000,0x0000,0x0000,0x0000,0x0000,0x0000,0x0000,0x0000,0x0000,0x0000,0x0000,0x0000,
  0x0000,0x0000,0x0000,0x0000,0x0000,0x0000,0x0000,0x0000,0x0000,0x0000,0x0000,0x0000,
  0x0000,0x0000,0x0000,0x0000,0x0000,0x0000,0x0000,0x0000,0x0000,0x0000,0x0000,0x0000,
  0x0000,0x0000,0x0000,0x0000,0x0000,0x0000,0x0000,0x0000,0x0000,0x0000,0x0000,0x0000,
  0x0000,0x0000,0x0000,0x0000,0x0000,0x0000,0x0000,0x0000,0x0000,0x0000,0x0000,0x0000,
  0x0000,0x0000,0x0000,0x0000,0x0000,0x0000,0x0000,0x0000,0x0000,0x0000,0x0000,0x0000,
  0x0000,0x0000,0x0000,0x0000,0x0000,0x0000,0x0000,0x0000,0x0000,0x0000,0x0000,0x0000,
  0x0000,0x0000,0x0000,0x0000,0x0000,0x0000,0x0000,0x0000,0x0000,0x0000,0x0000,0x0000,
  0x0000,0x0000,0x0000,0x0000,0x0000,0x0000,0x0000,0x0000,0x0000,0x0000,0x0000,0x0000,
  0x0000,0x0000,0x0000,0x0000,0x0000,0x0000,0x0000,0x0000,0x0000,0x0000,0x0000,0x0000,
  0x0000,0x0000,0x0000,0x0000,0x0000,0x0000,0x0000,0x0000,0x0000,0x0000,0x0000,0x0000,
  0x0000,0x0000,0x0000,0x0000,0x0000,0x0000,0x0000,0x0000,0x0000,0x0000,0x0000,0x0000,
  0x0000,0x0000,0x0000,0x0000,0x0000,0x0000,0x0000,0x0000,0x0000,0x0801,0x0801,0x0801,
  0x1001,0x2803,0x4805,0x5025,0x5025,0x4004,0x3803,0x2803,0x1802,0x1802,0x1802,0x1802,
  0x1802,0x1802,0x1802,0x1002,0x1001,0x0802,0x0801,0x0801,0x0801,0x0801,0x0801,0x0001,
  0x0001,0x0000,0x0000,0x0000,0x0000,0x0000,0x0000,0x0000,0x0000,0x0000,0x0001,0x0001,
  0x0001,0x0001,0x0001,0x0001,0x0001,0x0001,0x0001,0x0001,0x0001,0x0001,0x0023,0x0024,
  0x0025,0x00CA,0x014E,0x1AB1,0x3BB1,0x32AF,0x10EB,0x0006,0x0004,0x0804,0x1805,0x1003,
  0x0000,0x0000,0x0000,0x0000,0x0000,0x0000,0x0000,0x0000,0x0000,0x0000,0x0000,0x0000,
  0x0000,0x0000,0x0000,0x0000,0x0000,0x0000,0x0000,0x0000,0x0000,0x0000,0x0000,0x0000,
  0x0000,0x0000,0x0000,0x0000,0x0000,0x0000,0x0000,0x0000,0x0000,0x0000,0x0000,0x0000,
  0x0000,0x0000,0x0000,0x0000,0x0000,0x0000,0x0000,0x0000,0x0000,0x0000,0x0000,0x0000,
  0x0000,0x0000,0x0000,0x0000,0x0000,0x0000,0x0000,0x0000,0x0000,0x0000,0x0000,0x0000,
  0x0000,0x0000,0x0000,0x0000,0x0000,0x0000,0x0000,0x0000,0x0000,0x0000,0x0000,0x0000,
  0x0000,0x0000,0x0000,0x0000,0x0000,0x0000,0x0000,0x0000,0x0000,0x0000,0x0000,0x0000,
  0x0000,0x0000,0x0000,0x0000,0x0000,0x0000,0x0000,0x0000,0x0000,0x0000,0x0000,0x0000,
  0x0000,0x0000,0x0000,0x0000,0x0000,0x0000,0x0000,0x0000,0x0000,0x0000,0x0000,0x0000,
  0x0000,0x0000,0x0000,0x0000,0x0000,0x0000,0x0000,0x0000,0x0000,0x0000,0x0000,0x0000,
  0x0000,0x0000,0x0000,0x0000,0x0000,0x0000,0x0000,0x0000,0x0000,0x0000,0x0000,0x0000,
  0x0000,0x0000,0x0000,0x0000,0x0000,0x0000,0x0000,0x0000,0x0000,0x0000,0x0000,0x0000,
  0x0000,0x0000,0x0000,0x0000,0x0000,0x0000,0x0000,0x0000,0x0000,0x0000,0x0000,0x0000,
  0x0000,0x0000,0x0000,0x0000,0x0000,0x0000,0x0000,0x0000,0x0000,0x0000,0x0000,0x0000,
  0x0000,0x0000,0x0000,0x0000,0x0000,0x0000,0x0000,0x0000,0x0000,0x1802,0x1002,0x1802,
  0x2002,0x1801,0x2002,0x2001,0x2022,0x2002,0x2002,0x1802,0x1802,0x1001,0x1001,0x1001,
  0x1001,0x0801,0x0801,0x0801,0x0801,0x0801,0x0001,0x0001,0x0000,0x0000,0x0000,0x0000,
  0x0000,0x0000,0x0000,0x0000,0x0000,0x0000,0x0000,0x0000,0x0000,0x0000,0x0000,0x0000,
  0x0000,0x0000,0x0000,0x0000,0x0001,0x0001,0x0001,0x0002,0x0003,0x0024,0x0045,0x00C8,
  0x012B,0x016C,0x120C,0x1969,0x0088,0x0008,0x0827,0x1046,0x1005,0x0803,0x0803,0x0802,
  0x0000,0x0000,0x0000,0x0000,0x0000,0x0000,0x0000,0x0000,0x0000,0x0000,0x0000,0x0000,
  0x0000,0x0000,0x0000,0x0000,0x0000,0x0000,0x0000,0x0000,0x0000,0x0000,0x0000,0x0000,
  0x0000,0x0000,0x0000,0x0000,0x0000,0x0000,0x0000,0x0000,0x0000,0x0000,0x0000,0x0000,
  0x0000,0x0000,0x0000,0x0000,0x0000,0x0000,0x0000,0x0000,0x0000,0x0000,0x0000,0x0000,
  0x0000,0x0000,0x0000,0x0000,0x0000,0x0000,0x0000,0x0000,0x0000,0x0000,0x0000,0x0000,
  0x0000,0x0000,0x0000,0x0000,0x0000,0x0000,0x0000,0x0000,0x0000,0x0000,0x0000,0x0000,
  0x0000,0x0000,0x0000,0x0000,0x0000,0x0000,0x0000,0x0000,0x0000,0x0000,0x0000,0x0000,
  0x0000,0x0000,0x0000,0x0000,0x0000,0x0000,0x0000,0x0000,0x0000,0x0000,0x0000,0x0000,
  0x0000,0x0000,0x0000,0x0000,0x0000,0x0000,0x0000,0x0000,0x0000,0x0000,0x0000,0x0000,
  0x0000,0x0000,0x0000,0x0000,0x0000,0x0000,0x0000,0x0000,0x0000,0x0000,0x0000,0x0000,
  0x0000,0x0000,0x0000,0x0000,0x0000,0x0000,0x0000,0x0000,0x0000,0x0000,0x0000,0x0000,
  0x0000,0x0000,0x0000,0x0000,0x0000,0x0000,0x0000,0x0000,0x0000,0x0000,0x0000,0x0000,
  0x0000,0x0000,0x0000,0x0000,0x0000,0x0000,0x0000,0x0000,0x0000,0x0000,0x0000,0x0000,
  0x0000,0x0000,0x0000,0x0000,0x0000,0x0000,0x0000,0x0000,0x0000,0x0000,0x0000,0x0000,
  0x0000,0x0000,0x0000,0x0000,0x0000,0x0000,0x0000,0x0000,0x0000,0x1002,0x1802,0x2003,
  0x3003,0x5805,0x7869,0x798B,0x6067,0x4804,0x3804,0x2803,0x1801,0x0801,0x0000,0x0000,
  0x0000,0x0000,0x0000,0x0000,0x0001,0x0801,0x0801,0x0801,0x0001,0x0001,0x0000,0x0000,
  0x0000,0x0000,0x0000,0x0000,0x0000,0x0000,0x0000,0x0000,0x0000,0x0000,0x0000,0x0000,
  0x0000,0x0000,0x0001,0x0023,0x0065,0x00C8,0x014B,0x014B,0x018C,0x018B,0x016B,0x016A,
  0x00E8,0x0086,0x0866,0x0847,0x18C9,0x1887,0x1845,0x1003,0x0002,0x0803,0x0803,0x0000,
  0x0000,0x0000,0x0000,0x0000,0x0000,0x0000,0x0000,0x0000,0x0000,0x0000,0x0000,0x0000,
  0x0000,0x0000,0x0000,0x0000,0x0000,0x0000,0x0000,0x0000,0x0000,0x0000,0x0000,0x0000,
  0x0000,0x0000,0x0000,0x0000,0x0000,0x0000,0x0000,0x0000,0x0000,0x0000,0x0000,0x0000,
  0x0000,0x0000,0x0000,0x0000,0x0000,0x0000,0x0000,0x0000,0x0000,0x0000,0x0000,0x0000,
  0x0000,0x0000,0x0000,0x0000,0x0000,0x0000,0x0000,0x0000,0x0000,0x0000,0x0000,0x0000,
  0x0000,0x0000,0x0000,0x0000,0x0000,0x0000,0x0000,0x0000,0x0000,0x0000,0x0000,0x0000,
  0x0000,0x0000,0x0000,0x0000,0x0000,0x0000,0x0000,0x0000,0x0000,0x0000,0x0000,0x0000,
  0x0000,0x0000,0x0000,0x0000,0x0000,0x0000,0x0000,0x0000,0x0000,0x0000,0x0000,0x0000,
  0x0000,0x0000,0x0000,0x0000,0x0000,0x0000,0x0000,0x0000,0x0000,0x0000,0x0000,0x0000,
  0x0000,0x0000,0x0000,0x0000,0x0000,0x0000,0x0000,0x0000,0x0000,0x0000,0x0000,0x0000,
  0x0000,0x0000,0x0000,0x0000,0x0000,0x0000,0x0000,0x0000,0x0000,0x0000,0x0000,0x0000,
  0x0000,0x0000,0x0000,0x0000,0x0000,0x0000,0x0000,0x0000,0x0000,0x0000,0x0000,0x0000,
  0x0000,0x0000,0x0000,0x0000,0x0000,0x0000,0x0000,0x0000,0x0000,0x0000,0x0000,0x0000,
  0x0000,0x0000,0x0000,0x0000,0x0000,0x0000,0x0000,0x0000,0x0000,0x0000,0x0000,0x0000,
  0x0000,0x0000,0x0000,0x0000,0x0000,0x0000,0x0000,0x0000,0x0000,0x0000,0x1001,0x1802,
  0x2003,0x5826,0x890B,0x896C,0x8829,0x7007,0x4805,0x6027,0x5006,0x2003,0x1802,0x1002,
  0x0801,0x0801,0x0001,0x0001,0x0001,0x0001,0x0000,0x0000,0x0000,0x0000,0x0000,0x0000,
  0x0000,0x0000,0x0000,0x0000,0x0000,0x0000,0x0000,0x0000,0x0001,0x0002,0x0023,0x0023,
  0x0065,0x00A7,0x00C8,0x00E9,0x012A,0x094A,0x0949,0x00E7,0x00C6,0x00A6,0x00A6,0x00A7,
  0x00A7,0x08C8,0x10A7,0x1065,0x0823,0x0001,0x0001,0x0001,0x0804,0x0803,0x0000,0x0000,
  0x0000,0x0000,0x0000,0x0000,0x0000,0x0000,0x0000,0x0000,0x0000,0x0000,0x0000,0x0000,
  0x0000,0x0000,0x0000,0x0000,0x0000,0x0000,0x0000,0x0000,0x0000,0x0000,0x0000,0x0000,
  0x0000,0x0000,0x0000,0x0000,0x0000,0x0000,0x0000,0x0000,0x0000,0x0000,0x0000,0x0000,
  0x0000,0x0000,0x0000,0x0000,0x0000,0x0000,0x0000,0x0000,0x0000,0x0000,0x0000,0x0000,
  0x0000,0x0000,0x0000,0x0000,0x0000,0x0000,0x0000,0x0000,0x0000,0x0000,0x0000,0x0000,
  0x0000,0x0000,0x0000,0x0000,0x0000,0x0000,0x0000,0x0000,0x0000,0x0000,0x0000,0x0000,
  0x0000,0x0000,0x0000,0x0000,0x0000,0x0000,0x0000,0x0000,0x0000,0x0000,0x0000,0x0000,
  0x0000,0x0000,0x0000,0x0000,0x0000,0x0000,0x0000,0x0000,0x0000,0x0000,0x0000,0x0000,
  0x0000,0x0000,0x0000,0x0000,0x0000,0x0000,0x0000,0x0000,0x0000,0x0000,0x0000,0x0000,
  0x0000,0x0000,0x0000,0x0000,0x0000,0x0000,0x0000,0x0000,0x0000,0x0000,0x0000,0x0000,
  0x0000,0x0000,0x0000,0x0000,0x0000,0x0000,0x0000,0x0000,0x0000,0x0000,0x0000,0x0000,
  0x0000,0x0000,0x0000,0x0000,0x0000,0x0000,0x0000,0x0000,0x0000,0x0000,0x0000,0x0000,
  0x0000,0x0000,0x0000,0x0000,0x0000,0x0000,0x0000,0x0000,0x0000,0x0000,0x0000,0x0000,
  0x0000,0x0000,0x0000,0x0000,0x0000,0x0000,0x0000,0x0000,0x0000,0x0000,0x0000,0x0000,
  0x0000,0x0000,0x0000,0x0000,0x0000,0x0000,0x0000,0x0000,0x0000,0x0000,0x0000,0x1002,
  0x1002,0x1002,0x2823,0x4865,0x6047,0x5806,0x5806,0x4805,0x3004,0x1802,0x1002,0x0801,
  0x0801,0x0801,0x0801,0x0801,0x0001,0x0001,0x0001,0x0000,0x0000,0x0000,0x0000,0x0000,
  0x0000,0x0000,0x0000,0x0000,0x0000,0x0000,0x0001,0x0001,0x0022,0x0022,0x0023,0x0023,
  0x0043,0x0044,0x0044,0x0044,0x0065,0x0065,0x08A7,0x08A7,0x0087,0x0086,0x0086,0x0065,
  0x0043,0x0001,0x0001,0x0001,0x0002,0x0803,0x0803,0x0804,0x0804,0x0000,0x0000,0x0000,
  0x0000,0x0000,0x0000,0x0000,0x0000,0x0000,0x0000,0x0000,0x0000,0x0000,0x0000,0x0000,
  0x0000,0x0000,0x0000,0x0000,0x0000,0x0000,0x0000,0x0000,0x0000,0x0000,0x0000,0x0000,
  0x0000,0x0000,0x0000,0x0000,0x0000,0x0000,0x0000,0x0000,0x0000,0x0000,0x0000,0x0000,
  0x0000,0x0000,0x0000,0x0000,0x0000,0x0000,0x0000,0x0000,0x0000,0x0000,0x0000,0x0000,
  0x0000,0x0000,0x0000,0x0000,0x0000,0x0000,0x0000,0x0000,0x0000,0x0000,0x0000,0x0000,
  0x0000,0x0000,0x0000,0x0000,0x0000,0x0000,0x0000,0x0000,0x0000,0x0000,0x0000,0x0000,
  0x0000,0x0000,0x0000,0x0000,0x0000,0x0000,0x0000,0x0000,0x0000,0x0000,0x0000,0x0000,
  0x0000,0x0000,0x0000,0x0000,0x0000,0x0000,0x0000,0x0000,0x0000,0x0000,0x0000,0x0000,
  0x0000,0x0000,0x0000,0x0000,0x0000,0x0000,0x0000,0x0000,0x0000,0x0000,0x0000,0x0000,
  0x0000,0x0000,0x0000,0x0000,0x0000,0x0000,0x0000,0x0000,0x0000,0x0000,0x0000,0x0000,
  0x0000,0x0000,0x0000,0x0000,0x0000,0x0000,0x0000,0x0000,0x0000,0x0000,0x0000,0x0000,
  0x0000,0x0000,0x0000,0x0000,0x0000,0x0000,0x0000,0x0000,0x0000,0x0000,0x0000,0x0000,
  0x0000,0x0000,0x0000,0x0000,0x0000,0x0000,0x0000,0x0000,0x0000,0x0000,0x0000,0x0000,
  0x0000,0x0000,0x0000,0x0000,0x0000,0x0000,0x0000,0x0000,0x0000,0x0000,0x0000,0x0000,
  0x0000,0x0000,0x0000,0x0000,0x0000,0x0000,0x0000,0x0000,0x0000,0x0000,0x0000,0x0000,
  0x1002,0x1803,0x1802,0x0801,0x0801,0x1002,0x1802,0x1002,0x1002,0x1001,0x1002,0x1002,
  0x1802,0x1802,0x1802,0x1802,0x1802,0x0801,0x0801,0x0001,0x0001,0x0000,0x0000,0x0000,
  0x0000,0x0000,0x0000,0x0000,0x0000,0x0000,0x0001,0x0001,0x0001,0x0001,0x0002,0x0002,
  0x0022,0x0022,0x0043,0x0023,0x0043,0x0023,0x0022,0x0002,0x0001,0x0001,0x0001,0x0001,
  0x0002,0x0003,0x0824,0x1805,0x2006,0x0804,0x1005,0x0804,0x0001,0x0000,0x0000,0x0000,
  0x0000,0x0000,0x0000,0x0000,0x0000,0x0000,0x0000,0x0000,0x0000,0x0000,0x0000,0x0000,
  0x0000,0x0000,0x0000,0x0000,0x0000,0x0000,0x0000,0x0000,0x0000,0x0000,0x0000,0x0000,
  0x0000,0x0000,0x0000,0x0000,0x0000,0x0000,0x0000,0x0000,0x0000,0x0000,0x0000,0x0000,
  0x0000,0x0000,0x0000,0x0000,0x0000,0x0000,0x0000,0x0000,0x0000,0x0000,0x0000,0x0000,
  0x0000,0x0000,0x0000,0x0000,0x0000,0x0000,0x0000,0x0000,0x0000,0x0000,0x0000,0x0000,
  0x0000,0x0000,0x0000,0x0000,0x0000,0x0000,0x0000,0x0000,0x0000,0x0000,0x0000,0x0000,
  0x0000,0x0000,0x0000,0x0000,0x0000,0x0000,0x0000,0x0000,0x0000,0x0000,0x0000,0x0000,
  0x0000,0x0000,0x0000,0x0000,0x0000,0x0000,0x0000,0x0000,0x0000,0x0000,0x0000,0x0000,
  0x0000,0x0000,0x0000,0x0000,0x0000,0x0000,0x0000,0x0000,0x0000,0x0000,0x0000,0x0000,
  0x0000,0x0000,0x0000,0x0000,0x0000,0x0000,0x0000,0x0000,0x0000,0x0000,0x0000,0x0000,
  0x0000,0x0000,0x0000,0x0000,0x0000,0x0000,0x0000,0x0000,0x0000,0x0000,0x0000,0x0000,
  0x0000,0x0000,0x0000,0x0000,0x0000,0x0000,0x0000,0x0000,0x0000,0x0000,0x0000,0x0000,
  0x0000,0x0000,0x0000,0x0000,0x0000,0x0000,0x0000,0x0000,0x0000,0x0000,0x0000,0x0000,
  0x0000,0x0000,0x0000,0x0000,0x0000,0x0000,0x0000,0x0000,0x0000,0x0000,0x0000,0x0000,
  0x0000,0x0000,0x0000,0x0000,0x0000,0x0000,0x0000,0x0000,0x0000,0x0000,0x0000,0x0000,
  0x0000,0x1002,0x2804,0x3004,0x1001,0x0801,0x0801,0x1002,0x0801,0x0801,0x0801,0x0801,
  0x0801,0x0801,0x0802,0x1002,0x1002,0x1002,0x1002,0x0802,0x0802,0x0802,0x0802,0x0801,
  0x0001,0x0001,0x0001,0x0001,0x0001,0x0001,0x0001,0x0001,0x0001,0x0001,0x0001,0x0001,
  0x0001,0x0001,0x0001,0x0001,0x0001,0x0001,0x0002,0x0002,0x0002,0x0003,0x0003,0x0003,
  0x0024,0x1005,0x2006,0x3007,0x1004,0x1005,0x1004,0x0000,0x0000,0x0000,0x0000,0x0000,
  0x0000,0x0000,0x0000,0x0000,0x0000,0x0000,0x0000,0x0000,0x0000,0x0000,0x0000,0x0000,
  0x0000,0x0000,0x0000,0x0000,0x0000,0x0000,0x0000,0x0000,0x0000,0x0000,0x0000,0x0000,
  0x0000,0x0000,0x0000,0x0000,0x0000,0x0000,0x0000,0x0000,0x0000,0x0000,0x0000,0x0000,
  0x0000,0x0000,0x0000,0x0000,0x0000,0x0000,0x0000,0x0000,0x0000,0x0000,0x0000,0x0000,
  0x0000,0x0000,0x0000,0x0000,0x0000,0x0000,0x0000,0x0000,0x0000,0x0000,0x0000,0x0000,
  0x0000,0x0000,0x0000,0x0000,0x0000,0x0000,0x0000,0x0000,0x0000,0x0000,0x0000,0x0000,
  0x0000,0x0000,0x0000,0x0000,0x0000,0x0000,0x0000,0x0000,0x0000,0x0000,0x0000,0x0000,
  0x0000,0x0000,0x0000,0x0000,0x0000,0x0000,0x0000,0x0000,0x0000,0x0000,0x0000,0x0000,
  0x0000,0x0000,0x0000,0x0000,0x0000,0x0000,0x0000,0x0000,0x0000,0x0000,0x0000,0x0000,
  0x0000,0x0000,0x0000,0x0000,0x0000,0x0000,0x0000,0x0000,0x0000,0x0000,0x0000,0x0000,
  0x0000,0x0000,0x0000,0x0000,0x0000,0x0000,0x0000,0x0000,0x0000,0x0000,0x0000,0x0000,
  0x0000,0x0000,0x0000,0x0000,0x0000,0x0000,0x0000,0x0000,0x0000,0x0000,0x0000,0x0000,
  0x0000,0x0000,0x0000,0x0000,0x0000,0x0000,0x0000,0x0000,0x0000,0x0000,0x0000,0x0000,
  0x0000,0x0000,0x0000,0x0000,0x0000,0x0000,0x0000,0x0000,0x0000,0x0000,0x0000,0x0000,
  0x0000,0x0000,0x0000,0x0000,0x0000,0x0000,0x0000,0x0000,0x0000,0x0000,0x0000,0x0000,
  0x0000,0x0000,0x0801,0x2803,0x2803,0x1002,0x1002,0x1002,0x1002,0x1002,0x1001,0x0801,
  0x0801,0x0801,0x0802,0x1002,0x1803,0x2003,0x2804,0x3805,0x3805,0x3805,0x2805,0x2004,
  0x1803,0x1003,0x0802,0x0802,0x0802,0x0002,0x0002,0x0001,0x0001,0x0001,0x0001,0x0001,
  0x0002,0x0002,0x0002,0x0002,0x0002,0x0002,0x0002,0x0002,0x0002,0x0002,0x0003,0x0804,
  0x0805,0x1805,0x1805,0x1005,0x0804,0x1003,0x0000,0x0000,0x0000,0x0000,0x0000,0x0000,
  0x0000,0x0000,0x0000,0x0000,0x0000,0x0000,0x0000,0x0000,0x0000,0x0000,0x0000,0x0000,
  0x0000,0x0000,0x0000,0x0000,0x0000,0x0000,0x0000,0x0000,0x0000,0x0000,0x0000,0x0000,
  0x0000,0x0000,0x0000,0x0000,0x0000,0x0000,0x0000,0x0000,0x0000,0x0000,0x0000,0x0000,
  0x0000,0x0000,0x0000,0x0000,0x0000,0x0000,0x0000,0x0000,0x0000,0x0000,0x0000,0x0000,
  0x0000,0x0000,0x0000,0x0000,0x0000,0x0000,0x0000,0x0000,0x0000,0x0000,0x0000,0x0000,
  0x0000,0x0000,0x0000,0x0000,0x0000,0x0000,0x0000,0x0000,0x0000,0x0000,0x0000,0x0000,
  0x0000,0x0000,0x0000,0x0000,0x0000,0x0000,0x0000,0x0000,0x0000,0x0000,0x0000,0x0000,
  0x0000,0x0000,0x0000,0x0000,0x0000,0x0000,0x0000,0x0000,0x0000,0x0000,0x0000,0x0000,
  0x0000,0x0000,0x0000,0x0000,0x0000,0x0000,0x0000,0x0000,0x0000,0x0000,0x0000,0x0000,
  0x0000,0x0000,0x0000,0x0000,0x0000,0x0000,0x0000,0x0000,0x0000,0x0000,0x0000,0x0000,
  0x0000,0x0000,0x0000,0x0000,0x0000,0x0000,0x0000,0x0000,0x0000,0x0000,0x0000,0x0000,
  0x0000,0x0000,0x0000,0x0000,0x0000,0x0000,0x0000,0x0000,0x0000,0x0000,0x0000,0x0000,
  0x0000,0x0000,0x0000,0x0000,0x0000,0x0000,0x0000,0x0000,0x0000,0x0000,0x0000,0x0000,
  0x0000,0x0000,0x0000,0x0000,0x0000,0x0000,0x0000,0x0000,0x0000,0x0000,0x0000,0x0000,
  0x0000,0x0000,0x0000,0x0000,0x0000,0x0000,0x0000,0x0000,0x0000,0x0000,0x0000,0x0000,
  0x0000,0x0000,0x0000,0x0801,0x2804,0x3004,0x1002,0x0801,0x1002,0x1002,0x1002,0x1002,
  0x1002,0x0802,0x0802,0x1002,0x1802,0x2804,0x2804,0x3805,0x4806,0x4006,0x3005,0x2804,
  0x1803,0x1003,0x1002,0x0802,0x0802,0x0002,0x0001,0x0001,0x0001,0x0001,0x0001,0x0001,
  0x0002,0x0002,0x0002,0x0002,0x0002,0x0002,0x0002,0x0002,0x0003,0x0003,0x0804,0x1805,
  0x1805,0x2006,0x1805,0x1805,0x0803,0x0001,0x0000,0x0000,0x0000,0x0000,0x0000,0x0000,
  0x0000,0x0000,0x0000,0x0000,0x0000,0x0000,0x0000,0x0000,0x0000,0x0000,0x0000,0x0000,
  0x0000,0x0000,0x0000,0x0000,0x0000,0x0000,0x0000,0x0000,0x0000,0x0000,0x0000,0x0000,
  0x0000,0x0000,0x0000,0x0000,0x0000,0x0000,0x0000,0x0000,0x0000,0x0000,0x0000,0x0000,
  0x0000,0x0000,0x0000,0x0000,0x0000,0x0000,0x0000,0x0000,0x0000,0x0000,0x0000,0x0000,
  0x0000,0x0000,0x0000,0x0000,0x0000,0x0000,0x0000,0x0000,0x0000,0x0000,0x0000,0x0000,
  0x0000,0x0000,0x0000,0x0000,0x0000,0x0000,0x0000,0x0000,0x0000,0x0000,0x0000,0x0000,
  0x0000,0x0000,0x0000,0x0000,0x0000,0x0000,0x0000,0x0000,0x0000,0x0000,0x0000,0x0000,
  0x0000,0x0000,0x0000,0x0000,0x0000,0x0000,0x0000,0x0000,0x0000,0x0000,0x0000,0x0000,
  0x0000,0x0000,0x0000,0x0000,0x0000,0x0000,0x0000,0x0000,0x0000,0x0000,0x0000,0x0000,
  0x0000,0x0000,0x0000,0x0000,0x0000,0x0000,0x0000,0x0000,0x0000,0x0000,0x0000,0x0000,
  0x0000,0x0000,0x0000,0x0000,0x0000,0x0000,0x0000,0x0000,0x0000,0x0000,0x0000,0x0000,
  0x0000,0x0000,0x0000,0x0000,0x0000,0x0000,0x0000,0x0000,0x0000,0x0000,0x0000,0x0000,
  0x0000,0x0000,0x0000,0x0000,0x0000,0x0000,0x0000,0x0000,0x0000,0x0000,0x0000,0x0000,
  0x0000,0x0000,0x0000,0x0000,0x0000,0x0000,0x0000,0x0000,0x0000,0x0000,0x0000,0x0000,
  0x0000,0x0000,0x0000,0x0000,0x0000,0x0000,0x0000,0x0000,0x0000,0x0000,0x0000,0x0000,
  0x0000,0x0000,0x0000,0x0000,0x0801,0x2003,0x2803,0x1802,0x0801,0x1002,0x1002,0x1002,
  0x1002,0x1002,0x1002,0x1002,0x1802,0x2804,0x3805,0x4806,0x4805,0x3805,0x2003,0x1803,
  0x1003,0x1002,0x0802,0x0802,0x0802,0x0001,0x0001,0x0001,0x0001,0x0001,0x0001,0x0001,
  0x0002,0x0002,0x0002,0x0002,0x0002,0x0002,0x0002,0x0003,0x0003,0x0003,0x1805,0x2806,
  0x1805,0x2006,0x2006,0x0803,0x0000,0x0000,0x0000,0x0000,0x0000,0x0000,0x0000,0x0000,
  0x0000,0x0000,0x0000,0x0000,0x0000,0x0000,0x0000,0x0000,0x0000,0x0000,0x0000,0x0000,
  0x0000,0x0000,0x0000,0x0000,0x0000,0x0000,0x0000,0x0000,0x0000,0x0000,0x0000,0x0000,
  0x0000,0x0000,0x0000,0x0000,0x0000,0x0000,0x0000,0x0000,0x0000,0x0000,0x0000,0x0000,
  0x0000,0x0000,0x0000,0x0000,0x0000,0x0000,0x0000,0x0000,0x0000,0x0000,0x0000,0x0000,
  0x0000,0x0000,0x0000,0x0000,0x0000,0x0000,0x0000,0x0000,0x0000,0x0000,0x0000,0x0000,
  0x0000,0x0000,0x0000,0x0000,0x0000,0x0000,0x0000,0x0000,0x0000,0x0000,0x0000,0x0000,
  0x0000,0x0000,0x0000,0x0000,0x0000,0x0000,0x0000,0x0000,0x0000,0x0000,0x0000,0x0000,
  0x0000,0x0000,0x0000,0x0000,0x0000,0x0000,0x0000,0x0000,0x0000,0x0000,0x0000,0x0000,
  0x0000,0x0000,0x0000,0x0000,0x0000,0x0000,0x0000,0x0000,0x0000,0x0000,0x0000,0x0000,
  0x0000,0x0000,0x0000,0x0000,0x0000,0x0000,0x0000,0x0000,0x0000,0x0000,0x0000,0x0000,
  0x0000,0x0000,0x0000,0x0000,0x0000,0x0000,0x0000,0x0000,0x0000,0x0000,0x0000,0x0000,
  0x0000,0x0000,0x0000,0x0000,0x0000,0x0000,0x0000,0x0000,0x0000,0x0000,0x0000,0x0000,
  0x0000,0x0000,0x0000,0x0000,0x0000,0x0000,0x0000,0x0000,0x0000,0x0000,0x0000,0x0000,
  0x0000,0x0000,0x0000,0x0000,0x0000,0x0000,0x0000,0x0000,0x0000,0x0000,0x0000,0x0000,
  0x0000,0x0000,0x0000,0x0000,0x0000,0x0000,0x0000,0x0000,0x0000,0x0000,0x0000,0x0000,
  0x0000,0x0000,0x0000,0x0000,0x0000,0x0801,0x1802,0x2003,0x1803,0x0801,0x1002,0x1002,
  0x1802,0x1802,0x1803,0x1803,0x1803,0x1802,0x2804,0x4005,0x5006,0x4005,0x3005,0x1803,
  0x1002,0x0802,0x0802,0x0802,0x0802,0x0002,0x0001,0x0001,0x0001,0x0001,0x0001,0x0002,
  0x0002,0x0003,0x0002,0x0002,0x0002,0x0002,0x0003,0x0003,0x0803,0x1805,0x2806,0x2005,
  0x1805,0x1805,0x1003,0x0000,0x0000,0x0000,0x0000,0x0000,0x0000,0x0000,0x0000,0x0000,
  0x0000,0x0000,0x0000,0x0000,0x0000,0x0000,0x0000,0x0000,0x0000,0x0000,0x0000,0x0000,
  0x0000,0x0000,0x0000,0x0000,0x0000,0x0000,0x0000,0x0000,0x0000,0x0000,0x0000,0x0000,
  0x0000,0x0000,0x0000,0x0000,0x0000,0x0000,0x0000,0x0000,0x0000,0x0000,0x0000,0x0000,
  0x0000,0x0000,0x0000,0x0000,0x0000,0x0000,0x0000,0x0000,0x0000,0x0000,0x0000,0x0000,
  0x0000,0x0000,0x0000,0x0000,0x0000,0x0000,0x0000,0x0000,0x0000,0x0000,0x0000,0x0000,
  0x0000,0x0000,0x0000,0x0000,0x0000,0x0000,0x0000,0x0000,0x0000,0x0000,0x0000,0x0000,
  0x0000,0x0000,0x0000,0x0000,0x0000,0x0000,0x0000,0x0000,0x0000,0x0000,0x0000,0x0000,
  0x0000,0x0000,0x0000,0x0000,0x0000,0x0000,0x0000,0x0000,0x0000,0x0000,0x0000,0x0000,
  0x0000,0x0000,0x0000,0x0000,0x0000,0x0000,0x0000,0x0000,0x0000,0x0000,0x0000,0x0000,
  0x0000,0x0000,0x0000,0x0000,0x0000,0x0000,0x0000,0x0000,0x0000,0x0000,0x0000,0x0000,
  0x0000,0x0000,0x0000,0x0000,0x0000,0x0000,0x0000,0x0000,0x0000,0x0000,0x0000,0x0000,
  0x0000,0x0000,0x0000,0x0000,0x0000,0x0000,0x0000,0x0000,0x0000,0x0000,0x0000,0x0000,
  0x0000,0x0000,0x0000,0x0000,0x0000,0x0000,0x0000,0x0000,0x0000,0x0000,0x0000,0x0000,
  0x0000,0x0000,0x0000,0x0000,0x0000,0x0000,0x0000,0x0000,0x0000,0x0000,0x0000,0x0000,
  0x0000,0x0000,0x0000,0x0000,0x0000,0x0000,0x0000,0x0000,0x0000,0x0000,0x0000,0x0000,
  0x0000,0x0000,0x0000,0x0000,0x0000,0x0000,0x0000,0x1002,0x2803,0x3004,0x0801,0x0801,
  0x1002,0x1802,0x2003,0x2003,0x2803,0x2803,0x2803,0x3004,0x4805,0x3805,0x2804,0x2004,
  0x1803,0x1003,0x0802,0x0802,0x0802,0x0802,0x0002,0x0002,0x0001,0x0001,0x0001,0x0001,
  0x0002,0x0002,0x0002,0x0002,0x0003,0x0003,0x0003,0x0003,0x1004,0x2005,0x1004,0x1005,
  0x1805,0x0802,0x0000,0x0000,0x0000,0x0000,0x0000,0x0000,0x0000,0x0000,0x0000,0x0000,
  0x0000,0x0000,0x0000,0x0000,0x0000,0x0000,0x0000,0x0000,0x0000,0x0000,0x0000,0x0000,
  0x0000,0x0000,0x0000,0x0000,0x0000,0x0000,0x0000,0x0000,0x0000,0x0000,0x0000,0x0000,
  0x0000,0x0000,0x0000,0x0000,0x0000,0x0000,0x0000,0x0000,0x0000,0x0000,0x0000,0x0000,
  0x0000,0x0000,0x0000,0x0000,0x0000,0x0000,0x0000,0x0000,0x0000,0x0000,0x0000,0x0000,
  0x0000,0x0000,0x0000,0x0000,0x0000,0x0000,0x0000,0x0000,0x0000,0x0000,0x0000,0x0000,
  0x0000,0x0000,0x0000,0x0000,0x0000,0x0000,0x0000,0x0000,0x0000,0x0000,0x0000,0x0000,
  0x0000,0x0000,0x0000,0x0000,0x0000,0x0000,0x0000,0x0000,0x0000,0x0000,0x0000,0x0000,
  0x0000,0x0000,0x0000,0x0000,0x0000,0x0000,0x0000,0x0000,0x0000,0x0000,0x0000,0x0000,
  0x0000,0x0000,0x0000,0x0000,0x0000,0x0000,0x0000,0x0000,0x0000,0x0000,0x0000,0x0000,
  0x0000,0x0000,0x0000,0x0000,0x0000,0x0000,0x0000,0x0000,0x0000,0x0000,0x0000,0x0000,
  0x0000,0x0000,0x0000,0x0000,0x0000,0x0000,0x0000,0x0000,0x0000,0x0000,0x0000,0x0000,
  0x0000,0x0000,0x0000,0x0000,0x0000,0x0000,0x0000,0x0000,0x0000,0x0000,0x0000,0x0000,
  0x0000,0x0000,0x0000,0x0000,0x0000,0x0000,0x0000,0x0000,0x0000,0x0000,0x0000,0x0000,
  0x0000,0x0000,0x0000,0x0000,0x0000,0x0000,0x0000,0x0000,0x0000,0x0000,0x0000,0x0000,
  0x0000,0x0000,0x0000,0x0000,0x0000,0x0000,0x0000,0x0000,0x0000,0x0000,0x0000,0x0000,
  0x0000,0x0000,0x0000,0x0000,0x0000,0x0000,0x0000,0x0000,0x0801,0x2803,0x3004,0x1002,
  0x0802,0x1002,0x1803,0x1802,0x1803,0x2003,0x2803,0x3004,0x4806,0x5026,0x3805,0x2804,
  0x1803,0x1003,0x1002,0x1002,0x0802,0x0802,0x0002,0x0002,0x0002,0x0002,0x0002,0x0002,
  0x0002,0x0002,0x0002,0x0003,0x0003,0x0003,0x0003,0x0803,0x1805,0x2005,0x1805,0x1003,
  0x0001,0x0000,0x0000,0x0000,0x0000,0x0000,0x0000,0x0000,0x0000,0x0000,0x0000,0x0000,
  0x0000,0x0000,0x0000,0x0000,0x0000,0x0000,0x0000,0x0000,0x0000,0x0000,0x0000,0x0000,
  0x0000,0x0000,0x0000,0x0000,0x0000,0x0000,0x0000,0x0000,0x0000,0x0000,0x0000,0x0000,
  0x0000,0x0000,0x0000,0x0000,0x0000,0x0000,0x0000,0x0000,0x0000,0x0000,0x0000,0x0000,
  0x0000,0x0000,0x0000,0x0000,0x0000,0x0000,0x0000,0x0000,0x0000,0x0000,0x0000,0x0000,
  0x0000,0x0000,0x0000,0x0000,0x0000,0x0000,0x0000,0x0000,0x0000,0x0000,0x0000,0x0000,
  0x0000,0x0000,0x0000,0x0000,0x0000,0x0000,0x0000,0x0000,0x0000,0x0000,0x0000,0x0000,
  0x0000,0x0000,0x0000,0x0000,0x0000,0x0000,0x0000,0x0000,0x0000,0x0000,0x0000,0x0000,
  0x0000,0x0000,0x0000,0x0000,0x0000,0x0000,0x0000,0x0000,0x0000,0x0000,0x0000,0x0000,
  0x0000,0x0000,0x0000,0x0000,0x0000,0x0000,0x0000,0x0000,0x0000,0x0000,0x0000,0x0000,
  0x0000,0x0000,0x0000,0x0000,0x0000,0x0000,0x0000,0x0000,0x0000,0x0000,0x0000,0x0000,
  0x0000,0x0000,0x0000,0x0000,0x0000,0x0000,0x0000,0x0000,0x0000,0x0000,0x0000,0x0000,
  0x0000,0x0000,0x0000,0x0000,0x0000,0x0000,0x0000,0x0000,0x0000,0x0000,0x0000,0x0000,
  0x0000,0x0000,0x0000,0x0000,0x0000,0x0000,0x0000,0x0000,0x0000,0x0000,0x0000,0x0000,
  0x0000,0x0000,0x0000,0x0000,0x0000,0x0000,0x0000,0x0000,0x0000,0x0000,0x0000,0x0000,
  0x0000,0x0000,0x0000,0x0000,0x0000,0x0000,0x0000,0x0000,0x0000,0x0000,0x0000,0x0000,
  0x0000,0x0000,0x0000,0x0000,0x0000,0x0000,0x0000,0x0000,0x0000,0x0001,0x1802,0x2002,
  0x1002,0x1002,0x1802,0x1802,0x1803,0x2003,0x2803,0x2804,0x4005,0x5006,0x3004,0x2804,
  0x2004,0x1803,0x1803,0x1003,0x1003,0x0802,0x0002,0x0002,0x0002,0x0002,0x0002,0x0002,
  0x0002,0x0003,0x0003,0x0023,0x0003,0x0003,0x0804,0x1004,0x1803,0x0802,0x0802,0x0000,
  0x0000,0x0000,0x0000,0x0000,0x0000,0x0000,0x0000,0x0000,0x0000,0x0000,0x0000,0x0000,
  0x0000,0x0000,0x0000,0x0000,0x0000,0x0000,0x0000,0x0000,0x0000,0x0000,0x0000,0x0000,
  0x0000,0x0000,0x0000,0x0000,0x0000,0x0000,0x0000,0x0000,0x0000,0x0000,0x0000,0x0000,
  0x0000,0x0000,0x0000,0x0000,0x0000,0x0000,0x0000,0x0000,0x0000,0x0000,0x0000,0x0000,
  0x0000,0x0000,0x0000,0x0000,0x0000,0x0000,0x0000,0x0000,0x0000,0x0000,0x0000,0x0000,
  0x0000,0x0000,0x0000,0x0000,0x0000,0x0000,0x0000,0x0000,0x0000,0x0000,0x0000,0x0000,
  0x0000,0x0000,0x0000,0x0000,0x0000,0x0000,0x0000,0x0000,0x0000,0x0000,0x0000,0x0000,
  0x0000,0x0000,0x0000,0x0000,0x0000,0x0000,0x0000,0x0000,0x0000,0x0000,0x0000,0x0000,
  0x0000,0x0000,0x0000,0x0000,0x0000,0x0000,0x0000,0x0000,0x0000,0x0000,0x0000,0x0000,
  0x0000,0x0000,0x0000,0x0000,0x0000,0x0000,0x0000,0x0000,0x0000,0x0000,0x0000,0x0000,
  0x0000,0x0000,0x0000,0x0000,0x0000,0x0000,0x0000,0x0000,0x0000,0x0000,0x0000,0x0000,
  0x0000,0x0000,0x0000,0x0000,0x0000,0x0000,0x0000,0x0000,0x0000,0x0000,0x0000,0x0000,
  0x0000,0x0000,0x0000,0x0000,0x0000,0x0000,0x0000,0x0000,0x0000,0x0000,0x0000,0x0000,
  0x0000,0x0000,0x0000,0x0000,0x0000,0x0000,0x0000,0x0000,0x0000,0x0000,0x0000,0x0000,
  0x0000,0x0000,0x0000,0x0000,0x0000,0x0000,0x0000,0x0000,0x0000,0x0000,0x0000,0x0000,
  0x0000,0x0000,0x0000,0x0000,0x0000,0x0000,0x0000,0x0000,0x0000,0x0000,0x0000,0x0000,
  0x0000,0x0000,0x0000,0x0000,0x0000,0x0000,0x0000,0x0000,0x0000,0x0000,0x1001,0x1801,
  0x0801,0x0000,0x0000,0x0000,0x0801,0x0801,0x1002,0x1802,0x2803,0x3804,0x2804,0x2003,
  0x1803,0x1803,0x1003,0x1003,0x0803,0x0802,0x0023,0x0023,0x0023,0x0023,0x0023,0x0023,
  0x0023,0x0023,0x0022,0x0002,0x0001,0x0001,0x0000,0x0000,0x0801,0x0802,0x0002,0x0000,
  0x0000,0x0000,0x0000,0x0000,0x0000,0x0000,0x0000,0x0000,0x0000,0x0000,0x0000,0x0000,
  0x0000,0x0000,0x0000,0x0000,0x0000,0x0000,0x0000,0x0000,0x0000,0x0000,0x0000,0x0000,
  0x0000,0x0000,0x0000,0x0000,0x0000,0x0000,0x0000,0x0000,0x0000,0x0000,0x0000,0x0000,
  0x0000,0x0000,0x0000,0x0000,0x0000,0x0000,0x0000,0x0000,0x0000,0x0000,0x0000,0x0000,
  0x0000,0x0000,0x0000,0x0000,0x0000,0x0000,0x0000,0x0000,0x0000,0x0000,0x0000,0x0000,
  0x0000,0x0000,0x0000,0x0000,0x0000,0x0000,0x0000,0x0000,0x0000,0x0000,0x0000,0x0000,
  0x0000,0x0000,0x0000,0x0000,0x0000,0x0000,0x0000,0x0000,0x0000,0x0000,0x0000,0x0000,
  0x0000,0x0000,0x0000,0x0000,0x0000,0x0000,0x0000,0x0000,0x0000,0x0000,0x0000,0x0000,
  0x0000,0x0000,0x0000,0x0000,0x0000,0x0000,0x0000,0x0000,0x0000,0x0000,0x0000,0x0000,
  0x0000,0x0000,0x0000,0x0000,0x0000,0x0000,0x0000,0x0000,0x0000,0x0000,0x0000,0x0000,
  0x0000,0x0000,0x0000,0x0000,0x0000,0x0000,0x0000,0x0000,0x0000,0x0000,0x0000,0x0000,
  0x0000,0x0000,0x0000,0x0000,0x0000,0x0000,0x0000,0x0000,0x0000,0x0000,0x0000,0x0000,
  0x0000,0x0000,0x0000,0x0000,0x0000,0x0000,0x0000,0x0000,0x0000,0x0000,0x0000,0x0000,
  0x0000,0x0000,0x0000,0x0000,0x0000,0x0000,0x0000,0x0000,0x0000,0x0000,0x0000,0x0000,
  0x0000,0x0000,0x0000,0x0000,0x0000,0x0000,0x0000,0x0000,0x0000,0x0000,0x0000,0x0000,
  0x0000,0x0000,0x0000,0x0000,0x0000,0x0000,0x0000,0x0000,0x0000,0x0000,0x0000,0x0000,
  0x0000,0x0000,0x0000,0x0000,0x0000,0x0000,0x0000,0x0000,0x0000,0x0000,0x0801,0x1802,
  0x1001,0x0801,0x0000,0x0000,0x0000,0x0000,0x0000,0x0000,0x0000,0x0000,0x0000,0x0000,
  0x0000,0x0000,0x0000,0x0000,0x0000,0x0000,0x0000,0x0000,0x0000,0x0000,0x0000,0x0000,
  0x0000,0x0000,0x0000,0x0000,0x0000,0x0000,0x0001,0x0003,0x1004,0x1003,0x0000,0x0000,
  0x0000,0x0000,0x0000,0x0000,0x0000,0x0000,0x0000,0x0000,0x0000,0x0000,0x0000,0x0000,
  0x0000,0x0000,0x0000,0x0000,0x0000,0x0000,0x0000,0x0000,0x0000,0x0000,0x0000,0x0000,
  0x0000,0x0000,0x0000,0x0000,0x0000,0x0000,0x0000,0x0000,0x0000,0x0000,0x0000,0x0000,
  0x0000,0x0000,0x0000,0x0000,0x0000,0x0000,0x0000,0x0000,0x0000,0x0000,0x0000,0x0000,
  0x0000,0x0000,0x0000,0x0000,0x0000,0x0000,0x0000,0x0000,0x0000,0x0000,0x0000,0x0000,
  0x0000,0x0000,0x0000,0x0000,0x0000,0x0000,0x0000,0x0000,0x0000,0x0000,0x0000,0x0000,
  0x0000,0x0000,0x0000,0x0000,0x0000,0x0000,0x0000,0x0000,0x0000,0x0000,0x0000,0x0000,
  0x0000,0x0000,0x0000,0x0000,0x0000,0x0000,0x0000,0x0000,0x0000,0x0000,0x0000,0x0000,
  0x0000,0x0000,0x0000,0x0000,0x0000,0x0000,0x0000,0x0000,0x0000,0x0000,0x0000,0x0000,
  0x0000,0x0000,0x0000,0x0000,0x0000,0x0000,0x0000,0x0000,0x0000,0x0000,0x0000,0x0000,
  0x0000,0x0000,0x0000,0x0000,0x0000,0x0000,0x0000,0x0000,0x0000,0x0000,0x0000,0x0000,
  0x0000,0x0000,0x0000,0x0000,0x0000,0x0000,0x0000,0x0000,0x0000,0x0000,0x0000,0x0000,
  0x0000,0x0000,0x0000,0x0000,0x0000,0x0000,0x0000,0x0000,0x0000,0x0000,0x0000,0x0000,
  0x0000,0x0000,0x0000,0x0000,0x0000,0x0000,0x0000,0x0000,0x0000,0x0000,0x0000,0x0000,
  0x0000,0x0000,0x0000,0x0000,0x0000,0x0000,0x0000,0x0000,0x0000,0x0000,0x0000,0x0000,
  0x0000,0x0000,0x0000,0x0000,0x0000,0x0000,0x0000,0x0000,0x0000,0x0000,0x0000,0x0000,
  0x0000,0x0000,0x0000,0x0000,0x0000,0x0000,0x0000,0x0000,0x0000,0x0000,0x0000,0x0000,
  0x0801,0x1802,0x1802,0x1002,0x1001,0x1802,0x1802,0x2002,0x2002,0x1802,0x0801,0x0001,
  0x0000,0x0000,0x0000,0x0000,0x0000,0x0000,0x0000,0x0000,0x0000,0x0001,0x0001,0x0001,
  0x0022,0x0023,0x0002,0x0803,0x1003,0x1003,0x0803,0x0002,0x0001,0x0000,0x0000,0x0000,
  0x0000,0x0000,0x0000,0x0000,0x0000,0x0000,0x0000,0x0000,0x0000,0x0000,0x0000,0x0000,
  0x0000,0x0000,0x0000,0x0000,0x0000,0x0000,0x0000,0x0000,0x0000,0x0000,0x0000,0x0000,
  0x0000,0x0000,0x0000,0x0000,0x0000,0x0000,0x0000,0x0000,0x0000,0x0000,0x0000,0x0000,
  0x0000,0x0000,0x0000,0x0000,0x0000,0x0000,0x0000,0x0000,0x0000,0x0000,0x0000,0x0000,
  0x0000,0x0000,0x0000,0x0000,0x0000,0x0000,0x0000,0x0000,0x0000,0x0000,0x0000,0x0000,
  0x0000,0x0000,0x0000,0x0000,0x0000,0x0000,0x0000,0x0000,0x0000,0x0000,0x0000,0x0000,
  0x0000,0x0000,0x0000,0x0000,0x0000,0x0000,0x0000,0x0000,0x0000,0x0000,0x0000,0x0000,
  0x0000,0x0000,0x0000,0x0000,0x0000,0x0000,0x0000,0x0000,0x0000,0x0000,0x0000,0x0000,
  0x0000,0x0000,0x0000,0x0000,0x0000,0x0000,0x0000,0x0000,0x0000,0x0000,0x0000,0x0000,
  0x0000,0x0000,0x0000,0x0000,0x0000,0x0000,0x0000,0x0000,0x0000,0x0000,0x0000,0x0000,
  0x0000,0x0000,0x0000,0x0000,0x0000,0x0000,0x0000,0x0000,0x0000,0x0000,0x0000,0x0000,
  0x0000,0x0000,0x0000,0x0000,0x0000,0x0000,0x0000,0x0000,0x0000,0x0000,0x0000,0x0000,
  0x0000,0x0000,0x0000,0x0000,0x0000,0x0000,0x0000,0x0000,0x0000,0x0000,0x0000,0x0000,
  0x0000,0x0000,0x0000,0x0000,0x0000,0x0000,0x0000,0x0000,0x0000,0x0000,0x0000,0x0000,
  0x0000,0x0000,0x0000,0x0000,0x0000,0x0000,0x0000,0x0000,0x0000,0x0000,0x0000,0x0000,
  0x0000,0x0000,0x0000,0x0000,0x0000,0x0000,0x0000,0x0000,0x0000,0x0000,0x0000,0x0000,
  0x0000,0x0000,0x0000,0x0000,0x0000,0x0000,0x0000,0x0000,0x0000,0x0000,0x0000,0x0000,
  0x0000,0x0000,0x0801,0x0801,0x0801,0x1001,0x1001,0x1001,0x0801,0x0801,0x0801,0x0801,
  0x0801,0x0001,0x0001,0x0001,0x0001,0x0001,0x0001,0x0022,0x0022,0x0022,0x0022,0x0002,
  0x0022,0x0022,0x0002,0x0802,0x0802,0x0001,0x0002,0x0000,0x0000,0x0000,0x0000,0x0000,
  0x0000,0x0000,0x0000,0x0000,0x0000,0x0000,0x0000,0x0000,0x0000,0x0000,0x0000,0x0000,
  0x0000,0x0000,0x0000,0x0000,0x0000,0x0000,0x0000,0x0000,0x0000,0x0000,0x0000,0x0000,
  0x0000,0x0000,0x0000,0x0000,0x0000,0x0000,0x0000,0x0000,0x0000,0x0000,0x0000,0x0000,
  0x0000,0x0000,0x0000,0x0000,0x0000,0x0000,0x0000,0x0000,0x0000,0x0000,0x0000,0x0000,
  0x0000,0x0000,0x0000,0x0000,0x0000,0x0000,0x0000,0x0000,0x0000,0x0000,0x0000,0x0000,
  0x0000,0x0000,0x0000,0x0000,0x0000,0x0000,0x0000,0x0000,0x0000,0x0000,0x0000,0x0000,
  0x0000,0x0000,0x0000,0x0000,0x0000,0x0000,0x0000,0x0000,0x0000,0x0000,0x0000,0x0000,
  0x0000,0x0000,0x0000,0x0000,0x0000,0x0000,0x0000,0x0000,0x0000,0x0000,0x0000,0x0000,
  0x0000,0x0000,0x0000,0x0000,0x0000,0x0000,0x0000,0x0000,0x0000,0x0000,0x0000,0x0000,
  0x0000,0x0000,0x0000,0x0000,0x0000,0x0000,0x0000,0x0000,0x0000,0x0000,0x0000,0x0000,
  0x0000,0x0000,0x0000,0x0000,0x0000,0x0000,0x0000,0x0000,0x0000,0x0000,0x0000,0x0000,
  0x0000,0x0000,0x0000,0x0000,0x0000,0x0000,0x0000,0x0000,0x0000,0x0000,0x0000,0x0000,
  0x0000,0x0000,0x0000,0x0000,0x0000,0x0000,0x0000,0x0000,0x0000,0x0000,0x0000,0x0000,
  0x0000,0x0000,0x0000,0x0000,0x0000,0x0000,0x0000,0x0000,0x0000,0x0000,0x0000,0x0000,
  0x0000,0x0000,0x0000,0x0000,0x0000,0x0000,0x0000,0x0000,0x0000,0x0000,0x0000,0x0000,
  0x0000,0x0000,0x0000,0x0000,0x0000,0x0000,0x0000,0x0000,0x0000,0x0000,0x0000,0x0000,
  0x0000,0x0000,0x0000,0x0000,0x0000,0x0000,0x0000,0x0000,0x0000,0x0000,0x0000,0x0000,
  0x0000,0x0000,0x0801,0x0801,0x0001,0x0801,0x0000,0x0000,0x0000,0x0000,0x0000,0x0000,
  0x0000,0x0000,0x0000,0x0000,0x0000,0x0000,0x0000,0x0000,0x0000,0x0000,0x0000,0x0000,
  0x0000,0x0000,0x0000,0x0000,0x0001,0x0802,0x0001,0x0000,0x0000,0x0000,0x0000,0x0000,
  0x0000,0x0000,0x0000,0x0000,0x0000,0x0000,0x0000,0x0000,0x0000,0x0000,0x0000,0x0000,
  0x0000,0x0000,0x0000,0x0000,0x0000,0x0000,0x0000,0x0000,0x0000,0x0000,0x0000,0x0000,
  0x0000,0x0000,0x0000,0x0000,0x0000,0x0000,0x0000,0x0000,0x0000,0x0000,0x0000,0x0000,
  0x0000,0x0000,0x0000,0x0000,0x0000,0x0000,0x0000,0x0000,0x0000,0x0000,0x0000,0x0000,
  0x0000,0x0000,0x0000,0x0000,0x0000,0x0000,0x0000,0x0000,0x0000,0x0000,0x0000,0x0000,
  0x0000,0x0000,0x0000,0x0000,0x0000,0x0000,0x0000,0x0000,0x0000,0x0000,0x0000,0x0000,
  0x0000,0x0000,0x0000,0x0000,0x0000,0x0000,0x0000,0x0000,0x0000,0x0000,0x0000,0x0000,
  0x0000,0x0000,0x0000,0x0000,0x0000,0x0000,0x0000,0x0000,0x0000,0x0000,0x0000,0x0000,
  0x0000,0x0000,0x0000,0x0000,0x0000,0x0000,0x0000,0x0000,0x0000,0x0000,0x0000,0x0000,
  0x0000,0x0000,0x0000,0x0000,0x0000,0x0000,0x0000,0x0000,0x0000,0x0000,0x0000,0x0000,
  0x0000,0x0000,0x0000,0x0000,0x0000,0x0000,0x0000,0x0000,0x0000,0x0000,0x0000,0x0000,
  0x0000,0x0000,0x0000,0x0000,0x0000,0x0000,0x0000,0x0000,0x0000,0x0000,0x0000,0x0000,
  0x0000,0x0000,0x0000,0x0000,0x0000,0x0000,0x0000,0x0000,0x0000,0x0000,0x0000,0x0000,
  0x0000,0x0000,0x0000,0x0000,0x0000,0x0000,0x0000,0x0000,0x0000,0x0000,0x0000,0x0000,
  0x0000,0x0000,0x0000,0x0000,0x0000,0x0000,0x0000,0x0000,0x0000,0x0000,0x0000,0x0000,
  0x0000,0x0000,0x0000,0x0000,0x0000,0x0000,0x0000,0x0000,0x0000,0x0000,0x0000,0x0000,
  0x0000,0x0000,0x0000,0x0000,0x0000,0x0000,0x0000,0x0000,0x0000,0x0000,0x0000,0x0000,
  0x0000,0x0000,0x0000,0x0801,0x0001,0x0000,0x0000,0x0000,0x0000,0x0000,0x0000,0x0000,
  0x0000,0x0000,0x0000,0x0000,0x0000,0x0000,0x0000,0x0000,0x0000,0x0000,0x0000,0x0000,
  0x0000,0x0001,0x0001,0x0001,0x0802,0x0001,0x0000,0x0000,0x0000,0x0000,0x0000,0x0000,
  0x0000,0x0000,0x0000,0x0000,0x0000,0x0000,0x0000,0x0000,0x0000,0x0000,0x0000,0x0000,
  0x0000,0x0000,0x0000,0x0000,0x0000,0x0000,0x0000,0x0000,0x0000,0x0000,0x0000,0x0000,
  0x0000,0x0000,0x0000,0x0000,0x0000,0x0000,0x0000,0x0000,0x0000,0x0000,0x0000,0x0000,
  0x0000,0x0000,0x0000,0x0000,0x0000,0x0000,0x0000,0x0000,0x0000,0x0000,0x0000,0x0000,
  0x0000,0x0000,0x0000,0x0000,0x0000,0x0000,0x0000,0x0000,0x0000,0x0000,0x0000,0x0000,
  0x0000,0x0000,0x0000,0x0000,0x0000,0x0000,0x0000,0x0000,0x0000,0x0000,0x0000,0x0000,
  0x0000,0x0000,0x0000,0x0000,0x0000,0x0000,0x0000,0x0000,0x0000,0x0000,0x0000,0x0000,
  0x0000,0x0000,0x0000,0x0000,0x0000,0x0000,0x0000,0x0000,0x0000,0x0000,0x0000,0x0000,
  0x0000,0x0000,0x0000,0x0000,0x0000,0x0000,0x0000,0x0000,0x0000,0x0000,0x0000,0x0000,
  0x0000,0x0000,0x0000,0x0000,0x0000,0x0000,0x0000,0x0000,0x0000,0x0000,0x0000,0x0000,
  0x0000,0x0000,0x0000,0x0000,0x0000,0x0000,0x0000,0x0000,0x0000,0x0000,0x0000,0x0000,
  0x0000,0x0000,0x0000,0x0000,0x0000,0x0000,0x0000,0x0000,0x0000,0x0000,0x0000,0x0000,
  0x0000,0x0000,0x0000,0x0000,0x0000,0x0000,0x0000,0x0000,0x0000,0x0000,0x0000,0x0000,
  0x0000,0x0000,0x0000,0x0000,0x0000,0x0000,0x0000,0x0000,0x0000,0x0000,0x0000,0x0000,
  0x0000,0x0000,0x0000,0x0000,0x0000,0x0000,0x0000,0x0000,0x0000,0x0000,0x0000,0x0000,
  0x0000,0x0000,0x0000,0x0000,0x0000,0x0000,0x0000,0x0000,0x0000,0x0000,0x0000,0x0000,
  0x0000,0x0000,0x0000,0x0000,0x0000,0x0000,0x0000,0x0000,0x0000,0x0000,0x0000,0x0000,
  0x0000,0x0000,0x0000,0x0000,0x0801,0x0801,0x0000,0x0000,0x0000,0x0000,0x0000,0x0000,
  0x0000,0x0000,0x0000,0x0000,0x0000,0x0000,0x0000,0x0000,0x0000,0x0000,0x0000,0x0000,
  0x0000,0x0000,0x0001,0x0802,0x0801,0x0000,0x0000,0x0000,0x0000,0x0000,0x0000,0x0000,
  0x0000,0x0000,0x0000,0x0000,0x0000,0x0000,0x0000,0x0000,0x0000,0x0000,0x0000,0x0000,
  0x0000,0x0000,0x0000,0x0000,0x0000,0x0000,0x0000,0x0000,0x0000,0x0000,0x0000,0x0000,
  0x0000,0x0000,0x0000,0x0000,0x0000,0x0000,0x0000,0x0000,0x0000,0x0000,0x0000,0x0000,
  0x0000,0x0000,0x0000,0x0000,0x0000,0x0000,0x0000,0x0000,0x0000,0x0000,0x0000,0x0000,
  0x0000,0x0000,0x0000,0x0000,0x0000,0x0000,0x0000,0x0000,0x0000,0x0000,0x0000,0x0000,
  0x0000,0x0000,0x0000,0x0000,0x0000,0x0000,0x0000,0x0000,0x0000,0x0000,0x0000,0x0000,
  0x0000,0x0000,0x0000,0x0000,0x0000,0x0000,0x0000,0x0000,0x0000,0x0000,0x0000,0x0000,
  0x0000,0x0000,0x0000,0x0000,0x0000,0x0000,0x0000,0x0000,0x0000,0x0000,0x0000,0x0000,
  0x0000,0x0000,0x0000,0x0000,0x0000,0x0000,0x0000,0x0000,0x0000,0x0000,0x0000,0x0000,
  0x0000,0x0000,0x0000,0x0000,0x0000,0x0000,0x0000,0x0000,0x0000,0x0000,0x0000,0x0000,
  0x0000,0x0000,0x0000,0x0000,0x0000,0x0000,0x0000,0x0000,0x0000,0x0000,0x0000,0x0000,
  0x0000,0x0000,0x0000,0x0000,0x0000,0x0000,0x0000,0x0000,0x0000,0x0000,0x0000,0x0000,
  0x0000,0x0000,0x0000,0x0000,0x0000,0x0000,0x0000,0x0000,0x0000,0x0000,0x0000,0x0000,
  0x0000,0x0000,0x0000,0x0000,0x0000,0x0000,0x0000,0x0000,0x0000,0x0000,0x0000,0x0000,
  0x0000,0x0000,0x0000,0x0000,0x0000,0x0000,0x0000,0x0000,0x0000,0x0000,0x0000,0x0000,
  0x0000,0x0000,0x0000,0x0000,0x0000,0x0000,0x0000,0x0000,0x0000,0x0000,0x0000,0x0000,
  0x0000,0x0000,0x0000,0x0000,0x0000,0x0000,0x0000,0x0000,0x0000,0x0000,0x0000,0x0000,
  0x0000,0x0000,0x0000,0x0000,0x0000,0x0000,0x0000,0x0000,0x0000,0x0000,0x0000,0x0000,
  0x0000,0x0000,0x0000,0x0000,0x0000,0x0000,0x0000,0x0000,0x0000,0x0000,0x0000,0x0000,
  0x0000,0x0000,0x0001,0x0001,0x0000,0x0000,0x0000,0x0000,0x0000,0x0000,0x0000,0x0000,
  0x0000,0x0000,0x0000,0x0000,0x0000,0x0000,0x0000,0x0000,0x0000,0x0000,0x0000,0x0000,
  0x0000,0x0000,0x0000,0x0000,0x0000,0x0000,0x0000,0x0000,0x0000,0x0000,0x0000,0x0000,
  0x0000,0x0000,0x0000,0x0000,0x0000,0x0000,0x0000,0x0000,0x0000,0x0000,0x0000,0x0000,
  0x0000,0x0000,0x0000,0x0000,0x0000,0x0000,0x0000,0x0000,0x0000,0x0000,0x0000,0x0000,
  0x0000,0x0000,0x0000,0x0000,0x0000,0x0000,0x0000,0x0000,0x0000,0x0000,0x0000,0x0000,
  0x0000,0x0000,0x0000,0x0000,0x0000,0x0000,0x0000,0x0000,0x0000,0x0000,0x0000,0x0000,
  0x0000,0x0000,0x0000,0x0000,0x0000,0x0000,0x0000,0x0000,0x0000,0x0000,0x0000,0x0000,
  0x0000,0x0000,0x0000,0x0000,0x0000,0x0000,0x0000,0x0000,0x0000,0x0000,0x0000,0x0000,
  0x0000,0x0000,0x0000,0x0000,0x0000,0x0000,0x0000,0x0000,0x0000,0x0000,0x0000,0x0000,
  0x0000,0x0000,0x0000,0x0000,0x0000,0x0000,0x0000,0x0000,0x0000,0x0000,0x0000,0x0000,
  0x0000,0x0000,0x0000,0x0000,0x0000,0x0000,0x0000,0x0000,0x0000,0x0000,0x0000,0x0000,
  0x0000,0x0000,0x0000,0x0000,0x0000,0x0000,0x0000,0x0000,0x0000,0x0000,0x0000,0x0000,
  0x0000,0x0000,0x0000,0x0000,0x0000,0x0000,0x0000,0x0000,0x0000,0x0000,0x0000,0x0000,
  0x0000,0x0000,0x0000,0x0000,0x0000,0x0000,0x0000,0x0000,0x0000,0x0000,0x0000,0x0000,
  0x0000,0x0000,0x0000,0x0000,0x0000,0x0000,0x0000,0x0000,0x0000,0x0000,0x0000,0x0000,
  0x0000,0x0000,0x0000,0x0000,0x0000,0x0000,0x0000,0x0000,0x0000,0x0000,0x0000,0x0000,
  0x0000,0x0000,0x0000,0x0000,0x0000,0x0000,0x0000,0x0000,0x0000,0x0000,0x0000,0x0000,
  0x0000,0x0000,0x0000,0x0000,0x0000,0x0000,0x0801,0x1001,0x0801,0x0000,0x0000,0x0000,
  0x0000,0x0000,0x0000,0x0000,0x0000,0x0000,0x0000,0x0000,0x0000,0x0000,0x0000,0x0000,
  0x0001,0x0802,0x0001,0x0000,0x0000,0x0000,0x0000,0x0000,0x0000,0x0000,0x0000,0x0000,
  0x0000,0x0000,0x0000,0x0000,0x0000,0x0000,0x0000,0x0000,0x0000,0x0000,0x0000,0x0000,
  0x0000,0x0000,0x0000,0x0000,0x0000,0x0000,0x0000,0x0000,0x0000,0x0000,0x0000,0x0000,
  0x0000,0x0000,0x0000,0x0000,0x0000,0x0000,0x0000,0x0000,0x0000,0x0000,0x0000,0x0000,
  0x0000,0x0000,0x0000,0x0000,0x0000,0x0000,0x0000,0x0000,0x0000,0x0000,0x0000,0x0000,
  0x0000,0x0000,0x0000,0x0000,0x0000,0x0000,0x0000,0x0000,0x0000,0x0000,0x0000,0x0000,
  0x0000,0x0000,0x0000,0x0000,0x0000,0x0000,0x0000,0x0000,0x0000,0x0000,0x0000,0x0000,
  0x0000,0x0000,0x0000,0x0000,0x0000,0x0000,0x0000,0x0000,0x0000,0x0000,0x0000,0x0000,
  0x0000,0x0000,0x0000,0x0000,0x0000,0x0000,0x0000,0x0000,0x0000,0x0000,0x0000,0x0000,
  0x0000,0x0000,0x0000,0x0000,0x0000,0x0000,0x0000,0x0000,0x0000,0x0000,0x0000,0x0000,
  0x0000,0x0000,0x0000,0x0000,0x0000,0x0000,0x0000,0x0000,0x0000,0x0000,0x0000,0x0000,
  0x0000,0x0000,0x0000,0x0000,0x0000,0x0000,0x0000,0x0000,0x0000,0x0000,0x0000,0x0000,
  0x0000,0x0000,0x0000,0x0000,0x0000,0x0000,0x0000,0x0000,0x0000,0x0000,0x0000,0x0000,
  0x0000,0x0000,0x0000,0x0000,0x0000,0x0000,0x0000,0x0000,0x0000,0x0000,0x0000,0x0000,
  0x0000,0x0000,0x0000,0x0000,0x0000,0x0000,0x0000,0x0000,0x0000,0x0000,0x0000,0x0000,
  0x0000,0x0000,0x0000,0x0000,0x0000,0x0000,0x0000,0x0000,0x0000,0x0000,0x0000,0x0000,
  0x0000,0x0000,0x0000,0x0000,0x0000,0x0000,0x0000,0x0000,0x0000,0x0000,0x0000,0x0000,
  0x0000,0x0000,0x0000,0x0000,0x0000,0x0000,0x0000,0x0000,0x0000,0x0000,0x0000,0x0000,
  0x0000,0x0000,0x0000,0x0000,0x0000,0x0000,0x0001,0x2003,0x3844,0x1802,0x0801,0x0801,
  0x0801,0x0001,0x0000,0x0000,0x0000,0x0000,0x0000,0x0001,0x0001,0x0001,0x0002,0x0001,
  0x1003,0x0823,0x0001,0x0000,0x0000,0x0000,0x0000,0x0000,0x0000,0x0000,0x0000,0x0000,
  0x0000,0x0000,0x0000,0x0000,0x0000,0x0000,0x0000,0x0000,0x0000,0x0000,0x0000,0x0000,
  0x0000,0x0000,0x0000,0x0000,0x0000,0x0000,0x0000,0x0000,0x0000,0x0000,0x0000,0x0000,
  0x0000,0x0000,0x0000,0x0000,0x0000,0x0000,0x0000,0x0000,0x0000,0x0000,0x0000,0x0000,
  0x0000,0x0000,0x0000,0x0000,0x0000,0x0000,0x0000,0x0000,0x0000,0x0000,0x0000,0x0000,
  0x0000,0x0000,0x0000,0x0000,0x0000,0x0000,0x0000,0x0000,0x0000,0x0000,0x0000,0x0000,
  0x0000,0x0000,0x0000,0x0000,0x0000,0x0000,0x0000,0x0000,0x0000,0x0000,0x0000,0x0000,
  0x0000,0x0000,0x0000,0x0000,0x0000,0x0000,0x0000,0x0000,0x0000,0x0000,0x0000,0x0000,
  0x0000,0x0000,0x0000,0x0000,0x0000,0x0000,0x0000,0x0000,0x0000,0x0000,0x0000,0x0000,
  0x0000,0x0000,0x0000,0x0000,0x0000,0x0000,0x0000,0x0000,0x0000,0x0000,0x0000,0x0000,
  0x0000,0x0000,0x0000,0x0000,0x0000,0x0000,0x0000,0x0000,0x0000,0x0000,0x0000,0x0000,
  0x0000,0x0000,0x0000,0x0000,0x0000,0x0000,0x0000,0x0000,0x0000,0x0000,0x0000,0x0000,
  0x0000,0x0000,0x0000,0x0000,0x0000,0x0000,0x0000,0x0000,0x0000,0x0000,0x0000,0x0000,
  0x0000,0x0000,0x0000,0x0000,0x0000,0x0000,0x0000,0x0000,0x0000,0x0000,0x0000,0x0000,
  0x0000,0x0000,0x0000,0x0000,0x0000,0x0000,0x0000,0x0000,0x0000,0x0000,0x0000,0x0000,
  0x0000,0x0000,0x0000,0x0000,0x0000,0x0000,0x0000,0x0000,0x0000,0x0000,0x0000,0x0000,
  0x0000,0x0000,0x0000,0x0000,0x0000,0x0000,0x0000,0x0000,0x0000,0x0000,0x0000,0x0000,
  0x0000,0x0000,0x0000,0x0000,0x0000,0x0000,0x0000,0x0000,0x0000,0x0000,0x0000,0x0000,
  0x0000,0x0000,0x0000,0x0000,0x0000,0x0000,0x0000,0x0000,0x0000,0x0801,0x1002,0x1002,
  0x1002,0x0802,0x0802,0x0802,0x0002,0x0001,0x0002,0x0802,0x0002,0x0002,0x0002,0x0001,
  0x0001,0x0000,0x0000,0x0000,0x0000,0x0000,0x0000,0x0000,0x0000,0x0000,0x0000,0x0000,
  0x0000,0x0000,0x0000,0x0000,0x0000,0x0000,0x0000,0x0000,0x0000,0x0000,0x0000,0x0000,
  0x0000,0x0000,0x0000,0x0000,0x0000,0x0000,0x0000,0x0000,0x0000,0x0000,0x0000,0x0000,
  0x0000,0x0000,0x0000,0x0000,0x0000,0x0000,0x0000,0x0000,0x0000,0x0000,0x0000,0x0000,
  0x0000,0x0000,0x0000,0x0000,0x0000,0x0000,0x0000,0x0000,0x0000,0x0000,0x0000,0x0000,
  0x0000,0x0000,0x0000,0x0000,0x0000,0x0000,0x0000,0x0000,0x0000,0x0000,0x0000,0x0000,
  0x0000,0x0000,0x0000,0x0000,0x0000,0x0000,0x0000,0x0000,0x0000,0x0000,0x0000,0x0000,
  0x0000,0x0000,0x0000,0x0000,0x0000,0x0000,0x0000,0x0000,0x0000,0x0000,0x0000,0x0000,
  0x0000,0x0000,0x0000,0x0000,0x0000,0x0000,0x0000,0x0000,0x0000,0x0000,0x0000,0x0000,
  0x0000,0x0000,0x0000,0x0000,0x0000,0x0000,0x0000,0x0000,0x0000,0x0000,0x0000,0x0000,
  0x0000,0x0000,0x0000,0x0000,0x0000,0x0000,0x0000,0x0000,0x0000,0x0000,0x0000,0x0000,
  0x0000,0x0000,0x0000,0x0000,0x0000,0x0000,0x0000,0x0000,0x0000,0x0000,0x0000,0x0000,
  0x0000,0x0000,0x0000,0x0000,0x0000,0x0000,0x0000,0x0000,0x0000,0x0000,0x0000,0x0000,
  0x0000,0x0000,0x0000,0x0000,0x0000,0x0000,0x0000,0x0000,0x0000,0x0000,0x0000,0x0000,
  0x0000,0x0000,0x0000,0x0000,0x0000,0x0000,0x0000,0x0000,0x0000,0x0000,0x0000,0x0000,
  0x0000,0x0000,0x0000,0x0000,0x0000,0x0000,0x0000,0x0000,0x0000,0x0000,0x0000,0x0000,
  0x0000,0x0000,0x0000,0x0000,0x0000,0x0000,0x0000,0x0000,0x0000,0x0000,0x0000,0x0000,
  0x0000,0x0000,0x0000,0x0000,0x0000,0x0000,0x0000,0x0000,0x0000,0x0000,0x0000,0x0000,
  0x0000,0x0000,0x0000,0x0000,0x0000,0x0000,0x0000,0x0000,0x0001,0x0000,0x0000,0x0000,
  0x0000,0x0000,0x0000,0x0000,0x0000,0x0000,0x0000,0x0000,0x0000,0x0000,0x0000,0x0000,
  0x0000,0x0000,0x0000,0x0000,0x0000,0x0000,0x0000,0x0000,0x0000,0x0000,0x0000,0x0000,
  0x0000,0x0000,0x0000,0x0000,0x0000,0x0000,0x0000,0x0000,0x0000,0x0000,0x0000,0x0000,
  0x0000,0x0000,0x0000,0x0000,0x0000,0x0000,0x0000,0x0000,0x0000,0x0000,0x0000,0x0000,
  0x0000,0x0000,0x0000,0x0000,0x0000,0x0000,0x0000,0x0000,0x0000,0x0000,0x0000,0x0000,
  0x0000,0x0000,0x0000,0x0000,0x0000,0x0000,0x0000,0x0000,0x0000,0x0000,0x0000,0x0000,
  0x0000,0x0000,0x0000,0x0000,0x0000,0x0000,0x0000,0x0000,0x0000,0x0000,0x0000,0x0000,
  0x0000,0x0000,0x0000,0x0000,0x0000,0x0000,0x0000,0x0000,0x0000,0x0000,0x0000,0x0000,
  0x0000,0x0000,0x0000,0x0000,0x0000,0x0000,0x0000,0x0000,0x0000,0x0000,0x0000,0x0000,
  0x0000,0x0000,0x0000,0x0000,0x0000,0x0000,0x0000,0x0000,0x0000,0x0000,0x0000,0x0000,
  0x0000,0x0000,0x0000,0x0000,0x0000,0x0000,0x0000,0x0000,0x0000,0x0000,0x0000,0x0000,
  0x0000,0x0000,0x0000,0x0000,0x0000,0x0000,0x0000,0x0000,0x0000,0x0000,0x0000,0x0000,
  0x0000,0x0000,0x0000,0x0000,0x0000,0x0000,0x0000,0x0000,0x0000,0x0000,0x0000,0x0000,
  0x0000,0x0000,0x0000,0x0000,0x0000,0x0000,0x0000,0x0000,0x0000,0x0000,0x0000,0x0000,
  0x0000,0x0000,0x0000,0x0000,0x0000,0x0000,0x0000,0x0000,0x0000,0x0000,0x0000,0x0000,
  0x0000,0x0000,0x0000,0x0000,0x0000,0x0000,0x0000,0x0000,0x0000,0x0000,0x0000,0x0000,
  0x0000,0x0000,0x0000,0x0000,0x0000,0x0000,0x0000,0x0000,0x0000,0x0000,0x0000,0x0000,
  0x0000,0x0000,0x0000,0x0000,0x0000,0x0000,0x0000,0x0000,0x0000,0x0000,0x0000,0x0000,
  0x0000,0x0000,0x0000,0x0000,0x0000,0x0000,0x0000,0x0000,0x0000,0x0000,0x0000,0x0000,
  0x0000,0x0000,0x0000,0x0000,0x0000,0x0000,0x0000,0x0000,0x0000,0x0000,0x0000,0x0000,
  0x0000,0x0000,0x0000,0x0000,0x0000,0x0000,0x0000,0x0000,0x0000,0x0000,0x0000,0x0000,
  0x0000,0x0000,0x0000,0x0000,0x0000,0x0000,0x0000,0x0000,0x0000,0x0000,0x0000,0x0000,
  0x0000,0x0000,0x0000,0x0000,0x0000,0x0000,0x0000,0x0000,0x0000,0x0000,0x0000,0x0000,
  0x0000,0x0000,0x0000,0x0000,0x0000,0x0000,0x0000,0x0000,0x0000,0x0000,0x0000,0x0000,
  0x0000,0x0000,0x0000,0x0000,0x0000,0x0000,0x0000,0x0000,0x0000,0x0000,0x0000,0x0000,
  0x0000,0x0000,0x0000,0x0000,0x0000,0x0000,0x0000,0x0000,0x0000,0x0000,0x0000,0x0000,
  0x0000,0x0000,0x0000,0x0000,0x0000,0x0000,0x0000,0x0000,0x0000,0x0000,0x0000,0x0000,
  0x0000,0x0000,0x0000,0x0000,0x0000,0x0000,0x0000,0x0000,0x0000,0x0000,0x0000,0x0000,
  0x0000,0x0000,0x0000,0x0000,0x0000,0x0000,0x0000,0x0000,0x0000,0x0000,0x0000,0x0000,
  0x0000,0x0000,0x0000,0x0000,0x0000,0x0000,0x0000,0x0000,0x0000,0x0000,0x0000,0x0000,
  0x0000,0x0000,0x0000,0x0000,0x0000,0x0000,0x0000,0x0000,0x0000,0x0000,0x0000,0x0000,
  0x0000,0x0000,0x0000,0x0000,0x0000,0x0000,0x0000,0x0000,0x0000,0x0000,0x0000,0x0000,
  0x0000,0x0000,0x0000,0x0000,0x0000,0x0000,0x0000,0x0000,0x0000,0x0000,0x0000,0x0000,
  0x0000,0x0000,0x0000,0x0000,0x0000,0x0000,0x0000,0x0000,0x0000,0x0000,0x0000,0x0000,
  0x0000,0x0000,0x0000,0x0000,0x0000,0x0000,0x0000,0x0000,0x0000,0x0000,0x0000,0x0000,
  0x0000,0x0000,0x0000,0x0000,0x0000,0x0000,0x0000,0x0000,0x0000,0x0000,0x0000,0x0000,
  0x0000,0x0000,0x0000,0x0000,0x0000,0x0000,0x0000,0x0000,0x0000,0x0000,0x0000,0x0000,
  0x0000,0x0000,0x0000,0x0000,0x0000,0x0000,0x0000,0x0000,0x0000,0x0000,0x0000,0x0000,
  0x0000,0x0000,0x0000,0x0000,0x0000,0x0000,0x0000,0x0000,0x0000,0x0000,0x0000,0x0000,
  0x0000,0x0000,0x0000,0x0000,0x0000,0x0000,0x0000,0x0000,0x0000,0x0000,0x0000,0x0000,
  0x0000,0x0000,0x0000,0x0000,0x0000,0x0000,0x0000,0x0000,0x0000,0x0000,0x0000,0x0000,
  0x0000,0x0000,0x0000,0x0000,0x0000,0x0000,0x0000,0x0000,0x0000,0x0000,0x0000,0x0000,
  0x0000,0x0000,0x0000,0x0000,0x0000,0x0000,0x0000,0x0000,0x0000,0x0000,0x0000,0x0000,
  0x0000,0x0000,0x0000,0x0000,0x0000,0x0000,0x0000,0x0000,0x0000,0x0000,0x0000,0x0000,
  0x0000,0x0000,0x0000,0x0000,0x0000,0x0000,0x0000,0x0000,0x0000,0x0000,0x0000,0x0000,
  0x0000,0x0000,0x0000,0x0000,0x0000,0x0000,0x0000,0x0000,0x0000,0x0000,0x0000,0x0000,
  0x0000,0x0000,0x0000,0x0000,0x0000,0x0000,0x0000,0x0000,0x0000,0x0000,0x0000,0x0000,
  0x0000,0x0000,0x0000,0x0000,0x0000,0x0000,0x0000,0x0000,0x0000,0x0000,0x0000,0x0000,
  0x0000,0x0000,0x0000,0x0000,0x0000,0x0000,0x0000,0x0000,0x0000,0x0000,0x0000,0x0000,
  0x0000,0x0000,0x0000,0x0000,0x0000,0x0000,0x0000,0x0000,0x0000,0x0000,0x0000,0x0000,
  0x0000,0x0000,0x0000,0x0000,0x0000,0x0000,0x0000,0x0000,0x0000,0x0000,0x0000,0x0000,
  0x0000,0x0000,0x0000,0x0000,0x0000,0x0000,0x0000,0x0000,0x0000,0x0000,0x0000,0x0000,
  0x0000,0x0000,0x0000,0x0000,0x0000,0x0000,0x0000,0x0000,0x0000,0x0000,0x0000,0x0000,
  0x0000,0x0000,0x0000,0x0000,0x0000,0x0000,0x0000,0x0000,0x0000,0x0000,0x0000,0x0000,
  0x0000,0x0000,0x0000,0x0000,0x0000,0x0000,0x0000,0x0000,0x0000,0x0000,0x0000,0x0000,
  0x0000,0x0000,0x0000,0x0000,0x0000,0x0000,0x0000,0x0000,0x0000,0x0000,0x0000,0x0000,
  0x0000,0x0000,0x0000,0x0000,0x0000,0x0000,0x0000,0x0000,0x0000,0x0000,0x0000,0x0000,
  0x0000,0x0000,0x0000,0x0000,0x0000,0x0000,0x0000,0x0000,0x0000,0x0000,0x0000,0x0000,
  0x0000,0x0000,0x0000,0x0000,0x0000,0x0000,0x0000,0x0000,0x0000,0x0000,0x0000,0x0000,
  0x0000,0x0000,0x0000,0x0000,0x0000,0x0000,0x0000,0x0000,0x0000,0x0000,0x0000,0x0000,
  0x0000,0x0000,0x0000,0x0000,0x0000,0x0000,0x0000,0x0000,0x0000,0x0000,0x0000,0x0000,
  0x0000,0x0000,0x0000,0x0000,0x0000,0x0000,0x0000,0x0000,0x0000,0x0000,0x0000,0x0000,
  0x0000,0x0000,0x0000,0x0000,0x0000,0x0000,0x0000,0x0000,0x0000,0x0000,0x0000,0x0000,
  0x0000,0x0000,0x0000,0x0000,0x0000,0x0000,0x0000,0x0000,0x0000,0x0000,0x0000,0x0000,
  0x0000,0x0000,0x0000,0x0000,0x0000,0x0000,0x0000,0x0000,0x0000,0x0000,0x0000,0x0000,
  0x0000,0x0000,0x0000,0x0000,0x0000,0x0000,0x0000,0x0000,0x0000,0x0000,0x0000,0x0000,
  0x0000,0x0000,0x0000,0x0000,0x0000,0x0000,0x0000,0x0000,0x0000,0x0000,0x0000,0x0000,
  0x0000,0x0000,0x0000,0x0000,0x0000,0x0000,0x0000,0x0000,0x0000,0x0000,0x0000,0x0000,
  0x0000,0x0000,0x0000,0x0000,0x0000,0x0000,0x0000,0x0000,0x0000,0x0000,0x0000,0x0000,
  0x0000,0x0000,0x0000,0x0000,0x0000,0x0000,0x0000,0x0000,0x0000,0x0000,0x0000,0x0000,
  0x0000,0x0000,0x0000,0x0000,0x0000,0x0000,0x0000,0x0000,0x0000,0x0000,0x0000,0x0000,
  0x0000,0x0000,0x0000,0x0000,0x0000,0x0000,0x0000,0x0000,0x0000,0x0000,0x0000,0x0000,
  0x0000,0x0000,0x0000,0x0000,0x0000,0x0000,0x0000,0x0000,0x0000,0x0000,0x0000,0x0000,
  0x0000,0x0000,0x0000,0x0000,0x0000,0x0000,0x0000,0x0000,0x0000,0x0000,0x0000,0x0000,
  0x0000,0x0000,0x0000,0x0000,0x0000,0x0000,0x0000,0x0000,0x0000,0x0000,0x0000,0x0000,
  0x0000,0x0000,0x0000,0x0000,0x0000,0x0000,0x0000,0x0000,0x0000,0x0000,0x0000,0x0000,
  0x0000,0x0000,0x0000,0x0000,0x0000,0x0000,0x0000,0x0000,0x0000,0x0000,0x0000,0x0000,
  0x0000,0x0000,0x0000,0x0000,0x0000,0x0000,0x0000,0x0000,0x0000,0x0000,0x0000,0x0000,
  0x0000,0x0000,0x0000,0x0000,0x0000,0x0000,0x0000,0x0000,0x0000,0x0000,0x0000,0x0000,
  0x0000,0x0000,0x0000,0x0000,0x0000,0x0000,0x0000,0x0000,0x0000,0x0000,0x0000,0x0000,
  0x0000,0x0000,0x0000,0x0000,0x0000,0x0000,0x0000,0x0000,0x0000,0x0000,0x0000,0x0000,
  0x0000,0x0000,0x0000,0x0000,0x0000,0x0000,0x0000,0x0000,0x0000,0x0000,0x0000,0x0000,
  0x0000,0x0000,0x0000,0x0000,0x0000,0x0000,0x0000,0x0000,0x0000,0x0000,0x0000,0x0000,
  0x0000,0x0000,0x0000,0x0000,0x0000,0x0000,0x0000,0x0000,0x0000,0x0000,0x0000,0x0000,
  0x0000,0x0000,0x0000,0x0000,0x0000,0x0000,0x0000,0x0000,0x0000,0x0000,0x0000,0x0000,
  0x0000,0x0000,0x0000,0x0000,0x0000,0x0000,0x0000,0x0000,0x0000,0x0000,0x0000,0x0000,
  0x0000,0x0000,0x0000,0x0000,0x0000,0x0000,0x0000,0x0000,0x0000,0x0000,0x0000,0x0000,
  0x0000,0x0000,0x0000,0x0000,0x0000,0x0000,0x0000,0x0000,0x0000,0x0000,0x0000,0x0000,
  0x0000,0x0000,0x0000,0x0000,0x0000,0x0000,0x0000,0x0000,0x0000,0x0000,0x0000,0x0000,
  0x0000,0x0000,0x0000,0x0000,0x0000,0x0000,0x0000,0x0000,0x0000,0x0000,0x0000,0x0000,
  0x0000,0x0000,0x0000,0x0000,0x0000,0x0000,0x0000,0x0000,0x0000,0x0000,0x0000,0x0000,
  0x0000,0x0000,0x0000,0x0000,0x0000,0x0000,0x0000,0x0000,0x0000,0x0000,0x0000,0x0000,
  0x0000,0x0000,0x0000,0x0000,0x0000,0x0000,0x0000,0x0000,0x0000,0x0000,0x0000,0x0000,
  0x0000,0x0000,0x0000,0x0000,0x0000,0x0000,0x0000,0x0000,0x0000,0x0000,0x0000,0x0000,
  0x0000,0x0000,0x0000,0x0000,0x0000,0x0000,0x0000,0x0000,0x0000,0x0000,0x0000,0x0000,
  0x0000,0x0000,0x0000,0x0000,0x0000,0x0000,0x0000,0x0000,0x0000,0x0000,0x0000,0x0000,
  0x0000,0x0000,0x0000,0x0000,0x0000,0x0000,0x0000,0x0000,0x0000,0x0000,0x0000,0x0000,
  0x0000,0x0000,0x0000,0x0000,0x0000,0x0000,0x0000,0x0000,0x0000,0x0000,0x0000,0x0000,
  0x0000,0x0000,0x0000,0x0000,0x0000,0x0000,0x0000,0x0000,0x0000,0x0000,0x0000,0x0000,
  0x0000,0x0000,0x0000,0x0000,0x0000,0x0000,0x0000,0x0000,0x0000,0x0000,0x0000,0x0000,
  0x0000,0x0000,0x0000,0x0000,0x0000,0x0000,0x0000,0x0000,0x0000,0x0000,0x0000,0x0000,
  0x0000,0x0000,0x0000,0x0000,0x0000,0x0000,0x0000,0x0000,0x0000,0x0000,0x0000,0x0000,
  0x0000,0x0000,0x0000,0x0000,0x0000,0x0000,0x0000,0x0000,0x0000,0x0000,0x0000,0x0000,
  0x0000,0x0000,0x0000,0x0000,0x0000,0x0000,0x0000,0x0000,0x0000,0x0000,0x0000,0x0000,
  0x0000,0x0000,0x0000,0x0000,0x0000,0x0000,0x0000,0x0000,0x0000,0x0000,0x0000,0x0000,
  0x0000,0x0000,0x0000,0x0000,0x0000,0x0000,0x0000,0x0000,0x0000,0x0000,0x0000,0x0000,
  0x0000,0x0000,0x0000,0x0000,0x0000,0x0000,0x0000,0x0000,0x0000,0x0000,0x0000,0x0000,
  0x0000,0x0000,0x0000,0x0000,0x0000,0x0000,0x0000,0x0000,0x0000,0x0000,0x0000,0x0000,
  0x0000,0x0000,0x0000,0x0000,0x0000,0x0000,0x0000,0x0000,0x0000,0x0000,0x0000,0x0000,
  0x0000,0x0000,0x0000,0x0000,0x0000,0x0000,0x0000,0x0000,0x0000,0x0000,0x0000,0x0000,
  0x0000,0x0000,0x0000,0x0000,0x0000,0x0000,0x0000,0x0000,0x0000,0x0000,0x0000,0x0000,
  0x0000,0x0000,0x0000,0x0000,0x0000,0x0000,0x0000,0x0000,0x0000,0x0000,0x0000,0x0000,
  0x0000,0x0000,0x0000,0x0000,0x0000,0x0000,0x0000,0x0000,0x0000,0x0000,0x0000,0x0000,
  0x0000,0x0000,0x0000,0x0000,0x0000,0x0000,0x0000,0x0000,0x0000,0x0000,0x0000,0x0000,
  0x0000,0x0000,0x0000,0x0000,0x0000,0x0000,0x0000,0x0000,0x0000,0x0000,0x0000,0x0000,
  0x0000,0x0000,0x0000,0x0000,0x0000,0x0000,0x0000,0x0000,0x0000,0x0000,0x0000,0x0000,
  0x0000,0x0000,0x0000,0x0000,0x0000,0x0000,0x0000,0x0000,0x0000,0x0000,0x0000,0x0000,
  0x0000,0x0000,0x0000,0x0000,0x0000,0x0000,0x0000,0x0000,0x0000,0x0000,0x0000,0x0000,
  0x0000,0x0000,0x0000,0x0000,0x0000,0x0000,0x0000,0x0000,0x0000,0x0000,0x0000,0x0000,
  0x0000,0x0000,0x0000,0x0000,0x0000,0x0000,0x0000,0x0000,0x0000,0x0000,0x0000,0x0000,
  0x0000,0x0000,0x0000,0x0000,0x0000,0x0000,0x0000,0x0000,0x0000,0x0000,0x0000,0x0000,
  0x0000,0x0000,0x0000,0x0000,0x0000,0x0000,0x0000,0x0000,0x0000,0x0000,0x0000,0x0000,
  0x0000,0x0000,0x0000,0x0000,0x0000,0x0001,0x0000,0x0000,0x0000,0x0000,0x0000,0x0000,
  0x0000,0x0000,0x0000,0x0000,0x0000,0x0000,0x0000,0x0000,0x0000,0x0000,0x0000,0x0000,
  0x0000,0x0000,0x0000,0x0000,0x0000,0x0000,0x0000,0x0000,0x0000,0x0000,0x0000,0x0000,
  0x0000,0x0000,0x0000,0x0000,0x0000,0x0000,0x0000,0x0000,0x0000,0x0000,0x0000,0x0000,
  0x0000,0x0000,0x0000,0x0000,0x0000,0x0000,0x0000,0x0000,0x0000,0x0000,0x0000,0x0000,
  0x0000,0x0000,0x0000,0x0000,0x0000,0x0000,0x0000,0x0000,0x0000,0x0000,0x0000,0x0000,
  0x0000,0x0000,0x0000,0x0000,0x0000,0x0000,0x0000,0x0000,0x0000,0x0000,0x0000,0x0000,
  0x0000,0x0000,0x0000,0x0000,0x0000,0x0000,0x0000,0x0000,0x0000,0x0000,0x0000,0x0000,
  0x0000,0x0000,0x0000,0x0000,0x0000,0x0000,0x0000,0x0000,0x0000,0x0000,0x0000,0x0000,
  0x0000,0x0000,0x0000,0x0000,0x0000,0x0000,0x0000,0x0000,0x0000,0x0000,0x0000,0x0000,
  0x0000,0x0000,0x0000,0x0000,0x0000,0x0000,0x0000,0x0000,0x0000,0x0000,0x0000,0x0000,
  0x0000,0x0000,0x0000,0x0000,0x0000,0x0000,0x0000,0x0000,0x0000,0x0000,0x0000,0x0000,
  0x0000,0x0000,0x0000,0x0000,0x0000,0x0000,0x0000,0x0000,0x0000,0x0000,0x0000,0x0000,
  0x0000,0x0000,0x0000,0x0000,0x0000,0x0000,0x0000,0x0000,0x0000,0x0000,0x0000,0x0000,
  0x0000,0x0000,0x0000,0x0000,0x0000,0x0000,0x0000,0x0000,0x0000,0x0000,0x0000,0x0000,
  0x0000,0x0000,0x0000,0x0000,0x0000,0x0000,0x0000,0x0000,0x0000,0x0000,0x0000,0x0000,
  0x0000,0x0000,0x0000,0x0000,0x0000,0x0000,0x0000,0x0000,0x0000,0x0000,0x0000,0x0000,
  0x0000,0x0000,0x0000,0x0000,0x0000,0x0000,0x0000,0x0000,0x0000,0x0000,0x0000,0x0000,
  0x0000,0x0000,0x0000,0x0000,0x0000,0x0000,0x0000,0x0000,0x0000,0x0000,0x0000,0x0000,
  0x0000,0x0000,0x0000,0x0000,0x0000,0x0000,0x0000,0x0000,0x0000,0x0000,0x0000,0x0000,
  0x0000,0x0000,0x0000,0x0000,0x0000,0x0000,0x0000,0x0000,0x0000,0x0000,0x0000,0x0000,
  0x0000,0x0000,0x0000,0x0000,0x0000,0x0000,0x0000,0x0000,0x0000,0x0000,0x0000,0x0000,
  0x0000,0x0000,0x0000,0x0000,0x0000,0x0000,0x0000,0x0000,0x0000,0x0000,0x0000,0x0000,
  0x0000,0x0000,0x0000,0x0000,0x0000,0x0000,0x0000,0x0000,0x0000,0x0000,0x0000,0x0000,
  0x0000,0x0000,0x0000,0x0000,0x0000,0x0000,0x0000,0x0000,0x0000,0x0000,0x0000,0x0000,
  0x0000,0x0000,0x0000,0x0000,0x0000,0x0000,0x0000,0x0000,0x0000,0x0000,0x0000,0x0000,
  0x0000,0x0000,0x0000,0x0000,0x0000,0x0000,0x0000,0x0000,0x0000,0x0000,0x0000,0x0000,
  0x0000,0x0000,0x0000,0x0000,0x0000,0x0000,0x0000,0x0000,0x0000,0x0000,0x0000,0x0000,
  0x0000,0x0000,0x0000,0x0000,0x0000,0x0000,0x0000,0x0000,0x0000,0x0000,0x0000,0x0000,
  0x0000,0x0000,0x0000,0x0000,0x0000,0x0000,0x0000,0x0000,0x0000,0x0000,0x0000,0x0000,
  0x0000,0x0000,0x0000,0x0000,0x0000,0x0000,0x0000,0x0000,0x0000,0x0000,0x0000,0x0000,
  0x0000,0x0000,0x0000,0x0000,0x0000,0x0000,0x0000,0x0000,0x0000,0x0000,0x0000,0x0000,
  0x0000,0x0000,0x0000,0x0000,0x0000,0x0000,0x0000,0x0000,0x0000,0x0000,0x0000,0x0000,
  0x0000,0x0000,0x0000,0x0000,0x0000,0x0000,0x0000,0x0000,0x0000,0x0000,0x0000,0x0000,
  0x0000,0x0000,0x0000,0x0000,0x0000,0x0000,0x0000,0x0000,0x0000,0x0000,0x0000,0x0000,
  0x0000,0x0000,0x0000,0x0000,0x0000,0x0000,0x0000,0x0000,0x0000,0x0000,0x0000,0x0000,
  0x0000,0x0000,0x0000,0x0000,0x0000,0x0000,0x0000,0x0000,0x0000,0x0000,0x0000,0x0000,
  0x0000,0x0000,0x0000,0x0000,0x0000,0x0000,0x0000,0x0000,0x0000,0x0000,0x0000,0x0000,
  0x0000,0x0000,0x0000,0x0000,0x0000,0x0000,0x0000,0x0000,0x0000,0x0000,0x0000,0x0000,
  0x0001,0x0001,0x0000,0x0000,0x0000,0x0000,0x0001,0x0000,0x0000,0x0000,0x0000,0x0000,
  0x0000,0x0000,0x0000,0x0000,0x0000,0x0001,0x0000,0x0000,0x0000,0x0000,0x0000,0x0000,
  0x0000,0x0000,0x0000,0x0000,0x0000,0x0000,0x0000,0x0000,0x0000,0x0000,0x0000,0x0000,
  0x0000,0x0000,0x0000,0x0000,0x0000,0x0000,0x0000,0x0000,0x0000,0x0000,0x0000,0x0000,
  0x0000,0x0000,0x0000,0x0000,0x0000,0x0000,0x0000,0x0000,0x0000,0x0000,0x0000,0x0000,
  0x0000,0x0000,0x0000,0x0000,0x0000,0x0000,0x0000,0x0000,0x0000,0x0000,0x0000,0x0000,
  0x0000,0x0000,0x0000,0x0000,0x0000,0x0000,0x0000,0x0000,0x0000,0x0000,0x0000,0x0000,
  0x0000,0x0000,0x0000,0x0000,0x0000,0x0000,0x0000,0x0000,0x0000,0x0000,0x0000,0x0000,
  0x0000,0x0000,0x0000,0x0000,0x0000,0x0000,0x0000,0x0000,0x0000,0x0000,0x0000,0x0000,
  0x0000,0x0000,0x0000,0x0000,0x0000,0x0000,0x0000,0x0000,0x0000,0x0000,0x0000,0x0000,
  0x0000,0x0000,0x0000,0x0000,0x0000,0x0000,0x0000,0x0000,0x0000,0x0000,0x0000,0x0000,
  0x0000,0x0000,0x0000,0x0000,0x0000,0x0000,0x0000,0x0000,0x0000,0x0000,0x0000,0x0000,
  0x0000,0x0000,0x0000,0x0000,0x0000,0x0000,0x0000,0x0000,0x0000,0x0000,0x0000,0x0000,
  0x0000,0x0000,0x0000,0x0000,0x0000,0x0000,0x0000,0x0000,0x0000,0x0000,0x0000,0x0000,
  0x0000,0x0000,0x0000,0x0000,0x0000,0x0000,0x0000,0x0000,0x0000,0x0000,0x0000,0x0000,
  0x0000,0x0000,0x0000,0x0000,0x0000,0x0000,0x0000,0x0000,0x0000,0x0000,0x0000,0x0000,
  0x0000,0x0000,0x0000,0x0000,0x0000,0x0000,0x0000,0x0000,0x0000,0x0000,0x0000,0x0000,
  0x0000,0x0000,0x0000,0x0000,0x0000,0x0000,0x0000,0x0000,0x0000,0x0000,0x0000,0x0000,
  0x0000,0x0000,0x0000,0x0000,0x0001,0x0000,0x0000,0x0000,0x0001,0x0000,0x0000,0x0000,
  0x0000,0x0000,0x0000,0x0000,0x0000,0x0000,0x0000,0x0000,0x0000,0x0000,0x0000,0x0000,
  0x0001,0x0001,0x0001,0x0001,0x0001,0x0001,0x0001,0x0000,0x0001,0x0001,0x0001,0x0001,
  0x0000,0x0000,0x0001,0x0000,0x0000,0x0001,0x0000,0x0000,0x0000,0x0000,0x0000,0x0000,
  0x0000,0x0000,0x0000,0x0000,0x0000,0x0000,0x0000,0x0000,0x0000,0x0001,0x0000,0x0000,
  0x0000,0x0000,0x0000,0x0000,0x0000,0x0000,0x0000,0x0000,0x0000,0x0000,0x0000,0x0000,
  0x0000,0x0000,0x0000,0x0000,0x0000,0x0000,0x0000,0x0000,0x0000,0x0000,0x0000,0x0000,
  0x0000,0x0000,0x0000,0x0000,0x0000,0x0000,0x0000,0x0000,0x0000,0x0000,0x0000,0x0000,
  0x0000,0x0000,0x0000,0x0000,0x0000,0x0000,0x0000,0x0000,0x0000,0x0000,0x0000,0x0000,
  0x0000,0x0000,0x0000,0x0000,0x0000,0x0000,0x0000,0x0000,0x0000,0x0000,0x0000,0x0000,
  0x0000,0x0000,0x0000,0x0000,0x0000,0x0000,0x0000,0x0000,0x0000,0x0000,0x0000,0x0000,
  0x0000,0x0000,0x0000,0x0000,0x0000,0x0000,0x0000,0x0000,0x0000,0x0000,0x0000,0x0000,
  0x0000,0x0000,0x0000,0x0000,0x0000,0x0000,0x0000,0x0000,0x0000,0x0000,0x0000,0x0000,
  0x0000,0x0000,0x0000,0x0000,0x0000,0x0000,0x0000,0x0000,0x0000,0x0000,0x0000,0x0000,
  0x0000,0x0000,0x0000,0x0000,0x0000,0x0000,0x0000,0x0000,0x0000,0x0000,0x0000,0x0000,
  0x0000,0x0000,0x0000,0x0000,0x0000,0x0000,0x0000,0x0000,0x0000,0x0000,0x0000,0x0000,
  0x0000,0x0000,0x0000,0x0000,0x0000,0x0000,0x0000,0x0000,0x0000,0x0000,0x0000,0x0000,
  0x0000,0x0000,0x0000,0x0000,0x0000,0x0000,0x0000,0x0000,0x0000,0x0000,0x0000,0x0000,
  0x0000,0x0000,0x0000,0x0000,0x0000,0x0000,0x0000,0x0000,0x0000,0x0000,0x0000,0x0000,
  0x0000,0x0000,0x0000,0x0000,0x0001,0x0000,0x0000,0x0000,0x0000,0x0000,0x0000,0x0000,
  0x0000,0x0000,0x0000,0x0001,0x0001,0x0001,0x0001,0x0000,0x0001,0x0001,0x0000,0x0000,
  0x0000,0x0000,0x0001,0x0001,0x0001,0x0001,0x0001,0x0001,0x0001,0x0001,0x0001,0x0001,
  0x0001,0x0001,0x0001,0x0001,0x0000,0x0001,0x0001,0x0001,0x0001,0x0001,0x0001,0x0001,
  0x0001,0x0001,0x0001,0x0001,0x0001,0x0001,0x0001,0x0001,0x0001,0x0001,0x0000,0x0000,
  0x0000,0x0000,0x0000,0x0000,0x0000,0x0000,0x0000,0x0000,0x0001,0x0001,0x0000,0x0000,
  0x0000,0x0000,0x0000,0x0000,0x0000,0x0000,0x0000,0x0000,0x0000,0x0000,0x0000,0x0000,
  0x0001,0x0000,0x0000,0x0000,0x0000,0x0000,0x0000,0x0000,0x0000,0x0000,0x0000,0x0000,
  0x0000,0x0000,0x0000,0x0000,0x0000,0x0000,0x0000,0x0000,0x0000,0x0000,0x0000,0x0000,
  0x0000,0x0000,0x0000,0x0000,0x0000,0x0000,0x0000,0x0000,0x0000,0x0000,0x0000,0x0000,
  0x0000,0x0000,0x0000,0x0000,0x0000,0x0000,0x0000,0x0000,0x0000,0x0000,0x0000,0x0000,
  0x0000,0x0000,0x0000,0x0000,0x0000,0x0000,0x0000,0x0000,0x0000,0x0000,0x0000,0x0000,
  0x0000,0x0000,0x0000,0x0000,0x0000,0x0000,0x0000,0x0000,0x0000,0x0000,0x0000,0x0000,
  0x0000,0x0000,0x0000,0x0000,0x0000,0x0000,0x0000,0x0000,0x0000,0x0000,0x0000,0x0000,
  0x0000,0x0000,0x0000,0x0000,0x0000,0x0000,0x0000,0x0000,0x0000,0x0000,0x0000,0x0000,
  0x0000,0x0000,0x0000,0x0000,0x0000,0x0000,0x0000,0x0000,0x0000,0x0000,0x0000,0x0000,
  0x0000,0x0000,0x0000,0x0000,0x0000,0x0000,0x0000,0x0000,0x0000,0x0000,0x0000,0x0000,
  0x0000,0x0000,0x0000,0x0000,0x0000,0x0000,0x0000,0x0000,0x0000,0x0000,0x0000,0x0000,
  0x0000,0x0000,0x0000,0x0000,0x0000,0x0000,0x0000,0x0000,0x0000,0x0000,0x0000,0x0001,
  0x0000,0x0000,0x0000,0x0000,0x0000,0x0000,0x0000,0x0000,0x0000,0x0000,0x0000,0x0000,
  0x0000,0x0000,0x0000,0x0000,0x0001,0x0000,0x0000,0x0001,0x0000,0x0001,0x0001,0x0001,
  0x0001,0x0001,0x0001,0x0001,0x0001,0x0001,0x0001,0x0001,0x0001,0x0001,0x0001,0x0001,
  0x0001,0x0001,0x0001,0x0001,0x0001,0x0001,0x0001,0x0001,0x0001,0x0001,0x0001,0x0001,
  0x0001,0x0001,0x0001,0x0001,0x0001,0x0001,0x0001,0x0001,0x0001,0x0001,0x0001,0x0001,
  0x0001,0x0001,0x0001,0x0001,0x0001,0x0001,0x0001,0x0001,0x0001,0x0001,0x0001,0x0001,
  0x0001,0x0001,0x0001,0x0001,0x0001,0x0001,0x0001,0x0001,0x0001,0x0001,0x0000,0x0000,
  0x0000,0x0000,0x0000,0x0000,0x0000,0x0000,0x0000,0x0000,0x0000,0x0000,0x0000,0x0000,
  0x0001,0x0000,0x0000,0x0000,0x0000,0x0000,0x0000,0x0000,0x0000,0x0000,0x0000,0x0000,
  0x0000,0x0000,0x0000,0x0000,0x0000,0x0000,0x0000,0x0000,0x0000,0x0000,0x0000,0x0000,
  0x0000,0x0000,0x0000,0x0000,0x0000,0x0000,0x0000,0x0000,0x0000,0x0000,0x0000,0x0000,
  0x0000,0x0000,0x0000,0x0000,0x0000,0x0000,0x0000,0x0000,0x0000,0x0000,0x0000,0x0000,
  0x0000,0x0000,0x0000,0x0000,0x0000,0x0000,0x0000,0x0000,0x0000,0x0000,0x0000,0x0000,
  0x0000,0x0000,0x0000,0x0000,0x0000,0x0000,0x0000,0x0000,0x0000,0x0000,0x0000,0x0000,
  0x0000,0x0000,0x0000,0x0000,0x0000,0x0000,0x0000,0x0000,0x0000,0x0000,0x0000,0x0000,
  0x0000,0x0000,0x0000,0x0000,0x0000,0x0000,0x0000,0x0000,0x0000,0x0000,0x0000,0x0000,
  0x0000,0x0000,0x0000,0x0000,0x0000,0x0000,0x0000,0x0000,0x0000,0x0000,0x0000,0x0000,
  0x0000,0x0000,0x0000,0x0000,0x0000,0x0000,0x0000,0x0000,0x0000,0x0000,0x0000,0x0000,
  0x0000,0x0000,0x0000,0x0000,0x0000,0x0000,0x0000,0x0000,0x0000,0x0000,0x0000,0x0000,
  0x0000,0x0000,0x0000,0x0000,0x0000,0x0000,0x0000,0x0000,0x0000,0x0000,0x0000,0x0001,
  0x0001,0x0000,0x0000,0x0001,0x0001,0x0001,0x0001,0x0000,0x0000,0x0001,0x0001,0x0001,
  0x0001,0x0001,0x0001,0x0001,0x0001,0x0001,0x0001,0x0001,0x0001,0x0001,0x0001,0x0001,
  0x0001,0x0001,0x0001,0x0001,0x0001,0x0001,0x0001,0x0001,0x0001,0x0001,0x0001,0x0001,
  0x0001,0x0001,0x0001,0x0001,0x0001,0x0001,0x0001,0x0001,0x0001,0x0001,0x0001,0x0001,
  0x0001,0x0001,0x0001,0x0001,0x0001,0x0001,0x0001,0x0001,0x0001,0x0001,0x0001,0x0001,
  0x0001,0x0001,0x0001,0x0001,0x0001,0x0001,0x0001,0x0001,0x0001,0x0001,0x0001,0x0001,
  0x0001,0x0001,0x0001,0x0001,0x0001,0x0001,0x0001,0x0001,0x0001,0x0001,0x0001,0x0001,
  0x0000,0x0001,0x0000,0x0000,0x0000,0x0000,0x0001,0x0001,0x0001,0x0001,0x0001,0x0001,
  0x0001,0x0001,0x0001,0x0000,0x0000,0x0000,0x0000,0x0000,0x0000,0x0000,0x0000,0x0000,
  0x0000,0x0000,0x0000,0x0000,0x0000,0x0000,0x0000,0x0000,0x0000,0x0000,0x0000,0x0000,
  0x0000,0x0000,0x0000,0x0000,0x0000,0x0000,0x0000,0x0000,0x0000,0x0000,0x0000,0x0000,
  0x0000,0x0000,0x0000,0x0000,0x0000,0x0000,0x0000,0x0000,0x0000,0x0000,0x0000,0x0000,
  0x0000,0x0000,0x0000,0x0000,0x0000,0x0000,0x0000,0x0000,0x0000,0x0000,0x0000,0x0000,
  0x0000,0x0000,0x0000,0x0000,0x0000,0x0000,0x0000,0x0000,0x0000,0x0000,0x0000,0x0000,
  0x0000,0x0000,0x0000,0x0000,0x0000,0x0000,0x0000,0x0000,0x0000,0x0000,0x0000,0x0000,
  0x0000,0x0000,0x0000,0x0000,0x0000,0x0000,0x0000,0x0000,0x0000,0x0000,0x0000,0x0000,
  0x0000,0x0000,0x0000,0x0000,0x0000,0x0000,0x0000,0x0000,0x0000,0x0000,0x0000,0x0000,
  0x0000,0x0000,0x0000,0x0000,0x0000,0x0000,0x0000,0x0000,0x0000,0x0000,0x0000,0x0000,
  0x0000,0x0000,0x0000,0x0000,0x0000,0x0000,0x0001,0x0001,0x0000,0x0000,0x0000,0x0000,
  0x0001,0x0000,0x0001,0x0001,0x0000,0x0001,0x0001,0x0001,0x0001,0x0001,0x0001,0x0001,
  0x0001,0x0001,0x0001,0x0001,0x0001,0x0001,0x0001,0x0001,0x0001,0x0001,0x0001,0x0001,
  0x0001,0x0001,0x0001,0x0001,0x0001,0x0001,0x0001,0x0001,0x0001,0x0001,0x0001,0x0001,
  0x0001,0x0001,0x0001,0x0001,0x0001,0x0001,0x0001,0x0001,0x0001,0x0001,0x0001,0x0001,
  0x0001,0x0001,0x0001,0x0001,0x0001,0x0001,0x0001,0x0001,0x0001,0x0001,0x0001,0x0001,
  0x0001,0x0001,0x0001,0x0001,0x0001,0x0001,0x0001,0x0001,0x0001,0x0001,0x0001,0x0001,
  0x0001,0x0001,0x0001,0x0001,0x0001,0x0001,0x0001,0x0001,0x0001,0x0001,0x0001,0x0001,
  0x0001,0x0001,0x0001,0x0001,0x0001,0x0001,0x0001,0x0001,0x0001,0x0001,0x0001,0x0001,
  0x0001,0x0001,0x0001,0x0001,0x0001,0x0001,0x0001,0x0001,0x0001,0x0001,0x0001,0x0001,
  0x0001,0x0001,0x0001,0x0001,0x0001,0x0001,0x0001,0x0000,0x0000,0x0000,0x0000,0x0000,
  0x0000,0x0000,0x0000,0x0001,0x0000,0x0000,0x0000,0x0000,0x0000,0x0000,0x0000,0x0000,
  0x0000,0x0000,0x0000,0x0000,0x0000,0x0000,0x0000,0x0000,0x0000,0x0000,0x0000,0x0000,
  0x0000,0x0000,0x0000,0x0000,0x0000,0x0000,0x0000,0x0000,0x0000,0x0000,0x0000,0x0000,
  0x0000,0x0000,0x0000,0x0000,0x0000,0x0000,0x0000,0x0000,0x0000,0x0000,0x0000,0x0000,
  0x0000,0x0000,0x0000,0x0000,0x0000,0x0000,0x0000,0x0000,0x0000,0x0000,0x0000,0x0000,
  0x0000,0x0000,0x0000,0x0000,0x0000,0x0000,0x0000,0x0000,0x0000,0x0000,0x0000,0x0000,
  0x0000,0x0000,0x0000,0x0000,0x0000,0x0000,0x0000,0x0000,0x0000,0x0000,0x0000,0x0000,
  0x0000,0x0000,0x0000,0x0000,0x0000,0x0000,0x0000,0x0000,0x0000,0x0000,0x0000,0x0000,
  0x0001,0x0000,0x0001,0x0001,0x0001,0x0001,0x0001,0x0000,0x0000,0x0001,0x0001,0x0000,
  0x0001,0x0001,0x0001,0x0001,0x0001,0x0001,0x0001,0x0001,0x0001,0x0001,0x0001,0x0001,
  0x0001,0x0001,0x0001,0x0001,0x0001,0x0001,0x0001,0x0001,0x0001,0x0001,0x0001,0x0001,
  0x0001,0x0001,0x0001,0x0001,0x0001,0x0001,0x0001,0x0001,0x0001,0x0001,0x0001,0x0001,
  0x0001,0x0001,0x0001,0x0001,0x0001,0x0001,0x0001,0x0001,0x0001,0x0001,0x0001,0x0001,
  0x0001,0x0001,0x0001,0x0001,0x0001,0x0001,0x0001,0x0001,0x0001,0x0001,0x0001,0x0001,
  0x0001,0x0001,0x0001,0x0001,0x0001,0x0001,0x0001,0x0001,0x0001,0x0001,0x0001,0x0001,
  0x0001,0x0001,0x0001,0x0001,0x0001,0x0001,0x0001,0x0001,0x0001,0x0001,0x0001,0x0001,
  0x0001,0x0001,0x0001,0x0001,0x0001,0x0001,0x0001,0x0001,0x0001,0x0001,0x0001,0x0001,
  0x0001,0x0001,0x0001,0x0001,0x0001,0x0001,0x0001,0x0001,0x0001,0x0001,0x0001,0x0001,
  0x0001,0x0001,0x0001,0x0001,0x0001,0x0001,0x0001,0x0001,0x0001,0x0001,0x0001,0x0001,
  0x0001,0x0001,0x0001,0x0001,0x0001,0x0001,0x0001,0x0001,0x0001,0x0001,0x0001,0x0001,
  0x0001,0x0001,0x0001,0x0001,0x0001,0x0001,0x0001,0x0001,0x0001,0x0000,0x0001,0x0000,
  0x0000,0x0000,0x0000,0x0000,0x0000,0x0000,0x0000,0x0000,0x0000,0x0000,0x0000,0x0000,
  0x0000,0x0000,0x0000,0x0000,0x0000,0x0000,0x0000,0x0000,0x0000,0x0000,0x0000,0x0000,
  0x0000,0x0000,0x0000,0x0000,0x0000,0x0000,0x0000,0x0000,0x0000,0x0000,0x0000,0x0000,
  0x0000,0x0000,0x0000,0x0000,0x0000,0x0000,0x0000,0x0000,0x0000,0x0000,0x0000,0x0000,
  0x0000,0x0000,0x0000,0x0000,0x0000,0x0000,0x0000,0x0000,0x0000,0x0000,0x0000,0x0000,
  0x0000,0x0000,0x0000,0x0000,0x0000,0x0000,0x0000,0x0000,0x0000,0x0000,0x0000,0x0000,
  0x0000,0x0000,0x0000,0x0000,0x0000,0x0000,0x0000,0x0000,0x0000,0x0000,0x0000,0x0001,
  0x0001,0x0001,0x0001,0x0001,0x0001,0x0001,0x0001,0x0001,0x0001,0x0001,0x0001,0x0001,
  0x0001,0x0001,0x0001,0x0001,0x0001,0x0001,0x0001,0x0001,0x0001,0x0001,0x0001,0x0001,
  0x0001,0x0001,0x0001,0x0001,0x0001,0x0001,0x0001,0x0001,0x0001,0x0001,0x0001,0x0001,
  0x0001,0x0001,0x0001,0x0001,0x0001,0x0001,0x0001,0x0001,0x0001,0x0001,0x0001,0x0001,
  0x0001,0x0001,0x0001,0x0001,0x0001,0x0001,0x0001,0x0001,0x0001,0x0001,0x0001,0x0001,
  0x0001,0x0001,0x0001,0x0001,0x0001,0x0001,0x0001,0x0001,0x0001,0x0001,0x0001,0x0001,
  0x0001,0x0001,0x0001,0x0001,0x0001,0x0001,0x0001,0x0001,0x0001,0x0001,0x0001,0x0001,
  0x0001,0x0001,0x0001,0x0001,0x0001,0x0001,0x0001,0x0001,0x0001,0x0001,0x0001,0x0001,
  0x0001,0x0001,0x0001,0x0001,0x0001,0x0001,0x0001,0x0001,0x0001,0x0001,0x0001,0x0001,
  0x0001,0x0001,0x0001,0x0001,0x0001,0x0001,0x0001,0x0001,0x0001,0x0001,0x0001,0x0001,
  0x0001,0x0001,0x0001,0x0001,0x0001,0x0001,0x0001,0x0001,0x0001,0x0001,0x0001,0x0001,
  0x0001,0x0001,0x0001,0x0001,0x0001,0x0001,0x0001,0x0001,0x0001,0x0001,0x0001,0x0001,
  0x0001,0x0001,0x0001,0x0001,0x0001,0x0001,0x0001,0x0001,0x0001,0x0001,0x0001,0x0001,
  0x0000,0x0000,0x0000,0x0000,0x0000,0x0000,0x0000,0x0000,0x0001,0x0000,0x0000,0x0000,
  0x0000,0x0000,0x0000,0x0000,0x0000,0x0000,0x0000,0x0000,0x0000,0x0000,0x0000,0x0000,
  0x0000,0x0000,0x0000,0x0000,0x0000,0x0000,0x0000,0x0000,0x0000,0x0000,0x0000,0x0000,
  0x0000,0x0000,0x0000,0x0000,0x0000,0x0000,0x0000,0x0000,0x0000,0x0000,0x0000,0x0000,
  0x0000,0x0000,0x0000,0x0000,0x0000,0x0000,0x0000,0x0000,0x0000,0x0000,0x0000,0x0000,
  0x0000,0x0000,0x0000,0x0000,0x0000,0x0000,0x0000,0x0000,0x0000,0x0000,0x0000,0x0000,
  0x0000,0x0000,0x0000,0x0000,0x0000,0x0000,0x0000,0x0000,0x0000,0x0000,0x0001,0x0001,
  0x0001,0x0001,0x0001,0x0001,0x0001,0x0001,0x0001,0x0001,0x0001,0x0001,0x0001,0x0001,
  0x0001,0x0001,0x0001,0x0001,0x0001,0x0001,0x0001,0x0001,0x0001,0x0001,0x0001,0x0001,
  0x0001,0x0001,0x0001,0x0001,0x0001,0x0001,0x0001,0x0001,0x0001,0x0001,0x0001,0x0001,
  0x0001,0x0001,0x0001,0x0001,0x0001,0x0001,0x0001,0x0001,0x0001,0x0001,0x0001,0x0001,
  0x0001,0x0001,0x0001,0x0001,0x0001,0x0001,0x0001,0x0001,0x0001,0x0001,0x0001,0x0001,
  0x0001,0x0001,0x0001,0x0001,0x0001,0x0001,0x0001,0x0001,0x0001,0x0001,0x0001,0x0001,
  0x0001,0x0001,0x0001,0x0001,0x0001,0x0001,0x0001,0x0001,0x0001,0x0001,0x0001,0x0001,
  0x0001,0x0001,0x0001,0x0001,0x0001,0x0001,0x0001,0x0001,0x0001,0x0001,0x0001,0x0001,
  0x0001,0x0001,0x0001,0x0001,0x0001,0x0001,0x0001,0x0001,0x0001,0x0001,0x0001,0x0001,
  0x0001,0x0001,0x0001,0x0001,0x0001,0x0001,0x0001,0x0001,0x0001,0x0001,0x0001,0x0001,
  0x0001,0x0001,0x0001,0x0001,0x0001,0x0001,0x0001,0x0001,0x0001,0x0001,0x0001,0x0001,
  0x0001,0x0001,0x0001,0x0001,0x0001,0x0001,0x0001,0x0001,0x0001,0x0001,0x0001,0x0001,
  0x0001,0x0001,0x0001,0x0001,0x0001,0x0001,0x0001,0x0001,0x0001,0x0001,0x0001,0x0001,
  0x0000,0x0000,0x0000,0x0000,0x0000,0x0000,0x0000,0x0000,0x0001,0x0000,0x0000,0x0000,
  0x0000,0x0000,0x0000,0x0000,0x0000,0x0000,0x0000,0x0000,0x0000,0x0000,0x0000,0x0000,
  0x0000,0x0000,0x0000,0x0000,0x0000,0x0000,0x0000,0x0000,0x0000,0x0000,0x0000,0x0000,
  0x0000,0x0000,0x0000,0x0000,0x0000,0x0000,0x0000,0x0000,0x0000,0x0000,0x0000,0x0000,
  0x0000,0x0000,0x0000,0x0000,0x0000,0x0000,0x0000,0x0000,0x0000,0x0000,0x0000,0x0000,
  0x0000,0x0000,0x0000,0x0000,0x0000,0x0000,0x0000,0x0000,0x0000,0x0000,0x0001,0x0000,
  0x0000,0x0000,0x0000,0x0000,0x0001,0x0000,0x0000,0x0001,0x0001,0x0001,0x0001,0x0001,
  0x0001,0x0001,0x0001,0x0001,0x0001,0x0001,0x0001,0x0001,0x0001,0x0001,0x0001,0x0001,
  0x0001,0x0001,0x0001,0x0001,0x0001,0x0001,0x0001,0x0001,0x0001,0x0001,0x0001,0x0001,
  0x0001,0x0001,0x0001,0x0001,0x0001,0x0001,0x0001,0x0001,0x0001,0x0001,0x0001,0x0801,
  0x0801,0x0001,0x0801,0x0801,0x0001,0x0801,0x0801,0x0801,0x0801,0x0801,0x0801,0x0801,
  0x0001,0x0001,0x0001,0x0001,0x0801,0x0801,0x0001,0x0801,0x0001,0x0801,0x0001,0x0801,
  0x0001,0x0001,0x0001,0x0001,0x0001,0x0001,0x0001,0x0001,0x0801,0x0001,0x0001,0x0001,
  0x0001,0x0001,0x0001,0x0001,0x0001,0x0001,0x0001,0x0001,0x0001,0x0001,0x0001,0x0001,
  0x0001,0x0001,0x0001,0x0001,0x0001,0x0001,0x0001,0x0001,0x0801,0x0001,0x0001,0x0001,
  0x0001,0x0001,0x0001,0x0001,0x0001,0x0001,0x0001,0x0001,0x0001,0x0001,0x0001,0x0001,
  0x0001,0x0001,0x0001,0x0001,0x0001,0x0001,0x0001,0x0001,0x0001,0x0801,0x0001,0x0001,
  0x0001,0x0001,0x0001,0x0001,0x0001,0x0001,0x0001,0x0001,0x0001,0x0001,0x0001,0x0001,
  0x0801,0x0801,0x0001,0x0001,0x0001,0x0001,0x0001,0x0001,0x0001,0x0001,0x0001,0x0001,
  0x0001,0x0001,0x0001,0x0001,0x0001,0x0001,0x0001,0x0001,0x0001,0x0001,0x0001,0x0001,
  0x0001,0x0001,0x0001,0x0001,0x0001,0x0001,0x0000,0x0000,0x0001,0x0000,0x0000,0x0000,
  0x0000,0x0000,0x0000,0x0000,0x0000,0x0000,0x0000,0x0000,0x0000,0x0000,0x0000,0x0000,
  0x0000,0x0000,0x0000,0x0000,0x0000,0x0000,0x0000,0x0000,0x0000,0x0000,0x0000,0x0000,
  0x0000,0x0000,0x0000,0x0000,0x0000,0x0000,0x0000,0x0000,0x0000,0x0000,0x0000,0x0000,
  0x0000,0x0000,0x0000,0x0000,0x0000,0x0000,0x0000,0x0000,0x0000,0x0000,0x0000,0x0000,
  0x0000,0x0000,0x0000,0x0000,0x0000,0x0000,0x0000,0x0000,0x0000,0x0000,0x0001,0x0000,
  0x0000,0x0001,0x0001,0x0001,0x0001,0x0001,0x0001,0x0001,0x0001,0x0001,0x0001,0x0001,
  0x0001,0x0001,0x0001,0x0001,0x0001,0x0001,0x0001,0x0001,0x0001,0x0001,0x0001,0x0001,
  0x0001,0x0001,0x0001,0x0001,0x0801,0x0001,0x0801,0x0801,0x0801,0x0801,0x0801,0x0801,
  0x0801,0x0801,0x0801,0x0801,0x0801,0x0801,0x0801,0x0801,0x0801,0x0801,0x0801,0x0801,
  0x0801,0x0801,0x0801,0x0801,0x0801,0x0801,0x0801,0x0801,0x0801,0x0801,0x0801,0x0801,
  0x0801,0x0801,0x0801,0x0801,0x0801,0x0801,0x0801,0x0801,0x0801,0x0801,0x0801,0x0801,
  0x0801,0x0801,0x0801,0x0801,0x0801,0x0801,0x0801,0x0801,0x0801,0x0801,0x0801,0x0801,
  0x0801,0x0001,0x0001,0x0801,0x0801,0x0801,0x0801,0x0801,0x0801,0x0801,0x0801,0x0801,
  0x0801,0x0801,0x0801,0x0801,0x0801,0x0801,0x0801,0x0801,0x0801,0x0801,0x0801,0x0801,
  0x0801,0x0801,0x0801,0x0801,0x0801,0x0801,0x0801,0x0801,0x0801,0x0801,0x0801,0x0801,
  0x0801,0x0801,0x0801,0x0801,0x0801,0x0801,0x0801,0x0801,0x0801,0x0801,0x0801,0x0801,
  0x0801,0x0801,0x0801,0x0801,0x0801,0x0801,0x0801,0x0801,0x0801,0x0001,0x0001,0x0001,
  0x0801,0x0801,0x0801,0x0001,0x0001,0x0001,0x0001,0x0001,0x0001,0x0001,0x0001,0x0001,
  0x0001,0x0001,0x0001,0x0001,0x0001,0x0001,0x0001,0x0001,0x0001,0x0001,0x0001,0x0001,
  0x0001,0x0001,0x0001,0x0001,0x0001,0x0001,0x0001,0x0001,0x0001,0x0001,0x0001,0x0001,
  0x0000,0x0000,0x0000,0x0000,0x0000,0x0000,0x0000,0x0000,0x0000,0x0000,0x0000,0x0000,
  0x0000,0x0000,0x0000,0x0000,0x0000,0x0000,0x0000,0x0000,0x0000,0x0000,0x0000,0x0000,
  0x0000,0x0000,0x0000,0x0000,0x0000,0x0000,0x0000,0x0000,0x0000,0x0000,0x0000,0x0000,
  0x0000,0x0000,0x0000,0x0000,0x0000,0x0000,0x0000,0x0000,0x0000,0x0000,0x0000,0x0000,
  0x0000,0x0000,0x0000,0x0000,0x0000,0x0000,0x0000,0x0000,0x0000,0x0001,0x0001,0x0001,
  0x0001,0x0001,0x0001,0x0001,0x0001,0x0001,0x0001,0x0001,0x0001,0x0001,0x0001,0x0001,
  0x0001,0x0001,0x0801,0x0001,0x0001,0x0001,0x0001,0x0001,0x0001,0x0801,0x0801,0x0801,
  0x0801,0x0801,0x0801,0x0801,0x0801,0x0801,0x0801,0x0801,0x0801,0x0801,0x0801,0x0801,
  0x0801,0x0801,0x0801,0x0801,0x0801,0x0801,0x0801,0x0801,0x0801,0x0801,0x0801,0x0801,
  0x0801,0x0801,0x0801,0x0801,0x0801,0x0801,0x0801,0x0801,0x0801,0x0801,0x0801,0x0801,
  0x0801,0x0801,0x0801,0x0801,0x0801,0x0801,0x0801,0x0801,0x0801,0x0801,0x0801,0x0801,
  0x0801,0x0801,0x0802,0x0802,0x0802,0x0802,0x0801,0x0802,0x0802,0x0802,0x0802,0x0802,
  0x0801,0x0801,0x0801,0x0801,0x0801,0x0801,0x0802,0x0802,0x0802,0x0802,0x0802,0x0801,
  0x0801,0x0802,0x0802,0x0802,0x0802,0x0802,0x0802,0x0802,0x0802,0x0802,0x0802,0x0802,
  0x0802,0x0802,0x0802,0x0802,0x0802,0x0802,0x0802,0x0802,0x0802,0x0802,0x0802,0x0801,
  0x0801,0x0801,0x0801,0x0801,0x0801,0x0801,0x0801,0x0801,0x0801,0x0801,0x0801,0x0801,
  0x0801,0x0801,0x0801,0x0801,0x0801,0x0801,0x0801,0x0801,0x0801,0x0801,0x0801,0x0801,
  0x0801,0x0801,0x0801,0x0801,0x0801,0x0801,0x0801,0x0801,0x0001,0x0001,0x0801,0x0001,
  0x0801,0x0001,0x0001,0x0801,0x0001,0x0001,0x0001,0x0001,0x0001,0x0001,0x0001,0x0001,
  0x0001,0x0001,0x0001,0x0001,0x0001,0x0001,0x0001,0x0001,0x0001,0x0001,0x0001,0x0001,
  0x0001,0x0001,0x0000,0x0000,0x0000,0x0000,0x0000,0x0000,0x0000,0x0000,0x0000,0x0000,
  0x0000,0x0000,0x0000,0x0000,0x0000,0x0000,0x0000,0x0000,0x0000,0x0000,0x0000,0x0000,
  0x0000,0x0000,0x0000,0x0000,0x0000,0x0000,0x0000,0x0000,0x0000,0x0000,0x0000,0x0000,
  0x0000,0x0000,0x0000,0x0000,0x0000,0x0000,0x0000,0x0000,0x0000,0x0000,0x0000,0x0000,
  0x0000,0x0000,0x0000,0x0000,0x0000,0x0000,0x0001,0x0001,0x0001,0x0001,0x0001,0x0001,
  0x0001,0x0001,0x0001,0x0001,0x0001,0x0001,0x0001,0x0001,0x0001,0x0801,0x0001,0x0001,
  0x0801,0x0801,0x0801,0x0801,0x0801,0x0801,0x0801,0x0801,0x0801,0x0801,0x0801,0x0801,
  0x0801,0x0801,0x0801,0x0801,0x0801,0x0801,0x0801,0x0801,0x0801,0x0801,0x0801,0x0801,
  0x0801,0x0801,0x0801,0x0801,0x0801,0x0801,0x0801,0x0801,0x0801,0x0801,0x0801,0x0801,
  0x0801,0x0801,0x0801,0x0801,0x0801,0x0801,0x0802,0x0801,0x0801,0x0801,0x0802,0x0802,
  0x0802,0x0802,0x0802,0x0802,0x0802,0x0802,0x0802,0x0802,0x0802,0x0802,0x0802,0x0802,
  0x0802,0x0802,0x0802,0x0802,0x0802,0x0802,0x0802,0x0802,0x0802,0x0802,0x0802,0x0802,
  0x0802,0x0802,0x0802,0x0802,0x0802,0x0802,0x0802,0x0802,0x0802,0x0802,0x0802,0x0802,
  0x0802,0x0802,0x0802,0x0802,0x0802,0x0802,0x0802,0x0802,0x0802,0x0802,0x0802,0x0802,
  0x0802,0x0802,0x0802,0x0802,0x0802,0x0802,0x0802,0x0802,0x0802,0x0802,0x0802,0x0802,
  0x0802,0x0802,0x0802,0x0802,0x0802,0x0802,0x0802,0x0802,0x0802,0x0802,0x0802,0x0801,
  0x0802,0x0801,0x0801,0x0801,0x0801,0x0801,0x0801,0x0801,0x0801,0x0801,0x0801,0x0801,
  0x0801,0x0801,0x0801,0x0801,0x0801,0x0801,0x0801,0x0801,0x0801,0x0801,0x0801,0x0801,
  0x0801,0x0801,0x0801,0x0801,0x0801,0x0001,0x0001,0x0001,0x0001,0x0001,0x0001,0x0001,
  0x0001,0x0001,0x0001,0x0001,0x0001,0x0001,0x0001,0x0001,0x0001,0x0001,0x0001,0x0001,
  0x0001,0x0001,0x0000,0x0001,0x0000,0x0000,0x0000,0x0000,0x0000,0x0000,0x0000,0x0000,
  0x0000,0x0000,0x0000,0x0000,0x0000,0x0000,0x0000,0x0000,0x0000,0x0000,0x0000,0x0000,
  0x0000,0x0000,0x0000,0x0000,0x0000,0x0000,0x0000,0x0000,0x0000,0x0000,0x0000,0x0000,
  0x0000,0x0000,0x0000,0x0000,0x0000,0x0000,0x0001,0x0000,0x0000,0x0000,0x0000,0x0000,
  0x0000,0x0000,0x0000,0x0001,0x0001,0x0001,0x0001,0x0001,0x0001,0x0001,0x0001,0x0001,
  0x0001,0x0001,0x0001,0x0001,0x0801,0x0801,0x0801,0x0801,0x0801,0x0801,0x0801,0x0801,
  0x0801,0x0801,0x0801,0x0801,0x0801,0x0801,0x0801,0x0801,0x0801,0x0801,0x0801,0x0801,
  0x0801,0x0801,0x0801,0x0801,0x0801,0x0801,0x0801,0x0801,0x0801,0x0801,0x0801,0x0801,
  0x0801,0x0801,0x0801,0x0801,0x0801,0x0801,0x0801,0x0801,0x0801,0x0801,0x0801,0x0802,
  0x0802,0x0802,0x0802,0x0802,0x0802,0x0802,0x0802,0x0802,0x0802,0x0802,0x0802,0x0802,
  0x0802,0x0802,0x0802,0x0802,0x0802,0x0802,0x0802,0x0802,0x0802,0x0802,0x0802,0x0802,
  0x0802,0x0802,0x0802,0x0802,0x0802,0x0802,0x0802,0x0802,0x0802,0x0802,0x0802,0x0802,
  0x0802,0x0802,0x0802,0x0802,0x0802,0x0802,0x0802,0x0802,0x0802,0x0802,0x0802,0x0802,
  0x0802,0x0802,0x0802,0x0802,0x0802,0x0802,0x0802,0x0802,0x0802,0x0802,0x0802,0x0802,
  0x0802,0x0802,0x0802,0x0802,0x0802,0x0802,0x0802,0x0802,0x0802,0x0802,0x0802,0x0802,
  0x0802,0x0802,0x0802,0x0802,0x0802,0x0802,0x0802,0x0802,0x0802,0x0802,0x0802,0x0802,
  0x0802,0x0802,0x0802,0x0802,0x0802,0x0802,0x0801,0x0801,0x0801,0x0801,0x0801,0x0801,
  0x0801,0x0801,0x0801,0x0801,0x0801,0x0801,0x0801,0x0801,0x0801,0x0801,0x0801,0x0801,
  0x0801,0x0801,0x0801,0x0801,0x0801,0x0801,0x0801,0x0801,0x0001,0x0801,0x0801,0x0001,
  0x0001,0x0001,0x0001,0x0001,0x0001,0x0001,0x0001,0x0001,0x0001,0x0001,0x0001,0x0001,
  0x0001,0x0001,0x0001,0x0001,0x0001,0x0001,0x0001,0x0001,0x0000,0x0000,0x0000,0x0001,
  0x0001,0x0000,0x0000,0x0000,0x0000,0x0000,0x0000,0x0000,0x0000,0x0000,0x0000,0x0000,
  0x0000,0x0000,0x0000,0x0000,0x0000,0x0000,0x0000,0x0000,0x0000,0x0000,0x0000,0x0000,
  0x0000,0x0000,0x0000,0x0000,0x0000,0x0000,0x0001,0x0000,0x0000,0x0000,0x0000,0x0001,
  0x0001,0x0001,0x0001,0x0001,0x0001,0x0001,0x0001,0x0001,0x0001,0x0001,0x0801,0x0001,
  0x0001,0x0001,0x0801,0x0001,0x0801,0x0801,0x0801,0x0801,0x0801,0x0801,0x0801,0x0801,
  0x0801,0x0801,0x0801,0x0801,0x0801,0x0801,0x0801,0x0801,0x0801,0x0801,0x0801,0x0801,
  0x0801,0x0801,0x0801,0x0801,0x0801,0x0801,0x0801,0x0801,0x0801,0x0801,0x0801,0x0801,
  0x0801,0x0801,0x0802,0x0801,0x0801,0x0802,0x0801,0x0802,0x0802,0x0802,0x1002,0x1002,
  0x1002,0x1002,0x1002,0x1002,0x1002,0x1002,0x0802,0x0802,0x0802,0x0802,0x0802,0x0802,
  0x0802,0x1002,0x0802,0x1002,0x1002,0x1002,0x1002,0x1002,0x1002,0x1002,0x1002,0x1002,
  0x1002,0x1002,0x1002,0x1002,0x1002,0x1002,0x1002,0x1002,0x1002,0x1002,0x0802,0x0802,
  0x0802,0x0802,0x0802,0x0802,0x0802,0x0802,0x0802,0x0802,0x0802,0x0802,0x0802,0x0802,
  0x0802,0x0802,0x0802,0x0802,0x0802,0x0802,0x0802,0x0802,0x0802,0x0802,0x0802,0x0802,
  0x0802,0x0802,0x0802,0x0802,0x0802,0x1002,0x0802,0x0802,0x0802,0x0802,0x0802,0x0802,
  0x0802,0x0802,0x0802,0x0802,0x0802,0x0802,0x0802,0x0802,0x0802,0x0802,0x0802,0x0802,
  0x0802,0x0802,0x0802,0x0802,0x0802,0x0802,0x0802,0x0802,0x0802,0x0802,0x0801,0x0801,
  0x0802,0x0801,0x0801,0x0801,0x0801,0x0801,0x0801,0x0801,0x0801,0x0801,0x0801,0x0801,
  0x0801,0x0801,0x0801,0x0801,0x0801,0x0801,0x0801,0x0801,0x0801,0x0801,0x0801,0x0801,
  0x0801,0x0801,0x0001,0x0001,0x0801,0x0001,0x0001,0x0801,0x0001,0x0001,0x0001,0x0001,
  0x0001,0x0001,0x0001,0x0001,0x0001,0x0001,0x0001,0x0001,0x0001,0x0001,0x0000,0x0001,
  0x0001,0x0000,0x0000,0x0000,0x0000,0x0000,0x0000,0x0000,0x0000,0x0000,0x0000,0x0000,
  0x0000,0x0000,0x0000,0x0000,0x0000,0x0000,0x0000,0x0000,0x0000,0x0000,0x0000,0x0000,
  0x0000,0x0000,0x0000,0x0000,0x0000,0x0001,0x0001,0x0001,0x0001,0x0001,0x0001,0x0001,
  0x0001,0x0001,0x0001,0x0001,0x0001,0x0001,0x0001,0x0001,0x0001,0x0001,0x0801,0x0801,
  0x0801,0x0801,0x0801,0x0801,0x0801,0x0801,0x0801,0x0801,0x0801,0x0801,0x0801,0x0801,
  0x0801,0x0801,0x0801,0x0801,0x0801,0x0801,0x0801,0x0801,0x0801,0x0801,0x0801,0x0801,
  0x0801,0x0801,0x0801,0x0801,0x0801,0x0801,0x0801,0x0801,0x0801,0x0801,0x0801,0x0801,
  0x1002,0x1002,0x1002,0x1002,0x1002,0x1002,0x1002,0x1002,0x1002,0x1002,0x1002,0x1002,
  0x1002,0x1002,0x1002,0x1002,0x1002,0x1002,0x1002,0x1002,0x1002,0x1002,0x1002,0x1002,
  0x1002,0x1002,0x1002,0x1002,0x1002,0x1002,0x1002,0x1002,0x1002,0x1002,0x1002,0x1002,
  0x1002,0x1002,0x1002,0x1002,0x1002,0x1003,0x1002,0x1002,0x1002,0x1002,0x1003,0x1002,
  0x1002,0x1003,0x1003,0x1003,0x1002,0x1002,0x1002,0x1003,0x1002,0x1002,0x1003,0x1002,
  0x1002,0x1002,0x1002,0x1002,0x1002,0x1003,0x1003,0x1003,0x1002,0x1002,0x1002,0x1002,
  0x1002,0x1002,0x1002,0x1002,0x1002,0x1002,0x1002,0x1002,0x1002,0x1002,0x1002,0x1002,
  0x1002,0x1002,0x1002,0x1002,0x1002,0x1002,0x0802,0x0802,0x0802,0x0802,0x0802,0x0802,
  0x0802,0x0802,0x0802,0x0802,0x0802,0x0802,0x0802,0x0802,0x0802,0x0802,0x0802,0x0802,
  0x0802,0x0802,0x0801,0x0801,0x0801,0x0801,0x0801,0x0801,0x0801,0x0801,0x0801,0x0801,
  0x0801,0x0801,0x0801,0x0801,0x0801,0x0801,0x0801,0x0801,0x0801,0x0801,0x0801,0x0801,
  0x0801,0x0801,0x0001,0x0801,0x0801,0x0801,0x0001,0x0801,0x0801,0x0001,0x0001,0x0001,
  0x0001,0x0001,0x0001,0x0001,0x0001,0x0001,0x0001,0x0001,0x0001,0x0001,0x0001,0x0001,
  0x0001,0x0000,0x0000,0x0000,0x0000,0x0000,0x0000,0x0000,0x0000,0x0000,0x0000,0x0000,
  0x0000,0x0000,0x0000,0x0000,0x0000,0x0000,0x0000,0x0000,0x0000,0x0000,0x0000,0x0000,
  0x0000,0x0000,0x0000,0x0000,0x0000,0x0001,0x0001,0x0001,0x0001,0x0001,0x0001,0x0001,
  0x0001,0x0001,0x0001,0x0001,0x0001,0x0001,0x0001,0x0001,0x0001,0x0801,0x0801,0x0801,
  0x0801,0x0801,0x0801,0x0801,0x0801,0x0801,0x0801,0x0801,0x0801,0x0801,0x0801,0x0801,
  0x0801,0x0801,0x0801,0x0801,0x0801,0x0801,0x0801,0x0801,0x0801,0x0801,0x0801,0x0801,
  0x0801,0x0801,0x0801,0x0801,0x1001,0x0801,0x1001,0x1002,0x1002,0x1001,0x1002,0x1002,
  0x1002,0x1002,0x1002,0x1002,0x1002,0x1002,0x1002,0x1002,0x1002,0x1002,0x1002,0x1002,
  0x1002,0x1002,0x1002,0x1002,0x1002,0x1002,0x1002,0x1002,0x1002,0x1002,0x1002,0x1002,
  0x1002,0x1002,0x1002,0x1002,0x1002,0x1002,0x1002,0x1002,0x1002,0x1002,0x1002,0x1003,
  0x1002,0x1002,0x1003,0x1003,0x1003,0x1003,0x1003,0x1003,0x1003,0x1003,0x1003,0x1003,
  0x1003,0x1003,0x1003,0x1003,0x1003,0x1003,0x1003,0x1003,0x1003,0x1003,0x1003,0x1003,
  0x1003,0x1003,0x1003,0x1003,0x1003,0x1003,0x1003,0x1003,0x1003,0x1003,0x1003,0x1003,
  0x1003,0x1003,0x1003,0x1003,0x1003,0x1003,0x1003,0x1003,0x1002,0x1002,0x1002,0x1002,
  0x1002,0x1002,0x1002,0x1002,0x1002,0x1002,0x1002,0x1002,0x1002,0x1002,0x1002,0x0802,
  0x1002,0x1002,0x1002,0x1002,0x1002,0x1002,0x0802,0x0802,0x0802,0x0802,0x0802,0x0802,
  0x0802,0x0802,0x0802,0x0802,0x0802,0x0802,0x0802,0x0801,0x0801,0x0801,0x0801,0x0801,
  0x0801,0x0801,0x0801,0x0801,0x0801,0x0801,0x0801,0x0801,0x0801,0x0801,0x0801,0x0801,
  0x0801,0x0801,0x0801,0x0801,0x0801,0x0001,0x0001,0x0801,0x0801,0x0001,0x0001,0x0001,
  0x0001,0x0001,0x0001,0x0001,0x0001,0x0001,0x0001,0x0001,0x0001,0x0001,0x0001,0x0001,
  0x0001,0x0000,0x0000,0x0000,0x0000,0x0000,0x0000,0x0000,0x0000,0x0000,0x0000,0x0000,
  0x0000,0x0000,0x0000,0x0000,0x0000,0x0000,0x0000,0x0000,0x0000,0x0000,0x0000,0x0000,
  0x0000,0x0000,0x0000,0x0000,0x0000,0x0001,0x0001,0x0001,0x0001,0x0001,0x0001,0x0001,
  0x0001,0x0001,0x0001,0x0001,0x0001,0x0001,0x0001,0x0001,0x0801,0x0801,0x0801,0x0801,
  0x0801,0x0801,0x0801,0x0801,0x0801,0x0801,0x0801,0x0801,0x0801,0x0801,0x0801,0x0801,
  0x0801,0x0801,0x0801,0x0801,0x0801,0x0801,0x0801,0x0801,0x0801,0x0801,0x1001,0x1002,
  0x1001,0x1001,0x1001,0x1001,0x1002,0x1001,0x1002,0x1002,0x1002,0x1002,0x1002,0x1002,
  0x1002,0x1002,0x1002,0x1002,0x1002,0x1002,0x1002,0x1002,0x1002,0x1002,0x1002,0x1002,
  0x1002,0x1002,0x1002,0x1002,0x1002,0x1002,0x1002,0x1002,0x1002,0x1002,0x1002,0x1002,
  0x1002,0x1002,0x1002,0x1002,0x1002,0x1002,0x1002,0x1002,0x1002,0x1002,0x1002,0x1002,
  0x1002,0x1002,0x1002,0x1002,0x1002,0x1002,0x1002,0x1002,0x1002,0x1002,0x1002,0x1002,
  0x1002,0x1002,0x1002,0x1002,0x1002,0x1002,0x1002,0x1002,0x1002,0x1002,0x1002,0x1002,
  0x1002,0x1003,0x1002,0x1003,0x1003,0x1003,0x1003,0x1003,0x1003,0x1003,0x1003,0x1003,
  0x1003,0x1002,0x1003,0x1003,0x1003,0x1003,0x1003,0x1003,0x1003,0x1002,0x1002,0x1002,
  0x1002,0x1002,0x1002,0x1002,0x1002,0x1002,0x1002,0x1002,0x1002,0x1002,0x1002,0x1002,
  0x1002,0x1002,0x1002,0x1002,0x1002,0x1002,0x1002,0x0802,0x1002,0x1002,0x0802,0x0802,
  0x0802,0x0802,0x0802,0x0802,0x0802,0x0802,0x0802,0x0802,0x0802,0x0801,0x0801,0x0801,
  0x0801,0x0801,0x0801,0x0801,0x0801,0x0801,0x0801,0x0801,0x0801,0x0801,0x0801,0x0801,
  0x0801,0x0801,0x0801,0x0801,0x0801,0x0801,0x0001,0x0801,0x0801,0x0001,0x0001,0x0001,
  0x0001,0x0001,0x0001,0x0001,0x0001,0x0001,0x0001,0x0001,0x0001,0x0001,0x0001,0x0001,
  0x0001,0x0000,0x0000,0x0000,0x0000,0x0000,0x0000,0x0000,0x0000,0x0000,0x0000,0x0000,
  0x0000,0x0000,0x0000,0x0000,0x0000,0x0000,0x0000,0x0000,0x0000,0x0000,0x0000,0x0000,
  0x0000,0x0000,0x0000,0x0001,0x0001,0x0001,0x0001,0x0001,0x0001,0x0001,0x0001,0x0001,
  0x0001,0x0001,0x0001,0x0001,0x0001,0x0801,0x0801,0x0801,0x0801,0x0801,0x0801,0x0801,
  0x0801,0x0801,0x0801,0x0801,0x0801,0x0801,0x0801,0x0801,0x0801,0x0801,0x0801,0x0801,
  0x0801,0x0801,0x0801,0x0801,0x0801,0x0801,0x0801,0x0801,0x0801,0x0801,0x0801,0x1001,
  0x0801,0x1001,0x1001,0x1001,0x1001,0x1001,0x1002,0x1001,0x1001,0x1001,0x1001,0x1001,
  0x1001,0x1001,0x1002,0x1002,0x1002,0x1002,0x1002,0x1002,0x1002,0x1002,0x1002,0x1002,
  0x1002,0x1002,0x1002,0x1002,0x1002,0x1002,0x1002,0x1002,0x1002,0x1002,0x1002,0x1002,
  0x1002,0x1002,0x1002,0x1002,0x1002,0x0802,0x0802,0x0802,0x0802,0x0802,0x0802,0x0802,
  0x0802,0x0802,0x0802,0x0801,0x0801,0x0801,0x0801,0x0801,0x0801,0x0801,0x0801,0x0801,
  0x0801,0x0801,0x0801,0x0801,0x0801,0x0801,0x0801,0x0801,0x0801,0x0802,0x0802,0x0802,
  0x0802,0x0802,0x0802,0x0802,0x0802,0x0802,0x0802,0x0802,0x0802,0x0802,0x0802,0x0802,
  0x0802,0x0802,0x0802,0x0802,0x0802,0x0802,0x0802,0x1002,0x1002,0x1002,0x1002,0x1002,
  0x1002,0x1002,0x1002,0x1002,0x1002,0x1002,0x1002,0x1002,0x1002,0x1002,0x1002,0x1002,
  0x1002,0x1002,0x1002,0x1002,0x1002,0x0802,0x1002,0x0802,0x0802,0x0802,0x0802,0x0802,
  0x0802,0x0802,0x0802,0x0802,0x0802,0x0802,0x0802,0x0802,0x0802,0x0802,0x0801,0x0801,
  0x0801,0x0801,0x0801,0x0801,0x0801,0x0801,0x0801,0x0801,0x0801,0x0801,0x0801,0x0801,
  0x0801,0x0801,0x0801,0x0801,0x0801,0x0801,0x0801,0x0801,0x0801,0x0001,0x0001,0x0001,
  0x0001,0x0001,0x0001,0x0001,0x0001,0x0001,0x0001,0x0001,0x0001,0x0001,0x0001,0x0001,
  0x0001,0x0000,0x0000,0x0000,0x0000,0x0000,0x0000,0x0000,0x0000,0x0000,0x0000,0x0000,
  0x0000,0x0000,0x0000,0x0000,0x0000,0x0000,0x0000,0x0000,0x0000,0x0000,0x0000,0x0000,
  0x0000,0x0000,0x0000,0x0000,0x0000,0x0001,0x0001,0x0001,0x0001,0x0001,0x0001,0x0001,
  0x0001,0x0001,0x0001,0x0001,0x0001,0x0001,0x0801,0x0801,0x0801,0x0801,0x0801,0x0801,
  0x0801,0x0801,0x0801,0x0801,0x0801,0x0801,0x0801,0x0801,0x0801,0x0801,0x0801,0x0801,
  0x0801,0x0801,0x0801,0x0801,0x0801,0x0801,0x0801,0x0801,0x0801,0x0801,0x0801,0x0801,
  0x0801,0x0801,0x0801,0x0801,0x1001,0x0801,0x1001,0x1001,0x0801,0x0801,0x0801,0x0801,
  0x1001,0x1001,0x1001,0x1002,0x1001,0x1002,0x1002,0x1002,0x1002,0x1002,0x1002,0x1002,
  0x1002,0x1002,0x1002,0x1001,0x1001,0x0801,0x0801,0x0801,0x0801,0x0801,0x0801,0x0801,
  0x0801,0x0801,0x0801,0x0801,0x0801,0x0801,0x0801,0x0801,0x0801,0x0801,0x0801,0x0801,
  0x0801,0x0801,0x0801,0x0001,0x0001,0x0001,0x0001,0x0001,0x0001,0x0001,0x0001,0x0001,
  0x0001,0x0001,0x0001,0x0001,0x0001,0x0001,0x0001,0x0001,0x0001,0x0001,0x0001,0x0001,
  0x0001,0x0001,0x0001,0x0001,0x0001,0x0001,0x0001,0x0001,0x0001,0x0801,0x0801,0x0801,
  0x0801,0x0802,0x0802,0x0802,0x0802,0x0802,0x0802,0x0802,0x0802,0x0802,0x0802,0x0802,
  0x0802,0x0802,0x0802,0x0802,0x0802,0x0802,0x0802,0x0802,0x0802,0x0802,0x0802,0x0802,
  0x0802,0x0802,0x0802,0x0802,0x0802,0x0802,0x0802,0x0802,0x0802,0x0802,0x0802,0x0802,
  0x0802,0x0802,0x0802,0x0802,0x0802,0x0802,0x0802,0x0802,0x0802,0x0802,0x0801,0x0801,
  0x0801,0x0801,0x0801,0x0801,0x0801,0x0801,0x0801,0x0801,0x0801,0x0801,0x0801,0x0801,
  0x0801,0x0801,0x0801,0x0801,0x0801,0x0801,0x0001,0x0801,0x0801,0x0001,0x0001,0x0001,
  0x0001,0x0001,0x0001,0x0001,0x0001,0x0001,0x0001,0x0001,0x0001,0x0001,0x0001,0x0001,
  0x0001,0x0000,0x0000,0x0000,0x0000,0x0000,0x0000,0x0000,0x0000,0x0000,0x0000,0x0000,
  0x0000,0x0000,0x0000,0x0000,0x0000,0x0000,0x0000,0x0000,0x0000,0x0000,0x0000,0x0000,
  0x0000,0x0000,0x0000,0x0000,0x0000,0x0001,0x0001,0x0001,0x0001,0x0001,0x0001,0x0001,
  0x0001,0x0001,0x0001,0x0001,0x0001,0x0001,0x0801,0x0801,0x0801,0x0801,0x0801,0x0801,
  0x0801,0x0801,0x0801,0x0801,0x0801,0x0801,0x0801,0x0801,0x0801,0x0801,0x0801,0x0801,
  0x0801,0x0801,0x0801,0x0801,0x0801,0x0801,0x0801,0x0801,0x0801,0x0801,0x0801,0x0801,
  0x0801,0x0801,0x0801,0x0801,0x0801,0x0801,0x0801,0x0801,0x0801,0x0801,0x0801,0x0801,
  0x0801,0x0801,0x0801,0x0801,0x0801,0x0801,0x0801,0x0801,0x0801,0x0801,0x0801,0x1001,
  0x0801,0x0801,0x0801,0x0801,0x0801,0x0801,0x0801,0x0801,0x0801,0x0801,0x0801,0x0801,
  0x0801,0x0801,0x0801,0x0801,0x0801,0x0801,0x0801,0x0801,0x0801,0x0801,0x0801,0x0001,
  0x0001,0x0001,0x0001,0x0001,0x0001,0x0001,0x0001,0x0001,0x0001,0x0001,0x0001,0x0001,
  0x0001,0x0001,0x0001,0x0001,0x0001,0x0001,0x0001,0x0001,0x0001,0x0001,0x0001,0x0001,
  0x0001,0x0001,0x0001,0x0001,0x0001,0x0001,0x0001,0x0001,0x0001,0x0001,0x0001,0x0001,
  0x0001,0x0001,0x0001,0x0801,0x0801,0x0802,0x0802,0x0802,0x0802,0x0802,0x0802,0x0802,
  0x0802,0x0802,0x0802,0x0802,0x0802,0x0802,0x0802,0x0802,0x0802,0x0802,0x0802,0x0802,
  0x0802,0x0802,0x0802,0x0802,0x0802,0x0802,0x0802,0x0802,0x0802,0x0802,0x0802,0x0802,
  0x0802,0x0802,0x0802,0x0802,0x0802,0x0802,0x0802,0x0802,0x0802,0x0802,0x0801,0x0801,
  0x0801,0x0801,0x0801,0x0801,0x0801,0x0801,0x0801,0x0801,0x0801,0x0801,0x0801,0x0801,
  0x0801,0x0801,0x0801,0x0801,0x0801,0x0001,0x0001,0x0001,0x0001,0x0001,0x0001,0x0001,
  0x0001,0x0001,0x0001,0x0001,0x0001,0x0001,0x0001,0x0001,0x0001,0x0001,0x0001,0x0001,
  0x0001,0x0000,0x0000,0x0000,0x0000,0x0000,0x0000,0x0000,0x0000,0x0000,0x0000,0x0000,
  0x0000,0x0000,0x0000,0x0000,0x0000,0x0000,0x0000,0x0000,0x0000,0x0000,0x0000,0x0000,
  0x0000,0x0000,0x0001,0x0000,0x0000,0x0001,0x0001,0x0001,0x0001,0x0001,0x0001,0x0001,
  0x0001,0x0001,0x0001,0x0001,0x0001,0x0801,0x0801,0x0801,0x0801,0x0801,0x0801,0x0801,
  0x0801,0x0801,0x0801,0x0801,0x0801,0x0801,0x0801,0x0801,0x0801,0x0801,0x0801,0x0801,
  0x0801,0x0801,0x0801,0x0801,0x0801,0x0801,0x0801,0x0801,0x0801,0x0801,0x0801,0x0801,
  0x0801,0x0801,0x0801,0x0801,0x0801,0x0801,0x0801,0x0801,0x0801,0x0801,0x0801,0x0801,
  0x0801,0x0801,0x0801,0x0801,0x0801,0x0801,0x0801,0x0801,0x0801,0x0801,0x0801,0x0801,
  0x0801,0x0801,0x0801,0x0801,0x0801,0x0801,0x0801,0x0801,0x0801,0x0801,0x0801,0x0801,
  0x0801,0x0801,0x0801,0x0801,0x0801,0x0801,0x0801,0x0801,0x0801,0x0801,0x0801,0x0801,
  0x0001,0x0001,0x0001,0x0001,0x0001,0x0001,0x0001,0x0001,0x0001,0x0001,0x0001,0x0001,
  0x0001,0x0001,0x0001,0x0001,0x0001,0x0001,0x0001,0x0001,0x0001,0x0001,0x0001,0x0001,
  0x0001,0x0001,0x0001,0x0001,0x0001,0x0001,0x0001,0x0001,0x0001,0x0001,0x0001,0x0001,
  0x0001,0x0001,0x0001,0x0001,0x0801,0x0802,0x0802,0x0802,0x0802,0x0802,0x0802,0x0802,
  0x0802,0x0802,0x0802,0x0802,0x0802,0x0802,0x0802,0x0802,0x0802,0x0802,0x0802,0x0802,
  0x0802,0x0802,0x0802,0x0802,0x0802,0x0802,0x0802,0x0802,0x0802,0x0802,0x0802,0x0802,
  0x0802,0x0802,0x0802,0x0802,0x0802,0x0802,0x0802,0x0802,0x0802,0x0801,0x0801,0x0801,
  0x0801,0x0801,0x0801,0x0801,0x0801,0x0801,0x0801,0x0801,0x0801,0x0801,0x0801,0x0801,
  0x0801,0x0801,0x0801,0x0801,0x0801,0x0801,0x0001,0x0001,0x0001,0x0001,0x0001,0x0001,
  0x0001,0x0001,0x0001,0x0001,0x0001,0x0001,0x0001,0x0001,0x0001,0x0001,0x0001,0x0001,
  0x0001,0x0001,0x0001,0x0001,0x0001,0x0000,0x0001,0x0000,0x0000,0x0000,0x0000,0x0000,
  0x0000,0x0000,0x0000,0x0000,0x0000,0x0000,0x0000,0x0000,0x0000,0x0000,0x0000,0x0000,
  0x0000,0x0000,0x0000,0x0001,0x0000,0x0001,0x0001,0x0001,0x0001,0x0001,0x0001,0x0001,
  0x0001,0x0001,0x0001,0x0001,0x0001,0x0001,0x0001,0x0801,0x0801,0x0801,0x0801,0x0801,
  0x0801,0x0801,0x0801,0x0801,0x0801,0x0801,0x0801,0x0801,0x0801,0x0801,0x0801,0x0801,
  0x0801,0x0801,0x0801,0x0801,0x0801,0x0801,0x0801,0x0801,0x0801,0x0801,0x0801,0x0801,
  0x0801,0x0801,0x0801,0x0801,0x0801,0x0801,0x0801,0x1001,0x0801,0x0801,0x0801,0x0801,
  0x0801,0x0801,0x0801,0x0801,0x1001,0x1001,0x1001,0x0801,0x1001,0x1001,0x0801,0x1002,
  0x1002,0x1002,0x1002,0x1002,0x0801,0x1001,0x1001,0x0801,0x0801,0x0801,0x0801,0x0801,
  0x0801,0x0801,0x0801,0x0801,0x0801,0x0801,0x0801,0x0801,0x0801,0x0801,0x0801,0x0801,
  0x0801,0x0801,0x0801,0x0801,0x0801,0x0801,0x0001,0x0001,0x0001,0x0001,0x0001,0x0001,
  0x0001,0x0001,0x0001,0x0001,0x0001,0x0001,0x0001,0x0001,0x0001,0x0001,0x0001,0x0001,
  0x0001,0x0001,0x0001,0x0001,0x0001,0x0001,0x0001,0x0001,0x0001,0x0001,0x0001,0x0801,
  0x0801,0x0801,0x0801,0x0802,0x0802,0x0802,0x0802,0x0802,0x0802,0x0802,0x0802,0x0802,
  0x0802,0x0802,0x0802,0x0802,0x0802,0x0802,0x0802,0x0802,0x0802,0x0802,0x0802,0x0802,
  0x0802,0x0802,0x0802,0x0802,0x0802,0x0802,0x0802,0x0802,0x0802,0x0802,0x0802,0x0802,
  0x0802,0x0802,0x0802,0x0802,0x0802,0x0802,0x0802,0x0802,0x0801,0x0802,0x0801,0x0801,
  0x0801,0x0801,0x0801,0x0801,0x0801,0x0801,0x0801,0x0801,0x0801,0x0801,0x0801,0x0801,
  0x0801,0x0801,0x0801,0x0801,0x0801,0x0001,0x0001,0x0001,0x0001,0x0001,0x0001,0x0001,
  0x0001,0x0001,0x0001,0x0001,0x0001,0x0001,0x0001,0x0001,0x0001,0x0001,0x0001,0x0001,
  0x0001,0x0001,0x0001,0x0001,0x0001,0x0000,0x0001,0x0001,0x0000,0x0001,0x0001,0x0000,
  0x0000,0x0000,0x0000,0x0000,0x0000,0x0000,0x0000,0x0000,0x0000,0x0000,0x0000,0x0000,
  0x0000,0x0000,0x0000,0x0000,0x0000,0x0000,0x0001,0x0001,0x0001,0x0001,0x0001,0x0001,
  0x0001,0x0001,0x0001,0x0001,0x0001,0x0001,0x0001,0x0001,0x0801,0x0801,0x0801,0x0801,
  0x0801,0x0801,0x0801,0x0801,0x0801,0x0801,0x0801,0x0801,0x0801,0x0801,0x0801,0x0801,
  0x0801,0x0801,0x0801,0x0801,0x0801,0x0801,0x0801,0x0801,0x0801,0x0801,0x0801,0x0801,
  0x0801,0x0801,0x0801,0x0801,0x0801,0x0801,0x0801,0x0801,0x0801,0x0801,0x0801,0x0801,
  0x0801,0x0801,0x0801,0x1001,0x1002,0x1001,0x1002,0x1002,0x1002,0x1002,0x1002,0x1002,
  0x1002,0x1002,0x1002,0x1002,0x1001,0x1002,0x1002,0x1002,0x1002,0x1002,0x1002,0x1002,
  0x1002,0x0802,0x0802,0x0802,0x0802,0x0802,0x0802,0x0801,0x0801,0x0801,0x0801,0x0801,
  0x0801,0x0801,0x0801,0x0801,0x0801,0x0801,0x0801,0x0801,0x0801,0x0801,0x0801,0x0801,
  0x0801,0x0801,0x0801,0x0801,0x0801,0x0801,0x0801,0x0801,0x0801,0x0801,0x0801,0x0801,
  0x0801,0x0802,0x0801,0x0801,0x0802,0x0801,0x0801,0x0802,0x0802,0x0802,0x0802,0x0802,
  0x0802,0x0802,0x0802,0x0802,0x0802,0x0802,0x0802,0x0802,0x0802,0x0802,0x0802,0x0802,
  0x0802,0x0802,0x0802,0x0802,0x0802,0x0802,0x0802,0x0802,0x0802,0x0802,0x0802,0x0802,
  0x0802,0x0802,0x0802,0x0802,0x0802,0x0802,0x0802,0x0802,0x0802,0x0802,0x0802,0x0802,
  0x0802,0x0802,0x0802,0x0802,0x0802,0x0802,0x0801,0x0801,0x0801,0x0801,0x0801,0x0801,
  0x0801,0x0801,0x0801,0x0801,0x0801,0x0801,0x0801,0x0801,0x0801,0x0801,0x0801,0x0801,
  0x0801,0x0801,0x0001,0x0001,0x0001,0x0001,0x0001,0x0001,0x0001,0x0001,0x0001,0x0001,
  0x0001,0x0001,0x0001,0x0001,0x0001,0x0001,0x0001,0x0001,0x0001,0x0001,0x0001,0x0001,
  0x0001,0x0000,0x0001,0x0000,0x0000,0x0000,0x0000,0x0000,0x0000,0x0000,0x0000,0x0000,
  0x0000,0x0000,0x0000,0x0000,0x0000,0x0000,0x0000,0x0000,0x0000,0x0000,0x0000,0x0000,
  0x0000,0x0000,0x0000,0x0000,0x0000,0x0001,0x0001,0x0001,0x0001,0x0001,0x0001,0x0001,
  0x0001,0x0001,0x0001,0x0001,0x0001,0x0001,0x0001,0x0001,0x0801,0x0801,0x0801,0x0801,
  0x0801,0x0801,0x0801,0x0801,0x0801,0x0801,0x0801,0x0801,0x0801,0x0801,0x0801,0x0801,
  0x0801,0x0801,0x0801,0x0801,0x0801,0x0801,0x0801,0x0801,0x0801,0x0801,0x0801,0x0801,
  0x0801,0x0801,0x0801,0x0801,0x0801,0x0801,0x0802,0x1002,0x0801,0x0801,0x0801,0x0801,
  0x0801,0x0801,0x1001,0x1002,0x1002,0x1002,0x1002,0x1002,0x1002,0x1002,0x1002,0x1002,
  0x1002,0x1002,0x1002,0x1002,0x1002,0x1002,0x1002,0x1002,0x1002,0x1002,0x1002,0x1002,
  0x1002,0x1002,0x1002,0x1002,0x1002,0x1002,0x1002,0x1002,0x1002,0x1002,0x1002,0x1002,
  0x1002,0x1002,0x1002,0x1002,0x1002,0x1002,0x1002,0x1002,0x1002,0x1002,0x1002,0x0802,
  0x1002,0x1002,0x1002,0x0802,0x1002,0x0802,0x1002,0x1002,0x1002,0x0802,0x0802,0x0802,
  0x1002,0x1002,0x0802,0x0802,0x0802,0x1002,0x1002,0x0802,0x1002,0x1002,0x1002,0x1002,
  0x1002,0x1002,0x1002,0x1002,0x1002,0x1002,0x1002,0x1002,0x1002,0x1002,0x1002,0x1002,
  0x1002,0x1002,0x1002,0x1002,0x0802,0x0802,0x0802,0x0802,0x0802,0x0802,0x0802,0x0802,
  0x0802,0x0802,0x0802,0x0802,0x0802,0x0802,0x0802,0x0802,0x0802,0x0802,0x0802,0x0802,
  0x0802,0x0802,0x0802,0x0802,0x0802,0x0802,0x0802,0x0802,0x0801,0x0802,0x0801,0x0801,
  0x0801,0x0801,0x0801,0x0801,0x0801,0x0801,0x0801,0x0801,0x0801,0x0801,0x0801,0x0801,
  0x0801,0x0801,0x0001,0x0001,0x0001,0x0001,0x0001,0x0001,0x0001,0x0001,0x0001,0x0001,
  0x0001,0x0001,0x0001,0x0001,0x0001,0x0001,0x0001,0x0001,0x0001,0x0001,0x0001,0x0001,
  0x0001,0x0001,0x0001,0x0000,0x0000,0x0000,0x0000,0x0000,0x0000,0x0000,0x0000,0x0000,
  0x0000,0x0000,0x0000,0x0000,0x0000,0x0000,0x0000,0x0000,0x0000,0x0000,0x0000,0x0000,
  0x0000,0x0000,0x0000,0x0000,0x0000,0x0001,0x0001,0x0001,0x0001,0x0001,0x0001,0x0001,
  0x0001,0x0001,0x0001,0x0001,0x0001,0x0001,0x0001,0x0001,0x0801,0x0801,0x0801,0x0801,
  0x0801,0x0801,0x0801,0x0801,0x0801,0x0801,0x0801,0x0801,0x0801,0x0801,0x0801,0x0801,
  0x0801,0x0801,0x0801,0x0801,0x0801,0x0801,0x0801,0x0801,0x0801,0x0801,0x0801,0x0801,
  0x0801,0x0801,0x0801,0x0801,0x0801,0x0802,0x1002,0x1002,0x1002,0x1002,0x1001,0x0801,
  0x1002,0x1002,0x1002,0x1002,0x1002,0x1002,0x1002,0x1002,0x1002,0x1002,0x1002,0x1002,
  0x1002,0x1002,0x1002,0x1002,0x1002,0x1002,0x1002,0x1002,0x1002,0x1002,0x1002,0x1002,
  0x1002,0x1002,0x1002,0x1002,0x1002,0x1002,0x1002,0x1002,0x1002,0x1002,0x1002,0x1002,
  0x1002,0x1002,0x1002,0x1002,0x1002,0x1002,0x1002,0x1002,0x1002,0x1002,0x1002,0x1002,
  0x1002,0x1002,0x1002,0x1002,0x1002,0x1002,0x1002,0x1002,0x1002,0x1002,0x1002,0x1002,
  0x1003,0x1003,0x1002,0x1003,0x1002,0x1002,0x1002,0x1003,0x1003,0x1003,0x1003,0x1003,
  0x1003,0x1003,0x1003,0x1003,0x1003,0x1002,0x1002,0x1002,0x1002,0x1002,0x1002,0x1002,
  0x1002,0x1002,0x1002,0x1002,0x1002,0x1002,0x1002,0x1002,0x1002,0x1002,0x1002,0x1002,
  0x1002,0x0802,0x0802,0x0802,0x0802,0x0802,0x0802,0x0802,0x0802,0x0802,0x0802,0x0802,
  0x0802,0x0802,0x0802,0x0802,0x0802,0x0802,0x0802,0x0802,0x0802,0x0802,0x0801,0x0801,
  0x0801,0x0801,0x0801,0x0801,0x0801,0x0801,0x0801,0x0801,0x0801,0x0801,0x0801,0x0801,
  0x0801,0x0001,0x0001,0x0001,0x0001,0x0001,0x0001,0x0001,0x0001,0x0001,0x0001,0x0001,
  0x0001,0x0001,0x0001,0x0001,0x0001,0x0001,0x0001,0x0001,0x0001,0x0001,0x0001,0x0001,
  0x0001,0x0001,0x0000,0x0000,0x0000,0x0000,0x0000,0x0000,0x0000,0x0000,0x0000,0x0000,
  0x0000,0x0000,0x0000,0x0000,0x0000,0x0000,0x0000,0x0000,0x0000,0x0000,0x0000,0x0000,
  0x0000,0x0000,0x0000,0x0000,0x0000,0x0001,0x0001,0x0001,0x0001,0x0001,0x0001,0x0001,
  0x0001,0x0001,0x0001,0x0001,0x0001,0x0001,0x0001,0x0001,0x0801,0x0801,0x0801,0x0801,
  0x0801,0x0801,0x0801,0x0801,0x0801,0x0801,0x0801,0x0801,0x0801,0x0801,0x0801,0x0801,
  0x0801,0x0801,0x0801,0x0801,0x0801,0x0801,0x0801,0x0801,0x0801,0x0801,0x0801,0x0801,
  0x0801,0x0802,0x0802,0x0801,0x0802,0x1002,0x1002,0x1002,0x1002,0x1002,0x1002,0x1002,
  0x1002,0x1002,0x1002,0x1002,0x1002,0x1002,0x1002,0x1002,0x1002,0x1002,0x1002,0x1002,
  0x1002,0x1002,0x1002,0x1002,0x1002,0x1002,0x1002,0x1002,0x1002,0x1002,0x1002,0x1002,
  0x1002,0x1802,0x1802,0x1802,0x1803,0x1802,0x1802,0x1802,0x1802,0x1802,0x1803,0x1803,
  0x1803,0x1803,0x1803,0x1803,0x1803,0x1803,0x1803,0x1803,0x1803,0x1802,0x1003,0x1002,
  0x1803,0x1003,0x1803,0x1803,0x1803,0x1003,0x1803,0x1803,0x1003,0x1003,0x1003,0x1003,
  0x1803,0x1803,0x1803,0x1803,0x1803,0x1803,0x1803,0x1803,0x1803,0x1803,0x1803,0x1803,
  0x1803,0x1803,0x1803,0x1003,0x1003,0x1003,0x1003,0x1003,0x1003,0x1003,0x1003,0x1003,
  0x1003,0x1002,0x1002,0x1002,0x1002,0x1002,0x1002,0x1002,0x1002,0x1002,0x1002,0x1002,
  0x1002,0x1002,0x0802,0x0802,0x0802,0x0802,0x0802,0x0802,0x0802,0x0802,0x0802,0x0802,
  0x0802,0x0802,0x0802,0x0802,0x0802,0x0802,0x0802,0x0802,0x0802,0x0802,0x0801,0x0801,
  0x0801,0x0801,0x0801,0x0801,0x0801,0x0801,0x0801,0x0801,0x0801,0x0801,0x0801,0x0001,
  0x0001,0x0001,0x0001,0x0001,0x0001,0x0001,0x0001,0x0001,0x0001,0x0001,0x0001,0x0001,
  0x0001,0x0001,0x0001,0x0001,0x0001,0x0001,0x0001,0x0001,0x0001,0x0001,0x0001,0x0001,
  0x0001,0x0001,0x0000,0x0000,0x0000,0x0000,0x0000,0x0000,0x0000,0x0000,0x0000,0x0000,
  0x0000,0x0000,0x0000,0x0000,0x0000,0x0000,0x0000,0x0000,0x0000,0x0000,0x0000,0x0000,
  0x0000,0x0000,0x0000,0x0000,0x0000,0x0001,0x0001,0x0001,0x0001,0x0001,0x0001,0x0001,
  0x0001,0x0001,0x0001,0x0001,0x0001,0x0001,0x0001,0x0001,0x0001,0x0001,0x0801,0x0801,
  0x0001,0x0801,0x0801,0x0801,0x0801,0x0801,0x0801,0x0801,0x0801,0x0801,0x0801,0x0801,
  0x0801,0x0801,0x0801,0x0801,0x0801,0x0801,0x0801,0x0801,0x0801,0x0801,0x0801,0x0802,
  0x0802,0x0802,0x0802,0x0802,0x0802,0x1002,0x1002,0x1002,0x1002,0x1002,0x1002,0x1002,
  0x1002,0x1002,0x1002,0x1002,0x1002,0x1002,0x1002,0x1002,0x1002,0x1002,0x1002,0x1002,
  0x1002,0x1002,0x1002,0x1002,0x1002,0x1002,0x1002,0x1002,0x1002,0x1002,0x1002,0x1802,
  0x1802,0x1802,0x1802,0x1803,0x1803,0x1803,0x1803,0x1803,0x1803,0x1803,0x1803,0x1803,
  0x1803,0x1803,0x1803,0x1803,0x1803,0x1803,0x1803,0x1803,0x1803,0x1803,0x1803,0x1803,
  0x1803,0x1803,0x1803,0x1803,0x1803,0x1803,0x1803,0x1803,0x1803,0x1803,0x1803,0x1803,
  0x1803,0x1803,0x1803,0x1803,0x1803,0x1803,0x1803,0x1803,0x1803,0x1803,0x1803,0x1803,
  0x1803,0x1803,0x1803,0x1803,0x1803,0x1803,0x1803,0x1803,0x1003,0x1003,0x1003,0x1003,
  0x1003,0x1003,0x1003,0x1003,0x1003,0x1002,0x1002,0x1002,0x1002,0x1002,0x1002,0x1002,
  0x1002,0x1002,0x1002,0x1002,0x1002,0x1002,0x1002,0x0802,0x0802,0x0802,0x0802,0x0802,
  0x0802,0x0802,0x0802,0x0802,0x0802,0x0802,0x0802,0x0802,0x0802,0x0802,0x0802,0x0802,
  0x0801,0x0801,0x0801,0x0802,0x0801,0x0801,0x0801,0x0801,0x0801,0x0801,0x0001,0x0001,
  0x0001,0x0001,0x0001,0x0001,0x0001,0x0001,0x0001,0x0001,0x0001,0x0001,0x0001,0x0001,
  0x0001,0x0001,0x0001,0x0001,0x0001,0x0001,0x0001,0x0001,0x0001,0x0001,0x0001,0x0001,
  0x0001,0x0001,0x0001,0x0000,0x0000,0x0000,0x0000,0x0000,0x0000,0x0000,0x0000,0x0000,
  0x0000,0x0000,0x0000,0x0000,0x0000,0x0000,0x0000,0x0000,0x0000,0x0000,0x0000,0x0000,
  0x0000,0x0000,0x0000,0x0000,0x0000,0x0001,0x0001,0x0001,0x0001,0x0001,0x0001,0x0001,
  0x0001,0x0001,0x0001,0x0001,0x0001,0x0001,0x0001,0x0001,0x0001,0x0001,0x0801,0x0001,
  0x0801,0x0801,0x0801,0x0801,0x0801,0x0801,0x0801,0x0801,0x0801,0x0801,0x0801,0x0801,
  0x0801,0x0801,0x0801,0x0801,0x0801,0x0801,0x0801,0x0801,0x0801,0x0801,0x0801,0x0802,
  0x0802,0x0802,0x0802,0x0802,0x1002,0x1002,0x1002,0x1002,0x1002,0x1002,0x1002,0x1002,
  0x1002,0x1002,0x1002,0x1002,0x1002,0x1002,0x1002,0x1002,0x1002,0x1002,0x1002,0x1002,
  0x1002,0x1002,0x1002,0x1002,0x1802,0x1802,0x1802,0x1802,0x1802,0x1802,0x1802,0x1802,
  0x1802,0x1803,0x1803,0x1803,0x1803,0x1803,0x1803,0x1803,0x1803,0x1803,0x1803,0x1803,
  0x1803,0x1803,0x1803,0x1803,0x1803,0x1803,0x1803,0x1803,0x1803,0x1803,0x1803,0x1803,
  0x1803,0x1803,0x1803,0x1803,0x1803,0x1803,0x1803,0x1803,0x1803,0x1803,0x1803,0x1803,
  0x1803,0x1803,0x1803,0x1803,0x1803,0x1803,0x1803,0x1803,0x1803,0x1803,0x1803,0x1803,
  0x1803,0x1803,0x1803,0x1803,0x1803,0x1803,0x1803,0x1803,0x1803,0x1803,0x1003,0x1003,
  0x1003,0x1003,0x1003,0x1003,0x1003,0x1003,0x1002,0x1002,0x1002,0x1002,0x1002,0x1002,
  0x1002,0x1002,0x1002,0x1002,0x1002,0x1002,0x1002,0x1002,0x0802,0x0802,0x0802,0x0802,
  0x0802,0x0802,0x0802,0x0802,0x0802,0x0802,0x0802,0x0802,0x0802,0x0802,0x0802,0x0802,
  0x0802,0x0801,0x0801,0x0802,0x0801,0x0801,0x0801,0x0801,0x0801,0x0801,0x0801,0x0801,
  0x0001,0x0001,0x0001,0x0001,0x0001,0x0001,0x0001,0x0001,0x0001,0x0001,0x0001,0x0001,
  0x0001,0x0001,0x0001,0x0001,0x0001,0x0001,0x0001,0x0001,0x0001,0x0001,0x0001,0x0001,
  0x0001,0x0001,0x0001,0x0001,0x0000,0x0000,0x0000,0x0000,0x0000,0x0000,0x0000,0x0000,
  0x0000,0x0000,0x0000,0x0000,0x0000,0x0000,0x0000,0x0000,0x0000,0x0000,0x0000,0x0000,
  0x0000,0x0000,0x0000,0x0000,0x0000,0x0001,0x0001,0x0000,0x0001,0x0001,0x0001,0x0001,
  0x0001,0x0001,0x0001,0x0001,0x0001,0x0001,0x0001,0x0001,0x0001,0x0001,0x0801,0x0001,
  0x0001,0x0001,0x0001,0x0001,0x0801,0x0801,0x0801,0x0801,0x0801,0x0801,0x0801,0x0801,
  0x0801,0x0801,0x0801,0x0801,0x0801,0x0801,0x0801,0x0801,0x0801,0x0801,0x0801,0x0802,
  0x0802,0x0802,0x0802,0x1002,0x1002,0x1002,0x1002,0x1002,0x1002,0x1002,0x1002,0x1002,
  0x1002,0x1002,0x1002,0x1002,0x1002,0x1002,0x1002,0x1002,0x1002,0x1002,0x1002,0x1002,
  0x1002,0x1002,0x1002,0x1802,0x1802,0x1802,0x1802,0x1802,0x1802,0x1802,0x1803,0x1803,
  0x1803,0x1803,0x1803,0x1803,0x1803,0x1803,0x1803,0x1803,0x1803,0x1803,0x1803,0x1803,
  0x1803,0x1803,0x1803,0x1803,0x1803,0x1803,0x1803,0x1803,0x1803,0x1803,0x1803,0x1803,
  0x1803,0x1803,0x1803,0x1803,0x1803,0x1803,0x1803,0x1803,0x1803,0x1803,0x1803,0x1803,
  0x1803,0x1803,0x1803,0x1803,0x1803,0x1803,0x1803,0x1803,0x1803,0x1803,0x1803,0x1803,
  0x1803,0x1803,0x1803,0x1803,0x1803,0x1803,0x1803,0x1803,0x1803,0x1803,0x1003,0x1003,
  0x1003,0x1003,0x1003,0x1003,0x1003,0x1003,0x1002,0x1002,0x1002,0x1002,0x1002,0x1002,
  0x1002,0x1002,0x1002,0x1002,0x1002,0x1002,0x1002,0x1002,0x0802,0x0802,0x0802,0x0802,
  0x0802,0x0802,0x0802,0x0802,0x0802,0x0802,0x0802,0x0802,0x0802,0x0802,0x0802,0x0802,
  0x0802,0x0801,0x0801,0x0802,0x0801,0x0801,0x0801,0x0801,0x0801,0x0801,0x0801,0x0801,
  0x0001,0x0001,0x0001,0x0001,0x0001,0x0001,0x0001,0x0001,0x0001,0x0001,0x0001,0x0001,
  0x0001,0x0001,0x0001,0x0001,0x0001,0x0001,0x0001,0x0001,0x0001,0x0001,0x0001,0x0001,
  0x0001,0x0001,0x0001,0x0001,0x0000,0x0000,0x0000,0x0000,0x0000,0x0000,0x0000,0x0000,
  0x0000,0x0000,0x0000,0x0000,0x0000,0x0000,0x0000,0x0000,0x0000,0x0000,0x0000,0x0000,
  0x0000,0x0000,0x0000,0x0000,0x0000,0x0000,0x0001,0x0000,0x0000,0x0001,0x0001,0x0001,
  0x0001,0x0001,0x0001,0x0001,0x0001,0x0001,0x0001,0x0001,0x0001,0x0001,0x0801,0x0001,
  0x0001,0x0001,0x0001,0x0001,0x0801,0x0801,0x0801,0x0801,0x0801,0x0801,0x0801,0x0801,
  0x0801,0x0801,0x0801,0x0801,0x0801,0x0801,0x0801,0x0801,0x0801,0x0801,0x0801,0x0801,
  0x0802,0x0802,0x0802,0x1002,0x1002,0x1002,0x1002,0x1002,0x1002,0x1002,0x1002,0x1002,
  0x1002,0x1002,0x1002,0x1002,0x1002,0x1002,0x1002,0x1002,0x1002,0x1002,0x1002,0x1002,
  0x1002,0x1002,0x1002,0x1002,0x1002,0x1002,0x1802,0x1002,0x1002,0x1802,0x1802,0x1802,
  0x1803,0x1803,0x1803,0x1803,0x1803,0x1803,0x1803,0x1803,0x1803,0x1803,0x1803,0x1803,
  0x1803,0x1803,0x1803,0x1803,0x1803,0x1803,0x1803,0x1803,0x1803,0x1803,0x1803,0x1803,
  0x1803,0x1803,0x1803,0x1803,0x1803,0x1803,0x1803,0x1803,0x1803,0x1803,0x1803,0x1803,
  0x1803,0x1803,0x1803,0x1803,0x1803,0x1803,0x1803,0x1803,0x1803,0x1803,0x1803,0x1803,
  0x1803,0x1803,0x1803,0x1803,0x1803,0x1803,0x1803,0x1803,0x1803,0x1803,0x1003,0x1003,
  0x1003,0x1003,0x1003,0x1003,0x1002,0x1002,0x1002,0x1002,0x1002,0x1002,0x1002,0x1002,
  0x1002,0x1002,0x1002,0x1002,0x1002,0x1002,0x1002,0x1002,0x0802,0x0802,0x0802,0x0802,
  0x0802,0x0802,0x0802,0x0802,0x0802,0x0802,0x0802,0x0802,0x0802,0x0802,0x0802,0x0802,
  0x0802,0x0802,0x0801,0x0801,0x0801,0x0801,0x0801,0x0801,0x0801,0x0801,0x0001,0x0001,
  0x0001,0x0001,0x0001,0x0001,0x0001,0x0001,0x0001,0x0001,0x0001,0x0001,0x0001,0x0001,
  0x0001,0x0001,0x0001,0x0001,0x0001,0x0001,0x0001,0x0001,0x0001,0x0001,0x0001,0x0001,
  0x0001,0x0000,0x0000,0x0000,0x0000,0x0000,0x0000,0x0000,0x0000,0x0000,0x0000,0x0000,
};

#endif
