#ifndef WONTHOUND_ICONS_H
#define WONTHOUND_ICONS_H
#include <pgmspace.h>

#define WH_ICON_W 50
#define WH_ICON_H 50
#define WH_ICON_COUNT 10
#define WH_ICON_TRANSPARENT 0xF8F8

// 01_wifi-removebg-preview (1) (Custom)
const uint16_t wh_icon_00[2500] PROGMEM = {
  0x84D4,0x63F1,0x6411,0x63D1,0x63F1,0x6411,0x63F1,0x63F1,0x63F1,0x63F1,0x63D1,0x63F1,
  0x63F1,0x63F1,0x63F1,0x6C11,0x6C11,0x6C11,0x6C11,0x63F1,0x63F1,0x63F1,0x63F1,0x63F1,
  0x63F1,0x63F1,0x63F1,0x6411,0x6C11,0x63F1,0x63F1,0x63F1,0x63F1,0x63F1,0x6C11,0x6C11,
  0x6411,0x63F1,0x63F1,0x63F1,0x63F1,0x63F1,0x63F1,0x63F1,0x6C11,0x6C12,0x6C12,0x6411,
  0x6411,0x532E,0x74B4,0x10C3,0x10C3,0x10E3,0x18E4,0x18E4,0x18E4,0x10E4,0x18E4,0x18E4,
  0x18E4,0x18E4,0x18E4,0x10E4,0x18E4,0x18E4,0x18E3,0x10C3,0x18E4,0x10E3,0x10E3,0x18E4,
  0x18E4,0x18E4,0x18E4,0x18E4,0x18E4,0x18E4,0x18E4,0x10E3,0x10C3,0x10E3,0x10E3,0x10E3,
  0x1904,0x18E4,0x18E4,0x18E4,0x18E4,0x18E4,0x18E4,0x18E4,0x18E4,0x18E4,0x18E4,0x18E4,
  0x10E3,0x10E3,0x10E3,0x7D16,0x6C52,0xF8F8,0xF8F8,0xF8F8,0xF8F8,0xF8F8,0xF8F8,0xF8F8,
  0xF8F8,0xF8F8,0xF8F8,0xF8F8,0xF8F8,0xF8F8,0xF8F8,0xF8F8,0xF8F8,0xF8F8,0xF8F8,0xF8F8,
  0xF8F8,0xF8F8,0xF8F8,0xF8F8,0xF8F8,0xF8F8,0xF8F8,0xF8F8,0xF8F8,0xF8F8,0xF8F8,0xF8F8,
  0xF8F8,0xF8F8,0xF8F8,0xF8F8,0xF8F8,0xF8F8,0xF8F8,0xF8F8,0xF8F8,0xF8F8,0xF8F8,0xF8F8,
  0xF8F8,0xF8F8,0xF8F8,0xF8F8,0xF8F8,0x7D16,0x6C52,0xF8F8,0xF8F8,0xF8F8,0xF8F8,0xF8F8,
  0xF8F8,0xF8F8,0xF8F8,0xF8F8,0xF8F8,0xF8F8,0xF8F8,0xF8F8,0xF8F8,0xF8F8,0xF8F8,0xF8F8,
  0xF8F8,0xF8F8,0xF8F8,0xF8F8,0xF8F8,0xF8F8,0xF8F8,0xF8F8,0xF8F8,0xF8F8,0xF8F8,0xF8F8,
  0xF8F8,0xF8F8,0xF8F8,0xF8F8,0xF8F8,0xF8F8,0xF8F8,0xF8F8,0xF8F8,0xF8F8,0xF8F8,0xF8F8,
  0xF8F8,0xF8F8,0xF8F8,0xF8F8,0xF8F8,0xF8F8,0xF8F8,0x8536,0x6C53,0xF8F8,0xF8F8,0xF8F8,
  0xF8F8,0xF8F8,0xF8F8,0xF8F8,0xF8F8,0xF8F8,0xF8F8,0xF8F8,0xF8F8,0xF8F8,0xF8F8,0xF8F8,
  0xF8F8,0xF8F8,0xF8F8,0xF8F8,0xF8F8,0xF8F8,0xF8F8,0xF8F8,0xF8F8,0xF8F8,0xF8F8,0xF8F8,
  0xF8F8,0xF8F8,0xF8F8,0xF8F8,0xF8F8,0xF8F8,0xF8F8,0xF8F8,0xF8F8,0xF8F8,0xF8F8,0xF8F8,
  0xF8F8,0xF8F8,0xF8F8,0xF8F8,0xF8F8,0xF8F8,0xF8F8,0xF8F8,0x0021,0x9598,0x6C53,0xF8F8,
  0xF8F8,0xF8F8,0xF8F8,0xF8F8,0xF8F8,0xF8F8,0xF8F8,0xF8F8,0xF8F8,0xF8F8,0xF8F8,0xF8F8,
  0xF8F8,0xF8F8,0xF8F8,0xF8F8,0xF8F8,0xF8F8,0xF8F8,0xF8F8,0xF8F8,0xF8F8,0xF8F8,0xF8F8,
  0xF8F8,0xF8F8,0xF8F8,0xF8F8,0xF8F8,0xF8F8,0xF8F8,0xF8F8,0xF8F8,0xF8F8,0xF8F8,0xF8F8,
  0xF8F8,0xF8F8,0xF8F8,0xF8F8,0xF8F8,0xF8F8,0xF8F8,0xF8F8,0xF8F8,0xF8F8,0x0841,0x9598,
  0x6C53,0xF8F8,0xF8F8,0xF8F8,0xF8F8,0xF8F8,0xF8F8,0xF8F8,0xF8F8,0xF8F8,0xF8F8,0xF8F8,
  0xF8F8,0xF8F8,0xF8F8,0xF8F8,0xF8F8,0xF8F8,0xF8F8,0xF8F8,0xF8F8,0xF8F8,0xF8F8,0xF8F8,
  0xF8F8,0xF8F8,0xF8F8,0xF8F8,0xF8F8,0xF8F8,0xF8F8,0xF8F8,0xF8F8,0xF8F8,0xF8F8,0xF8F8,
  0xF8F8,0xF8F8,0xF8F8,0xF8F8,0xF8F8,0xF8F8,0xF8F8,0xF8F8,0xF8F8,0xF8F8,0xF8F8,0xF8F8,
  0x0841,0x9598,0x6C53,0xF8F8,0xF8F8,0xF8F8,0xF8F8,0xF8F8,0xF8F8,0xF8F8,0xF8F8,0xF8F8,
  0xF8F8,0xF8F8,0xF8F8,0xF8F8,0xF8F8,0xF8F8,0xF8F8,0xF8F8,0xF8F8,0xF8F8,0xF8F8,0xF8F8,
  0xF8F8,0xF8F8,0xF8F8,0xF8F8,0xF8F8,0xF8F8,0xF8F8,0xF8F8,0xF8F8,0xF8F8,0xF8F8,0xF8F8,
  0xF8F8,0xF8F8,0xF8F8,0xF8F8,0xF8F8,0xF8F8,0xF8F8,0xF8F8,0xF8F8,0xF8F8,0xF8F8,0xF8F8,
  0xF8F8,0xF8F8,0x0861,0x9598,0x6C73,0xF8F8,0xF8F8,0xF8F8,0xF8F8,0xF8F8,0xF8F8,0xF8F8,
  0xF8F8,0xF8F8,0xF8F8,0xF8F8,0xF8F8,0xF8F8,0xF8F8,0xF8F8,0xF8F8,0xF8F8,0xF8F8,0xF8F8,
  0xF8F8,0xF8F8,0xF8F8,0xF8F8,0xF8F8,0xF8F8,0xF8F8,0xF8F8,0xF8F8,0xF8F8,0xF8F8,0xF8F8,
  0xF8F8,0xF8F8,0xF8F8,0xF8F8,0xF8F8,0xF8F8,0xF8F8,0xF8F8,0xF8F8,0xF8F8,0xF8F8,0xF8F8,
  0xF8F8,0xF8F8,0xF8F8,0xF8F8,0x0841,0x9598,0x6C52,0xF8F8,0xF8F8,0xF8F8,0xF8F8,0xF8F8,
  0xF8F8,0xF8F8,0xF8F8,0xF8F8,0xF8F8,0xF8F8,0xF8F8,0xF8F8,0xF8F8,0xF8F8,0xF8F8,0xF8F8,
  0x0000,0x0041,0x08A3,0x10E4,0x1105,0x1926,0x1946,0x1926,0x1105,0x10E4,0x08A3,0x0862,
  0x0000,0xF8F8,0xF8F8,0xF8F8,0xF8F8,0xF8F8,0xF8F8,0xF8F8,0xF8F8,0xF8F8,0xF8F8,0xF8F8,
  0xF8F8,0xF8F8,0xF8F8,0xF8F8,0xF8F8,0xF8F8,0x0861,0x8D77,0x6C52,0xF8F8,0xF8F8,0xF8F8,
  0xF8F8,0xF8F8,0xF8F8,0xF8F8,0xF8F8,0xF8F8,0xF8F8,0xF8F8,0xF8F8,0xF8F8,0xF8F8,0x0041,
  0x10E5,0x2188,0x21EA,0x2A2B,0x328D,0x42EE,0x432F,0x4350,0x4B71,0x4B70,0x4330,0x3AEE,
  0x328D,0x2A2B,0x21EA,0x2188,0x1105,0x0882,0x0000,0xF8F8,0xF8F8,0xF8F8,0xF8F8,0xF8F8,
  0xF8F8,0xF8F8,0xF8F8,0xF8F8,0xF8F8,0xF8F8,0xF8F8,0xF8F8,0x0882,0x8D77,0x6C32,0xF8F8,
  0xF8F8,0xF8F8,0xF8F8,0xF8F8,0xF8F8,0xF8F8,0xF8F8,0xF8F8,0xF8F8,0xF8F8,0x0000,0x08A3,
  0x1967,0x21EA,0x42EE,0x53F3,0x6CB6,0x7D39,0x7539,0x7539,0x7539,0x6D19,0x6D19,0x6D39,
  0x6D19,0x7519,0x7539,0x7D39,0x74F7,0x5C34,0x4330,0x2A2B,0x2188,0x10E4,0x0021,0xF8F8,
  0xF8F8,0xF8F8,0xF8F8,0xF8F8,0xF8F8,0xF8F8,0xF8F8,0xF8F8,0xF8F8,0xF8F8,0x10A2,0x9578,
  0x6C52,0xF8F8,0xF8F8,0xF8F8,0xF8F8,0xF8F8,0xF8F8,0xF8F8,0xF8F8,0xF8F8,0x0000,0x10C4,
  0x1988,0x2A4B,0x53B2,0x6CF8,0x7539,0x7539,0x7539,0x7539,0x7539,0x7539,0x7539,0x7539,
  0x7539,0x7539,0x7539,0x7539,0x7539,0x7539,0x7539,0x7539,0x7539,0x7518,0x5C34,0x3AAD,
  0x21A8,0x1105,0x0021,0xF8F8,0xF8F8,0xF8F8,0xF8F8,0xF8F8,0xF8F8,0xF8F8,0xF8F8,0xF8F8,
  0x18C3,0x9578,0x6C53,0xF8F8,0xF8F8,0xF8F8,0xF8F8,0xF8F8,0xF8F8,0xF8F8,0xF8F8,0x0883,
  0x21A8,0x326C,0x5C13,0x7538,0x7539,0x7539,0x7519,0x7518,0x6476,0x53D2,0x4B30,0x3ACE,
  0x326C,0x2A2B,0x2A0B,0x2A2B,0x324C,0x3AAD,0x430F,0x53B1,0x5C34,0x6CF8,0x7519,0x7539,
  0x7539,0x7539,0x6496,0x3AEE,0x21C9,0x1105,0x0000,0xF8F8,0xF8F8,0xF8F8,0xF8F8,0xF8F8,
  0xF8F8,0xF8F8,0x0882,0x9598,0x6C73,0xF8F8,0xF8F8,0xF8F8,0xF8F8,0xF8F8,0xF8F8,0x0020,
  0x1946,0x2A2B,0x5BD2,0x7D59,0x7D59,0x7D39,0x7539,0x6475,0x432F,0x2A0A,0x1988,0x1947,
  0x1105,0x10C4,0x0882,0x0862,0x0862,0x0862,0x0882,0x10A3,0x10E5,0x1946,0x2188,0x21C9,
  0x3AAD,0x53F3,0x6D18,0x7539,0x7539,0x7D59,0x6C96,0x328D,0x21A8,0x0862,0xF8F8,0xF8F8,
  0xF8F8,0xF8F8,0xF8F8,0xF8F8,0x0861,0x95B8,0x6C53,0xF8F8,0xF8F8,0xF8F8,0xF8F8,0xF8F8,
  0x0041,0x1968,0x3AAD,0x74F7,0x7D59,0x7D59,0x7D59,0x6454,0x32AD,0x21A8,0x1105,0x0882,
  0x0000,0xF8F8,0xF8F8,0xF8F8,0xF8F8,0xF8F8,0xF8F8,0xF8F8,0xF8F8,0xF8F8,0xF8F8,0xF8F8,
  0xF8F8,0x0041,0x10C4,0x1967,0x2A0A,0x53B1,0x7518,0x7D59,0x7D59,0x7D59,0x53B1,0x21C9,
  0x10C4,0xF8F8,0xF8F8,0xF8F8,0xF8F8,0xF8F8,0x0861,0x9598,0x6C53,0xF8F8,0xF8F8,0xF8F8,
  0xF8F8,0x08A3,0x1988,0x4350,0x7519,0x7539,0x7D39,0x6CB6,0x3AAD,0x21C9,0x10E4,0x0020,
  0xF8F8,0xF8F8,0xF8F8,0xF8F8,0xF8F8,0xF8F8,0xF8F8,0xF8F8,0xF8F8,0xF8F8,0xF8F8,0xF8F8,
  0xF8F8,0xF8F8,0xF8F8,0xF8F8,0xF8F8,0xF8F8,0x0882,0x1987,0x2A2B,0x5BF3,0x7D39,0x7D39,
  0x7539,0x6455,0x29EA,0x1105,0x0000,0xF8F8,0xF8F8,0xF8F8,0x0861,0x8D98,0x7473,0xF8F8,
  0xF8F8,0xF8F8,0x0883,0x21CA,0x5BF3,0x7539,0x7539,0x7518,0x4B71,0x21C9,0x1105,0x0020,
  0xF8F8,0xF8F8,0xF8F8,0xF8F8,0x0000,0x0862,0x08C4,0x1105,0x1947,0x1988,0x2188,0x1967,
  0x1946,0x1105,0x10C4,0x0862,0x0000,0xF8F8,0xF8F8,0xF8F8,0xF8F8,0xF8F8,0x08A3,0x2188,
  0x328D,0x6CB7,0x7539,0x7539,0x6CD7,0x326C,0x1926,0xF8F8,0xF8F8,0xF8F8,0x0841,0x9598,
  0x6C53,0xF8F8,0xF8F8,0xF8F8,0x1967,0x53B2,0x7D59,0x7D59,0x74F7,0x328D,0x1967,0x0862,
  0xF8F8,0xF8F8,0xF8F8,0xF8F8,0x0862,0x1905,0x21A9,0x29EA,0x328D,0x3AEF,0x4351,0x4B92,
  0x4BB2,0x4B92,0x4351,0x3B0F,0x328D,0x2A0A,0x21A9,0x1946,0x0883,0xF8F8,0xF8F8,0xF8F8,
  0xF8F8,0x0000,0x1105,0x21C9,0x5C34,0x7D39,0x7D59,0x74D7,0x21C9,0x0020,0xF8F8,0xF8F8,
  0xF8F8,0x9577,0x6C53,0xF8F8,0xF8F8,0xF8F8,0x1926,0x4B50,0x7D59,0x74D7,0x326C,0x1946,
  0x0000,0xF8F8,0xF8F8,0xF8F8,0x0041,0x1946,0x21EA,0x3AEE,0x53F3,0x6496,0x6496,0x6496,
  0x5C76,0x5C76,0x5C76,0x5C76,0x5C76,0x5C76,0x5C76,0x6496,0x5C14,0x4330,0x2A2B,0x2188,
  0x08A3,0xF8F8,0xF8F8,0xF8F8,0xF8F8,0x08A3,0x21A9,0x5BD2,0x7D59,0x6C75,0x21C9,0x0020,
  0xF8F8,0xF8F8,0xF8F8,0x8D36,0x6C53,0xF8F8,0xF8F8,0xF8F8,0x0041,0x21A8,0x324C,0x2A0A,
  0x1926,0xF8F8,0xF8F8,0xF8F8,0x0000,0x10E4,0x19A8,0x3ACE,0x5C35,0x6496,0x6496,0x6496,
  0x6496,0x6496,0x5C55,0x5414,0x53F4,0x53F4,0x5C35,0x6476,0x6496,0x6496,0x6496,0x6496,
  0x6476,0x4B71,0x21EA,0x1926,0x0041,0xF8F8,0xF8F8,0xF8F8,0x0882,0x21A9,0x326C,0x29EA,
  0x10E4,0xF8F8,0xF8F8,0xF8F8,0xF8F8,0x8536,0x6C52,0xF8F8,0xF8F8,0xF8F8,0xF8F8,0x0020,
  0x0883,0x0862,0xF8F8,0xF8F8,0xF8F8,0x0021,0x1967,0x2A2B,0x53F3,0x6476,0x6476,0x6476,
  0x6455,0x4B92,0x3ACE,0x2A2B,0x21C9,0x1988,0x1988,0x2188,0x21A9,0x21EA,0x328D,0x4350,
  0x5C35,0x6496,0x6476,0x6476,0x5C55,0x3ACE,0x1988,0x08A3,0xF8F8,0xF8F8,0xF8F8,0x0020,
  0x08A3,0x0861,0xF8F8,0xF8F8,0xF8F8,0xF8F8,0xF8F8,0x8537,0x6C52,0xF8F8,0xF8F8,0xF8F8,
  0xF8F8,0xF8F8,0xF8F8,0xF8F8,0xF8F8,0xF8F8,0x0862,0x21A8,0x3ACE,0x6476,0x6496,0x6476,
  0x5C35,0x3AEE,0x21C9,0x1967,0x10E5,0x0882,0x0020,0xF8F8,0xF8F8,0xF8F8,0x0000,0x0861,
  0x10C4,0x1947,0x21A9,0x326C,0x53D3,0x5C76,0x6476,0x6476,0x53B2,0x29EA,0x10E4,0xF8F8,
  0xF8F8,0xF8F8,0xF8F8,0xF8F8,0xF8F8,0xF8F8,0xF8F8,0xF8F8,0xF8F8,0x8557,0x6C53,0xF8F8,
  0xF8F8,0xF8F8,0xF8F8,0xF8F8,0xF8F8,0xF8F8,0xF8F8,0x0000,0x1967,0x430F,0x6496,0x6C96,
  0x6C96,0x4B71,0x21EA,0x1926,0x0862,0xF8F8,0xF8F8,0xF8F8,0xF8F8,0xF8F8,0xF8F8,0xF8F8,
  0xF8F8,0xF8F8,0xF8F8,0xF8F8,0x0020,0x10C4,0x1988,0x328D,0x6455,0x6C96,0x6CB6,0x5C34,
  0x29EA,0x0862,0xF8F8,0xF8F8,0xF8F8,0xF8F8,0xF8F8,0xF8F8,0xF8F8,0xF8F8,0xF8F8,0x8D78,
  0x7473,0xF8F8,0xF8F8,0xF8F8,0xF8F8,0xF8F8,0xF8F8,0xF8F8,0xF8F8,0x0021,0x21C9,0x6476,
  0x6496,0x6476,0x3AAE,0x2188,0x0882,0xF8F8,0xF8F8,0xF8F8,0xF8F8,0xF8F8,0xF8F8,0xF8F8,
  0x0000,0x0000,0xF8F8,0xF8F8,0xF8F8,0xF8F8,0xF8F8,0xF8F8,0x0021,0x1946,0x2A0A,0x5C14,
  0x6CB6,0x6CB6,0x3AAD,0x10C4,0xF8F8,0xF8F8,0xF8F8,0xF8F8,0xF8F8,0xF8F8,0xF8F8,0xF8F8,
  0x0021,0x9598,0x7473,0xF8F8,0xF8F8,0xF8F8,0xF8F8,0xF8F8,0xF8F8,0xF8F8,0xF8F8,0x0000,
  0x21A8,0x3AEE,0x53B2,0x2A4B,0x1946,0x0020,0xF8F8,0xF8F8,0xF8F8,0x0000,0x0882,0x1105,
  0x1947,0x1988,0x21A9,0x21A9,0x1988,0x1926,0x10C4,0x0021,0xF8F8,0xF8F8,0xF8F8,0xF8F8,
  0x10E4,0x29EA,0x4B91,0x53B2,0x29EA,0x0862,0xF8F8,0xF8F8,0xF8F8,0xF8F8,0xF8F8,0xF8F8,
  0xF8F8,0xF8F8,0x0021,0x9598,0x7473,0xF8F8,0xF8F8,0xF8F8,0xF8F8,0xF8F8,0xF8F8,0xF8F8,
  0xF8F8,0xF8F8,0x0041,0x1947,0x2188,0x1105,0x0000,0xF8F8,0xF8F8,0xF8F8,0x08A3,0x2188,
  0x2A0B,0x3ACE,0x4351,0x4BB2,0x53D3,0x4BB3,0x4351,0x3ACE,0x2A2B,0x19A8,0x1126,0x0021,
  0xF8F8,0xF8F8,0xF8F8,0x08A3,0x1967,0x1967,0x08A3,0xF8F8,0xF8F8,0xF8F8,0xF8F8,0xF8F8,
  0xF8F8,0xF8F8,0xF8F8,0xF8F8,0x0020,0x8D78,0x7473,0xF8F8,0xF8F8,0xF8F8,0xF8F8,0xF8F8,
  0xF8F8,0xF8F8,0xF8F8,0xF8F8,0xF8F8,0xF8F8,0xF8F8,0xF8F8,0xF8F8,0xF8F8,0x0020,0x1126,
  0x21C9,0x4310,0x5414,0x5415,0x5414,0x53F4,0x53F4,0x53F4,0x53F4,0x53F4,0x5414,0x4BB3,
  0x326D,0x21A8,0x0883,0xF8F8,0xF8F8,0xF8F8,0xF8F8,0xF8F8,0xF8F8,0xF8F8,0xF8F8,0xF8F8,
  0xF8F8,0xF8F8,0xF8F8,0xF8F8,0xF8F8,0xF8F8,0x0020,0x8D78,0x7453,0xF8F8,0xF8F8,0xF8F8,
  0xF8F8,0xF8F8,0xF8F8,0xF8F8,0xF8F8,0xF8F8,0xF8F8,0xF8F8,0xF8F8,0xF8F8,0xF8F8,0x0020,
  0x1967,0x2A4C,0x4BB3,0x53F4,0x53F4,0x53F4,0x53D3,0x4B71,0x4330,0x4351,0x4BB3,0x5415,
  0x5415,0x5415,0x5415,0x4330,0x21A8,0x0883,0xF8F8,0xF8F8,0xF8F8,0xF8F8,0xF8F8,0xF8F8,
  0xF8F8,0xF8F8,0xF8F8,0xF8F8,0xF8F8,0xF8F8,0xF8F8,0xF8F8,0xF8F8,0x8D78,0x6C53,0xF8F8,
  0xF8F8,0xF8F8,0xF8F8,0xF8F8,0xF8F8,0xF8F8,0xF8F8,0xF8F8,0xF8F8,0xF8F8,0xF8F8,0xF8F8,
  0xF8F8,0x08A3,0x2A2B,0x5414,0x5414,0x5414,0x4371,0x2A4C,0x19A8,0x1967,0x1947,0x1988,
  0x21A9,0x2A2B,0x4330,0x53F4,0x53F4,0x53F4,0x3AEF,0x1946,0xF8F8,0xF8F8,0xF8F8,0xF8F8,
  0xF8F8,0xF8F8,0xF8F8,0xF8F8,0xF8F8,0xF8F8,0xF8F8,0xF8F8,0xF8F8,0xF8F8,0xF8F8,0x9598,
  0x6C53,0xF8F8,0xF8F8,0xF8F8,0xF8F8,0xF8F8,0xF8F8,0xF8F8,0xF8F8,0xF8F8,0xF8F8,0xF8F8,
  0xF8F8,0xF8F8,0xF8F8,0x08A3,0x29EA,0x53D3,0x53F4,0x3ACE,0x21A9,0x1105,0x0041,0xF8F8,
  0xF8F8,0xF8F8,0x0020,0x10A3,0x1967,0x2A0A,0x4B92,0x53F4,0x3AEF,0x1967,0xF8F8,0xF8F8,
  0xF8F8,0xF8F8,0xF8F8,0xF8F8,0xF8F8,0xF8F8,0xF8F8,0xF8F8,0xF8F8,0xF8F8,0xF8F8,0xF8F8,
  0x0041,0x9598,0x6C53,0xF8F8,0xF8F8,0xF8F8,0xF8F8,0xF8F8,0xF8F8,0xF8F8,0xF8F8,0xF8F8,
  0xF8F8,0xF8F8,0xF8F8,0xF8F8,0xF8F8,0x0000,0x1967,0x21C9,0x21C9,0x1947,0x0041,0xF8F8,
  0xF8F8,0xF8F8,0xF8F8,0xF8F8,0xF8F8,0xF8F8,0x0000,0x1105,0x21C9,0x2A4C,0x21C9,0x0882,
  0xF8F8,0xF8F8,0xF8F8,0xF8F8,0xF8F8,0xF8F8,0xF8F8,0xF8F8,0xF8F8,0xF8F8,0xF8F8,0xF8F8,
  0xF8F8,0xF8F8,0x0021,0x9598,0x6C53,0xF8F8,0xF8F8,0xF8F8,0xF8F8,0xF8F8,0xF8F8,0xF8F8,
  0xF8F8,0xF8F8,0xF8F8,0xF8F8,0xF8F8,0xF8F8,0xF8F8,0xF8F8,0x0000,0x0883,0x0883,0x0000,
  0xF8F8,0xF8F8,0xF8F8,0x0000,0x0041,0x0020,0xF8F8,0xF8F8,0xF8F8,0xF8F8,0x0862,0x08A3,
  0x0041,0xF8F8,0xF8F8,0xF8F8,0xF8F8,0xF8F8,0xF8F8,0xF8F8,0xF8F8,0xF8F8,0xF8F8,0xF8F8,
  0xF8F8,0xF8F8,0xF8F8,0xF8F8,0x0041,0x95B8,0x6C73,0xF8F8,0xF8F8,0xF8F8,0xF8F8,0xF8F8,
  0xF8F8,0xF8F8,0xF8F8,0xF8F8,0xF8F8,0xF8F8,0xF8F8,0xF8F8,0xF8F8,0xF8F8,0xF8F8,0xF8F8,
  0xF8F8,0xF8F8,0xF8F8,0xF8F8,0x08A3,0x1988,0x21A9,0x21A8,0x1106,0x0020,0xF8F8,0xF8F8,
  0xF8F8,0xF8F8,0xF8F8,0xF8F8,0xF8F8,0xF8F8,0xF8F8,0xF8F8,0xF8F8,0xF8F8,0xF8F8,0xF8F8,
  0xF8F8,0xF8F8,0xF8F8,0xF8F8,0xF8F8,0xF8F8,0xF8F8,0x8D78,0x7473,0xF8F8,0xF8F8,0xF8F8,
  0xF8F8,0xF8F8,0xF8F8,0xF8F8,0xF8F8,0xF8F8,0xF8F8,0xF8F8,0xF8F8,0xF8F8,0xF8F8,0xF8F8,
  0xF8F8,0xF8F8,0xF8F8,0xF8F8,0xF8F8,0x08A3,0x21CA,0x4330,0x53F3,0x4B92,0x2A4B,0x1947,
  0xF8F8,0xF8F8,0xF8F8,0xF8F8,0xF8F8,0xF8F8,0xF8F8,0xF8F8,0xF8F8,0xF8F8,0xF8F8,0xF8F8,
  0xF8F8,0xF8F8,0xF8F8,0xF8F8,0xF8F8,0xF8F8,0xF8F8,0xF8F8,0xF8F8,0x8536,0x7473,0xF8F8,
  0xF8F8,0xF8F8,0xF8F8,0xF8F8,0xF8F8,0xF8F8,0xF8F8,0xF8F8,0xF8F8,0xF8F8,0xF8F8,0xF8F8,
  0xF8F8,0xF8F8,0xF8F8,0xF8F8,0xF8F8,0xF8F8,0xF8F8,0x2188,0x4330,0x5414,0x5414,0x53F4,
  0x53D3,0x21CA,0x0862,0xF8F8,0xF8F8,0xF8F8,0xF8F8,0xF8F8,0xF8F8,0xF8F8,0xF8F8,0xF8F8,
  0xF8F8,0xF8F8,0xF8F8,0xF8F8,0xF8F8,0xF8F8,0xF8F8,0xF8F8,0xF8F8,0xF8F8,0xF8F8,0x8536,
  0x7473,0xF8F8,0xF8F8,0xF8F8,0xF8F8,0xF8F8,0xF8F8,0xF8F8,0xF8F8,0xF8F8,0xF8F8,0xF8F8,
  0xF8F8,0xF8F8,0xF8F8,0xF8F8,0xF8F8,0xF8F8,0xF8F8,0xF8F8,0x0000,0x19A8,0x4BB2,0x5414,
  0x5414,0x5414,0x53F4,0x2A0B,0x0883,0xF8F8,0xF8F8,0xF8F8,0xF8F8,0xF8F8,0xF8F8,0xF8F8,
  0xF8F8,0xF8F8,0xF8F8,0xF8F8,0xF8F8,0xF8F8,0xF8F8,0xF8F8,0xF8F8,0xF8F8,0xF8F8,0xF8F8,
  0xF8F8,0x8516,0x7473,0xF8F8,0xF8F8,0xF8F8,0xF8F8,0xF8F8,0xF8F8,0xF8F8,0xF8F8,0xF8F8,
  0xF8F8,0xF8F8,0xF8F8,0xF8F8,0xF8F8,0xF8F8,0xF8F8,0xF8F8,0xF8F8,0xF8F8,0xF8F8,0x1967,
  0x4330,0x5414,0x5414,0x5414,0x53F4,0x21CA,0x0862,0xF8F8,0xF8F8,0xF8F8,0xF8F8,0xF8F8,
  0xF8F8,0xF8F8,0xF8F8,0xF8F8,0xF8F8,0xF8F8,0xF8F8,0xF8F8,0xF8F8,0xF8F8,0xF8F8,0xF8F8,
  0xF8F8,0xF8F8,0xF8F8,0x8516,0x6C73,0xF8F8,0xF8F8,0xF8F8,0xF8F8,0xF8F8,0xF8F8,0xF8F8,
  0xF8F8,0xF8F8,0xF8F8,0xF8F8,0xF8F8,0xF8F8,0xF8F8,0xF8F8,0xF8F8,0xF8F8,0xF8F8,0xF8F8,
  0xF8F8,0x10C4,0x21EA,0x4351,0x53F4,0x53D3,0x328D,0x1967,0xF8F8,0xF8F8,0xF8F8,0xF8F8,
  0xF8F8,0xF8F8,0xF8F8,0xF8F8,0xF8F8,0xF8F8,0xF8F8,0xF8F8,0xF8F8,0xF8F8,0xF8F8,0xF8F8,
  0xF8F8,0xF8F8,0xF8F8,0xF8F8,0xF8F8,0x8D57,0x6C53,0xF8F8,0xF8F8,0xF8F8,0xF8F8,0xF8F8,
  0xF8F8,0xF8F8,0xF8F8,0xF8F8,0xF8F8,0xF8F8,0xF8F8,0xF8F8,0xF8F8,0xF8F8,0xF8F8,0xF8F8,
  0xF8F8,0xF8F8,0xF8F8,0xF8F8,0x08C4,0x1967,0x1988,0x21A9,0x1947,0x0021,0xF8F8,0xF8F8,
  0xF8F8,0xF8F8,0xF8F8,0xF8F8,0xF8F8,0xF8F8,0xF8F8,0xF8F8,0xF8F8,0xF8F8,0xF8F8,0xF8F8,
  0xF8F8,0xF8F8,0xF8F8,0xF8F8,0xF8F8,0xF8F8,0x0020,0x8D98,0x6C53,0xF8F8,0xF8F8,0xF8F8,
  0xF8F8,0xF8F8,0xF8F8,0xF8F8,0xF8F8,0xF8F8,0xF8F8,0xF8F8,0xF8F8,0xF8F8,0xF8F8,0xF8F8,
  0xF8F8,0xF8F8,0xF8F8,0xF8F8,0xF8F8,0xF8F8,0xF8F8,0x0000,0x0041,0x0021,0xF8F8,0xF8F8,
  0xF8F8,0xF8F8,0xF8F8,0xF8F8,0xF8F8,0xF8F8,0xF8F8,0xF8F8,0xF8F8,0xF8F8,0xF8F8,0xF8F8,
  0xF8F8,0xF8F8,0xF8F8,0xF8F8,0xF8F8,0xF8F8,0xF8F8,0xF8F8,0x0020,0x8D78,0x6C53,0xF8F8,
  0xF8F8,0xF8F8,0xF8F8,0xF8F8,0xF8F8,0xF8F8,0xF8F8,0xF8F8,0xF8F8,0xF8F8,0xF8F8,0xF8F8,
  0xF8F8,0xF8F8,0xF8F8,0xF8F8,0xF8F8,0xF8F8,0xF8F8,0xF8F8,0xF8F8,0xF8F8,0xF8F8,0xF8F8,
  0xF8F8,0xF8F8,0xF8F8,0xF8F8,0xF8F8,0xF8F8,0xF8F8,0xF8F8,0xF8F8,0xF8F8,0xF8F8,0xF8F8,
  0xF8F8,0xF8F8,0xF8F8,0xF8F8,0xF8F8,0xF8F8,0xF8F8,0xF8F8,0xF8F8,0xF8F8,0x0020,0x8D78,
  0x6C53,0xF8F8,0xF8F8,0xF8F8,0xF8F8,0xF8F8,0xF8F8,0xF8F8,0xF8F8,0xF8F8,0xF8F8,0xF8F8,
  0xF8F8,0xF8F8,0xF8F8,0xF8F8,0xF8F8,0xF8F8,0xF8F8,0xF8F8,0xF8F8,0xF8F8,0xF8F8,0xF8F8,
  0xF8F8,0xF8F8,0xF8F8,0xF8F8,0xF8F8,0xF8F8,0xF8F8,0xF8F8,0xF8F8,0xF8F8,0xF8F8,0xF8F8,
  0xF8F8,0xF8F8,0xF8F8,0xF8F8,0xF8F8,0xF8F8,0xF8F8,0xF8F8,0xF8F8,0xF8F8,0xF8F8,0xF8F8,
  0x0020,0x8D78,0x7473,0xF8F8,0xF8F8,0xF8F8,0xF8F8,0xF8F8,0xF8F8,0xF8F8,0xF8F8,0xF8F8,
  0xF8F8,0xF8F8,0xF8F8,0xF8F8,0xF8F8,0xF8F8,0xF8F8,0xF8F8,0xF8F8,0xF8F8,0xF8F8,0xF8F8,
  0xF8F8,0xF8F8,0xF8F8,0xF8F8,0xF8F8,0xF8F8,0xF8F8,0xF8F8,0xF8F8,0xF8F8,0xF8F8,0xF8F8,
  0xF8F8,0xF8F8,0xF8F8,0xF8F8,0xF8F8,0xF8F8,0xF8F8,0xF8F8,0xF8F8,0xF8F8,0xF8F8,0xF8F8,
  0xF8F8,0xF8F8,0xF8F8,0x8D37,0x7473,0xF8F8,0xF8F8,0xF8F8,0xF8F8,0xF8F8,0xF8F8,0xF8F8,
  0xF8F8,0xF8F8,0xF8F8,0xF8F8,0xF8F8,0xF8F8,0xF8F8,0xF8F8,0xF8F8,0xF8F8,0xF8F8,0xF8F8,
  0xF8F8,0xF8F8,0xF8F8,0xF8F8,0xF8F8,0xF8F8,0xF8F8,0xF8F8,0xF8F8,0xF8F8,0xF8F8,0xF8F8,
  0xF8F8,0xF8F8,0xF8F8,0xF8F8,0xF8F8,0xF8F8,0xF8F8,0xF8F8,0xF8F8,0xF8F8,0xF8F8,0xF8F8,
  0xF8F8,0xF8F8,0xF8F8,0xF8F8,0xF8F8,0x84F6,0x7473,0xF8F8,0xF8F8,0xF8F8,0xF8F8,0xF8F8,
  0xF8F8,0xF8F8,0xF8F8,0xF8F8,0xF8F8,0xF8F8,0xF8F8,0xF8F8,0xF8F8,0xF8F8,0xF8F8,0xF8F8,
  0xF8F8,0xF8F8,0xF8F8,0xF8F8,0xF8F8,0xF8F8,0xF8F8,0xF8F8,0xF8F8,0xF8F8,0xF8F8,0xF8F8,
  0xF8F8,0xF8F8,0xF8F8,0xF8F8,0xF8F8,0xF8F8,0xF8F8,0xF8F8,0xF8F8,0xF8F8,0xF8F8,0xF8F8,
  0xF8F8,0xF8F8,0xF8F8,0xF8F8,0xF8F8,0xF8F8,0xF8F8,0x84F5,0x7453,0xF8F8,0xF8F8,0xF8F8,
  0xF8F8,0xF8F8,0xF8F8,0xF8F8,0xF8F8,0xF8F8,0xF8F8,0xF8F8,0xF8F8,0xF8F8,0xF8F8,0xF8F8,
  0xF8F8,0xF8F8,0xF8F8,0xF8F8,0xF8F8,0xF8F8,0xF8F8,0xF8F8,0xF8F8,0xF8F8,0xF8F8,0xF8F8,
  0xF8F8,0xF8F8,0xF8F8,0xF8F8,0xF8F8,0xF8F8,0xF8F8,0xF8F8,0xF8F8,0xF8F8,0xF8F8,0xF8F8,
  0xF8F8,0xF8F8,0xF8F8,0xF8F8,0xF8F8,0xF8F8,0xF8F8,0xF8F8,0xF8F8,0x7CF5,0x7453,0xF8F8,
  0xF8F8,0xF8F8,0xF8F8,0xF8F8,0xF8F8,0xF8F8,0xF8F8,0xF8F8,0xF8F8,0xF8F8,0xF8F8,0xF8F8,
  0xF8F8,0xF8F8,0xF8F8,0xF8F8,0xF8F8,0xF8F8,0xF8F8,0xF8F8,0xF8F8,0xF8F8,0xF8F8,0xF8F8,
  0xF8F8,0xF8F8,0xF8F8,0xF8F8,0xF8F8,0xF8F8,0xF8F8,0xF8F8,0xF8F8,0xF8F8,0xF8F8,0xF8F8,
  0xF8F8,0xF8F8,0xF8F8,0xF8F8,0xF8F8,0xF8F8,0xF8F8,0xF8F8,0xF8F8,0xF8F8,0xF8F8,0x7CF6,
  0x6C73,0xF8F8,0xF8F8,0xF8F8,0x0021,0x0020,0xF8F8,0x0020,0xF8F8,0xF8F8,0xF8F8,0xF8F8,
  0xF8F8,0xF8F8,0x0021,0x0041,0x0020,0x0020,0x0020,0xF8F8,0xF8F8,0xF8F8,0xF8F8,0xF8F8,
  0x0021,0x0021,0x0021,0x0041,0x0020,0xF8F8,0xF8F8,0xF8F8,0xF8F8,0xF8F8,0xF8F8,0xF8F8,
  0xF8F8,0xF8F8,0xF8F8,0x0020,0x0020,0x0020,0x0020,0x0020,0xF8F8,0xF8F8,0xF8F8,0xF8F8,
  0x0020,0x8537,0x8516,0x7CF6,0x7D16,0x8516,0x7CF5,0x84F6,0x84F6,0x8516,0x8516,0x8516,
  0x8516,0x8516,0x8516,0x8516,0x8516,0x7D16,0x8516,0x8516,0x8516,0x8516,0x8516,0x8516,
  0x8516,0x8536,0x8516,0x7D16,0x7D16,0x7D16,0x7D16,0x7D16,0x7CF6,0x84F6,0x8516,0x8516,
  0x7CF5,0x7CF5,0x7CF5,0x7CF5,0x7CF6,0x8537,0x8537,0x8536,0x8536,0x8516,0x7CF5,0x7CF5,
  0x7CD5,0x7CD5,0x7CD5,0x6C73,
};

// 02_bluetooth-removebg-preview (Custom)
const uint16_t wh_icon_01[2500] PROGMEM = {
  0x638F,0x6C11,0x6411,0x63F1,0x6C11,0x6C32,0x6C32,0x6C11,0x6411,0x6411,0x63F1,0x63F1,
  0x63F1,0x63F1,0x6411,0x6C32,0x6C32,0x6C32,0x6C32,0x6C31,0x6C11,0x6BF1,0x63F1,0x63F1,
  0x6C32,0x6C52,0x7452,0x7452,0x6C32,0x6C31,0x63F1,0x63F1,0x63F1,0x63F1,0x6C12,0x6C32,
  0x7453,0x7452,0x6C32,0x6C12,0x63F1,0x63F1,0x6BF1,0x6C11,0x6C11,0x6C32,0x6C32,0x6C32,
  0x6C32,0x4ACC,0x7CD4,0x18E4,0x1904,0x18E4,0x18E4,0x1904,0x1904,0x18E3,0x18E4,0x1904,
  0x1904,0x18E4,0x18E4,0x1904,0x18E4,0x18E4,0x18E4,0x18E4,0x18E3,0x18E4,0x18E3,0x18E3,
  0x18E3,0x1904,0x1904,0x18E4,0x18E4,0x18E3,0x18E4,0x18E4,0x18E4,0x18E4,0x18E4,0x18E4,
  0x18E4,0x18E4,0x18E4,0x18E4,0x18E4,0x1904,0x18E3,0x18E3,0x18E3,0x18E3,0x18E4,0x18E4,
  0x18E4,0x18E3,0x2125,0x74B4,0x7494,0xF8F8,0xF8F8,0xF8F8,0xF8F8,0xF8F8,0xF8F8,0xF8F8,
  0xF8F8,0xF8F8,0xF8F8,0xF8F8,0xF8F8,0xF8F8,0xF8F8,0xF8F8,0xF8F8,0xF8F8,0xF8F8,0xF8F8,
  0xF8F8,0xF8F8,0xF8F8,0xF8F8,0xF8F8,0xF8F8,0xF8F8,0xF8F8,0xF8F8,0xF8F8,0xF8F8,0xF8F8,
  0xF8F8,0xF8F8,0xF8F8,0xF8F8,0xF8F8,0xF8F8,0xF8F8,0xF8F8,0xF8F8,0xF8F8,0xF8F8,0xF8F8,
  0xF8F8,0xF8F8,0xF8F8,0xF8F8,0x0041,0x74B4,0x7494,0xF8F8,0xF8F8,0xF8F8,0xF8F8,0xF8F8,
  0xF8F8,0xF8F8,0xF8F8,0xF8F8,0xF8F8,0xF8F8,0xF8F8,0xF8F8,0xF8F8,0xF8F8,0xF8F8,0xF8F8,
  0xF8F8,0xF8F8,0xF8F8,0xF8F8,0xF8F8,0xF8F8,0xF8F8,0xF8F8,0xF8F8,0xF8F8,0xF8F8,0xF8F8,
  0xF8F8,0xF8F8,0xF8F8,0xF8F8,0xF8F8,0xF8F8,0xF8F8,0xF8F8,0xF8F8,0xF8F8,0xF8F8,0xF8F8,
  0xF8F8,0xF8F8,0xF8F8,0xF8F8,0xF8F8,0xF8F8,0x0041,0x7CB4,0x7CB4,0xF8F8,0xF8F8,0xF8F8,
  0xF8F8,0xF8F8,0xF8F8,0xF8F8,0xF8F8,0xF8F8,0xF8F8,0xF8F8,0xF8F8,0xF8F8,0xF8F8,0xF8F8,
  0xF8F8,0xF8F8,0xF8F8,0xF8F8,0xF8F8,0xF8F8,0xF8F8,0x0882,0xF8F8,0xF8F8,0xF8F8,0xF8F8,
  0xF8F8,0xF8F8,0xF8F8,0xF8F8,0xF8F8,0xF8F8,0xF8F8,0xF8F8,0xF8F8,0xF8F8,0xF8F8,0xF8F8,
  0xF8F8,0xF8F8,0xF8F8,0xF8F8,0xF8F8,0xF8F8,0xF8F8,0xF8F8,0x0041,0x84F5,0x7CB4,0xF8F8,
  0xF8F8,0xF8F8,0xF8F8,0xF8F8,0xF8F8,0xF8F8,0xF8F8,0xF8F8,0xF8F8,0xF8F8,0xF8F8,0xF8F8,
  0xF8F8,0xF8F8,0xF8F8,0xF8F8,0xF8F8,0xF8F8,0xF8F8,0xF8F8,0xF8F8,0x2188,0x08A3,0xF8F8,
  0xF8F8,0xF8F8,0xF8F8,0xF8F8,0xF8F8,0xF8F8,0xF8F8,0xF8F8,0xF8F8,0xF8F8,0xF8F8,0xF8F8,
  0xF8F8,0xF8F8,0xF8F8,0xF8F8,0xF8F8,0xF8F8,0xF8F8,0xF8F8,0xF8F8,0xF8F8,0x0841,0x8516,
  0x7CB4,0xF8F8,0xF8F8,0xF8F8,0xF8F8,0xF8F8,0xF8F8,0xF8F8,0xF8F8,0xF8F8,0xF8F8,0xF8F8,
  0xF8F8,0xF8F8,0xF8F8,0xF8F8,0xF8F8,0xF8F8,0xF8F8,0xF8F8,0xF8F8,0xF8F8,0xF8F8,0x1989,
  0x2A4C,0x08A3,0xF8F8,0xF8F8,0xF8F8,0xF8F8,0xF8F8,0xF8F8,0xF8F8,0xF8F8,0xF8F8,0xF8F8,
  0xF8F8,0xF8F8,0xF8F8,0xF8F8,0xF8F8,0xF8F8,0xF8F8,0xF8F8,0xF8F8,0xF8F8,0xF8F8,0xF8F8,
  0x0841,0x8515,0x7C94,0xF8F8,0xF8F8,0xF8F8,0xF8F8,0xF8F8,0xF8F8,0xF8F8,0xF8F8,0xF8F8,
  0xF8F8,0xF8F8,0xF8F8,0xF8F8,0xF8F8,0xF8F8,0xF8F8,0xF8F8,0xF8F8,0xF8F8,0xF8F8,0xF8F8,
  0xF8F8,0x21A9,0x7518,0x32AD,0x10E4,0xF8F8,0xF8F8,0xF8F8,0xF8F8,0xF8F8,0xF8F8,0xF8F8,
  0xF8F8,0xF8F8,0xF8F8,0xF8F8,0xF8F8,0xF8F8,0xF8F8,0xF8F8,0xF8F8,0xF8F8,0xF8F8,0xF8F8,
  0xF8F8,0xF8F8,0x0841,0x8515,0x7C94,0xF8F8,0xF8F8,0xF8F8,0xF8F8,0xF8F8,0xF8F8,0xF8F8,
  0xF8F8,0xF8F8,0xF8F8,0xF8F8,0xF8F8,0xF8F8,0xF8F8,0xF8F8,0xF8F8,0xF8F8,0xF8F8,0xF8F8,
  0xF8F8,0xF8F8,0xF8F8,0x21C9,0x7D59,0x7D38,0x3ACE,0x1105,0xF8F8,0xF8F8,0xF8F8,0xF8F8,
  0xF8F8,0xF8F8,0xF8F8,0xF8F8,0xF8F8,0xF8F8,0xF8F8,0xF8F8,0xF8F8,0xF8F8,0xF8F8,0xF8F8,
  0xF8F8,0xF8F8,0xF8F8,0xF8F8,0x0841,0x7CF5,0x7493,0xF8F8,0xF8F8,0xF8F8,0xF8F8,0xF8F8,
  0xF8F8,0xF8F8,0xF8F8,0xF8F8,0xF8F8,0xF8F8,0xF8F8,0xF8F8,0xF8F8,0xF8F8,0xF8F8,0xF8F8,
  0xF8F8,0xF8F8,0xF8F8,0xF8F8,0xF8F8,0x21EA,0x7D59,0x7D59,0x7D58,0x3AEF,0x1105,0xF8F8,
  0xF8F8,0xF8F8,0xF8F8,0xF8F8,0xF8F8,0xF8F8,0xF8F8,0xF8F8,0xF8F8,0xF8F8,0xF8F8,0xF8F8,
  0xF8F8,0xF8F8,0xF8F8,0xF8F8,0xF8F8,0xF8F8,0x0041,0x7494,0x7493,0xF8F8,0xF8F8,0xF8F8,
  0xF8F8,0xF8F8,0xF8F8,0xF8F8,0xF8F8,0xF8F8,0xF8F8,0xF8F8,0xF8F8,0xF8F8,0xF8F8,0xF8F8,
  0xF8F8,0xF8F8,0xF8F8,0xF8F8,0xF8F8,0xF8F8,0xF8F8,0x21EA,0x7D59,0x7538,0x7538,0x7518,
  0x3AEF,0x1106,0xF8F8,0xF8F8,0xF8F8,0xF8F8,0xF8F8,0xF8F8,0xF8F8,0xF8F8,0xF8F8,0xF8F8,
  0xF8F8,0xF8F8,0xF8F8,0xF8F8,0xF8F8,0xF8F8,0xF8F8,0xF8F8,0x0041,0x7494,0x7493,0xF8F8,
  0xF8F8,0xF8F8,0xF8F8,0xF8F8,0xF8F8,0xF8F8,0xF8F8,0xF8F8,0xF8F8,0xF8F8,0xF8F8,0xF8F8,
  0xF8F8,0xF8F8,0xF8F8,0xF8F8,0xF8F8,0xF8F8,0xF8F8,0xF8F8,0xF8F8,0x21C9,0x7D38,0x6CD7,
  0x3AEF,0x7518,0x7518,0x4330,0x1126,0x0000,0xF8F8,0xF8F8,0xF8F8,0xF8F8,0xF8F8,0xF8F8,
  0xF8F8,0xF8F8,0xF8F8,0xF8F8,0xF8F8,0xF8F8,0xF8F8,0xF8F8,0xF8F8,0xF8F8,0x0021,0x7494,
  0x7493,0xF8F8,0xF8F8,0xF8F8,0xF8F8,0xF8F8,0xF8F8,0xF8F8,0xF8F8,0xF8F8,0xF8F8,0xF8F8,
  0xF8F8,0xF8F8,0xF8F8,0xF8F8,0xF8F8,0xF8F8,0xF8F8,0xF8F8,0xF8F8,0xF8F8,0xF8F8,0x19A9,
  0x7518,0x6CB7,0x1989,0x32CE,0x7518,0x7D38,0x4B91,0x1967,0x0020,0xF8F8,0xF8F8,0xF8F8,
  0xF8F8,0xF8F8,0xF8F8,0xF8F8,0xF8F8,0xF8F8,0xF8F8,0xF8F8,0xF8F8,0xF8F8,0xF8F8,0xF8F8,
  0x0041,0x7494,0x7493,0xF8F8,0xF8F8,0xF8F8,0xF8F8,0xF8F8,0xF8F8,0xF8F8,0xF8F8,0xF8F8,
  0xF8F8,0xF8F8,0xF8F8,0xF8F8,0xF8F8,0xF8F8,0x0020,0xF8F8,0xF8F8,0xF8F8,0xF8F8,0xF8F8,
  0xF8F8,0x19A9,0x7518,0x6CD7,0x1988,0x1105,0x32AE,0x7D18,0x7D38,0x53D2,0x1968,0x0020,
  0xF8F8,0xF8F8,0xF8F8,0xF8F8,0xF8F8,0xF8F8,0xF8F8,0xF8F8,0xF8F8,0xF8F8,0xF8F8,0xF8F8,
  0xF8F8,0xF8F8,0x0041,0x7CD4,0x7494,0xF8F8,0xF8F8,0xF8F8,0xF8F8,0xF8F8,0xF8F8,0xF8F8,
  0xF8F8,0xF8F8,0xF8F8,0xF8F8,0xF8F8,0xF8F8,0xF8F8,0x0883,0x19A8,0x0862,0xF8F8,0xF8F8,
  0xF8F8,0xF8F8,0xF8F8,0x19A9,0x7518,0x6CD7,0x1988,0xF8F8,0x10E4,0x326C,0x74F7,0x7D18,
  0x53F3,0x1968,0x0041,0xF8F8,0xF8F8,0xF8F8,0xF8F8,0xF8F8,0xF8F8,0xF8F8,0xF8F8,0xF8F8,
  0xF8F8,0xF8F8,0xF8F8,0xF8F8,0x0020,0x8515,0x7494,0xF8F8,0xF8F8,0xF8F8,0xF8F8,0xF8F8,
  0xF8F8,0xF8F8,0xF8F8,0xF8F8,0xF8F8,0xF8F8,0xF8F8,0xF8F8,0x08A3,0x326C,0x6434,0x21EA,
  0x0862,0xF8F8,0xF8F8,0xF8F8,0xF8F8,0x19A9,0x7518,0x74F7,0x1988,0xF8F8,0xF8F8,0x08A3,
  0x2A0B,0x6C96,0x74F8,0x5BF3,0x1988,0x0041,0xF8F8,0xF8F8,0xF8F8,0xF8F8,0xF8F8,0xF8F8,
  0xF8F8,0xF8F8,0xF8F8,0xF8F8,0xF8F8,0xF8F8,0x0020,0x8516,0x7494,0xF8F8,0xF8F8,0xF8F8,
  0xF8F8,0xF8F8,0xF8F8,0xF8F8,0xF8F8,0xF8F8,0xF8F8,0xF8F8,0xF8F8,0x0000,0x1988,0x6434,
  0x7D18,0x6475,0x21CA,0x0862,0xF8F8,0xF8F8,0xF8F8,0x21A9,0x7D38,0x74F7,0x1988,0xF8F8,
  0xF8F8,0xF8F8,0x10E4,0x326D,0x74F7,0x6CF8,0x4B71,0x1126,0xF8F8,0xF8F8,0xF8F8,0xF8F8,
  0xF8F8,0xF8F8,0xF8F8,0xF8F8,0xF8F8,0xF8F8,0xF8F8,0xF8F8,0x0041,0x8516,0x7494,0xF8F8,
  0xF8F8,0xF8F8,0xF8F8,0xF8F8,0xF8F8,0xF8F8,0xF8F8,0xF8F8,0xF8F8,0xF8F8,0xF8F8,0xF8F8,
  0x0041,0x21C9,0x6454,0x74F8,0x6454,0x21C9,0x0862,0xF8F8,0xF8F8,0x21C9,0x7D18,0x6CD7,
  0x1967,0xF8F8,0xF8F8,0x0882,0x220B,0x6CB6,0x7518,0x5C34,0x1988,0x0021,0xF8F8,0xF8F8,
  0xF8F8,0xF8F8,0xF8F8,0xF8F8,0xF8F8,0xF8F8,0xF8F8,0xF8F8,0xF8F8,0xF8F8,0x0041,0x84F6,
  0x7473,0xF8F8,0xF8F8,0xF8F8,0xF8F8,0xF8F8,0xF8F8,0xF8F8,0xF8F8,0xF8F8,0xF8F8,0xF8F8,
  0xF8F8,0xF8F8,0xF8F8,0x0841,0x1988,0x5C13,0x6CD7,0x6455,0x21EA,0x0882,0xF8F8,0x21C9,
  0x74F8,0x6C96,0x1147,0xF8F8,0x0882,0x21EA,0x6496,0x74F8,0x6434,0x19A9,0x0041,0xF8F8,
  0xF8F8,0xF8F8,0xF8F8,0xF8F8,0xF8F8,0xF8F8,0xF8F8,0xF8F8,0xF8F8,0xF8F8,0xF8F8,0xF8F8,
  0x0841,0x7CF5,0x7473,0xF8F8,0xF8F8,0xF8F8,0xF8F8,0xF8F8,0xF8F8,0xF8F8,0xF8F8,0xF8F8,
  0xF8F8,0xF8F8,0xF8F8,0xF8F8,0xF8F8,0xF8F8,0x0041,0x1968,0x5BF3,0x74F8,0x6C75,0x220B,
  0x0882,0x21A9,0x74D7,0x6496,0x1147,0x0883,0x2A0B,0x6C96,0x6CD7,0x5BF3,0x1988,0x0041,
  0xF8F8,0xF8F8,0xF8F8,0xF8F8,0xF8F8,0xF8F8,0xF8F8,0xF8F8,0xF8F8,0xF8F8,0xF8F8,0xF8F8,
  0xF8F8,0xF8F8,0x0041,0x7494,0x7473,0xF8F8,0xF8F8,0xF8F8,0xF8F8,0xF8F8,0xF8F8,0xF8F8,
  0xF8F8,0xF8F8,0xF8F8,0xF8F8,0xF8F8,0xF8F8,0xF8F8,0xF8F8,0xF8F8,0x0021,0x1988,0x5C13,
  0x74F8,0x6C75,0x220B,0x19A9,0x6CB7,0x6476,0x1968,0x2A0B,0x6CB6,0x74F7,0x5C13,0x1968,
  0x0021,0xF8F8,0xF8F8,0xF8F8,0xF8F8,0xF8F8,0xF8F8,0xF8F8,0xF8F8,0xF8F8,0xF8F8,0xF8F8,
  0xF8F8,0xF8F8,0xF8F8,0xF8F8,0x0020,0x7494,0x7473,0xF8F8,0xF8F8,0xF8F8,0xF8F8,0xF8F8,
  0xF8F8,0xF8F8,0xF8F8,0xF8F8,0xF8F8,0xF8F8,0xF8F8,0xF8F8,0xF8F8,0xF8F8,0xF8F8,0xF8F8,
  0x0041,0x1988,0x53D3,0x6CD7,0x6455,0x2A2B,0x6CB6,0x6476,0x222B,0x6476,0x6CD7,0x5BF3,
  0x1988,0x0020,0xF8F8,0xF8F8,0xF8F8,0xF8F8,0xF8F8,0xF8F8,0xF8F8,0xF8F8,0xF8F8,0xF8F8,
  0xF8F8,0xF8F8,0xF8F8,0xF8F8,0xF8F8,0xF8F8,0x0020,0x7494,0x7473,0xF8F8,0xF8F8,0xF8F8,
  0xF8F8,0xF8F8,0xF8F8,0xF8F8,0xF8F8,0xF8F8,0xF8F8,0xF8F8,0xF8F8,0xF8F8,0xF8F8,0xF8F8,
  0xF8F8,0xF8F8,0xF8F8,0x0021,0x1947,0x53B2,0x6CB6,0x6476,0x6CB6,0x6CB6,0x6C96,0x6CD7,
  0x53F3,0x1968,0x0020,0xF8F8,0xF8F8,0xF8F8,0xF8F8,0xF8F8,0xF8F8,0xF8F8,0xF8F8,0xF8F8,
  0xF8F8,0xF8F8,0xF8F8,0xF8F8,0xF8F8,0xF8F8,0xF8F8,0xF8F8,0x0041,0x7494,0x7473,0xF8F8,
  0xF8F8,0xF8F8,0xF8F8,0xF8F8,0xF8F8,0xF8F8,0xF8F8,0xF8F8,0xF8F8,0xF8F8,0xF8F8,0xF8F8,
  0xF8F8,0xF8F8,0xF8F8,0xF8F8,0xF8F8,0xF8F8,0x0020,0x1947,0x4B92,0x6496,0x6CB6,0x6CB6,
  0x6CD7,0x53D3,0x1968,0x0020,0xF8F8,0xF8F8,0xF8F8,0xF8F8,0xF8F8,0xF8F8,0xF8F8,0xF8F8,
  0xF8F8,0xF8F8,0xF8F8,0xF8F8,0xF8F8,0xF8F8,0xF8F8,0xF8F8,0xF8F8,0xF8F8,0x0041,0x7CD5,
  0x7473,0xF8F8,0xF8F8,0xF8F8,0xF8F8,0xF8F8,0xF8F8,0xF8F8,0xF8F8,0xF8F8,0xF8F8,0xF8F8,
  0xF8F8,0xF8F8,0xF8F8,0xF8F8,0xF8F8,0xF8F8,0xF8F8,0xF8F8,0xF8F8,0x0020,0x1968,0x53D3,
  0x6496,0x6496,0x53F3,0x1988,0x0020,0xF8F8,0xF8F8,0xF8F8,0xF8F8,0xF8F8,0xF8F8,0xF8F8,
  0xF8F8,0xF8F8,0xF8F8,0xF8F8,0xF8F8,0xF8F8,0xF8F8,0xF8F8,0xF8F8,0xF8F8,0xF8F8,0xF8F8,
  0x0020,0x84F5,0x7494,0xF8F8,0xF8F8,0xF8F8,0xF8F8,0xF8F8,0xF8F8,0xF8F8,0xF8F8,0xF8F8,
  0xF8F8,0xF8F8,0xF8F8,0xF8F8,0xF8F8,0xF8F8,0xF8F8,0xF8F8,0xF8F8,0xF8F8,0xF8F8,0x10E4,
  0x328D,0x6476,0x6496,0x6496,0x6476,0x328D,0x10E4,0xF8F8,0xF8F8,0xF8F8,0xF8F8,0xF8F8,
  0xF8F8,0xF8F8,0xF8F8,0xF8F8,0xF8F8,0xF8F8,0xF8F8,0xF8F8,0xF8F8,0xF8F8,0xF8F8,0xF8F8,
  0xF8F8,0xF8F8,0x0020,0x84F6,0x7494,0xF8F8,0xF8F8,0xF8F8,0xF8F8,0xF8F8,0xF8F8,0xF8F8,
  0xF8F8,0xF8F8,0xF8F8,0xF8F8,0xF8F8,0xF8F8,0xF8F8,0xF8F8,0xF8F8,0xF8F8,0xF8F8,0xF8F8,
  0x10E5,0x32AE,0x6C96,0x6496,0x6496,0x6496,0x6C96,0x6496,0x32AD,0x10E5,0xF8F8,0xF8F8,
  0xF8F8,0xF8F8,0xF8F8,0xF8F8,0xF8F8,0xF8F8,0xF8F8,0xF8F8,0xF8F8,0xF8F8,0xF8F8,0xF8F8,
  0xF8F8,0xF8F8,0xF8F8,0xF8F8,0x0020,0x8515,0x7C94,0xF8F8,0xF8F8,0xF8F8,0xF8F8,0xF8F8,
  0xF8F8,0xF8F8,0xF8F8,0xF8F8,0xF8F8,0xF8F8,0xF8F8,0xF8F8,0xF8F8,0xF8F8,0xF8F8,0xF8F8,
  0xF8F8,0x10E4,0x328D,0x6476,0x6496,0x3B0F,0x6CB6,0x6475,0x4330,0x6496,0x6475,0x326D,
  0x10E4,0xF8F8,0xF8F8,0xF8F8,0xF8F8,0xF8F8,0xF8F8,0xF8F8,0xF8F8,0xF8F8,0xF8F8,0xF8F8,
  0xF8F8,0xF8F8,0xF8F8,0xF8F8,0xF8F8,0xF8F8,0x0020,0x84F5,0x7CB4,0xF8F8,0xF8F8,0xF8F8,
  0xF8F8,0xF8F8,0xF8F8,0xF8F8,0xF8F8,0xF8F8,0xF8F8,0xF8F8,0xF8F8,0xF8F8,0xF8F8,0xF8F8,
  0xF8F8,0xF8F8,0x1105,0x328D,0x5C55,0x6475,0x3AEF,0x21CA,0x6C96,0x6455,0x19AA,0x3AEF,
  0x5C55,0x5C55,0x326D,0x10E5,0xF8F8,0xF8F8,0xF8F8,0xF8F8,0xF8F8,0xF8F8,0xF8F8,0xF8F8,
  0xF8F8,0xF8F8,0xF8F8,0xF8F8,0xF8F8,0xF8F8,0xF8F8,0xF8F8,0x0841,0x7CF5,0x7CB4,0xF8F8,
  0xF8F8,0xF8F8,0xF8F8,0xF8F8,0xF8F8,0xF8F8,0xF8F8,0xF8F8,0xF8F8,0xF8F8,0xF8F8,0xF8F8,
  0xF8F8,0xF8F8,0xF8F8,0x1105,0x3ACE,0x6475,0x6455,0x3ACE,0x1126,0x21A9,0x6476,0x5C55,
  0x1967,0x1106,0x3ACE,0x5C55,0x6455,0x32AE,0x1105,0xF8F8,0xF8F8,0xF8F8,0xF8F8,0xF8F8,
  0xF8F8,0xF8F8,0xF8F8,0xF8F8,0xF8F8,0xF8F8,0xF8F8,0xF8F8,0xF8F8,0xF8F8,0x0020,0x7494,
  0x7CB4,0xF8F8,0xF8F8,0xF8F8,0xF8F8,0xF8F8,0xF8F8,0xF8F8,0xF8F8,0xF8F8,0xF8F8,0xF8F8,
  0xF8F8,0xF8F8,0xF8F8,0xF8F8,0x1105,0x3ACE,0x6475,0x6476,0x3AEF,0x1926,0xF8F8,0x1988,
  0x6455,0x5C14,0x1927,0xF8F8,0x1105,0x3ACE,0x6475,0x6456,0x3ACE,0x1905,0xF8F8,0xF8F8,
  0xF8F8,0xF8F8,0xF8F8,0xF8F8,0xF8F8,0xF8F8,0xF8F8,0xF8F8,0xF8F8,0xF8F8,0xF8F8,0xF8F8,
  0x0020,0x7CB4,0x7CB4,0xF8F8,0xF8F8,0xF8F8,0xF8F8,0xF8F8,0xF8F8,0xF8F8,0xF8F8,0xF8F8,
  0xF8F8,0xF8F8,0xF8F8,0xF8F8,0xF8F8,0x1105,0x32AE,0x5C35,0x5C55,0x3AEF,0x1926,0xF8F8,
  0xF8F8,0x21A9,0x6455,0x5C14,0x1947,0xF8F8,0xF8F8,0x1926,0x3ACE,0x5C55,0x5C35,0x328D,
  0x1105,0xF8F8,0xF8F8,0xF8F8,0xF8F8,0xF8F8,0xF8F8,0xF8F8,0xF8F8,0xF8F8,0xF8F8,0xF8F8,
  0xF8F8,0xF8F8,0x0020,0x7C94,0x7CB4,0xF8F8,0xF8F8,0xF8F8,0xF8F8,0xF8F8,0xF8F8,0xF8F8,
  0xF8F8,0xF8F8,0xF8F8,0xF8F8,0xF8F8,0xF8F8,0x1926,0x3ACE,0x5C35,0x5C35,0x32AE,0x1105,
  0xF8F8,0xF8F8,0xF8F8,0x21C9,0x6475,0x5C35,0x1967,0xF8F8,0xF8F8,0xF8F8,0x1126,0x328D,
  0x5415,0x5C35,0x32AE,0x1906,0xF8F8,0xF8F8,0xF8F8,0xF8F8,0xF8F8,0xF8F8,0xF8F8,0xF8F8,
  0xF8F8,0xF8F8,0xF8F8,0xF8F8,0x0020,0x7494,0x7CB4,0xF8F8,0xF8F8,0xF8F8,0xF8F8,0xF8F8,
  0xF8F8,0xF8F8,0xF8F8,0xF8F8,0xF8F8,0xF8F8,0xF8F8,0xF8F8,0x1926,0x3AEF,0x5C35,0x3AAE,
  0x1105,0xF8F8,0xF8F8,0xF8F8,0xF8F8,0x21C9,0x6475,0x5C35,0x1967,0xF8F8,0xF8F8,0x0021,
  0x1967,0x4330,0x5415,0x5C14,0x2A6D,0x10E4,0xF8F8,0xF8F8,0xF8F8,0xF8F8,0xF8F8,0xF8F8,
  0xF8F8,0xF8F8,0xF8F8,0xF8F8,0xF8F8,0xF8F8,0x0041,0x7CD5,0x7494,0xF8F8,0xF8F8,0xF8F8,
  0xF8F8,0xF8F8,0xF8F8,0xF8F8,0xF8F8,0xF8F8,0xF8F8,0xF8F8,0xF8F8,0xF8F8,0xF8F8,0x1926,
  0x2A4C,0x1926,0xF8F8,0xF8F8,0xF8F8,0xF8F8,0xF8F8,0x21A8,0x5C35,0x5C14,0x1967,0xF8F8,
  0x0021,0x1988,0x4B71,0x5415,0x53F4,0x2A0B,0x10C4,0xF8F8,0xF8F8,0xF8F8,0xF8F8,0xF8F8,
  0xF8F8,0xF8F8,0xF8F8,0xF8F8,0xF8F8,0xF8F8,0xF8F8,0xF8F8,0x0020,0x84F5,0x7494,0xF8F8,
  0xF8F8,0xF8F8,0xF8F8,0xF8F8,0xF8F8,0xF8F8,0xF8F8,0xF8F8,0xF8F8,0xF8F8,0xF8F8,0xF8F8,
  0xF8F8,0xF8F8,0x10A3,0xF8F8,0xF8F8,0xF8F8,0xF8F8,0xF8F8,0xF8F8,0x1988,0x5414,0x53F4,
  0x1947,0x0041,0x21A9,0x4B92,0x5C55,0x5414,0x2A0B,0x08A3,0xF8F8,0xF8F8,0xF8F8,0xF8F8,
  0xF8F8,0xF8F8,0xF8F8,0xF8F8,0xF8F8,0xF8F8,0xF8F8,0xF8F8,0xF8F8,0xF8F8,0x0020,0x84F5,
  0x7494,0xF8F8,0xF8F8,0xF8F8,0xF8F8,0xF8F8,0xF8F8,0xF8F8,0xF8F8,0xF8F8,0xF8F8,0xF8F8,
  0xF8F8,0xF8F8,0xF8F8,0xF8F8,0xF8F8,0xF8F8,0xF8F8,0xF8F8,0xF8F8,0xF8F8,0xF8F8,0x19A8,
  0x5414,0x53F4,0x1968,0x21A9,0x4BB2,0x5C35,0x53F4,0x2A0B,0x08A3,0xF8F8,0xF8F8,0xF8F8,
  0xF8F8,0xF8F8,0xF8F8,0xF8F8,0xF8F8,0xF8F8,0xF8F8,0xF8F8,0xF8F8,0xF8F8,0xF8F8,0xF8F8,
  0x0020,0x84F6,0x7494,0xF8F8,0xF8F8,0xF8F8,0xF8F8,0xF8F8,0xF8F8,0xF8F8,0xF8F8,0xF8F8,
  0xF8F8,0xF8F8,0xF8F8,0xF8F8,0xF8F8,0xF8F8,0xF8F8,0xF8F8,0xF8F8,0xF8F8,0xF8F8,0xF8F8,
  0xF8F8,0x21A9,0x5414,0x53D3,0x19A9,0x4B92,0x5414,0x53D3,0x21EB,0x0883,0xF8F8,0xF8F8,
  0xF8F8,0xF8F8,0xF8F8,0xF8F8,0xF8F8,0xF8F8,0xF8F8,0xF8F8,0xF8F8,0xF8F8,0xF8F8,0xF8F8,
  0xF8F8,0xF8F8,0x0041,0x8516,0x7CB4,0xF8F8,0xF8F8,0xF8F8,0xF8F8,0xF8F8,0xF8F8,0xF8F8,
  0xF8F8,0xF8F8,0xF8F8,0xF8F8,0xF8F8,0xF8F8,0xF8F8,0xF8F8,0xF8F8,0xF8F8,0xF8F8,0xF8F8,
  0xF8F8,0xF8F8,0xF8F8,0x21C9,0x5C34,0x53F4,0x4B92,0x5414,0x4B92,0x21A9,0x0862,0xF8F8,
  0xF8F8,0xF8F8,0xF8F8,0xF8F8,0xF8F8,0xF8F8,0xF8F8,0xF8F8,0xF8F8,0xF8F8,0xF8F8,0xF8F8,
  0xF8F8,0xF8F8,0xF8F8,0xF8F8,0x0020,0x7CD5,0x7CB4,0xF8F8,0xF8F8,0xF8F8,0xF8F8,0xF8F8,
  0xF8F8,0xF8F8,0xF8F8,0xF8F8,0xF8F8,0xF8F8,0xF8F8,0xF8F8,0xF8F8,0xF8F8,0xF8F8,0xF8F8,
  0xF8F8,0xF8F8,0xF8F8,0xF8F8,0xF8F8,0x21C9,0x5C35,0x5C35,0x5414,0x4B71,0x1988,0x0862,
  0xF8F8,0xF8F8,0xF8F8,0xF8F8,0xF8F8,0xF8F8,0xF8F8,0xF8F8,0xF8F8,0xF8F8,0xF8F8,0xF8F8,
  0xF8F8,0xF8F8,0xF8F8,0xF8F8,0xF8F8,0xF8F8,0x0020,0x7CB4,0x7CB4,0xF8F8,0xF8F8,0xF8F8,
  0xF8F8,0xF8F8,0xF8F8,0xF8F8,0xF8F8,0xF8F8,0xF8F8,0xF8F8,0xF8F8,0xF8F8,0xF8F8,0xF8F8,
  0xF8F8,0xF8F8,0xF8F8,0xF8F8,0xF8F8,0xF8F8,0xF8F8,0x21A9,0x5C15,0x5C35,0x4B92,0x21A9,
  0x0841,0xF8F8,0xF8F8,0xF8F8,0xF8F8,0xF8F8,0xF8F8,0xF8F8,0xF8F8,0xF8F8,0xF8F8,0xF8F8,
  0xF8F8,0xF8F8,0xF8F8,0xF8F8,0xF8F8,0xF8F8,0xF8F8,0xF8F8,0x0020,0x7CB4,0x7CB4,0xF8F8,
  0xF8F8,0xF8F8,0xF8F8,0xF8F8,0xF8F8,0xF8F8,0xF8F8,0xF8F8,0xF8F8,0xF8F8,0xF8F8,0xF8F8,
  0xF8F8,0xF8F8,0xF8F8,0xF8F8,0xF8F8,0xF8F8,0xF8F8,0xF8F8,0xF8F8,0x2188,0x5414,0x4B71,
  0x21A9,0x0841,0xF8F8,0xF8F8,0xF8F8,0xF8F8,0xF8F8,0xF8F8,0xF8F8,0xF8F8,0xF8F8,0xF8F8,
  0xF8F8,0xF8F8,0xF8F8,0xF8F8,0xF8F8,0xF8F8,0xF8F8,0xF8F8,0xF8F8,0xF8F8,0x0841,0x7CB4,
  0x7CB4,0xF8F8,0xF8F8,0xF8F8,0xF8F8,0xF8F8,0xF8F8,0xF8F8,0xF8F8,0xF8F8,0xF8F8,0xF8F8,
  0xF8F8,0xF8F8,0xF8F8,0xF8F8,0xF8F8,0xF8F8,0xF8F8,0xF8F8,0xF8F8,0xF8F8,0xF8F8,0x21A9,
  0x4330,0x1968,0x0041,0xF8F8,0xF8F8,0xF8F8,0xF8F8,0xF8F8,0xF8F8,0xF8F8,0xF8F8,0xF8F8,
  0xF8F8,0xF8F8,0xF8F8,0xF8F8,0xF8F8,0xF8F8,0xF8F8,0xF8F8,0xF8F8,0xF8F8,0xF8F8,0xF8F8,
  0x0041,0x7CB4,0x7CB4,0xF8F8,0xF8F8,0xF8F8,0xF8F8,0xF8F8,0xF8F8,0xF8F8,0xF8F8,0xF8F8,
  0xF8F8,0xF8F8,0xF8F8,0xF8F8,0xF8F8,0xF8F8,0xF8F8,0xF8F8,0xF8F8,0xF8F8,0xF8F8,0xF8F8,
  0xF8F8,0x21A9,0x1967,0x0021,0xF8F8,0xF8F8,0xF8F8,0xF8F8,0xF8F8,0xF8F8,0xF8F8,0xF8F8,
  0xF8F8,0xF8F8,0xF8F8,0xF8F8,0xF8F8,0xF8F8,0xF8F8,0xF8F8,0xF8F8,0xF8F8,0xF8F8,0xF8F8,
  0xF8F8,0xF8F8,0x0841,0x7CB4,0x7494,0xF8F8,0xF8F8,0xF8F8,0xF8F8,0xF8F8,0xF8F8,0xF8F8,
  0xF8F8,0xF8F8,0xF8F8,0xF8F8,0xF8F8,0xF8F8,0xF8F8,0xF8F8,0xF8F8,0xF8F8,0xF8F8,0xF8F8,
  0xF8F8,0xF8F8,0xF8F8,0x2167,0x0020,0xF8F8,0xF8F8,0xF8F8,0xF8F8,0xF8F8,0xF8F8,0xF8F8,
  0xF8F8,0xF8F8,0xF8F8,0xF8F8,0xF8F8,0xF8F8,0xF8F8,0xF8F8,0xF8F8,0xF8F8,0xF8F8,0xF8F8,
  0xF8F8,0xF8F8,0xF8F8,0xF8F8,0x0041,0x7CB4,0x7494,0xF8F8,0xF8F8,0xF8F8,0xF8F8,0xF8F8,
  0xF8F8,0xF8F8,0xF8F8,0xF8F8,0xF8F8,0xF8F8,0xF8F8,0xF8F8,0xF8F8,0xF8F8,0xF8F8,0xF8F8,
  0xF8F8,0xF8F8,0xF8F8,0xF8F8,0xF8F8,0x0000,0xF8F8,0xF8F8,0xF8F8,0xF8F8,0xF8F8,0xF8F8,
  0xF8F8,0xF8F8,0xF8F8,0xF8F8,0xF8F8,0xF8F8,0xF8F8,0xF8F8,0xF8F8,0xF8F8,0xF8F8,0xF8F8,
  0xF8F8,0xF8F8,0xF8F8,0xF8F8,0xF8F8,0xF8F8,0x0041,0x7CB4,0x7CB4,0xF8F8,0xF8F8,0xF8F8,
  0xF8F8,0xF8F8,0xF8F8,0xF8F8,0xF8F8,0xF8F8,0xF8F8,0xF8F8,0xF8F8,0xF8F8,0xF8F8,0xF8F8,
  0xF8F8,0xF8F8,0xF8F8,0xF8F8,0xF8F8,0xF8F8,0xF8F8,0xF8F8,0xF8F8,0xF8F8,0xF8F8,0xF8F8,
  0xF8F8,0xF8F8,0xF8F8,0xF8F8,0xF8F8,0xF8F8,0xF8F8,0xF8F8,0xF8F8,0xF8F8,0xF8F8,0xF8F8,
  0xF8F8,0xF8F8,0xF8F8,0xF8F8,0xF8F8,0xF8F8,0xF8F8,0xF8F8,0x0041,0x7494,0x7CB4,0xF8F8,
  0xF8F8,0xF8F8,0xF8F8,0xF8F8,0xF8F8,0xF8F8,0xF8F8,0xF8F8,0xF8F8,0xF8F8,0xF8F8,0xF8F8,
  0xF8F8,0xF8F8,0xF8F8,0xF8F8,0xF8F8,0xF8F8,0xF8F8,0xF8F8,0xF8F8,0xF8F8,0xF8F8,0xF8F8,
  0xF8F8,0xF8F8,0xF8F8,0xF8F8,0xF8F8,0xF8F8,0xF8F8,0xF8F8,0xF8F8,0xF8F8,0xF8F8,0xF8F8,
  0xF8F8,0xF8F8,0xF8F8,0xF8F8,0xF8F8,0xF8F8,0xF8F8,0xF8F8,0xF8F8,0xF8F8,0x0041,0x7494,
  0x7CB4,0x0841,0x0020,0xF8F8,0xF8F8,0xF8F8,0xF8F8,0xF8F8,0xF8F8,0xF8F8,0x0020,0xF8F8,
  0xF8F8,0x0020,0xF8F8,0xF8F8,0xF8F8,0xF8F8,0xF8F8,0xF8F8,0x0021,0x0020,0x0020,0x0020,
  0xF8F8,0xF8F8,0xF8F8,0xF8F8,0xF8F8,0xF8F8,0x0020,0x0020,0xF8F8,0xF8F8,0xF8F8,0xF8F8,
  0xF8F8,0xF8F8,0xF8F8,0xF8F8,0x0020,0xF8F8,0xF8F8,0xF8F8,0xF8F8,0xF8F8,0xF8F8,0xF8F8,
  0x0841,0x7CB5,0x63D0,0x8536,0x8516,0x8516,0x8516,0x8516,0x8516,0x8516,0x8516,0x8516,
  0x8536,0x8536,0x8516,0x8536,0x8536,0x8516,0x8516,0x8516,0x8516,0x8D36,0x8D36,0x8D36,
  0x8536,0x8516,0x8516,0x7CF6,0x7CF6,0x7CF6,0x7CF6,0x8516,0x8516,0x8516,0x8516,0x8536,
  0x8536,0x8516,0x8516,0x8516,0x8516,0x8D36,0x8D36,0x8D36,0x8D16,0x8516,0x8516,0x7CF6,
  0x7CF5,0x7CF5,0x7CF5,0x5BB0,
};

// 03_2_4ghz_satellite-removebg-preview (Custom)
const uint16_t wh_icon_02[2500] PROGMEM = {
  0x4B0D,0x6411,0x63D1,0x63D0,0x63D0,0x63F1,0x63F1,0x63F1,0x63F1,0x63D0,0x5BD0,0x5BB0,
  0x5BB0,0x5BB0,0x5BD0,0x5BD1,0x5BD1,0x63D1,0x63F1,0x63F1,0x63D1,0x63D0,0x63D0,0x63D1,
  0x63D1,0x63D0,0x63D0,0x63D0,0x63D0,0x63D0,0x63D0,0x63D0,0x5BD1,0x5BD1,0x5BD1,0x5BD0,
  0x5BB0,0x5BB0,0x5BD0,0x63D0,0x63F1,0x63F1,0x63F1,0x63F1,0x63F0,0x63D0,0x63D1,0x5BD0,
  0x5BD1,0x4AEC,0x7CD5,0x10A3,0x10C3,0x10C3,0x10C3,0x18E4,0x18E4,0x18E4,0x10C3,0x10E3,
  0x10E3,0x10C3,0x10C3,0x10E3,0x10C3,0x18E4,0x18E4,0x18E4,0x18E4,0x10E3,0x10C3,0x10C3,
  0x10C3,0x10C3,0x10C3,0x10C3,0x10C3,0x10C3,0x10C3,0x10C3,0x10C3,0x18E4,0x18E4,0x10E4,
  0x18E4,0x10E3,0x10E3,0x10E3,0x10C3,0x10C3,0x18E4,0x18E4,0x10E3,0x10C3,0x10E3,0x10C3,
  0x10C3,0x10C3,0x10C3,0x7CF6,0x6C74,0xF8F8,0xF8F8,0xF8F8,0xF8F8,0xF8F8,0xF8F8,0xF8F8,
  0xF8F8,0xF8F8,0xF8F8,0xF8F8,0xF8F8,0xF8F8,0xF8F8,0xF8F8,0xF8F8,0xF8F8,0xF8F8,0xF8F8,
  0xF8F8,0xF8F8,0xF8F8,0xF8F8,0xF8F8,0xF8F8,0xF8F8,0xF8F8,0xF8F8,0xF8F8,0xF8F8,0xF8F8,
  0xF8F8,0xF8F8,0xF8F8,0xF8F8,0xF8F8,0xF8F8,0xF8F8,0xF8F8,0xF8F8,0xF8F8,0xF8F8,0xF8F8,
  0xF8F8,0xF8F8,0xF8F8,0xF8F8,0xF8F8,0x7CF5,0x7474,0xF8F8,0xF8F8,0xF8F8,0xF8F8,0xF8F8,
  0xF8F8,0xF8F8,0xF8F8,0xF8F8,0xF8F8,0xF8F8,0xF8F8,0xF8F8,0xF8F8,0xF8F8,0xF8F8,0xF8F8,
  0xF8F8,0xF8F8,0xF8F8,0xF8F8,0xF8F8,0xF8F8,0xF8F8,0xF8F8,0xF8F8,0xF8F8,0xF8F8,0xF8F8,
  0xF8F8,0xF8F8,0xF8F8,0xF8F8,0xF8F8,0xF8F8,0xF8F8,0xF8F8,0xF8F8,0xF8F8,0xF8F8,0xF8F8,
  0xF8F8,0xF8F8,0xF8F8,0xF8F8,0xF8F8,0xF8F8,0xF8F8,0x7CD5,0x7494,0xF8F8,0xF8F8,0xF8F8,
  0xF8F8,0xF8F8,0xF8F8,0xF8F8,0xF8F8,0xF8F8,0xF8F8,0xF8F8,0xF8F8,0xF8F8,0xF8F8,0xF8F8,
  0xF8F8,0xF8F8,0xF8F8,0xF8F8,0xF8F8,0xF8F8,0xF8F8,0xF8F8,0xF8F8,0xF8F8,0xF8F8,0xF8F8,
  0xF8F8,0xF8F8,0xF8F8,0xF8F8,0xF8F8,0xF8F8,0xF8F8,0xF8F8,0xF8F8,0xF8F8,0xF8F8,0xF8F8,
  0xF8F8,0xF8F8,0xF8F8,0xF8F8,0xF8F8,0xF8F8,0xF8F8,0xF8F8,0xF8F8,0x74B4,0x74B4,0xF8F8,
  0xF8F8,0xF8F8,0xF8F8,0xF8F8,0xF8F8,0xF8F8,0xF8F8,0xF8F8,0xF8F8,0x2145,0xF8F8,0xF8F8,
  0xF8F8,0xF8F8,0xF8F8,0xF8F8,0xF8F8,0xF8F8,0xF8F8,0xF8F8,0xF8F8,0xF8F8,0xF8F8,0x0021,
  0x1946,0x1967,0x1946,0x10E4,0x0041,0xF8F8,0xF8F8,0xF8F8,0xF8F8,0xF8F8,0xF8F8,0xF8F8,
  0xF8F8,0xF8F8,0xF8F8,0xF8F8,0xF8F8,0x0861,0xF8F8,0xF8F8,0xF8F8,0xF8F8,0xF8F8,0x7494,
  0x74B4,0xF8F8,0xF8F8,0xF8F8,0xF8F8,0xF8F8,0xF8F8,0xF8F8,0xF8F8,0xF8F8,0x0020,0x8493,
  0xF8F8,0xF8F8,0xF8F8,0xF8F8,0xF8F8,0xF8F8,0xF8F8,0xF8F8,0xF8F8,0xF8F8,0xF8F8,0xF8F8,
  0xF8F8,0x328D,0x4BD4,0x4BF4,0x4BF4,0x53F4,0x53F3,0x4330,0x2A0A,0x08A3,0xF8F8,0xF8F8,
  0xF8F8,0xF8F8,0xF8F8,0xF8F8,0xF8F8,0xF8F8,0x0861,0x5B2D,0x0020,0xF8F8,0xF8F8,0xF8F8,
  0xF8F8,0x7494,0x7CB5,0xF8F8,0xF8F8,0xF8F8,0xF8F8,0xF8F8,0xF8F8,0xF8F8,0x10C3,0x0020,
  0x2145,0x7C32,0x18E3,0xF8F8,0xF8F8,0xF8F8,0xF8F8,0xF8F8,0xF8F8,0xF8F8,0x0862,0x10E5,
  0x1947,0x0021,0xF8F8,0x324B,0x4BD3,0x53F4,0x53F4,0x53F4,0x53F4,0x53F4,0x53D4,0x4BD3,
  0x3ACE,0x10C4,0xF8F8,0xF8F8,0xF8F8,0x2125,0x6B8F,0x1904,0x5B2E,0x0861,0xF8F8,0xF8F8,
  0xF8F8,0xF8F8,0xF8F8,0x74B5,0x74B4,0xF8F8,0xF8F8,0xF8F8,0xF8F8,0xF8F8,0x0021,0x0841,
  0x6BAF,0x39E8,0x4A6A,0x31A7,0x4229,0xF8F8,0xF8F8,0x0020,0xF8F8,0x0000,0x08A3,0x1988,
  0x21A8,0x10E5,0x0862,0xF8F8,0xF8F8,0xF8F8,0x10A3,0x10C4,0x10E4,0x1946,0x29EA,0x3AEF,
  0x4BB3,0x4BD4,0x53F4,0x53F4,0x324B,0x0020,0xF8F8,0x4249,0x0861,0x4229,0x0861,0xF8F8,
  0xF8F8,0xF8F8,0xF8F8,0xF8F8,0xF8F8,0x7CB5,0x7494,0xF8F8,0xF8F8,0xF8F8,0xF8F8,0x1082,
  0x5AEC,0x52EC,0x2145,0x636E,0x5B0D,0xF8F8,0x5B2D,0x5B2D,0x5B2D,0x5B2D,0x2987,0x1967,
  0x1967,0x0883,0xF8F8,0xF8F8,0xF8F8,0xF8F8,0xF8F8,0xF8F8,0xF8F8,0xF8F8,0xF8F8,0xF8F8,
  0xF8F8,0xF8F8,0x0882,0x322B,0x53D3,0x53F4,0x53F4,0x4330,0x0882,0xF8F8,0xF8F8,0x39E8,
  0xF8F8,0xF8F8,0xF8F8,0xF8F8,0xF8F8,0xF8F8,0xF8F8,0x7CF5,0x74B4,0xF8F8,0xF8F8,0xF8F8,
  0xF8F8,0xF8F8,0xF8F8,0xF8F8,0xF8F8,0x4A8B,0x5B4E,0xF8F8,0x636E,0x3A08,0x0000,0x1105,
  0x2188,0x0883,0xF8F8,0xF8F8,0xF8F8,0xF8F8,0xF8F8,0xF8F8,0xF8F8,0xF8F8,0x2167,0x29E9,
  0x21A8,0x1905,0x0021,0xF8F8,0xF8F8,0xF8F8,0x0882,0x3AEE,0x4BD3,0x4BD3,0x4371,0x0883,
  0xF8F8,0x4A8B,0x0841,0xF8F8,0xF8F8,0xF8F8,0xF8F8,0xF8F8,0xF8F8,0x7CF5,0x74B5,0xF8F8,
  0xF8F8,0xF8F8,0xF8F8,0xF8F8,0xF8F8,0xF8F8,0xF8F8,0x18C3,0x31C7,0xF8F8,0x18C3,0x0020,
  0x1126,0x1947,0x0021,0xF8F8,0xF8F8,0xF8F8,0xF8F8,0x52CC,0xF8F8,0xF8F8,0xF8F8,0x2167,
  0x74F7,0x6CD7,0x6CD7,0x6CD7,0x6C96,0x4B2F,0x1925,0xF8F8,0xF8F8,0xF8F8,0x2A0A,0x4BD3,
  0x53D4,0x4B71,0x0862,0xF8F8,0xF8F8,0xF8F8,0xF8F8,0xF8F8,0xF8F8,0xF8F8,0xF8F8,0x7CF5,
  0x74B5,0xF8F8,0xF8F8,0xF8F8,0xF8F8,0xF8F8,0xF8F8,0xF8F8,0xF8F8,0xF8F8,0xF8F8,0xF8F8,
  0x0000,0x1126,0x1105,0x0000,0xF8F8,0xF8F8,0xF8F8,0xF8F8,0x0021,0x8494,0xF8F8,0xF8F8,
  0xF8F8,0x10E4,0x6C96,0x6CD7,0x6CD7,0x6CD7,0x6CF7,0x6CD7,0x6CB7,0x4B50,0x0862,0xF8F8,
  0xF8F8,0x29E9,0x53F4,0x53F4,0x430F,0xF8F8,0xF8F8,0xF8F8,0xF8F8,0xF8F8,0xF8F8,0xF8F8,
  0xF8F8,0x7CD5,0x74B5,0xF8F8,0xF8F8,0xF8F8,0xF8F8,0xF8F8,0xF8F8,0xF8F8,0xF8F8,0xF8F8,
  0xF8F8,0xF8F8,0x1126,0x1126,0xF8F8,0xF8F8,0xF8F8,0xF8F8,0x0020,0x636E,0x18C3,0x8CD4,
  0x1082,0xF8F8,0xF8F8,0xF8F8,0x0041,0x0882,0x10C3,0x2187,0x4B0E,0x6496,0x6CB7,0x6CB7,
  0x6454,0x18E4,0xF8F8,0xF8F8,0x326C,0x53F4,0x53F4,0x29E9,0xF8F8,0xF8F8,0xF8F8,0xF8F8,
  0xF8F8,0xF8F8,0xF8F8,0x74D5,0x74B5,0xF8F8,0xF8F8,0xF8F8,0xF8F8,0xF8F8,0xF8F8,0xF8F8,
  0x0021,0x0841,0x0020,0x10E4,0x21A9,0x0862,0x0861,0x0861,0x0861,0x2966,0x2966,0x8493,
  0x2986,0x5B0D,0x31C7,0x0862,0x0020,0xF8F8,0xF8F8,0xF8F8,0xF8F8,0xF8F8,0xF8F8,0x0882,
  0x4B2F,0x6CD7,0x6CD7,0x6C95,0x10E4,0xF8F8,0x0020,0x4350,0x53F4,0x4BB3,0x0862,0xF8F8,
  0xF8F8,0xF8F8,0xF8F8,0xF8F8,0xF8F8,0x7494,0x74B4,0xF8F8,0xF8F8,0xF8F8,0xF8F8,0xF8F8,
  0xF8F8,0xF8F8,0x39E8,0x4AAB,0x4A8B,0x21C9,0x31C8,0x4A8A,0x4A8A,0x4A8B,0x4A8B,0x52CC,
  0x7C32,0x5B0D,0x52CC,0x2945,0x8CD4,0x4AAB,0x18E4,0xF8F8,0x1925,0x324B,0x2A09,0x10E4,
  0xF8F8,0xF8F8,0xF8F8,0x3A4B,0x74D7,0x6CD7,0x6433,0x0041,0xF8F8,0x1105,0x4BD3,0x4BD3,
  0x2A0B,0xF8F8,0xF8F8,0xF8F8,0xF8F8,0xF8F8,0xF8F8,0x7494,0x7CB5,0xF8F8,0xF8F8,0xF8F8,
  0xF8F8,0xF8F8,0xF8F8,0x0020,0x0020,0xF8F8,0x1968,0x10C4,0xF8F8,0xF8F8,0xF8F8,0xF8F8,
  0xF8F8,0xF8F8,0x52EC,0x31A7,0x8473,0x0841,0x4229,0xF8F8,0xF8F8,0x0861,0x74F7,0x7538,
  0x7538,0x7D38,0x63F2,0x10E4,0xF8F8,0xF8F8,0x3A6B,0x6CB7,0x6CB6,0x3A8C,0xF8F8,0xF8F8,
  0x3AEF,0x4BD3,0x4372,0x0020,0xF8F8,0xF8F8,0xF8F8,0xF8F8,0xF8F8,0x7494,0x74B5,0xF8F8,
  0xF8F8,0xF8F8,0xF8F8,0x0041,0x5B2D,0x5B0D,0x2145,0x0883,0x1947,0xF8F8,0xF8F8,0xF8F8,
  0xF8F8,0xF8F8,0xF8F8,0xF8F8,0xF8F8,0x10A2,0x8CD4,0xF8F8,0xF8F8,0xF8F8,0xF8F8,0x0020,
  0x6434,0x7518,0x7D38,0x7D38,0x7D38,0x74F7,0x2146,0xF8F8,0xF8F8,0x5391,0x6496,0x6475,
  0x0862,0xF8F8,0x1967,0x4BD3,0x4BD3,0x1925,0xF8F8,0xF8F8,0xF8F8,0xF8F8,0xF8F8,0x7494,
  0x7494,0xF8F8,0xF8F8,0xF8F8,0xF8F8,0xF8F8,0xF8F8,0xF8F8,0xF8F8,0x1127,0x0883,0xF8F8,
  0xF8F8,0xF8F8,0x0021,0x0862,0xF8F8,0xF8F8,0xF8F8,0xF8F8,0x6BAF,0xF8F8,0xF8F8,0xF8F8,
  0xF8F8,0xF8F8,0xF8F8,0x0861,0x1925,0x534F,0x7D38,0x7D38,0x6CB6,0x0882,0xF8F8,0x1925,
  0x6CB6,0x6496,0x322A,0xF8F8,0x0021,0x4BB3,0x4BD4,0x2A4B,0xF8F8,0xF8F8,0xF8F8,0xF8F8,
  0xF8F8,0x7CD5,0x74B5,0xF8F8,0xF8F8,0xF8F8,0xF8F8,0xF8F8,0xF8F8,0xF8F8,0x0041,0x1968,
  0x0000,0xF8F8,0xF8F8,0xF8F8,0x1106,0x21A8,0x1146,0x0041,0xF8F8,0xF8F8,0xF8F8,0xF8F8,
  0xF8F8,0xF8F8,0xF8F8,0xF8F8,0xF8F8,0xF8F8,0xF8F8,0xF8F8,0x3209,0x7518,0x7518,0x4B0E,
  0xF8F8,0xF8F8,0x5C13,0x6496,0x4B71,0xF8F8,0xF8F8,0x430F,0x53F4,0x4330,0xF8F8,0xF8F8,
  0xF8F8,0xF8F8,0xF8F8,0x7CD5,0x7CB5,0xF8F8,0xF8F8,0xF8F8,0xF8F8,0xF8F8,0xF8F8,0xF8F8,
  0x10C4,0x10E5,0xF8F8,0xF8F8,0xF8F8,0x0041,0x21C9,0x29EA,0x532E,0x21C9,0x08A3,0xF8F8,
  0xF8F8,0xF8F8,0xF8F8,0xF8F8,0xF8F8,0x0020,0x1106,0x1126,0x0862,0xF8F8,0xF8F8,0x53B1,
  0x7D38,0x74D6,0xF8F8,0xF8F8,0x3ACD,0x6496,0x6455,0xF8F8,0xF8F8,0x324B,0x5414,0x53B2,
  0xF8F8,0xF8F8,0xF8F8,0xF8F8,0xF8F8,0x7CD5,0x7CB5,0xF8F8,0xF8F8,0xF8F8,0xF8F8,0xF8F8,
  0xF8F8,0xF8F8,0x1968,0x0862,0xF8F8,0xF8F8,0xF8F8,0x08C4,0x638F,0x6BD1,0x3A8C,0x6BF1,
  0x2A0A,0x10C4,0x0000,0xF8F8,0xF8F8,0xF8F8,0xF8F8,0x1967,0x5B4F,0x6BD0,0x21C9,0x0041,
  0xF8F8,0x29E9,0x7538,0x7518,0x10C3,0xF8F8,0x2A0A,0x6496,0x6CB6,0x0861,0xF8F8,0x29E9,
  0x53F4,0x53D3,0x0000,0xF8F8,0xF8F8,0xF8F8,0xF8F8,0x74D5,0x74B4,0xF8F8,0xF8F8,0xF8F8,
  0xF8F8,0xF8F8,0xF8F8,0x0000,0x21A9,0x0000,0xF8F8,0xF8F8,0xF8F8,0x1946,0x94F4,0xBDF8,
  0x324B,0x4B0E,0x7411,0x3A4B,0x1105,0x0000,0xF8F8,0xF8F8,0x0000,0x21C9,0x9515,0x9515,
  0x4AED,0x08A3,0xF8F8,0x2166,0x7518,0x7518,0x1925,0xF8F8,0x29E9,0x6CB6,0x6CB6,0x0882,
  0xF8F8,0x29E9,0x53F4,0x53D3,0x0020,0xF8F8,0xF8F8,0xF8F8,0xF8F8,0x74D5,0x7494,0xF8F8,
  0xF8F8,0xF8F8,0xF8F8,0xF8F8,0xF8F8,0x0862,0x1988,0xF8F8,0xF8F8,0xF8F8,0xF8F8,0x2188,
  0xAD97,0xB5B7,0x8473,0x21A9,0x5B6F,0x7432,0x42CD,0x1967,0x0020,0x0042,0x1126,0x21C9,
  0x4AED,0x638F,0x21C9,0x0021,0xF8F8,0x3A8B,0x7518,0x7D18,0x08A2,0xF8F8,0x324B,0x6496,
  0x6496,0x0841,0xF8F8,0x2A0A,0x53F4,0x53F3,0x0020,0xF8F8,0xF8F8,0xF8F8,0xF8F8,0x74D5,
  0x7494,0xF8F8,0xF8F8,0xF8F8,0xF8F8,0xF8F8,0xF8F8,0x0883,0x1946,0xF8F8,0xF8F8,0xF8F8,
  0xF8F8,0x2188,0xADB7,0xAD97,0x9515,0x7411,0x21C9,0x6BD1,0x7C52,0x4AED,0x21A8,0x2A0A,
  0x6BB0,0x6BD0,0x1968,0x1105,0x0041,0xF8F8,0xF8F8,0x5BD2,0x7538,0x6C74,0xF8F8,0xF8F8,
  0x4B0F,0x6C96,0x5C34,0xF8F8,0xF8F8,0x328C,0x53F4,0x4B92,0xF8F8,0xF8F8,0xF8F8,0xF8F8,
  0xF8F8,0x7494,0x7494,0xF8F8,0xF8F8,0xF8F8,0xF8F8,0xF8F8,0xF8F8,0x08A4,0x1126,0xF8F8,
  0xF8F8,0xF8F8,0xF8F8,0x1988,0xA576,0xADB7,0x9515,0x9515,0x63B0,0x29EA,0x532F,0x2A0A,
  0x63B0,0xAD97,0x9515,0x3A8C,0x08A3,0xF8F8,0xF8F8,0xF8F8,0xF8F8,0x29A7,0x63F2,0x2166,
  0xF8F8,0x0021,0x6455,0x6CB6,0x4B2F,0xF8F8,0xF8F8,0x4310,0x4BD3,0x3AEE,0xF8F8,0xF8F8,
  0xF8F8,0xF8F8,0xF8F8,0x7494,0x7494,0xF8F8,0xF8F8,0xF8F8,0xF8F8,0xF8F8,0xF8F8,0x08C4,
  0x1126,0xF8F8,0xF8F8,0xF8F8,0xF8F8,0x1947,0x8CB4,0xADD7,0x9515,0x9515,0x9515,0x5B6F,
  0x21A9,0x8CB4,0xADB7,0x94F4,0x73F1,0x1967,0xF8F8,0xF8F8,0xF8F8,0xF8F8,0xF8F8,0xF8F8,
  0xF8F8,0xF8F8,0xF8F8,0x2166,0x6C96,0x6CB6,0x29C8,0xF8F8,0x0041,0x4BD3,0x53F4,0x2A0A,
  0xF8F8,0xF8F8,0xF8F8,0xF8F8,0xF8F8,0x7494,0x7494,0xF8F8,0xF8F8,0xF8F8,0xF8F8,0xF8F8,
  0xF8F8,0x08A3,0x1126,0xF8F8,0xF8F8,0xF8F8,0xF8F8,0x10C4,0x63B0,0xBDF8,0x9515,0x9D35,
  0x9D35,0x9D35,0x534E,0x3A6B,0x8493,0x8CB4,0x29EA,0x1126,0x0000,0xF8F8,0xF8F8,0xF8F8,
  0xF8F8,0x0020,0xF8F8,0xF8F8,0xF8F8,0x10C3,0x6455,0x5BF3,0x0021,0xF8F8,0x21C8,0x5414,
  0x53F4,0x1105,0xF8F8,0xF8F8,0xF8F8,0xF8F8,0xF8F8,0x7494,0x74B5,0xF8F8,0xF8F8,0xF8F8,
  0xF8F8,0xF8F8,0xF8F8,0x0882,0x1947,0xF8F8,0xF8F8,0xF8F8,0xF8F8,0x0862,0x324B,0xC659,
  0x9D56,0x9D35,0x9D35,0x9D35,0x9D35,0x530E,0x324B,0x530E,0x324B,0x42AC,0x1126,0x0000,
  0xF8F8,0xF8F8,0xF8F8,0x5AEC,0x632D,0x4AAB,0x0882,0xF8F8,0x0041,0x0020,0xF8F8,0xF8F8,
  0x4B91,0x5414,0x4B92,0xF8F8,0xF8F8,0xF8F8,0xF8F8,0xF8F8,0xF8F8,0x7494,0x7CD5,0xF8F8,
  0xF8F8,0xF8F8,0xF8F8,0xF8F8,0xF8F8,0x0041,0x1968,0xF8F8,0xF8F8,0xF8F8,0xF8F8,0xF8F8,
  0x1988,0x9D36,0xB5D7,0x9D35,0x9D35,0x9D35,0x9D35,0x9515,0x4AED,0x1988,0x5B8F,0x7C32,
  0x3A6C,0x1126,0xF8F8,0xF8F8,0xF8F8,0xF8F8,0x31A7,0x5B0D,0x0020,0xF8F8,0xF8F8,0xF8F8,
  0xF8F8,0xF8F8,0x4B51,0x5414,0x29E9,0xF8F8,0xF8F8,0xF8F8,0xF8F8,0xF8F8,0xF8F8,0x7494,
  0x7CD5,0xF8F8,0xF8F8,0xF8F8,0xF8F8,0xF8F8,0xF8F8,0x0000,0x1968,0x0021,0xF8F8,0xF8F8,
  0xF8F8,0xF8F8,0x08A4,0x4ACD,0xC639,0x9D35,0x9D35,0x9D35,0x9D35,0x9535,0x9515,0x530E,
  0x29EA,0x73F1,0x7C52,0x324B,0x10C4,0xF8F8,0xF8F8,0x4A6A,0x5B2D,0x0882,0x1082,0x0020,
  0xF8F8,0xF8F8,0xF8F8,0xF8F8,0x0041,0x10E4,0xF8F8,0xF8F8,0xF8F8,0xF8F8,0xF8F8,0xF8F8,
  0xF8F8,0x74B5,0x7CB5,0xF8F8,0xF8F8,0xF8F8,0xF8F8,0xF8F8,0xF8F8,0xF8F8,0x1106,0x08A3,
  0xF8F8,0xF8F8,0xF8F8,0xF8F8,0x0000,0x1947,0x7C32,0xAD97,0x9515,0x9535,0x9535,0x9535,
  0x9D35,0x9D35,0x6390,0x29EA,0x6BD1,0x7412,0x29C9,0x0862,0xF8F8,0x424A,0x4A8B,0x4A8B,
  0x4A8B,0x52CC,0xF8F8,0xF8F8,0xF8F8,0xF8F8,0xF8F8,0xF8F8,0xF8F8,0xF8F8,0xF8F8,0xF8F8,
  0xF8F8,0xF8F8,0xF8F8,0x74B5,0x74B5,0xF8F8,0xF8F8,0xF8F8,0xF8F8,0xF8F8,0xF8F8,0xF8F8,
  0x08A3,0x1947,0xF8F8,0xF8F8,0xF8F8,0xF8F8,0xF8F8,0x1105,0x2188,0x8CB4,0x9D56,0x9535,
  0x9D35,0x9D35,0x9D35,0x9D35,0x9D36,0x7411,0x29C9,0x5B6F,0x638F,0x1967,0x0020,0xF8F8,
  0xF8F8,0xF8F8,0xF8F8,0x5B2D,0xF8F8,0xF8F8,0xF8F8,0xF8F8,0xF8F8,0x08A3,0x0000,0xF8F8,
  0xF8F8,0xF8F8,0xF8F8,0xF8F8,0xF8F8,0x74B5,0x74B5,0xF8F8,0xF8F8,0xF8F8,0xF8F8,0xF8F8,
  0xF8F8,0xF8F8,0x0000,0x21A9,0x0041,0xF8F8,0xF8F8,0xF8F8,0x0020,0x21A8,0x63B0,0x21A8,
  0x7C73,0xA556,0x9D35,0x9D35,0x9D35,0x9D35,0x9D35,0x9515,0x7C52,0x29E9,0x42CD,0x4ACD,
  0x10E5,0xF8F8,0xF8F8,0xF8F8,0xF8F8,0x39E8,0x6B8F,0x39E8,0xF8F8,0xF8F8,0x0042,0x1967,
  0x0000,0xF8F8,0xF8F8,0xF8F8,0xF8F8,0xF8F8,0xF8F8,0x74B5,0x74B5,0xF8F8,0xF8F8,0xF8F8,
  0xF8F8,0xF8F8,0xF8F8,0xF8F8,0xF8F8,0x10E5,0x10E5,0xF8F8,0xF8F8,0xF8F8,0x08A3,0x4AEE,
  0x9D15,0x6BF1,0x29EA,0x5B6F,0x9D36,0x9D36,0x9D35,0x9D35,0x9535,0x9535,0x9515,0x8CD4,
  0x42AC,0x2A0A,0x1988,0x0020,0xF8F8,0xF8F8,0xF8F8,0xF8F8,0xF8F8,0x0841,0xF8F8,0x0000,
  0x1968,0x0883,0xF8F8,0xF8F8,0xF8F8,0xF8F8,0xF8F8,0xF8F8,0xF8F8,0x74B5,0x74B4,0xF8F8,
  0xF8F8,0xF8F8,0xF8F8,0xF8F8,0xF8F8,0xF8F8,0xF8F8,0x0021,0x1126,0xF8F8,0xF8F8,0xF8F8,
  0x1105,0x638F,0x8473,0x8CD4,0x8CB4,0x324B,0x29EA,0x530E,0x7411,0x8CD4,0x9515,0x9535,
  0x9D35,0x8CD4,0x6BD0,0x2A0A,0x1126,0x0000,0xF8F8,0xF8F8,0xF8F8,0x2124,0x1082,0xF8F8,
  0x0000,0x1947,0x1105,0x2966,0x634E,0x52AB,0xF8F8,0xF8F8,0xF8F8,0xF8F8,0xF8F8,0x74B4,
  0x7CB4,0xF8F8,0xF8F8,0xF8F8,0xF8F8,0xF8F8,0xF8F8,0xF8F8,0xF8F8,0xF8F8,0xF8F8,0xF8F8,
  0xF8F8,0xF8F8,0xF8F8,0xF8F8,0xF8F8,0x0841,0x73AF,0x5B6F,0x1946,0x08A4,0x1126,0x1967,
  0x21A8,0x29E9,0x21C9,0x21A9,0x1946,0x0883,0xF8F8,0xF8F8,0xF8F8,0xF8F8,0xF8F8,0x6B8F,
  0x4249,0x0000,0x1126,0x1926,0x0000,0xF8F8,0xF8F8,0xF8F8,0xF8F8,0xF8F8,0xF8F8,0xF8F8,
  0xF8F8,0x7494,0x74B4,0xF8F8,0xF8F8,0xF8F8,0xF8F8,0xF8F8,0x0021,0x10E5,0x1105,0x0062,
  0xF8F8,0xF8F8,0xF8F8,0xF8F8,0xF8F8,0x08A3,0x1105,0xF8F8,0x18E3,0x7431,0x1967,0xF8F8,
  0xF8F8,0x0000,0x0020,0x0041,0x0021,0xF8F8,0xF8F8,0xF8F8,0xF8F8,0xF8F8,0xF8F8,0x4229,
  0x31A7,0x4A8B,0x4AAB,0x1106,0x1106,0x10A3,0xF8F8,0xF8F8,0xF8F8,0xF8F8,0xF8F8,0xF8F8,
  0xF8F8,0xF8F8,0xF8F8,0x7494,0x74B5,0xF8F8,0xF8F8,0xF8F8,0xF8F8,0xF8F8,0x1146,0x10E5,
  0x08A4,0x1988,0x0000,0xF8F8,0xF8F8,0xF8F8,0x0041,0x21A9,0x2188,0xF8F8,0x0861,0x94F4,
  0x21A8,0x0021,0xF8F8,0xF8F8,0xF8F8,0xF8F8,0xF8F8,0xF8F8,0xF8F8,0xF8F8,0x0861,0x0841,
  0x31A7,0x4229,0x4A8B,0x10C3,0x1947,0x10E5,0x0020,0x8CB4,0x1082,0xF8F8,0xF8F8,0xF8F8,
  0xF8F8,0xF8F8,0xF8F8,0xF8F8,0xF8F8,0x74B4,0x7CB5,0xF8F8,0xF8F8,0xF8F8,0xF8F8,0x0000,
  0x08A3,0x0000,0x0020,0x21A9,0x0020,0xF8F8,0xF8F8,0xF8F8,0x1126,0x1126,0x1988,0xF8F8,
  0x0861,0x9515,0x4AED,0x08A3,0xF8F8,0xF8F8,0xF8F8,0xF8F8,0xF8F8,0xF8F8,0xF8F8,0x0841,
  0x52EC,0x52EC,0x4A8A,0x0021,0x1105,0x1988,0x1925,0x31E8,0x18E4,0x5B0C,0x636F,0x3A09,
  0x3A29,0x3A29,0x0861,0xF8F8,0xF8F8,0xF8F8,0xF8F8,0x74B5,0x7CD5,0xF8F8,0xF8F8,0xF8F8,
  0xF8F8,0xF8F8,0xF8F8,0xF8F8,0x1105,0x10E5,0xF8F8,0xF8F8,0xF8F8,0x0882,0x1126,0x0883,
  0x1967,0xF8F8,0x0861,0x9535,0x7411,0x1126,0xF8F8,0xF8F8,0xF8F8,0xF8F8,0xF8F8,0xF8F8,
  0xF8F8,0xF8F8,0x0000,0x0862,0x1106,0x21A9,0x1106,0x0021,0xF8F8,0x5B0D,0x31E8,0x2125,
  0x10C3,0x18E3,0x18C3,0x18C3,0x0000,0xF8F8,0xF8F8,0xF8F8,0xF8F8,0x7CB5,0x7CB5,0xF8F8,
  0xF8F8,0xF8F8,0xF8F8,0xF8F8,0xF8F8,0x10E5,0x1947,0x0000,0xF8F8,0xF8F8,0xF8F8,0x1968,
  0x1947,0x1926,0x1968,0x0882,0x0861,0x9515,0x9515,0x2188,0xF8F8,0x0000,0x0883,0x0862,
  0x0882,0x08A3,0x10C4,0x1106,0x1967,0x1926,0x08A4,0x0021,0xF8F8,0xF8F8,0xF8F8,0x5AEC,
  0x52CC,0x0841,0xF8F8,0xF8F8,0xF8F8,0xF8F8,0xF8F8,0xF8F8,0xF8F8,0xF8F8,0xF8F8,0x7CB5,
  0x74D5,0xF8F8,0xF8F8,0xF8F8,0xF8F8,0xF8F8,0x10C4,0x21A9,0x0862,0x0021,0x0000,0x0883,
  0x0020,0x0883,0x0883,0x10E5,0x1968,0x0041,0x0841,0x8CB4,0x94F5,0x29EA,0x0041,0x0021,
  0x1926,0x1947,0x1947,0x1105,0x08C4,0x0862,0x0020,0xF8F8,0xF8F8,0xF8F8,0xF8F8,0xF8F8,
  0xF8F8,0x31C7,0x73F1,0xF8F8,0xF8F8,0xF8F8,0xF8F8,0xF8F8,0xF8F8,0xF8F8,0xF8F8,0xF8F8,
  0xF8F8,0x74B5,0x7CD5,0xF8F8,0xF8F8,0xF8F8,0xF8F8,0xF8F8,0x1946,0x1967,0x1967,0x1947,
  0x0862,0x1126,0x0862,0xF8F8,0xF8F8,0x0042,0x1106,0xF8F8,0x0000,0x1968,0x1968,0x1967,
  0x0862,0xF8F8,0xF8F8,0xF8F8,0xF8F8,0xF8F8,0xF8F8,0xF8F8,0xF8F8,0xF8F8,0xF8F8,0xF8F8,
  0xF8F8,0xF8F8,0xF8F8,0x0882,0x634E,0xF8F8,0xF8F8,0xF8F8,0xF8F8,0xF8F8,0xF8F8,0xF8F8,
  0xF8F8,0xF8F8,0xF8F8,0x74B5,0x7CB5,0xF8F8,0xF8F8,0xF8F8,0xF8F8,0xF8F8,0xF8F8,0xF8F8,
  0xF8F8,0xF8F8,0xF8F8,0xF8F8,0xF8F8,0xF8F8,0xF8F8,0xF8F8,0xF8F8,0xF8F8,0xF8F8,0xF8F8,
  0xF8F8,0xF8F8,0xF8F8,0xF8F8,0xF8F8,0xF8F8,0xF8F8,0xF8F8,0xF8F8,0xF8F8,0xF8F8,0xF8F8,
  0xF8F8,0xF8F8,0xF8F8,0xF8F8,0xF8F8,0xF8F8,0x0020,0xF8F8,0xF8F8,0xF8F8,0xF8F8,0xF8F8,
  0xF8F8,0xF8F8,0xF8F8,0xF8F8,0xF8F8,0x7CB5,0x7CD5,0xF8F8,0xF8F8,0xF8F8,0xF8F8,0xF8F8,
  0xF8F8,0xF8F8,0xF8F8,0xF8F8,0xF8F8,0xF8F8,0xF8F8,0xF8F8,0xF8F8,0xF8F8,0xF8F8,0xF8F8,
  0xF8F8,0xF8F8,0xF8F8,0xF8F8,0xF8F8,0xF8F8,0xF8F8,0xF8F8,0xF8F8,0xF8F8,0xF8F8,0xF8F8,
  0xF8F8,0xF8F8,0xF8F8,0xF8F8,0xF8F8,0xF8F8,0xF8F8,0xF8F8,0xF8F8,0xF8F8,0xF8F8,0xF8F8,
  0xF8F8,0xF8F8,0xF8F8,0xF8F8,0xF8F8,0xF8F8,0xF8F8,0x74B4,0x7CD5,0xF8F8,0xF8F8,0xF8F8,
  0xF8F8,0xF8F8,0xF8F8,0xF8F8,0xF8F8,0xF8F8,0xF8F8,0xF8F8,0xF8F8,0xF8F8,0xF8F8,0xF8F8,
  0xF8F8,0xF8F8,0xF8F8,0xF8F8,0xF8F8,0xF8F8,0xF8F8,0xF8F8,0xF8F8,0xF8F8,0xF8F8,0xF8F8,
  0xF8F8,0xF8F8,0xF8F8,0xF8F8,0xF8F8,0xF8F8,0xF8F8,0xF8F8,0xF8F8,0xF8F8,0xF8F8,0xF8F8,
  0xF8F8,0xF8F8,0xF8F8,0xF8F8,0xF8F8,0xF8F8,0xF8F8,0xF8F8,0xF8F8,0x74B5,0x7CD5,0xF8F8,
  0xF8F8,0xF8F8,0xF8F8,0xF8F8,0xF8F8,0xF8F8,0xF8F8,0xF8F8,0xF8F8,0xF8F8,0xF8F8,0xF8F8,
  0xF8F8,0xF8F8,0xF8F8,0xF8F8,0xF8F8,0xF8F8,0xF8F8,0xF8F8,0xF8F8,0xF8F8,0xF8F8,0xF8F8,
  0xF8F8,0xF8F8,0xF8F8,0xF8F8,0xF8F8,0xF8F8,0xF8F8,0xF8F8,0xF8F8,0xF8F8,0xF8F8,0xF8F8,
  0xF8F8,0xF8F8,0xF8F8,0xF8F8,0xF8F8,0xF8F8,0xF8F8,0xF8F8,0xF8F8,0xF8F8,0xF8F8,0x74B5,
  0x74B5,0xF8F8,0xF8F8,0xF8F8,0xF8F8,0xF8F8,0xF8F8,0xF8F8,0xF8F8,0xF8F8,0xF8F8,0xF8F8,
  0xF8F8,0xF8F8,0xF8F8,0xF8F8,0xF8F8,0xF8F8,0xF8F8,0xF8F8,0xF8F8,0xF8F8,0xF8F8,0xF8F8,
  0xF8F8,0xF8F8,0xF8F8,0xF8F8,0xF8F8,0xF8F8,0x0020,0xF8F8,0xF8F8,0xF8F8,0xF8F8,0xF8F8,
  0xF8F8,0xF8F8,0xF8F8,0xF8F8,0xF8F8,0xF8F8,0xF8F8,0xF8F8,0xF8F8,0xF8F8,0xF8F8,0xF8F8,
  0xF8F8,0x7CD5,0x6C12,0x7CF6,0x7CF6,0x7CD5,0x7CF6,0x7CD5,0x7CD5,0x7CB5,0x74B5,0x7CD5,
  0x7CF5,0x84F5,0x84F6,0x7CF5,0x7CF6,0x74D5,0x74B5,0x74B5,0x74B5,0x7CD5,0x84F6,0x84F5,
  0x84F5,0x84F5,0x84F6,0x7CD5,0x74D5,0x74D5,0x74D5,0x74D5,0x7CF6,0x84F6,0x84F6,0x84F6,
  0x8516,0x7CD5,0x7CD5,0x74B5,0x74B5,0x7CD5,0x7CF6,0x7CD5,0x7CD5,0x7CD5,0x7CD5,0x7CD5,
  0x7CD5,0x7CD5,0x7CD5,0x63D1,
};

// 04_433mhz_antenna-removebg-preview (Custom)
const uint16_t wh_icon_03[2500] PROGMEM = {
  0x5BAF,0x6412,0x63F1,0x63D1,0x63D1,0x63F1,0x63D1,0x5BD0,0x63B0,0x63B0,0x63D0,0x63F1,
  0x63F1,0x63F1,0x63D1,0x5BD1,0x5BD0,0x5BB0,0x5BB0,0x5BB0,0x5BB0,0x5BD1,0x63F1,0x63F1,
  0x63F1,0x63D0,0x63D0,0x63D0,0x63D0,0x5BD0,0x5BB0,0x5BB0,0x5BB0,0x5BB0,0x63D0,0x63D0,
  0x63F1,0x63F1,0x63D1,0x5BD0,0x5BB0,0x5BB0,0x5BB0,0x5BB0,0x5BB0,0x5BB0,0x5BD0,0x63D1,
  0x63F1,0x4AEC,0x74D5,0x10C3,0x10C3,0x10C3,0x10C3,0x10E3,0x10C3,0x10C3,0x10C3,0x10C3,
  0x10C3,0x18E3,0x18E4,0x10E3,0x10E3,0x10E3,0x10C3,0x10E3,0x10E3,0x10C3,0x10E3,0x18E4,
  0x18E4,0x18E4,0x10E3,0x10C3,0x10C3,0x10C3,0x10C3,0x10C3,0x10C3,0x10C3,0x10C3,0x10C3,
  0x10C3,0x10E3,0x18E4,0x10E4,0x10E4,0x10E4,0x10C3,0x10C3,0x10C3,0x10C3,0x10C3,0x10C3,
  0x10C3,0x10C3,0x10C3,0x7CB4,0x6C74,0xF8F8,0xF8F8,0xF8F8,0xF8F8,0xF8F8,0xF8F8,0xF8F8,
  0xF8F8,0xF8F8,0xF8F8,0xF8F8,0xF8F8,0xF8F8,0xF8F8,0xF8F8,0xF8F8,0xF8F8,0xF8F8,0xF8F8,
  0xF8F8,0xF8F8,0xF8F8,0xF8F8,0xF8F8,0xF8F8,0xF8F8,0xF8F8,0xF8F8,0xF8F8,0xF8F8,0xF8F8,
  0xF8F8,0xF8F8,0xF8F8,0xF8F8,0xF8F8,0xF8F8,0xF8F8,0xF8F8,0xF8F8,0xF8F8,0xF8F8,0xF8F8,
  0xF8F8,0xF8F8,0xF8F8,0xF8F8,0xF8F8,0x7494,0x6C53,0xF8F8,0xF8F8,0xF8F8,0xF8F8,0xF8F8,
  0xF8F8,0xF8F8,0xF8F8,0xF8F8,0xF8F8,0xF8F8,0xF8F8,0xF8F8,0xF8F8,0xF8F8,0xF8F8,0xF8F8,
  0xF8F8,0xF8F8,0xF8F8,0xF8F8,0xF8F8,0xF8F8,0xF8F8,0xF8F8,0xF8F8,0xF8F8,0xF8F8,0xF8F8,
  0xF8F8,0xF8F8,0xF8F8,0xF8F8,0xF8F8,0xF8F8,0xF8F8,0xF8F8,0xF8F8,0xF8F8,0xF8F8,0xF8F8,
  0xF8F8,0xF8F8,0xF8F8,0xF8F8,0xF8F8,0xF8F8,0xF8F8,0x6C53,0x7474,0xF8F8,0xF8F8,0xF8F8,
  0xF8F8,0xF8F8,0xF8F8,0xF8F8,0xF8F8,0xF8F8,0xF8F8,0xF8F8,0xF8F8,0xF8F8,0xF8F8,0xF8F8,
  0xF8F8,0xF8F8,0xF8F8,0xF8F8,0xF8F8,0xF8F8,0xF8F8,0xF8F8,0xF8F8,0xF8F8,0xF8F8,0xF8F8,
  0xF8F8,0xF8F8,0xF8F8,0xF8F8,0xF8F8,0xF8F8,0xF8F8,0xF8F8,0xF8F8,0xF8F8,0xF8F8,0xF8F8,
  0xF8F8,0xF8F8,0xF8F8,0xF8F8,0xF8F8,0xF8F8,0xF8F8,0xF8F8,0xF8F8,0x6C32,0x7494,0xF8F8,
  0xF8F8,0xF8F8,0xF8F8,0xF8F8,0xF8F8,0xF8F8,0xF8F8,0xF8F8,0xF8F8,0xF8F8,0xF8F8,0xF8F8,
  0xF8F8,0xF8F8,0xF8F8,0xF8F8,0xF8F8,0xF8F8,0xF8F8,0x0041,0x10C4,0x1926,0x1967,0x1967,
  0x1946,0x10E4,0x0041,0xF8F8,0xF8F8,0xF8F8,0xF8F8,0xF8F8,0xF8F8,0xF8F8,0xF8F8,0xF8F8,
  0xF8F8,0xF8F8,0xF8F8,0xF8F8,0xF8F8,0xF8F8,0xF8F8,0xF8F8,0xF8F8,0xF8F8,0xF8F8,0x6C53,
  0x7494,0xF8F8,0xF8F8,0xF8F8,0xF8F8,0xF8F8,0xF8F8,0xF8F8,0xF8F8,0xF8F8,0xF8F8,0xF8F8,
  0xF8F8,0xF8F8,0xF8F8,0xF8F8,0xF8F8,0xF8F8,0x1105,0x324B,0x4351,0x53D3,0x4BF4,0x4BD3,
  0x4BD3,0x4BD3,0x4BD3,0x53F4,0x53D3,0x4351,0x324B,0x1105,0xF8F8,0xF8F8,0xF8F8,0xF8F8,
  0xF8F8,0xF8F8,0xF8F8,0xF8F8,0xF8F8,0xF8F8,0xF8F8,0xF8F8,0xF8F8,0xF8F8,0xF8F8,0xF8F8,
  0xF8F8,0x6C53,0x7494,0xF8F8,0xF8F8,0xF8F8,0xF8F8,0xF8F8,0xF8F8,0xF8F8,0xF8F8,0xF8F8,
  0xF8F8,0xF8F8,0xF8F8,0xF8F8,0xF8F8,0x0021,0x21A8,0x4351,0x4BD3,0x4BD3,0x4BD4,0x4BD4,
  0x53F4,0x53F4,0x53D3,0x53F4,0x53F4,0x53F4,0x4BD4,0x4BD3,0x4BD3,0x4BB3,0x4351,0x21A9,
  0x0020,0xF8F8,0xF8F8,0xF8F8,0xF8F8,0xF8F8,0xF8F8,0xF8F8,0xF8F8,0xF8F8,0xF8F8,0xF8F8,
  0xF8F8,0xF8F8,0xF8F8,0x6C73,0x7494,0xF8F8,0xF8F8,0xF8F8,0xF8F8,0xF8F8,0xF8F8,0xF8F8,
  0xF8F8,0xF8F8,0xF8F8,0xF8F8,0xF8F8,0xF8F8,0x2167,0x4B92,0x53F4,0x53D4,0x4BD3,0x4B92,
  0x3ACE,0x29E9,0x1946,0x10E4,0x10A3,0x10A3,0x10E4,0x1946,0x29EA,0x3ACE,0x4BB2,0x4BD3,
  0x53D3,0x53D4,0x4B92,0x2167,0xF8F8,0xF8F8,0xF8F8,0xF8F8,0xF8F8,0xF8F8,0xF8F8,0xF8F8,
  0xF8F8,0xF8F8,0xF8F8,0xF8F8,0xF8F8,0x6C53,0x7494,0xF8F8,0xF8F8,0xF8F8,0xF8F8,0xF8F8,
  0xF8F8,0xF8F8,0xF8F8,0xF8F8,0xF8F8,0xF8F8,0x0041,0x3AAD,0x53D3,0x53D4,0x53F4,0x4B71,
  0x21A8,0x0041,0xF8F8,0xF8F8,0xF8F8,0xF8F8,0xF8F8,0xF8F8,0xF8F8,0xF8F8,0xF8F8,0xF8F8,
  0x0041,0x21A8,0x4B51,0x53F4,0x53D4,0x53F4,0x3AAE,0x0041,0xF8F8,0xF8F8,0xF8F8,0xF8F8,
  0xF8F8,0xF8F8,0xF8F8,0xF8F8,0xF8F8,0xF8F8,0xF8F8,0x7473,0x6C74,0xF8F8,0xF8F8,0xF8F8,
  0xF8F8,0xF8F8,0xF8F8,0xF8F8,0xF8F8,0xF8F8,0xF8F8,0xF8F8,0x2A2B,0x4BD3,0x4BD3,0x4B92,
  0x21A8,0x0000,0xF8F8,0xF8F8,0xF8F8,0xF8F8,0xF8F8,0xF8F8,0xF8F8,0xF8F8,0xF8F8,0xF8F8,
  0xF8F8,0xF8F8,0xF8F8,0xF8F8,0xF8F8,0x2187,0x4B72,0x4BD3,0x4BD3,0x2A2B,0xF8F8,0xF8F8,
  0xF8F8,0xF8F8,0xF8F8,0xF8F8,0xF8F8,0xF8F8,0xF8F8,0xF8F8,0xF8F8,0x7453,0x6C74,0xF8F8,
  0xF8F8,0xF8F8,0xF8F8,0xF8F8,0xF8F8,0xF8F8,0xF8F8,0xF8F8,0xF8F8,0xF8F8,0x1967,0x4B92,
  0x328D,0x0041,0xF8F8,0xF8F8,0xF8F8,0xF8F8,0x0882,0x31C8,0x4ACC,0x5B4F,0x5B90,0x6390,
  0x5B4F,0x4ACC,0x31E8,0x10A2,0xF8F8,0xF8F8,0xF8F8,0xF8F8,0x0041,0x328D,0x4BB2,0x1967,
  0xF8F8,0xF8F8,0xF8F8,0xF8F8,0xF8F8,0xF8F8,0xF8F8,0xF8F8,0xF8F8,0xF8F8,0xF8F8,0x6C53,
  0x7494,0xF8F8,0xF8F8,0xF8F8,0xF8F8,0xF8F8,0xF8F8,0xF8F8,0xF8F8,0xF8F8,0xF8F8,0xF8F8,
  0xF8F8,0x0020,0xF8F8,0xF8F8,0xF8F8,0xF8F8,0x2125,0x5B4F,0x7C94,0x7C95,0x7C95,0x7C95,
  0x7C95,0x7C95,0x7C95,0x7C95,0x7C95,0x7CB5,0x5B90,0x2146,0xF8F8,0xF8F8,0xF8F8,0xF8F8,
  0x0020,0xF8F8,0xF8F8,0xF8F8,0xF8F8,0xF8F8,0xF8F8,0xF8F8,0xF8F8,0xF8F8,0xF8F8,0xF8F8,
  0xF8F8,0x7473,0x7494,0xF8F8,0xF8F8,0xF8F8,0xF8F8,0xF8F8,0xF8F8,0xF8F8,0xF8F8,0x0020,
  0x1925,0x0020,0xF8F8,0xF8F8,0xF8F8,0xF8F8,0x0861,0x530E,0x7474,0x7494,0x7494,0x7C95,
  0x7453,0x63B1,0x5B4E,0x532E,0x63B0,0x7473,0x7C95,0x7494,0x7494,0x7494,0x532E,0x0882,
  0xF8F8,0xF8F8,0xF8F8,0xF8F8,0x0020,0x1926,0x0041,0xF8F8,0xF8F8,0xF8F8,0xF8F8,0xF8F8,
  0xF8F8,0xF8F8,0xF8F8,0x6C53,0x7494,0xF8F8,0xF8F8,0xF8F8,0xF8F8,0xF8F8,0xF8F8,0xF8F8,
  0xF8F8,0x3AEE,0x5414,0x326C,0xF8F8,0xF8F8,0xF8F8,0xF8F8,0x6390,0x7C95,0x7C94,0x7454,
  0x42AC,0x18E4,0xF8F8,0xF8F8,0xF8F8,0xF8F8,0xF8F8,0xF8F8,0x1905,0x4ACC,0x7474,0x7494,
  0x7C94,0x63D1,0xF8F8,0xF8F8,0xF8F8,0xF8F8,0x3A8D,0x53F4,0x42EF,0xF8F8,0xF8F8,0xF8F8,
  0xF8F8,0xF8F8,0xF8F8,0xF8F8,0xF8F8,0x6C53,0x7494,0xF8F8,0xF8F8,0xF8F8,0xF8F8,0xF8F8,
  0xF8F8,0xF8F8,0x2188,0x53F4,0x53F4,0x324C,0xF8F8,0xF8F8,0xF8F8,0xF8F8,0x4ACC,0x7C95,
  0x532E,0x0882,0xF8F8,0xF8F8,0xF8F8,0xF8F8,0xF8F8,0xF8F8,0xF8F8,0xF8F8,0xF8F8,0xF8F8,
  0x1082,0x532E,0x7CB5,0x530D,0xF8F8,0xF8F8,0xF8F8,0xF8F8,0x326C,0x53D4,0x4BD3,0x21A8,
  0xF8F8,0xF8F8,0xF8F8,0xF8F8,0xF8F8,0xF8F8,0xF8F8,0x6C53,0x7474,0xF8F8,0xF8F8,0xF8F8,
  0xF8F8,0xF8F8,0xF8F8,0x0041,0x4B92,0x53D3,0x4B72,0x0041,0xF8F8,0xF8F8,0xF8F8,0xF8F8,
  0xF8F8,0x10A3,0xF8F8,0xF8F8,0xF8F8,0xF8F8,0x0020,0x18C3,0x3145,0x3166,0x20E3,0x0020,
  0xF8F8,0xF8F8,0xF8F8,0xF8F8,0x1082,0xF8F8,0xF8F8,0xF8F8,0xF8F8,0xF8F8,0x0041,0x4371,
  0x4BD3,0x4B92,0x0041,0xF8F8,0xF8F8,0xF8F8,0xF8F8,0xF8F8,0xF8F8,0x6C53,0x7474,0xF8F8,
  0xF8F8,0xF8F8,0xF8F8,0xF8F8,0xF8F8,0x2A0A,0x53D3,0x4BD3,0x2167,0xF8F8,0xF8F8,0x0862,
  0x3A2A,0x1082,0xF8F8,0xF8F8,0xF8F8,0xF8F8,0x1082,0x5A8B,0x93F1,0x9C32,0x9C32,0x9C32,
  0x9C32,0x9411,0x62CB,0x1082,0xF8F8,0xF8F8,0xF8F8,0xF8F8,0x10A3,0x3A2A,0x0882,0xF8F8,
  0xF8F8,0x2188,0x53D3,0x53F4,0x29E9,0xF8F8,0xF8F8,0xF8F8,0xF8F8,0xF8F8,0xF8F8,0x6C53,
  0x7494,0xF8F8,0xF8F8,0xF8F8,0xF8F8,0xF8F8,0x0020,0x4BB2,0x53F4,0x4350,0xF8F8,0xF8F8,
  0xF8F8,0x5B90,0x7495,0x534F,0xF8F8,0xF8F8,0xF8F8,0xF8F8,0x8BF0,0x9C52,0x9C52,0x9C52,
  0x9C32,0x9C52,0x9C52,0x9C52,0x9C52,0x8C11,0x0020,0xF8F8,0xF8F8,0xF8F8,0x5B4F,0x7474,
  0x63B0,0xF8F8,0xF8F8,0xF8F8,0x4B71,0x53F4,0x4B71,0xF8F8,0xF8F8,0xF8F8,0xF8F8,0xF8F8,
  0xF8F8,0x6C53,0x6C74,0xF8F8,0xF8F8,0xF8F8,0xF8F8,0xF8F8,0x1946,0x53F4,0x53F4,0x2187,
  0xF8F8,0xF8F8,0x29A8,0x7495,0x7495,0x42AC,0xF8F8,0xF8F8,0xF8F8,0xF8F8,0x7B8F,0x9C52,
  0x732D,0x41C7,0x2924,0x2104,0x39A7,0x732D,0x9C52,0x83AF,0xF8F8,0xF8F8,0xF8F8,0xF8F8,
  0x428C,0x7474,0x7C95,0x29C7,0xF8F8,0xF8F8,0x21A8,0x53D4,0x4BD3,0x1105,0xF8F8,0xF8F8,
  0xF8F8,0xF8F8,0xF8F8,0x7453,0x6C74,0xF8F8,0xF8F8,0xF8F8,0xF8F8,0xF8F8,0x326C,0x53F4,
  0x53D3,0x0021,0xF8F8,0xF8F8,0x63D1,0x7C95,0x7453,0x0861,0xF8F8,0xF8F8,0xF8F8,0xF8F8,
  0x0000,0x1082,0xF8F8,0xF8F8,0xF8F8,0xF8F8,0xF8F8,0xF8F8,0x1082,0x0020,0xF8F8,0xF8F8,
  0xF8F8,0xF8F8,0x0841,0x7453,0x7C95,0x63D1,0xF8F8,0xF8F8,0x0861,0x4BB3,0x4BD3,0x2A2B,
  0xF8F8,0xF8F8,0xF8F8,0xF8F8,0xF8F8,0x6C53,0x6C74,0xF8F8,0xF8F8,0xF8F8,0xF8F8,0xF8F8,
  0x4B71,0x53F4,0x3AEE,0xF8F8,0xF8F8,0x18E4,0x7CB5,0x7CB5,0x426B,0xF8F8,0xF8F8,0x1061,
  0x5A8B,0x2945,0xF8F8,0xF8F8,0xF8F8,0xF8F8,0xF8F8,0xF8F8,0xF8F8,0xF8F8,0xF8F8,0xF8F8,
  0x3166,0x5A8A,0x0861,0xF8F8,0xF8F8,0x428B,0x7CB5,0x7C95,0x10A3,0xF8F8,0xF8F8,0x3B0F,
  0x53D3,0x4330,0xF8F8,0xF8F8,0xF8F8,0xF8F8,0xF8F8,0x7453,0x7494,0xF8F8,0xF8F8,0xF8F8,
  0xF8F8,0x0041,0x4BD3,0x53D3,0x29EA,0xF8F8,0xF8F8,0x3A4A,0x7CB5,0x7CB5,0x18C3,0xF8F8,
  0xF8F8,0x62AB,0x9C31,0x8BB0,0xF8F8,0xF8F8,0xF8F8,0xF8F8,0xF8F8,0xF8F8,0xF8F8,0xF8F8,
  0xF8F8,0xF8F8,0x93F0,0x9C31,0x62AB,0xF8F8,0xF8F8,0x18E4,0x7CB5,0x7C95,0x3209,0xF8F8,
  0xF8F8,0x324B,0x53F4,0x53D3,0x0020,0xF8F8,0xF8F8,0xF8F8,0xF8F8,0x7453,0x7494,0xF8F8,
  0xF8F8,0xF8F8,0xF8F8,0x10C4,0x4BD3,0x4BD3,0x1946,0xF8F8,0xF8F8,0x532E,0x7CB5,0x7453,
  0xF8F8,0xF8F8,0x0020,0x9411,0x9C32,0x6AEC,0xF8F8,0xF8F8,0xF8F8,0x08C4,0x2188,0x1988,
  0x08A3,0xF8F8,0xF8F8,0xF8F8,0x6B0C,0x9C52,0x9431,0x0020,0xF8F8,0xF8F8,0x7453,0x7495,
  0x4AED,0xF8F8,0xF8F8,0x21A8,0x53F4,0x53F4,0x0882,0xF8F8,0xF8F8,0xF8F8,0xF8F8,0x6C53,
  0x7494,0xF8F8,0xF8F8,0xF8F8,0xF8F8,0x1925,0x4BD3,0x4BD3,0x10E4,0xF8F8,0xF8F8,0x63B1,
  0x7495,0x63B0,0xF8F8,0xF8F8,0x18E3,0xA472,0x9C52,0x39A7,0xF8F8,0xF8F8,0x0882,0x29EA,
  0x7411,0x7411,0x21C9,0x0862,0xF8F8,0xF8F8,0x39C7,0x9C72,0x9C72,0x18E3,0xF8F8,0xF8F8,
  0x63B0,0x7C95,0x5B90,0xF8F8,0xF8F8,0x1946,0x53F4,0x53F3,0x10E4,0xF8F8,0xF8F8,0xF8F8,
  0xF8F8,0x6C53,0x7494,0xF8F8,0xF8F8,0xF8F8,0xF8F8,0x1946,0x4BD3,0x4BD3,0x10C3,0xF8F8,
  0xF8F8,0x63F2,0x7495,0x534F,0xF8F8,0xF8F8,0x2925,0xA472,0x9C72,0x2924,0xF8F8,0xF8F8,
  0x10C4,0x42CD,0x9515,0x9515,0x42AC,0x08C4,0xF8F8,0xF8F8,0x2945,0x9C72,0x9C72,0x2925,
  0xF8F8,0xF8F8,0x5B6F,0x7C95,0x63D1,0xF8F8,0xF8F8,0x1905,0x53F4,0x53F4,0x1925,0xF8F8,
  0xF8F8,0xF8F8,0xF8F8,0x6453,0x7494,0xF8F8,0xF8F8,0xF8F8,0xF8F8,0x1926,0x4BD3,0x4BD3,
  0x10E4,0xF8F8,0xF8F8,0x63D1,0x7494,0x5B6F,0xF8F8,0xF8F8,0x2924,0xA472,0x9C72,0x3166,
  0xF8F8,0xF8F8,0x0862,0x29C9,0x7432,0x7412,0x21C9,0x0882,0xF8F8,0xF8F8,0x3166,0x9C52,
  0x9C72,0x2924,0xF8F8,0xF8F8,0x6390,0x7C95,0x63B0,0xF8F8,0xF8F8,0x1925,0x53F4,0x53F4,
  0x1905,0xF8F8,0xF8F8,0xF8F8,0xF8F8,0x6C53,0x7494,0xF8F8,0xF8F8,0xF8F8,0xF8F8,0x10E5,
  0x53D3,0x53D3,0x1946,0xF8F8,0xF8F8,0x5B6F,0x7C95,0x6BF2,0xF8F8,0xF8F8,0x0861,0x9C52,
  0x9C52,0x5A6A,0xF8F8,0xF8F8,0xF8F8,0x08A4,0x1968,0x1968,0x10C4,0xF8F8,0xF8F8,0xF8F8,
  0x524A,0x9C32,0x9C32,0x1062,0xF8F8,0xF8F8,0x7432,0x7CB5,0x5B4F,0xF8F8,0xF8F8,0x1967,
  0x53D3,0x53D3,0x10E4,0xF8F8,0xF8F8,0xF8F8,0xF8F8,0x6C73,0x7494,0xF8F8,0xF8F8,0xF8F8,
  0xF8F8,0x0882,0x53D3,0x53F4,0x29E9,0xF8F8,0xF8F8,0x4AAC,0x7CB5,0x7C94,0x0841,0xF8F8,
  0xF8F8,0x7B6E,0x9C32,0x93F1,0x1061,0xF8F8,0xF8F8,0xF8F8,0x1968,0x1968,0xF8F8,0xF8F8,
  0xF8F8,0x0861,0x93F0,0x9C32,0x7B4E,0xF8F8,0xF8F8,0x0861,0x7C94,0x7CB5,0x428B,0xF8F8,
  0xF8F8,0x21C9,0x4BD3,0x4BB3,0x0862,0xF8F8,0xF8F8,0xF8F8,0xF8F8,0x6C53,0x7494,0xF8F8,
  0xF8F8,0xF8F8,0xF8F8,0x0000,0x53B3,0x53F4,0x3AAD,0xF8F8,0xF8F8,0x2987,0x7CB5,0x7CB5,
  0x29A7,0xF8F8,0xF8F8,0x3986,0x9C32,0x9C32,0x732D,0xF8F8,0xF8F8,0x0000,0x21C9,0x21C9,
  0x0000,0xF8F8,0xF8F8,0x734E,0x9C52,0x9C32,0x3166,0xF8F8,0xF8F8,0x29C7,0x7C95,0x7C95,
  0x2145,0xF8F8,0xF8F8,0x3A8D,0x53D3,0x4B92,0xF8F8,0xF8F8,0xF8F8,0xF8F8,0xF8F8,0x7473,
  0x6C74,0xF8F8,0xF8F8,0xF8F8,0xF8F8,0xF8F8,0x42EF,0x53F4,0x4B92,0xF8F8,0xF8F8,0x0021,
  0x7453,0x7495,0x5B90,0xF8F8,0xF8F8,0xF8F8,0x732D,0x9C72,0x9411,0xF8F8,0xF8F8,0x0041,
  0x21E9,0x21C9,0x0041,0xF8F8,0x0020,0x9C31,0x9C52,0x6AEC,0xF8F8,0xF8F8,0xF8F8,0x5B90,
  0x7494,0x6C33,0x0000,0xF8F8,0xF8F8,0x4B92,0x53F4,0x3ACE,0xF8F8,0xF8F8,0xF8F8,0xF8F8,
  0xF8F8,0x7473,0x6C74,0xF8F8,0xF8F8,0xF8F8,0xF8F8,0xF8F8,0x29C9,0x53F4,0x53F4,0x10E5,
  0xF8F8,0xF8F8,0x428B,0x7474,0x7474,0x2966,0xF8F8,0xF8F8,0x0821,0x4A29,0x2124,0xF8F8,
  0xF8F8,0x0883,0x324B,0x322A,0x0882,0xF8F8,0xF8F8,0x2925,0x4A29,0x0020,0xF8F8,0xF8F8,
  0x29A7,0x7494,0x7494,0x426B,0xF8F8,0xF8F8,0x10E4,0x53F3,0x53F4,0x21A8,0xF8F8,0xF8F8,
  0xF8F8,0xF8F8,0xF8F8,0x6C73,0x6C74,0xF8F8,0xF8F8,0xF8F8,0xF8F8,0xF8F8,0x0882,0x53D3,
  0x53D3,0x326C,0xF8F8,0xF8F8,0x0862,0x7433,0x7C95,0x7432,0x0882,0xF8F8,0xF8F8,0xF8F8,
  0xF8F8,0xF8F8,0xF8F8,0x10C4,0x4ACD,0x42AD,0x08A4,0xF8F8,0xF8F8,0xF8F8,0xF8F8,0xF8F8,
  0xF8F8,0x1082,0x7453,0x7C95,0x7453,0x0861,0xF8F8,0xF8F8,0x328C,0x53D3,0x4BB3,0x0041,
  0xF8F8,0xF8F8,0xF8F8,0xF8F8,0xF8F8,0x7473,0x7494,0xF8F8,0xF8F8,0xF8F8,0xF8F8,0xF8F8,
  0xF8F8,0x3AAD,0x53D3,0x4BB3,0x08A3,0xF8F8,0xF8F8,0x31C8,0x7CB5,0x7CB5,0x63D1,0x0020,
  0xF8F8,0xF8F8,0xF8F8,0xF8F8,0xF8F8,0x1126,0x5B8F,0x5B4F,0x10E5,0xF8F8,0xF8F8,0xF8F8,
  0xF8F8,0xF8F8,0x0020,0x6BD1,0x7CB5,0x7CB5,0x31C8,0xF8F8,0xF8F8,0x08A3,0x4BB3,0x4BD3,
  0x326C,0xF8F8,0xF8F8,0xF8F8,0xF8F8,0xF8F8,0xF8F8,0x7473,0x7494,0xF8F8,0xF8F8,0xF8F8,
  0xF8F8,0xF8F8,0xF8F8,0x10C4,0x53D3,0x53D3,0x3ACE,0xF8F8,0xF8F8,0xF8F8,0x4AAC,0x7C95,
  0x7474,0x0882,0xF8F8,0xF8F8,0xF8F8,0xF8F8,0xF8F8,0x1967,0x7411,0x73F1,0x1947,0xF8F8,
  0xF8F8,0xF8F8,0xF8F8,0xF8F8,0x0862,0x7474,0x7C95,0x4AAC,0xF8F8,0xF8F8,0xF8F8,0x3ACE,
  0x4BD3,0x4BB3,0x08A3,0xF8F8,0xF8F8,0xF8F8,0xF8F8,0xF8F8,0xF8F8,0x6C53,0x7474,0xF8F8,
  0xF8F8,0xF8F8,0xF8F8,0xF8F8,0xF8F8,0xF8F8,0x328D,0x53D3,0x53F4,0x21A8,0xF8F8,0xF8F8,
  0xF8F8,0x2987,0x2145,0xF8F8,0xF8F8,0xF8F8,0xF8F8,0xF8F8,0xF8F8,0x1988,0x8493,0x8473,
  0x1988,0xF8F8,0xF8F8,0xF8F8,0xF8F8,0xF8F8,0xF8F8,0x2146,0x29A7,0xF8F8,0xF8F8,0xF8F8,
  0x2188,0x53F4,0x53F4,0x326C,0xF8F8,0xF8F8,0xF8F8,0xF8F8,0xF8F8,0xF8F8,0xF8F8,0x6C53,
  0x7494,0xF8F8,0xF8F8,0xF8F8,0xF8F8,0xF8F8,0xF8F8,0xF8F8,0x0862,0x4BB2,0x53F3,0x53D3,
  0x10E4,0xF8F8,0xF8F8,0xF8F8,0xF8F8,0xF8F8,0xF8F8,0xF8F8,0xF8F8,0xF8F8,0x0000,0x1988,
  0x94F5,0x8CF4,0x21A9,0x0000,0xF8F8,0xF8F8,0xF8F8,0xF8F8,0xF8F8,0xF8F8,0xF8F8,0xF8F8,
  0xF8F8,0x10C4,0x53D3,0x53F4,0x4B92,0x0041,0xF8F8,0xF8F8,0xF8F8,0xF8F8,0xF8F8,0xF8F8,
  0xF8F8,0x6C33,0x7494,0xF8F8,0xF8F8,0xF8F8,0xF8F8,0xF8F8,0xF8F8,0xF8F8,0xF8F8,0x1926,
  0x53D3,0x53F3,0x4B92,0x0020,0xF8F8,0xF8F8,0xF8F8,0xF8F8,0xF8F8,0xF8F8,0xF8F8,0xF8F8,
  0x0041,0x21A8,0x9D35,0x9536,0x2188,0x0021,0xF8F8,0xF8F8,0xF8F8,0xF8F8,0xF8F8,0xF8F8,
  0xF8F8,0xF8F8,0x0020,0x4B71,0x53D3,0x53D3,0x1926,0xF8F8,0xF8F8,0xF8F8,0xF8F8,0xF8F8,
  0xF8F8,0xF8F8,0xF8F8,0x6433,0x6C74,0xF8F8,0xF8F8,0xF8F8,0xF8F8,0xF8F8,0xF8F8,0xF8F8,
  0xF8F8,0xF8F8,0x21A8,0x53D3,0x4B71,0x0020,0xF8F8,0xF8F8,0xF8F8,0xF8F8,0xF8F8,0xF8F8,
  0xF8F8,0xF8F8,0x0882,0x322A,0x9D36,0x9D56,0x2A0A,0x0862,0xF8F8,0xF8F8,0xF8F8,0xF8F8,
  0xF8F8,0xF8F8,0xF8F8,0xF8F8,0x0000,0x4351,0x4BD3,0x21C9,0xF8F8,0xF8F8,0xF8F8,0xF8F8,
  0xF8F8,0xF8F8,0xF8F8,0xF8F8,0xF8F8,0x6C33,0x7474,0xF8F8,0xF8F8,0xF8F8,0xF8F8,0xF8F8,
  0xF8F8,0xF8F8,0xF8F8,0xF8F8,0xF8F8,0x10A3,0x0041,0xF8F8,0xF8F8,0xF8F8,0xF8F8,0xF8F8,
  0xF8F8,0xF8F8,0xF8F8,0xF8F8,0x10C4,0x42CC,0x9D56,0x9D35,0x428C,0x08A3,0xF8F8,0xF8F8,
  0xF8F8,0xF8F8,0xF8F8,0xF8F8,0xF8F8,0xF8F8,0xF8F8,0x0041,0x10A3,0xF8F8,0xF8F8,0xF8F8,
  0xF8F8,0xF8F8,0xF8F8,0xF8F8,0xF8F8,0xF8F8,0xF8F8,0x6C53,0x6C74,0xF8F8,0xF8F8,0xF8F8,
  0xF8F8,0xF8F8,0xF8F8,0xF8F8,0xF8F8,0xF8F8,0xF8F8,0xF8F8,0xF8F8,0xF8F8,0xF8F8,0xF8F8,
  0xF8F8,0xF8F8,0xF8F8,0xF8F8,0xF8F8,0xF8F8,0x10E5,0x5B4F,0x9D56,0x9D56,0x532E,0x1105,
  0xF8F8,0xF8F8,0x0000,0x0000,0x0000,0x0000,0x0000,0x0000,0xF8F8,0x0000,0x0000,0xF8F8,
  0x0000,0x0000,0xF8F8,0x0000,0xF8F8,0xF8F8,0xF8F8,0xF8F8,0xF8F8,0x7453,0x6C74,0xF8F8,
  0xF8F8,0xF8F8,0xF8F8,0xF8F8,0xF8F8,0xF8F8,0xF8F8,0xF8F8,0xF8F8,0xF8F8,0xF8F8,0xF8F8,
  0xF8F8,0xF8F8,0xF8F8,0xF8F8,0xF8F8,0xF8F8,0xF8F8,0xF8F8,0x1126,0x63B0,0x9D56,0x9D56,
  0x6BB0,0x1926,0xF8F8,0xF8F8,0x08C4,0x0041,0x0883,0x08A3,0x0882,0x10E4,0x0000,0x08A3,
  0x10E5,0x0041,0x1126,0x08A3,0xF8F8,0x08A3,0x0862,0x0041,0xF8F8,0xF8F8,0xF8F8,0x7453,
  0x6C73,0xF8F8,0xF8F8,0xF8F8,0xF8F8,0xF8F8,0xF8F8,0xF8F8,0xF8F8,0xF8F8,0xF8F8,0xF8F8,
  0xF8F8,0xF8F8,0xF8F8,0xF8F8,0xF8F8,0xF8F8,0xF8F8,0xF8F8,0xF8F8,0xF8F8,0x1947,0x6BF1,
  0x94F5,0x9515,0x7411,0x1967,0xF8F8,0x0042,0x10C4,0x0062,0x0041,0x08A4,0x0000,0x1105,
  0xF8F8,0x0883,0x10E5,0x08A3,0x08C4,0x08E4,0x0883,0x08C4,0x0041,0x0062,0xF8F8,0xF8F8,
  0xF8F8,0x7453,0x7474,0xF8F8,0xF8F8,0xF8F8,0xF8F8,0xF8F8,0xF8F8,0xF8F8,0xF8F8,0xF8F8,
  0xF8F8,0xF8F8,0xF8F8,0xF8F8,0xF8F8,0xF8F8,0xF8F8,0xF8F8,0xF8F8,0xF8F8,0xF8F8,0xF8F8,
  0x1946,0x2188,0x2188,0x21A9,0x21A9,0x1967,0xF8F8,0x0020,0x08A3,0x0882,0x08C4,0x08A3,
  0x0883,0x08C4,0x0000,0x0862,0x0862,0x08A3,0x08A3,0x08A3,0xF8F8,0x08A3,0x10E5,0x0042,
  0xF8F8,0xF8F8,0xF8F8,0x6C53,0x7494,0xF8F8,0xF8F8,0xF8F8,0xF8F8,0xF8F8,0xF8F8,0xF8F8,
  0xF8F8,0xF8F8,0xF8F8,0xF8F8,0xF8F8,0xF8F8,0xF8F8,0xF8F8,0xF8F8,0xF8F8,0xF8F8,0xF8F8,
  0xF8F8,0xF8F8,0x0000,0x0000,0x0020,0x0020,0x0020,0x0000,0xF8F8,0xF8F8,0xF8F8,0xF8F8,
  0xF8F8,0xF8F8,0xF8F8,0xF8F8,0xF8F8,0xF8F8,0xF8F8,0xF8F8,0xF8F8,0xF8F8,0xF8F8,0xF8F8,
  0xF8F8,0xF8F8,0xF8F8,0xF8F8,0xF8F8,0x6C53,0x7494,0xF8F8,0xF8F8,0xF8F8,0xF8F8,0xF8F8,
  0xF8F8,0xF8F8,0xF8F8,0xF8F8,0xF8F8,0xF8F8,0xF8F8,0xF8F8,0xF8F8,0xF8F8,0xF8F8,0xF8F8,
  0xF8F8,0xF8F8,0xF8F8,0xF8F8,0xF8F8,0xF8F8,0xF8F8,0xF8F8,0xF8F8,0xF8F8,0xF8F8,0xF8F8,
  0xF8F8,0xF8F8,0xF8F8,0xF8F8,0xF8F8,0xF8F8,0xF8F8,0xF8F8,0xF8F8,0xF8F8,0xF8F8,0xF8F8,
  0xF8F8,0xF8F8,0xF8F8,0xF8F8,0xF8F8,0xF8F8,0xF8F8,0x6C33,0x7494,0xF8F8,0xF8F8,0xF8F8,
  0xF8F8,0xF8F8,0xF8F8,0xF8F8,0xF8F8,0xF8F8,0xF8F8,0xF8F8,0xF8F8,0xF8F8,0xF8F8,0xF8F8,
  0xF8F8,0xF8F8,0xF8F8,0xF8F8,0xF8F8,0xF8F8,0xF8F8,0xF8F8,0xF8F8,0xF8F8,0xF8F8,0xF8F8,
  0xF8F8,0xF8F8,0xF8F8,0xF8F8,0xF8F8,0xF8F8,0xF8F8,0xF8F8,0xF8F8,0xF8F8,0xF8F8,0xF8F8,
  0xF8F8,0xF8F8,0xF8F8,0xF8F8,0xF8F8,0xF8F8,0xF8F8,0xF8F8,0xF8F8,0x6433,0x7494,0xF8F8,
  0xF8F8,0xF8F8,0xF8F8,0xF8F8,0xF8F8,0xF8F8,0xF8F8,0xF8F8,0xF8F8,0xF8F8,0xF8F8,0xF8F8,
  0xF8F8,0xF8F8,0xF8F8,0xF8F8,0xF8F8,0xF8F8,0xF8F8,0xF8F8,0xF8F8,0xF8F8,0xF8F8,0xF8F8,
  0xF8F8,0xF8F8,0xF8F8,0xF8F8,0xF8F8,0xF8F8,0xF8F8,0xF8F8,0xF8F8,0xF8F8,0xF8F8,0xF8F8,
  0xF8F8,0xF8F8,0xF8F8,0xF8F8,0xF8F8,0xF8F8,0xF8F8,0xF8F8,0xF8F8,0xF8F8,0xF8F8,0x6C33,
  0x7474,0xF8F8,0xF8F8,0xF8F8,0xF8F8,0xF8F8,0xF8F8,0xF8F8,0xF8F8,0xF8F8,0xF8F8,0xF8F8,
  0xF8F8,0xF8F8,0xF8F8,0xF8F8,0xF8F8,0xF8F8,0xF8F8,0xF8F8,0xF8F8,0xF8F8,0xF8F8,0xF8F8,
  0xF8F8,0xF8F8,0xF8F8,0xF8F8,0xF8F8,0xF8F8,0xF8F8,0xF8F8,0xF8F8,0xF8F8,0xF8F8,0xF8F8,
  0xF8F8,0xF8F8,0xF8F8,0xF8F8,0xF8F8,0xF8F8,0xF8F8,0xF8F8,0xF8F8,0xF8F8,0xF8F8,0xF8F8,
  0xF8F8,0x6C53,0x63D1,0x7494,0x7494,0x74B4,0x74B4,0x7CB5,0x7CD5,0x7CD5,0x7CB5,0x7CD5,
  0x7CB5,0x74B4,0x74B4,0x74B4,0x74B4,0x74B5,0x74B5,0x74B5,0x74B5,0x7CD5,0x7CB5,0x7CB4,
  0x7CB4,0x7CB4,0x7CB4,0x7CD5,0x7CB5,0x7CB4,0x7CB4,0x7CB5,0x7CB5,0x74B4,0x74B4,0x7494,
  0x7494,0x74B5,0x7CB4,0x7CB4,0x7CB4,0x74B4,0x74B4,0x74B4,0x74B4,0x7494,0x7494,0x74B4,
  0x74B4,0x7CD5,0x7CF5,0x63F1,
};

// 05_router_signal-removebg-preview (Custom)
const uint16_t wh_icon_04[2500] PROGMEM = {
  0x3229,0x63F1,0x5BB0,0x5B8F,0x5B8F,0x5B8F,0x5B8F,0x5BB0,0x5BB0,0x63B0,0x5BB0,0x5B8F,
  0x5B6F,0x5B6F,0x5B6F,0x5B6F,0x5B8F,0x538F,0x536F,0x536F,0x538F,0x5B90,0x5BB0,0x5BB0,
  0x63B0,0x5BB0,0x5B8F,0x5B6F,0x536E,0x5B6F,0x5B6F,0x5B8F,0x5B8F,0x5B8F,0x5B8F,0x5B8F,
  0x538F,0x536F,0x536F,0x5B8F,0x5BB0,0x5BB0,0x5BB0,0x5BB0,0x5BB0,0x5B8F,0x5B8F,0x5B8F,
  0x5B8F,0x3A29,0x7452,0x10A2,0x10A3,0x10A2,0x10A3,0x10A3,0x10C3,0x10C3,0x10C3,0x10C3,
  0x10A3,0x10A2,0x1082,0x0882,0x1082,0x1082,0x10A2,0x10A2,0x10A2,0x10A3,0x10A2,0x10A3,
  0x10A3,0x10A2,0x1082,0x1082,0x0882,0x0862,0x0861,0x0882,0x0882,0x10A2,0x10A3,0x10A2,
  0x10A2,0x10A3,0x10A2,0x10A2,0x10A2,0x10A2,0x10A2,0x10A3,0x10A3,0x10A2,0x10A3,0x10A2,
  0x10A2,0x10A2,0x10C3,0x6C32,0x6C32,0xF8F8,0xF8F8,0xF8F8,0xF8F8,0xF8F8,0xF8F8,0xF8F8,
  0xF8F8,0xF8F8,0xF8F8,0xF8F8,0xF8F8,0xF8F8,0xF8F8,0xF8F8,0xF8F8,0xF8F8,0xF8F8,0xF8F8,
  0xF8F8,0xF8F8,0xF8F8,0xF8F8,0xF8F8,0xF8F8,0xF8F8,0xF8F8,0xF8F8,0xF8F8,0xF8F8,0xF8F8,
  0xF8F8,0xF8F8,0xF8F8,0xF8F8,0xF8F8,0xF8F8,0xF8F8,0xF8F8,0xF8F8,0xF8F8,0xF8F8,0xF8F8,
  0xF8F8,0xF8F8,0xF8F8,0xF8F8,0xF8F8,0x6C32,0x6C52,0xF8F8,0xF8F8,0xF8F8,0xF8F8,0xF8F8,
  0xF8F8,0xF8F8,0xF8F8,0xF8F8,0xF8F8,0xF8F8,0xF8F8,0xF8F8,0xF8F8,0xF8F8,0xF8F8,0xF8F8,
  0xF8F8,0xF8F8,0xF8F8,0xF8F8,0xF8F8,0xF8F8,0xF8F8,0xF8F8,0xF8F8,0xF8F8,0xF8F8,0xF8F8,
  0xF8F8,0xF8F8,0xF8F8,0xF8F8,0xF8F8,0xF8F8,0xF8F8,0xF8F8,0xF8F8,0xF8F8,0xF8F8,0xF8F8,
  0xF8F8,0xF8F8,0xF8F8,0xF8F8,0xF8F8,0xF8F8,0xF8F8,0x6C12,0x6C32,0xF8F8,0xF8F8,0xF8F8,
  0xF8F8,0xF8F8,0xF8F8,0xF8F8,0xF8F8,0xF8F8,0xF8F8,0xF8F8,0xF8F8,0xF8F8,0xF8F8,0xF8F8,
  0xF8F8,0xF8F8,0xF8F8,0xF8F8,0xF8F8,0xF8F8,0xF8F8,0xF8F8,0xF8F8,0xF8F8,0xF8F8,0xF8F8,
  0xF8F8,0xF8F8,0xF8F8,0xF8F8,0xF8F8,0xF8F8,0xF8F8,0xF8F8,0xF8F8,0xF8F8,0xF8F8,0xF8F8,
  0xF8F8,0xF8F8,0xF8F8,0xF8F8,0xF8F8,0xF8F8,0xF8F8,0xF8F8,0xF8F8,0x6C32,0x6C32,0xF8F8,
  0xF8F8,0xF8F8,0xF8F8,0xF8F8,0xF8F8,0xF8F8,0xF8F8,0xF8F8,0xF8F8,0xF8F8,0xF8F8,0xF8F8,
  0xF8F8,0xF8F8,0xF8F8,0xF8F8,0xF8F8,0xF8F8,0xF8F8,0x10E4,0x29E9,0x3A8C,0x3ACE,0x3ACE,
  0x326C,0x29EA,0x1925,0x0020,0xF8F8,0xF8F8,0xF8F8,0xF8F8,0xF8F8,0xF8F8,0xF8F8,0xF8F8,
  0xF8F8,0xF8F8,0xF8F8,0xF8F8,0xF8F8,0xF8F8,0xF8F8,0xF8F8,0xF8F8,0xF8F8,0xF8F8,0x6C32,
  0x6C52,0xF8F8,0xF8F8,0xF8F8,0xF8F8,0xF8F8,0xF8F8,0xF8F8,0xF8F8,0xF8F8,0xF8F8,0xF8F8,
  0xF8F8,0xF8F8,0xF8F8,0xF8F8,0xF8F8,0xF8F8,0x0000,0x29C8,0x4B71,0x53F4,0x53F4,0x53B2,
  0x4B71,0x4350,0x4B92,0x4BD3,0x4BD3,0x4B92,0x324B,0x0862,0xF8F8,0xF8F8,0xF8F8,0xF8F8,
  0xF8F8,0xF8F8,0xF8F8,0xF8F8,0xF8F8,0xF8F8,0xF8F8,0xF8F8,0xF8F8,0xF8F8,0xF8F8,0xF8F8,
  0xF8F8,0x6C32,0x6C53,0xF8F8,0xF8F8,0xF8F8,0xF8F8,0xF8F8,0xF8F8,0xF8F8,0xF8F8,0xF8F8,
  0xF8F8,0xF8F8,0xF8F8,0xF8F8,0xF8F8,0xF8F8,0xF8F8,0x10C4,0x4330,0x4BD3,0x4330,0x21A8,
  0x0882,0xF8F8,0xF8F8,0xF8F8,0xF8F8,0x0861,0x1946,0x3ACE,0x53F4,0x53D3,0x21A8,0xF8F8,
  0xF8F8,0xF8F8,0xF8F8,0xF8F8,0xF8F8,0xF8F8,0xF8F8,0xF8F8,0xF8F8,0xF8F8,0xF8F8,0xF8F8,
  0xF8F8,0xF8F8,0xF8F8,0x6C32,0x6C52,0xF8F8,0xF8F8,0xF8F8,0xF8F8,0xF8F8,0xF8F8,0xF8F8,
  0xF8F8,0xF8F8,0xF8F8,0xF8F8,0xF8F8,0xF8F8,0xF8F8,0xF8F8,0x1966,0x4B92,0x4371,0x1967,
  0xF8F8,0xF8F8,0xF8F8,0x0882,0x10E4,0x10E4,0x10A3,0x0020,0xF8F8,0xF8F8,0x10C4,0x4330,
  0x53F4,0x324B,0xF8F8,0xF8F8,0xF8F8,0xF8F8,0xF8F8,0xF8F8,0xF8F8,0xF8F8,0xF8F8,0xF8F8,
  0xF8F8,0xF8F8,0xF8F8,0xF8F8,0xF8F8,0x6C12,0x7473,0xF8F8,0xF8F8,0xF8F8,0xF8F8,0xF8F8,
  0xF8F8,0xF8F8,0xF8F8,0xF8F8,0xF8F8,0xF8F8,0xF8F8,0xF8F8,0xF8F8,0x1946,0x53D3,0x430F,
  0x0862,0xF8F8,0x0882,0x324B,0x4B92,0x53F4,0x53F4,0x5414,0x5414,0x53F3,0x3AAD,0x10C4,
  0xF8F8,0x0000,0x326C,0x4BD3,0x322B,0xF8F8,0xF8F8,0xF8F8,0xF8F8,0xF8F8,0xF8F8,0xF8F8,
  0xF8F8,0xF8F8,0xF8F8,0xF8F8,0xF8F8,0xF8F8,0xF8F8,0x6C12,0x7494,0xF8F8,0xF8F8,0xF8F8,
  0xF8F8,0xF8F8,0xF8F8,0xF8F8,0xF8F8,0xF8F8,0xF8F8,0xF8F8,0xF8F8,0xF8F8,0x08A3,0x4BB3,
  0x4330,0x0041,0xF8F8,0x2187,0x4BB2,0x4BD3,0x3AAD,0x21A8,0x1925,0x1905,0x2187,0x3A8D,
  0x53D3,0x5414,0x3A6C,0x0020,0xF8F8,0x326C,0x4BB3,0x2187,0xF8F8,0xF8F8,0xF8F8,0xF8F8,
  0xF8F8,0xF8F8,0xF8F8,0xF8F8,0xF8F8,0xF8F8,0xF8F8,0xF8F8,0xF8F8,0x6412,0x7494,0xF8F8,
  0xF8F8,0xF8F8,0xF8F8,0xF8F8,0xF8F8,0xF8F8,0xF8F8,0xF8F8,0xF8F8,0xF8F8,0xF8F8,0xF8F8,
  0x42EF,0x4BB2,0x0882,0xF8F8,0x29E9,0x53F4,0x3AEE,0x0882,0xF8F8,0xF8F8,0xF8F8,0xF8F8,
  0xF8F8,0xF8F8,0x0841,0x3A6C,0x53F4,0x3AEE,0x0020,0x0020,0x430F,0x4B72,0x0861,0xF8F8,
  0xF8F8,0xF8F8,0xF8F8,0xF8F8,0xF8F8,0xF8F8,0xF8F8,0xF8F8,0xF8F8,0xF8F8,0xF8F8,0x6411,
  0x7CB4,0xF8F8,0xF8F8,0xF8F8,0xF8F8,0xF8F8,0xF8F8,0xF8F8,0xF8F8,0xF8F8,0xF8F8,0xF8F8,
  0xF8F8,0x1925,0x4BD3,0x21C9,0xF8F8,0x1966,0x5414,0x3ACD,0xF8F8,0xF8F8,0x1904,0x3AAD,
  0x5391,0x53B2,0x4B2E,0x2187,0xF8F8,0xF8F8,0x21A8,0x53D3,0x326C,0xF8F8,0x10E4,0x4BB3,
  0x322B,0xF8F8,0xF8F8,0xF8F8,0xF8F8,0xF8F8,0xF8F8,0xF8F8,0xF8F8,0xF8F8,0xF8F8,0xF8F8,
  0xF8F8,0x6412,0x7473,0xF8F8,0xF8F8,0xF8F8,0xF8F8,0xF8F8,0xF8F8,0xF8F8,0xF8F8,0xF8F8,
  0xF8F8,0xF8F8,0xF8F8,0x3AAD,0x4351,0x0020,0x0041,0x4BB2,0x4B70,0x0020,0xF8F8,0x42CD,
  0x6CD6,0x6C95,0x53B1,0x5370,0x6454,0x6CB6,0x5391,0x0862,0xF8F8,0x324B,0x53D3,0x1905,
  0xF8F8,0x3ACE,0x4BB2,0x0021,0xF8F8,0xF8F8,0xF8F8,0xF8F8,0xF8F8,0xF8F8,0xF8F8,0xF8F8,
  0xF8F8,0xF8F8,0xF8F8,0x6C12,0x7473,0xF8F8,0xF8F8,0xF8F8,0xF8F8,0xF8F8,0xF8F8,0xF8F8,
  0xF8F8,0xF8F8,0xF8F8,0xF8F8,0x0841,0x4BB2,0x2A0A,0xF8F8,0x21C8,0x4BD3,0x1105,0xF8F8,
  0x428C,0x74D7,0x4B0E,0x0841,0xF8F8,0xF8F8,0xF8F8,0x3209,0x6496,0x53B2,0xF8F8,0x0021,
  0x4B92,0x430F,0xF8F8,0x1946,0x53F4,0x2167,0xF8F8,0xF8F8,0xF8F8,0xF8F8,0xF8F8,0xF8F8,
  0xF8F8,0xF8F8,0xF8F8,0xF8F8,0xF8F8,0x6C32,0x6C53,0xF8F8,0xF8F8,0xF8F8,0xF8F8,0xF8F8,
  0xF8F8,0xF8F8,0xF8F8,0xF8F8,0xF8F8,0xF8F8,0x1925,0x4BD3,0x1905,0xF8F8,0x430F,0x4330,
  0xF8F8,0x10A3,0x6C96,0x4B2F,0xF8F8,0xF8F8,0x10E4,0x1905,0xF8F8,0xF8F8,0x29C8,0x6496,
  0x29E9,0xF8F8,0x322B,0x5414,0x0862,0x0041,0x53D3,0x324B,0xF8F8,0xF8F8,0xF8F8,0xF8F8,
  0xF8F8,0xF8F8,0xF8F8,0xF8F8,0xF8F8,0xF8F8,0xF8F8,0x6C32,0x6C53,0xF8F8,0xF8F8,0xF8F8,
  0xF8F8,0xF8F8,0xF8F8,0xF8F8,0xF8F8,0xF8F8,0xF8F8,0xF8F8,0x21A8,0x4BD3,0x0841,0xF8F8,
  0x4BB3,0x322B,0xF8F8,0x322A,0x6496,0x0882,0xF8F8,0x3A8D,0x53F4,0x5414,0x4330,0x0020,
  0xF8F8,0x53B1,0x53D1,0xF8F8,0x1925,0x5434,0x1946,0xF8F8,0x4B51,0x3AAE,0xF8F8,0xF8F8,
  0xF8F8,0xF8F8,0xF8F8,0xF8F8,0xF8F8,0xF8F8,0xF8F8,0xF8F8,0xF8F8,0x6C32,0x7473,0xF8F8,
  0xF8F8,0xF8F8,0xF8F8,0xF8F8,0xF8F8,0xF8F8,0xF8F8,0xF8F8,0xF8F8,0xF8F8,0x29EA,0x4BB2,
  0x0020,0x0041,0x53D3,0x29C9,0xF8F8,0x4B2F,0x6433,0xF8F8,0x08A3,0x4BD3,0x53F4,0x53F4,
  0x5414,0x2167,0xF8F8,0x42AC,0x6C74,0xF8F8,0x0882,0x53F4,0x2187,0xF8F8,0x3AEF,0x3AEF,
  0xF8F8,0xF8F8,0xF8F8,0xF8F8,0xF8F8,0xF8F8,0xF8F8,0xF8F8,0xF8F8,0xF8F8,0xF8F8,0x6C32,
  0x7473,0xF8F8,0xF8F8,0xF8F8,0xF8F8,0xF8F8,0xF8F8,0xF8F8,0xF8F8,0xF8F8,0xF8F8,0xF8F8,
  0x29E9,0x4B92,0x0041,0x0041,0x53D3,0x29E9,0xF8F8,0x4B2F,0x6434,0xF8F8,0x10A3,0x53F4,
  0x53F4,0x53F4,0x53F4,0x2187,0xF8F8,0x42AC,0x6C75,0xF8F8,0x0882,0x53D4,0x2187,0xF8F8,
  0x3AEF,0x3ACF,0xF8F8,0xF8F8,0xF8F8,0xF8F8,0xF8F8,0xF8F8,0xF8F8,0xF8F8,0xF8F8,0xF8F8,
  0xF8F8,0x6C32,0x7CB4,0xF8F8,0xF8F8,0xF8F8,0xF8F8,0xF8F8,0xF8F8,0xF8F8,0xF8F8,0xF8F8,
  0xF8F8,0xF8F8,0x2188,0x4BB3,0x08A3,0x0000,0x53D3,0x326C,0xF8F8,0x3A6B,0x6CB6,0x10A3,
  0xF8F8,0x3ACD,0x5414,0x53F4,0x4B71,0x0041,0xF8F8,0x53B1,0x5BB1,0xF8F8,0x10E4,0x4BD3,
  0x1926,0xF8F8,0x4330,0x328D,0xF8F8,0xF8F8,0xF8F8,0xF8F8,0xF8F8,0xF8F8,0xF8F8,0xF8F8,
  0xF8F8,0xF8F8,0xF8F8,0x6C32,0x74B4,0xF8F8,0xF8F8,0xF8F8,0xF8F8,0xF8F8,0xF8F8,0xF8F8,
  0xF8F8,0xF8F8,0xF8F8,0xF8F8,0x1105,0x53D3,0x1946,0xF8F8,0x4B30,0x4B71,0xF8F8,0x10C3,
  0x6C96,0x5390,0xF8F8,0xF8F8,0x1905,0x1946,0x0041,0xF8F8,0x2187,0x6476,0x29E9,0xF8F8,
  0x2A0A,0x4BB3,0x0861,0x0041,0x4B92,0x2A0A,0xF8F8,0xF8F8,0xF8F8,0xF8F8,0xF8F8,0xF8F8,
  0xF8F8,0xF8F8,0xF8F8,0xF8F8,0xF8F8,0x6432,0x74B4,0xF8F8,0xF8F8,0xF8F8,0xF8F8,0xF8F8,
  0xF8F8,0xF8F8,0x0883,0x1947,0x1967,0x0862,0x0021,0x4BB3,0x328C,0xF8F8,0x29C9,0x53D3,
  0x1926,0xF8F8,0x3A6B,0x6C95,0x0882,0xF8F8,0xF8F8,0xF8F8,0xF8F8,0xF8F8,0x5391,0x5391,
  0x0020,0x0021,0x4B71,0x3ACE,0xF8F8,0x1946,0x53D3,0x1925,0x0000,0x1967,0x1967,0x10C4,
  0xF8F8,0xF8F8,0xF8F8,0xF8F8,0xF8F8,0xF8F8,0xF8F8,0x6412,0x74B4,0xF8F8,0xF8F8,0xF8F8,
  0xF8F8,0xF8F8,0xF8F8,0x0882,0x21CA,0x5B6F,0x8472,0x52AB,0xF8F8,0x3AAD,0x4BB2,0x0041,
  0x0041,0x4B92,0x4B71,0x0841,0xF8F8,0x0020,0xF8F8,0xF8F8,0xF8F8,0xF8F8,0xF8F8,0xF8F8,
  0x0041,0x0020,0xF8F8,0x324C,0x4BD3,0x1905,0xF8F8,0x3ACE,0x4B92,0x0020,0x2125,0x638F,
  0x534E,0x29EA,0x10E5,0xF8F8,0xF8F8,0xF8F8,0xF8F8,0xF8F8,0xF8F8,0x6412,0x7473,0xF8F8,
  0xF8F8,0xF8F8,0xF8F8,0xF8F8,0xF8F8,0x1926,0x4AED,0xCE7A,0xBE18,0x9D35,0x0020,0x1905,
  0x4BB3,0x2A0A,0xF8F8,0x1946,0x53F4,0x3A8C,0xF8F8,0xF8F8,0xF8F8,0xF8F8,0xF8F8,0xF8F8,
  0xF8F8,0xF8F8,0xF8F8,0xF8F8,0x1925,0x53F4,0x3A8C,0xF8F8,0x10E4,0x4BB2,0x2A0A,0xF8F8,
  0x6B8E,0x9535,0x9D35,0x5B6F,0x21A8,0xF8F8,0xF8F8,0xF8F8,0xF8F8,0xF8F8,0xF8F8,0x6C12,
  0x7453,0xF8F8,0xF8F8,0xF8F8,0xF8F8,0xF8F8,0xF8F8,0x1926,0x5B6F,0xC639,0x9D55,0x9D35,
  0x4249,0xF8F8,0x3AAD,0x4B92,0x10E4,0xF8F8,0x2166,0x1925,0xF8F8,0xF8F8,0xF8F8,0xF8F8,
  0xF8F8,0xF8F8,0xF8F8,0xF8F8,0xF8F8,0xF8F8,0x0882,0x29C8,0xF8F8,0x0021,0x430F,0x4351,
  0x0041,0x18E4,0x9515,0x9D35,0x9D35,0x63B0,0x21A8,0xF8F8,0xF8F8,0xF8F8,0xF8F8,0xF8F8,
  0xF8F8,0x6C32,0x6C53,0xF8F8,0xF8F8,0xF8F8,0xF8F8,0xF8F8,0xF8F8,0x1926,0x5B4E,0xBE18,
  0x9D35,0x9535,0x84B3,0x0841,0x0882,0x4B92,0x4B91,0x0861,0xF8F8,0xF8F8,0xF8F8,0xF8F8,
  0xF8F8,0xF8F8,0xF8F8,0xF8F8,0xF8F8,0xF8F8,0xF8F8,0xF8F8,0xF8F8,0xF8F8,0xF8F8,0x3AAD,
  0x4BB3,0x1946,0xF8F8,0x6BCF,0x9D35,0x9D35,0x9535,0x638F,0x1968,0xF8F8,0xF8F8,0xF8F8,
  0xF8F8,0xF8F8,0xF8F8,0x6C32,0x6C73,0xF8F8,0xF8F8,0xF8F8,0xF8F8,0xF8F8,0xF8F8,0x1926,
  0x5B4E,0xB5F8,0x9535,0x9535,0x9515,0x634E,0xF8F8,0x1905,0x4B51,0x10A3,0xF8F8,0xF8F8,
  0xF8F8,0xF8F8,0xF8F8,0xF8F8,0xF8F8,0xF8F8,0xF8F8,0xF8F8,0xF8F8,0xF8F8,0xF8F8,0xF8F8,
  0xF8F8,0x42EE,0x21C8,0xF8F8,0x4229,0x9D35,0x9D35,0x9D35,0x9535,0x5B8F,0x1967,0xF8F8,
  0xF8F8,0xF8F8,0xF8F8,0xF8F8,0xF8F8,0x6C32,0x7453,0xF8F8,0xF8F8,0xF8F8,0xF8F8,0xF8F8,
  0xF8F8,0x1926,0x5B4E,0xB5D8,0x9515,0x9515,0x9535,0x9D35,0x4A8A,0xF8F8,0xF8F8,0xF8F8,
  0xF8F8,0xF8F8,0xF8F8,0xF8F8,0xF8F8,0xF8F8,0xF8F8,0xF8F8,0xF8F8,0xF8F8,0xF8F8,0xF8F8,
  0xF8F8,0xF8F8,0xF8F8,0xF8F8,0xF8F8,0x2965,0x9515,0x9D35,0x9D35,0x9535,0x9515,0x638F,
  0x1967,0xF8F8,0xF8F8,0xF8F8,0xF8F8,0xF8F8,0xF8F8,0x6C32,0x7453,0xF8F8,0xF8F8,0xF8F8,
  0xF8F8,0xF8F8,0xF8F8,0x1926,0x5B4E,0xB5F8,0x9515,0x9535,0x9535,0x9D35,0x9D35,0x4A8A,
  0xF8F8,0xF8F8,0xF8F8,0xF8F8,0xF8F8,0xF8F8,0xF8F8,0xF8F8,0xF8F8,0xF8F8,0xF8F8,0xF8F8,
  0xF8F8,0xF8F8,0xF8F8,0xF8F8,0xF8F8,0xF8F8,0x2966,0x94F4,0x9D36,0x9D35,0x9D35,0x9535,
  0x9515,0x638F,0x1967,0xF8F8,0xF8F8,0xF8F8,0xF8F8,0xF8F8,0xF8F8,0x6C32,0x7C94,0xF8F8,
  0xF8F8,0xF8F8,0xF8F8,0xF8F8,0xF8F8,0x1926,0x5B4F,0xB5F8,0x9535,0x9D35,0x9D35,0x9D35,
  0x9535,0x9515,0x634E,0x0841,0xF8F8,0xF8F8,0xF8F8,0xF8F8,0xF8F8,0xF8F8,0xF8F8,0xF8F8,
  0xF8F8,0xF8F8,0xF8F8,0xF8F8,0xF8F8,0xF8F8,0xF8F8,0x4A6A,0x94F5,0x9515,0x9D35,0x9D35,
  0x9D35,0x9D35,0x9D35,0x6390,0x1988,0xF8F8,0xF8F8,0xF8F8,0xF8F8,0xF8F8,0xF8F8,0x6C32,
  0x7C94,0xF8F8,0xF8F8,0xF8F8,0xF8F8,0xF8F8,0xF8F8,0x1926,0x5B4F,0xBDF8,0x9535,0x9535,
  0x9535,0x9535,0x9535,0x9515,0x9515,0x8493,0x3A08,0x0020,0xF8F8,0xF8F8,0xF8F8,0xF8F8,
  0xF8F8,0xF8F8,0xF8F8,0xF8F8,0xF8F8,0xF8F8,0xF8F8,0x2965,0x7C31,0x9535,0x9515,0x9535,
  0x9535,0x9535,0x9535,0x9D35,0x9D35,0x63B0,0x21A8,0xF8F8,0xF8F8,0xF8F8,0xF8F8,0xF8F8,
  0xF8F8,0x6C32,0x7494,0xF8F8,0xF8F8,0xF8F8,0xF8F8,0xF8F8,0xF8F8,0x1946,0x5B4F,0xBDF8,
  0x9535,0x9535,0x9515,0x9535,0x9535,0x9535,0x9535,0x9535,0x9D35,0x8CB3,0x52CB,0x2145,
  0x0841,0xF8F8,0xF8F8,0xF8F8,0xF8F8,0xF8F8,0x18E4,0x4A6A,0x7C52,0x9D35,0x9D35,0x9D35,
  0x9D35,0x9535,0x9535,0x9535,0x9535,0x9D35,0x9D35,0x63B0,0x21A8,0xF8F8,0xF8F8,0xF8F8,
  0xF8F8,0xF8F8,0xF8F8,0x6C32,0x7494,0xF8F8,0xF8F8,0xF8F8,0xF8F8,0xF8F8,0xF8F8,0x1946,
  0x5B4F,0xB5F8,0x9535,0x9515,0x9515,0x9535,0x9535,0x9535,0x9535,0x9535,0x9535,0x9535,
  0x9535,0x9515,0x94F4,0x8492,0x7C31,0x7C11,0x8452,0x94F4,0x9D35,0x9D35,0x9D35,0x9D35,
  0x9D35,0x9535,0x9535,0x9D35,0x9535,0x9535,0x9535,0x9535,0x9D35,0x63B0,0x21A8,0xF8F8,
  0xF8F8,0xF8F8,0xF8F8,0xF8F8,0xF8F8,0x6C32,0x7473,0xF8F8,0xF8F8,0xF8F8,0xF8F8,0xF8F8,
  0xF8F8,0x1926,0x5B4F,0xB5F8,0x9515,0x9535,0x9535,0x9535,0x9535,0x9535,0x9535,0x9535,
  0x9535,0x9535,0x9535,0x9535,0x9535,0x9535,0x9535,0x9535,0x9535,0x9535,0x9535,0x9D35,
  0x9535,0x9535,0x9535,0x9D35,0x9D35,0x9D35,0x9535,0x9535,0x9515,0x9535,0x9535,0x63B0,
  0x21A8,0xF8F8,0xF8F8,0xF8F8,0xF8F8,0xF8F8,0xF8F8,0x6C32,0x6C32,0xF8F8,0xF8F8,0xF8F8,
  0xF8F8,0xF8F8,0xF8F8,0x1126,0x5B4F,0xBDF8,0x9D35,0x9D35,0x9535,0x9D35,0x9D35,0x9D35,
  0x9D35,0x9D35,0x9D35,0x9D35,0x9D35,0x9D35,0x9D35,0x9D35,0x9D35,0x9D35,0x9535,0x9535,
  0x9535,0x9535,0x9535,0x9535,0x9D35,0x9D35,0x9535,0x9D35,0x9D35,0x9D35,0x9D35,0x9D35,
  0x9535,0x638F,0x1988,0xF8F8,0xF8F8,0xF8F8,0xF8F8,0xF8F8,0xF8F8,0x6C32,0x63F1,0xF8F8,
  0xF8F8,0xF8F8,0xF8F8,0xF8F8,0xF8F8,0x1126,0x5B4F,0xBDF8,0x9D35,0x9535,0x9535,0x9535,
  0x9D35,0x9D35,0x9535,0x9535,0x9535,0x9535,0x9535,0x9535,0x9535,0x9535,0x9535,0x9535,
  0x9535,0x9535,0x9535,0x9535,0x9535,0x9535,0x9535,0x9535,0x9535,0x9535,0x9535,0x9D35,
  0x9D35,0x9D35,0x9535,0x5B6F,0x1967,0xF8F8,0xF8F8,0xF8F8,0xF8F8,0xF8F8,0xF8F8,0x7452,
  0x6C32,0xF8F8,0xF8F8,0xF8F8,0xF8F8,0xF8F8,0xF8F8,0x1926,0x21A9,0x29C9,0x21C9,0x21C9,
  0x21C9,0x21C9,0x21C9,0x21C9,0x21C9,0x21C9,0x21C9,0x21C9,0x21C9,0x21C9,0x21C9,0x21C9,
  0x21C9,0x21C9,0x21C9,0x21C9,0x21C9,0x21C9,0x21C9,0x21C9,0x21C9,0x21C9,0x21C9,0x21C9,
  0x21C9,0x21C9,0x21C9,0x21C9,0x21C9,0x21A8,0x1967,0xF8F8,0xF8F8,0xF8F8,0xF8F8,0xF8F8,
  0xF8F8,0x7452,0x7473,0xF8F8,0xF8F8,0xF8F8,0xF8F8,0xF8F8,0xF8F8,0x1926,0x21A9,0x21A9,
  0x21A9,0x21A9,0x21C9,0x21C9,0x21A9,0x21A9,0x21A9,0x21A9,0x21A9,0x21A9,0x21A9,0x21A9,
  0x21A9,0x21A9,0x21A9,0x21A9,0x21A9,0x21A9,0x21A9,0x21A9,0x21A9,0x21A9,0x21A9,0x21A9,
  0x21A9,0x21A9,0x21C9,0x21A9,0x21A9,0x21A9,0x21A9,0x21A9,0x1988,0xF8F8,0xF8F8,0xF8F8,
  0xF8F8,0xF8F8,0xF8F8,0x6C32,0x7473,0xF8F8,0xF8F8,0xF8F8,0xF8F8,0xF8F8,0xF8F8,0x1946,
  0x21C9,0x21A9,0x21A9,0x21A9,0x21A9,0x21A9,0x21A9,0x21A9,0x21A9,0x21A9,0x21A9,0x21A9,
  0x21A9,0x21A9,0x21A9,0x21A9,0x21A9,0x21A9,0x21A9,0x21A9,0x21A9,0x21A9,0x21A9,0x21A9,
  0x21A9,0x21A9,0x21A9,0x21A9,0x21A9,0x21A9,0x21A9,0x21A9,0x21A9,0x21C9,0x21A8,0xF8F8,
  0xF8F8,0xF8F8,0xF8F8,0xF8F8,0xF8F8,0x6C32,0x7494,0xF8F8,0xF8F8,0xF8F8,0xF8F8,0xF8F8,
  0xF8F8,0x1926,0x21C9,0x21C9,0x21C9,0x21A9,0x21A9,0x21A9,0x21A9,0x21A9,0x21A9,0x21A9,
  0x21A9,0x21A9,0x21A9,0x21A9,0x21A9,0x21A9,0x21A9,0x21A9,0x21A9,0x21A9,0x21A9,0x21A9,
  0x21A9,0x21A9,0x21A9,0x21A9,0x21A9,0x21A9,0x21A9,0x21A9,0x21A9,0x21A9,0x21C9,0x21C9,
  0x21A8,0xF8F8,0xF8F8,0xF8F8,0xF8F8,0xF8F8,0xF8F8,0x6C32,0x7494,0xF8F8,0xF8F8,0xF8F8,
  0xF8F8,0xF8F8,0xF8F8,0x1926,0x5B4F,0xADB7,0x8CD4,0x8CB4,0x8CB4,0x8CB4,0x8CB4,0x8CB4,
  0x8CB4,0x8CB4,0x8CB4,0x8CB4,0x8CB3,0x8CB4,0x8CB3,0x8CB3,0x8CB3,0x8CB3,0x84B3,0x84B3,
  0x8CB3,0x8CB4,0x8CB4,0x8CB3,0x8CB3,0x8CB3,0x8CB3,0x8CB4,0x8CB4,0x8CB4,0x8CB4,0x8CB4,
  0x8CD4,0x6390,0x21A9,0xF8F8,0xF8F8,0xF8F8,0xF8F8,0xF8F8,0xF8F8,0x6C32,0x7494,0xF8F8,
  0xF8F8,0xF8F8,0xF8F8,0xF8F8,0xF8F8,0x1926,0x5B4F,0xCE7A,0x9D56,0x9D36,0x9D36,0x9D35,
  0x9D35,0x9D35,0x9D35,0x9D35,0x9D35,0x9D35,0x9D35,0x9D36,0x9D35,0x9D35,0x9D35,0x9D35,
  0x9D35,0x9D35,0x9D35,0x9D36,0x9D35,0x9D35,0x9D35,0x9D35,0x9D35,0x9D35,0x9D36,0x9D36,
  0x9D36,0x9D56,0xA556,0x63B0,0x2188,0xF8F8,0xF8F8,0xF8F8,0xF8F8,0xF8F8,0xF8F8,0x6C32,
  0x7494,0xF8F8,0xF8F8,0xF8F8,0xF8F8,0xF8F8,0xF8F8,0x10A3,0x21C9,0x6BF1,0x7411,0x73F1,
  0x73F1,0x73F1,0x7411,0x7411,0x7411,0x7411,0x73F1,0x7411,0x73F1,0x73F1,0x73F1,0x73F1,
  0x73F1,0x7411,0x7411,0x7411,0x7411,0x7411,0x7411,0x7411,0x7411,0x7411,0x73F1,0x73F1,
  0x73F1,0x73F1,0x73F1,0x73F1,0x6BB0,0x29EA,0x1105,0xF8F8,0xF8F8,0xF8F8,0xF8F8,0xF8F8,
  0xF8F8,0x6C32,0x6C53,0xF8F8,0xF8F8,0xF8F8,0xF8F8,0xF8F8,0xF8F8,0xF8F8,0x10C4,0x1967,
  0x1968,0x1988,0x2188,0x21A8,0x21A8,0x21A8,0x2188,0x2188,0x2188,0x1988,0x1988,0x1968,
  0x1967,0x1967,0x1988,0x1988,0x2188,0x2188,0x21A8,0x21A8,0x21A8,0x21A8,0x21A8,0x21A8,
  0x21A8,0x21A9,0x21A8,0x21A8,0x1988,0x1967,0x1967,0x1105,0x0000,0xF8F8,0xF8F8,0xF8F8,
  0xF8F8,0xF8F8,0xF8F8,0x6C32,0x6C32,0xF8F8,0xF8F8,0xF8F8,0xF8F8,0xF8F8,0xF8F8,0xF8F8,
  0xF8F8,0xF8F8,0xF8F8,0xF8F8,0xF8F8,0xF8F8,0xF8F8,0xF8F8,0xF8F8,0xF8F8,0xF8F8,0xF8F8,
  0xF8F8,0xF8F8,0xF8F8,0xF8F8,0xF8F8,0xF8F8,0xF8F8,0xF8F8,0xF8F8,0xF8F8,0xF8F8,0xF8F8,
  0xF8F8,0xF8F8,0xF8F8,0xF8F8,0xF8F8,0xF8F8,0xF8F8,0xF8F8,0xF8F8,0xF8F8,0xF8F8,0xF8F8,
  0xF8F8,0xF8F8,0xF8F8,0xF8F8,0xF8F8,0x6C32,0x6C32,0xF8F8,0xF8F8,0xF8F8,0xF8F8,0xF8F8,
  0xF8F8,0xF8F8,0xF8F8,0xF8F8,0xF8F8,0xF8F8,0xF8F8,0xF8F8,0xF8F8,0xF8F8,0xF8F8,0xF8F8,
  0xF8F8,0xF8F8,0xF8F8,0xF8F8,0xF8F8,0xF8F8,0xF8F8,0xF8F8,0xF8F8,0xF8F8,0xF8F8,0xF8F8,
  0xF8F8,0xF8F8,0xF8F8,0xF8F8,0xF8F8,0xF8F8,0xF8F8,0xF8F8,0xF8F8,0xF8F8,0xF8F8,0xF8F8,
  0xF8F8,0xF8F8,0xF8F8,0xF8F8,0xF8F8,0xF8F8,0xF8F8,0x7452,0x6C32,0xF8F8,0xF8F8,0xF8F8,
  0xF8F8,0xF8F8,0xF8F8,0xF8F8,0xF8F8,0xF8F8,0xF8F8,0xF8F8,0xF8F8,0xF8F8,0xF8F8,0xF8F8,
  0xF8F8,0xF8F8,0xF8F8,0xF8F8,0xF8F8,0xF8F8,0xF8F8,0xF8F8,0xF8F8,0xF8F8,0xF8F8,0xF8F8,
  0xF8F8,0xF8F8,0xF8F8,0xF8F8,0xF8F8,0xF8F8,0xF8F8,0xF8F8,0xF8F8,0xF8F8,0xF8F8,0xF8F8,
  0xF8F8,0xF8F8,0xF8F8,0xF8F8,0xF8F8,0xF8F8,0xF8F8,0xF8F8,0xF8F8,0x7452,0x6C52,0xF8F8,
  0xF8F8,0xF8F8,0xF8F8,0xF8F8,0xF8F8,0xF8F8,0xF8F8,0xF8F8,0xF8F8,0xF8F8,0xF8F8,0xF8F8,
  0xF8F8,0xF8F8,0xF8F8,0xF8F8,0xF8F8,0xF8F8,0xF8F8,0xF8F8,0xF8F8,0xF8F8,0xF8F8,0xF8F8,
  0xF8F8,0xF8F8,0xF8F8,0xF8F8,0xF8F8,0xF8F8,0xF8F8,0xF8F8,0xF8F8,0xF8F8,0xF8F8,0xF8F8,
  0xF8F8,0xF8F8,0xF8F8,0xF8F8,0xF8F8,0xF8F8,0xF8F8,0xF8F8,0xF8F8,0xF8F8,0xF8F8,0x6C32,
  0x7473,0xF8F8,0xF8F8,0xF8F8,0xF8F8,0xF8F8,0xF8F8,0xF8F8,0xF8F8,0xF8F8,0xF8F8,0xF8F8,
  0xF8F8,0xF8F8,0xF8F8,0xF8F8,0xF8F8,0xF8F8,0xF8F8,0xF8F8,0xF8F8,0xF8F8,0xF8F8,0xF8F8,
  0xF8F8,0xF8F8,0xF8F8,0xF8F8,0xF8F8,0xF8F8,0xF8F8,0xF8F8,0xF8F8,0xF8F8,0xF8F8,0xF8F8,
  0xF8F8,0xF8F8,0xF8F8,0xF8F8,0xF8F8,0xF8F8,0xF8F8,0xF8F8,0xF8F8,0xF8F8,0xF8F8,0xF8F8,
  0xF8F8,0x6C32,0x63F1,0x7494,0x7473,0x7473,0x7473,0x7473,0x7C94,0x7C93,0x7494,0x7473,
  0x7473,0x6C73,0x6C73,0x7473,0x7473,0x7473,0x7473,0x7493,0x7473,0x7473,0x7473,0x7473,
  0x7473,0x7473,0x7453,0x7473,0x7473,0x7473,0x7473,0x7473,0x7473,0x7493,0x7473,0x7473,
  0x7473,0x6C73,0x6C73,0x7473,0x7473,0x7494,0x7494,0x7C94,0x7493,0x7473,0x7473,0x7453,
  0x7473,0x7474,0x6C73,0x4B0D,
};

// 06_radar_shield-removebg-preview (Custom)
const uint16_t wh_icon_05[2500] PROGMEM = {
  0xF8F8,0xF8F8,0xF8F8,0xF8F8,0xF8F8,0xF8F8,0xF8F8,0xF8F8,0xF8F8,0xF8F8,0xF8F8,0xF8F8,
  0xF8F8,0xF8F8,0xF8F8,0xF8F8,0xF8F8,0xF8F8,0xF8F8,0xF8F8,0xF8F8,0xF8F8,0xF8F8,0xF8F8,
  0xF8F8,0xF8F8,0xF8F8,0xF8F8,0xF8F8,0xF8F8,0xF8F8,0xF8F8,0xF8F8,0xF8F8,0xF8F8,0xF8F8,
  0xF8F8,0xF8F8,0xF8F8,0xF8F8,0xF8F8,0xF8F8,0xF8F8,0xF8F8,0xF8F8,0xF8F8,0xF8F8,0xF8F8,
  0xF8F8,0xF8F8,0xF8F8,0xF8F8,0xF8F8,0xF8F8,0xF8F8,0xF8F8,0xF8F8,0xF8F8,0xF8F8,0xF8F8,
  0xF8F8,0xF8F8,0xF8F8,0xF8F8,0xF8F8,0xF8F8,0xF8F8,0xF8F8,0xF8F8,0xF8F8,0xF8F8,0xF8F8,
  0xF8F8,0xF8F8,0xF8F8,0xF8F8,0xF8F8,0xF8F8,0xF8F8,0xF8F8,0xF8F8,0xF8F8,0xF8F8,0xF8F8,
  0xF8F8,0xF8F8,0xF8F8,0xF8F8,0xF8F8,0xF8F8,0xF8F8,0xF8F8,0xF8F8,0xF8F8,0xF8F8,0xF8F8,
  0xF8F8,0xF8F8,0xF8F8,0xF8F8,0xF8F8,0xF8F8,0xF8F8,0xF8F8,0xF8F8,0xF8F8,0xF8F8,0xF8F8,
  0xF8F8,0xF8F8,0xF8F8,0xF8F8,0xF8F8,0xF8F8,0xF8F8,0xF8F8,0xF8F8,0xF8F8,0xF8F8,0xF8F8,
  0xF8F8,0xF8F8,0xF8F8,0xF8F8,0xF8F8,0xF8F8,0xF8F8,0xF8F8,0xF8F8,0xF8F8,0xF8F8,0xF8F8,
  0xF8F8,0xF8F8,0xF8F8,0xF8F8,0xF8F8,0xF8F8,0xF8F8,0xF8F8,0xF8F8,0xF8F8,0xF8F8,0xF8F8,
  0xF8F8,0xF8F8,0xF8F8,0xF8F8,0xF8F8,0xF8F8,0xF8F8,0xF8F8,0xF8F8,0xF8F8,0xF8F8,0xF8F8,
  0xF8F8,0xF8F8,0xF8F8,0xF8F8,0xF8F8,0xF8F8,0xF8F8,0xF8F8,0xF8F8,0xF8F8,0xF8F8,0xF8F8,
  0xF8F8,0xF8F8,0xF8F8,0xF8F8,0xF8F8,0xF8F8,0xF8F8,0xF8F8,0xF8F8,0xF8F8,0xF8F8,0xF8F8,
  0xF8F8,0xF8F8,0xF8F8,0xF8F8,0xF8F8,0xF8F8,0xF8F8,0xF8F8,0xF8F8,0xF8F8,0xF8F8,0xF8F8,
  0xF8F8,0xF8F8,0xF8F8,0xF8F8,0xF8F8,0xF8F8,0xF8F8,0xF8F8,0xF8F8,0xF8F8,0xF8F8,0xF8F8,
  0xF8F8,0xF8F8,0xF8F8,0xF8F8,0xF8F8,0xF8F8,0xF8F8,0xF8F8,0xF8F8,0xF8F8,0xF8F8,0xF8F8,
  0xF8F8,0xF8F8,0xF8F8,0xF8F8,0xF8F8,0xF8F8,0xF8F8,0xF8F8,0xF8F8,0xF8F8,0xF8F8,0xF8F8,
  0xF8F8,0xF8F8,0xF8F8,0xF8F8,0xF8F8,0xF8F8,0xF8F8,0xF8F8,0xF8F8,0xF8F8,0xF8F8,0xF8F8,
  0xF8F8,0xF8F8,0xF8F8,0xF8F8,0xF8F8,0xF8F8,0xF8F8,0xF8F8,0xF8F8,0xF8F8,0xF8F8,0xF8F8,
  0xF8F8,0xF8F8,0xF8F8,0xF8F8,0xF8F8,0xF8F8,0xF8F8,0xF8F8,0xF8F8,0xF8F8,0xF8F8,0xF8F8,
  0xF8F8,0xF8F8,0xF8F8,0xF8F8,0xF8F8,0x0020,0x0882,0x10E4,0x1925,0x1926,0x1926,0x1946,
  0x1925,0x10E4,0x0883,0x0020,0xF8F8,0xF8F8,0xF8F8,0xF8F8,0xF8F8,0xF8F8,0xF8F8,0xF8F8,
  0xF8F8,0xF8F8,0xF8F8,0xF8F8,0xF8F8,0xF8F8,0xF8F8,0xF8F8,0xF8F8,0xF8F8,0xF8F8,0xF8F8,
  0xF8F8,0xF8F8,0xF8F8,0xF8F8,0xF8F8,0xF8F8,0xF8F8,0xF8F8,0xF8F8,0xF8F8,0xF8F8,0xF8F8,
  0xF8F8,0xF8F8,0xF8F8,0xF8F8,0x0000,0x10A3,0x1947,0x2188,0x21C9,0x326B,0x42ED,0x4B2F,
  0x4B4F,0x4B4F,0x430E,0x3A8C,0x21E9,0x1988,0x1926,0x0883,0x0000,0xF8F8,0xF8F8,0xF8F8,
  0xF8F8,0xF8F8,0xF8F8,0xF8F8,0xF8F8,0xF8F8,0xF8F8,0xF8F8,0xF8F8,0xF8F8,0xF8F8,0xF8F8,
  0xF8F8,0xF8F8,0xF8F8,0xF8F8,0xF8F8,0xF8F8,0xF8F8,0xF8F8,0xF8F8,0xF8F8,0xF8F8,0xF8F8,
  0xF8F8,0xF8F8,0xF8F8,0xF8F8,0xF8F8,0x10C4,0x21A8,0x2A0A,0x430E,0x53D1,0x6453,0x6473,
  0x6474,0x6C94,0x7516,0x6CD5,0x6CD5,0x6CF6,0x74F6,0x6473,0x4B4F,0x2A0A,0x2188,0x08A3,
  0xF8F8,0xF8F8,0xF8F8,0xF8F8,0xF8F8,0xF8F8,0xF8F8,0xF8F8,0xF8F8,0xF8F8,0xF8F8,0xF8F8,
  0xF8F8,0xF8F8,0xF8F8,0xF8F8,0xF8F8,0xF8F8,0xF8F8,0xF8F8,0xF8F8,0xF8F8,0xF8F8,0xF8F8,
  0xF8F8,0xF8F8,0xF8F8,0xF8F8,0xF8F8,0x0021,0x1946,0x21C9,0x430E,0x5C12,0x5C33,0x5C53,
  0x6453,0x6474,0x6474,0x6CB5,0x8E5B,0x6CB5,0x6CD5,0x74F6,0x7516,0x7D36,0x7D57,0x7D57,
  0x53D1,0x29E9,0x1926,0x0021,0xF8F8,0xF8F8,0xF8F8,0xF8F8,0xF8F8,0xF8F8,0xF8F8,0xF8F8,
  0xF8F8,0xF8F8,0xF8F8,0xF8F8,0xF8F8,0xF8F8,0xF8F8,0xF8F8,0xF8F8,0xF8F8,0xF8F8,0xF8F8,
  0xF8F8,0xF8F8,0xF8F8,0xF8F8,0xF8F8,0xF8F8,0x0882,0x1967,0x2A2B,0x4B90,0x53F2,0x5412,
  0x5C12,0x5C33,0x6453,0x6474,0x6474,0x6494,0x64B4,0x6CB5,0x6CF5,0x7516,0x7536,0x7D56,
  0x7D77,0x7D98,0x7DB8,0x7D77,0x3AED,0x2188,0x0882,0xF8F8,0xF8F8,0xF8F8,0xF8F8,0xF8F8,
  0xF8F8,0xF8F8,0xF8F8,0xF8F8,0xF8F8,0xF8F8,0xF8F8,0xF8F8,0xF8F8,0xF8F8,0xF8F8,0xF8F8,
  0xF8F8,0xF8F8,0xF8F8,0xF8F8,0xF8F8,0xF8F8,0xF8F8,0x08A3,0x21A9,0x3AAD,0x53B1,0x53B1,
  0x53D1,0x53F2,0x5C12,0x5C53,0x6D16,0x7DB8,0x861A,0x8E5B,0x8E5B,0x8E5B,0x8E3A,0x85F9,
  0x7D98,0x7557,0x7D77,0x7D98,0x7DB8,0x85F9,0x8E1A,0x6452,0x21A9,0x0883,0xF8F8,0xF8F8,
  0xF8F8,0xF8F8,0xF8F8,0xF8F8,0xF8F8,0xF8F8,0xF8F8,0xF8F8,0xF8F8,0xF8F8,0xF8F8,0xF8F8,
  0xF8F8,0xF8F8,0xF8F8,0xF8F8,0xF8F8,0xF8F8,0xF8F8,0xF8F8,0x0882,0x21C9,0x3ACE,0x4B91,
  0x4BB1,0x53B1,0x53D1,0x5C32,0x7557,0x863A,0x7578,0x6CF5,0x6494,0x6474,0x6CB4,0x6CD5,
  0x7536,0x7D98,0x8619,0x8E5B,0x8619,0x7DB8,0x85D9,0x8619,0x9EBC,0x961A,0x324B,0x2188,
  0x0862,0xF8F8,0xF8F8,0xF8F8,0xF8F8,0xF8F8,0xF8F8,0xF8F8,0xF8F8,0xF8F8,0xF8F8,0xF8F8,
  0xF8F8,0xF8F8,0xF8F8,0xF8F8,0xF8F8,0xF8F8,0xF8F8,0xF8F8,0xF8F8,0x0021,0x2188,0x328D,
  0x4B70,0x4B71,0x4B91,0x53B1,0x64D5,0x861A,0x7536,0x5C33,0x5C12,0x6433,0x6453,0x6494,
  0x85F9,0x6CB4,0x74F5,0x7516,0x7D57,0x7D98,0x861A,0x8E7B,0x8E3A,0x9EBC,0x965A,0x3AEF,
  0x32AE,0x2A0B,0x1967,0x0020,0xF8F8,0xF8F8,0xF8F8,0xF8F8,0xF8F8,0xF8F8,0xF8F8,0xF8F8,
  0xF8F8,0xF8F8,0xF8F8,0xF8F8,0xF8F8,0xF8F8,0xF8F8,0xF8F8,0xF8F8,0xF8F8,0xF8F8,0x1946,
  0x2A2B,0x4330,0x4350,0x4B70,0x4B90,0x6D17,0x7DD9,0x5C13,0x53F2,0x5C12,0x5C33,0x5C53,
  0x6453,0x6474,0x7557,0x6CB4,0x6CF5,0x7536,0x7D57,0x7D98,0x85D8,0x8E1A,0xA6FC,0xA6BC,
  0x432F,0x3ACE,0x3AAE,0x32AE,0x21C9,0x1905,0xF8F8,0xF8F8,0xF8F8,0xF8F8,0xF8F8,0xF8F8,
  0xF8F8,0xF8F8,0xF8F8,0xF8F8,0xF8F8,0xF8F8,0xF8F8,0xF8F8,0xF8F8,0xF8F8,0xF8F8,0xF8F8,
  0x0883,0x21A9,0x3AEE,0x4330,0x4350,0x4B50,0x6CF6,0x7578,0x4B91,0x53B1,0x53D1,0x5BF2,
  0x5C12,0x5C53,0x64B4,0x6CF5,0x6D16,0x6D16,0x7516,0x7536,0x7D77,0x7DB8,0x85F9,0x9EBB,
  0xA6BC,0x7D77,0x5413,0x3ACE,0x3AAE,0x3AAE,0x328D,0x21A9,0x0882,0xF8F8,0xF8F8,0xF8F8,
  0xF8F8,0xF8F8,0xF8F8,0xF8F8,0xF8F8,0xF8F8,0xF8F8,0xF8F8,0xF8F8,0xF8F8,0xF8F8,0xF8F8,
  0xF8F8,0x0000,0x1947,0x2A2B,0x3AEF,0x432F,0x4330,0x5C54,0x7D98,0x4B70,0x4B70,0x4B90,
  0x53B1,0x53D1,0x64B5,0x7D98,0x7D98,0x7557,0x7557,0x7D77,0x7DD9,0x7DD9,0x7DB8,0x7DB8,
  0x8E7B,0x9EBC,0x4350,0x3ACE,0x7537,0x4350,0x3AAE,0x3ACE,0x3ACE,0x2A4B,0x1967,0xF8F8,
  0xF8F8,0xF8F8,0xF8F8,0xF8F8,0xF8F8,0xF8F8,0xF8F8,0xF8F8,0xF8F8,0xF8F8,0xF8F8,0xF8F8,
  0xF8F8,0xF8F8,0xF8F8,0x0883,0x21A8,0x3AAE,0x3ACE,0x3B0F,0x4370,0x7DB9,0x4BB1,0x4350,
  0x4B50,0x4B70,0x53B1,0x6D16,0x6CF6,0x5C33,0x5C33,0x6473,0x6CB4,0x6CD5,0x7516,0x7D77,
  0x8619,0x8E7B,0x9EBC,0x4350,0x32AD,0x32AE,0x4350,0x7537,0x3ACE,0x3ACE,0x3ACE,0x3AAE,
  0x21C9,0x0862,0xF8F8,0xF8F8,0xF8F8,0xF8F8,0xF8F8,0xF8F8,0xF8F8,0xF8F8,0xF8F8,0xF8F8,
  0xF8F8,0xF8F8,0xF8F8,0xF8F8,0xF8F8,0x1946,0x2A2B,0x3AAE,0x3ACE,0x3ACE,0x6474,0x5C74,
  0x432F,0x432F,0x4350,0x4B90,0x6CF6,0x5C33,0x53B1,0x53F1,0x5C12,0x6474,0x8E5B,0x6CD5,
  0x7516,0x7D77,0x8E3A,0xA6FC,0x6CF6,0x3AAE,0x3AAE,0x3AAE,0x32AE,0x6494,0x53F3,0x3ACE,
  0x3ACE,0x3ACE,0x2A0A,0x1105,0xF8F8,0xF8F8,0xF8F8,0xF8F8,0xF8F8,0xF8F8,0xF8F8,0xF8F8,
  0xF8F8,0xF8F8,0xF8F8,0xF8F8,0xF8F8,0xF8F8,0x0020,0x21A9,0x328D,0x3ACE,0x3ACE,0x3ACE,
  0x6D17,0x3AEE,0x3AEE,0x430F,0x4350,0x64B5,0x5412,0x4B70,0x5390,0x53D1,0x5BF2,0x5C33,
  0x64B4,0x6CD5,0x7536,0x8DF9,0xAEFD,0x53D2,0x53D2,0x5C54,0x3AAE,0x3AAE,0x32AE,0x3B0F,
  0x7537,0x3ACE,0x3AAE,0x3AAE,0x2A4C,0x1967,0x0000,0xF8F8,0xF8F8,0xF8F8,0xF8F8,0xF8F8,
  0xF8F8,0xF8F8,0xF8F8,0xF8F8,0xF8F8,0xF8F8,0xF8F8,0xF8F8,0x0882,0x21C9,0x3ACE,0x3ACE,
  0x3ACE,0x326C,0x2A2B,0x2A2A,0x3AAD,0x3AEE,0x4BB1,0x5C33,0x4350,0x4B70,0x4B90,0x53D1,
  0x5C12,0x6494,0x6CF5,0x6D16,0x7DB8,0xA6DC,0x53F2,0x3ACE,0x3ACE,0x6495,0x4370,0x3ACE,
  0x3AAE,0x32AE,0x6CF6,0x4330,0x3AAE,0x3AAE,0x328D,0x1988,0x0841,0xF8F8,0xF8F8,0xF8F8,
  0xF8F8,0xF8F8,0xF8F8,0xF8F8,0xF8F8,0xF8F8,0xF8F8,0xF8F8,0xF8F8,0xF8F8,0x10C4,0x21C9,
  0x3ACE,0x3ACF,0x326D,0x21A8,0x428C,0x320A,0x1988,0x2A4B,0x53B1,0x430F,0x430F,0x4350,
  0x4B70,0x5C13,0x6494,0x6453,0x5C53,0x7557,0x9EBC,0x53F2,0x32AD,0x32AE,0x32CE,0x4B91,
  0x5C74,0x3ACE,0x3ACE,0x3AAE,0x5C33,0x53F2,0x32AE,0x32AE,0x32AE,0x21C9,0x08A3,0xF8F8,
  0xF8F8,0xF8F8,0xF8F8,0xF8F8,0xF8F8,0xF8F8,0xF8F8,0xF8F8,0xF8F8,0xF8F8,0xF8F8,0xF8F8,
  0x10E5,0x29EA,0x3AAE,0x3AAE,0x21C9,0x320A,0x42AC,0x8CD4,0x638F,0x2188,0x29EA,0x3AAD,
  0x3AEE,0x432F,0x4B91,0x5C33,0x3AEE,0x21A9,0x2188,0x42ED,0x5C12,0x4330,0x3ACE,0x32AD,
  0x32AE,0x3ACE,0x6CF6,0x3ACE,0x3ACE,0x3ACE,0x4B91,0x5C74,0x3AAE,0x32AE,0x32AE,0x29EA,
  0x10E5,0xF8F8,0xF8F8,0xF8F8,0xF8F8,0xF8F8,0xF8F8,0xF8F8,0xF8F8,0xF8F8,0xF8F8,0xF8F8,
  0xF8F8,0xF8F8,0x1106,0x2A0A,0x32AD,0x2A2B,0x2A09,0xADB7,0x2188,0x638F,0x8493,0x7C72,
  0x322A,0x21A9,0x3AAD,0x42EF,0x4B91,0x4B91,0x21C9,0x7C52,0x9D15,0x3A4B,0x2A2B,0x3B0F,
  0x432F,0x3A8D,0x3AAE,0x328E,0x6495,0x3B0F,0x3ACE,0x3ACE,0x4350,0x6CB6,0x32AE,0x3AAE,
  0x32AE,0x2A0B,0x1105,0xF8F8,0xF8F8,0xF8F8,0xF8F8,0xF8F8,0xF8F8,0xF8F8,0xF8F8,0xF8F8,
  0xF8F8,0xF8F8,0xF8F8,0xF8F8,0x1926,0x2A2B,0x32AE,0x21EA,0x636F,0xC659,0x52ED,0x21C9,
  0x7431,0x7C72,0x8CB4,0x4AED,0x21C9,0x32AD,0x4330,0x3AAD,0x29C9,0x9D56,0xA576,0x5B4E,
  0x2A0B,0x3B0F,0x4350,0x3AAE,0x3AAE,0x328D,0x5C54,0x3B0F,0x3AAE,0x3AAE,0x4330,0x6CD6,
  0x3AAE,0x3AAE,0x3AAE,0x2A0B,0x1105,0xF8F8,0xF8F8,0xF8F8,0xF8F8,0xF8F8,0xF8F8,0xF8F8,
  0xF8F8,0xF8F8,0xF8F8,0xF8F8,0xF8F8,0xF8F8,0x1926,0x2A4B,0x3ACE,0x21A9,0x8C93,0xBDF8,
  0x94F4,0x320A,0x3A6B,0x8472,0x8473,0x8CD4,0x636F,0x21A9,0x29EA,0x21A8,0x29E9,0x3A6B,
  0x5B4E,0x21A8,0x326C,0x4350,0x4330,0x3AAE,0x32AE,0x328D,0x5C75,0x3ACF,0x32AE,0x3AAE,
  0x4350,0x6CD6,0x3AAE,0x3AAE,0x3AAE,0x2A0B,0x1105,0xF8F8,0xF8F8,0xF8F8,0xF8F8,0xF8F8,
  0xF8F8,0xF8F8,0xF8F8,0xF8F8,0xF8F8,0xF8F8,0xF8F8,0xF8F8,0x1105,0x2A0B,0x3AAE,0x1988,
  0xA555,0xB5D8,0x9D35,0x8CB4,0x29E9,0x530D,0x8472,0x8472,0x7411,0x29C9,0x322A,0x8CB3,
  0x530D,0x21A8,0x21C9,0x2A2B,0x32AE,0x4B91,0x3ACF,0x3AAE,0x3AAE,0x3AAE,0x6495,0x32AE,
  0x3AAE,0x3AAE,0x4B91,0x6495,0x3AAE,0x3AAE,0x32AE,0x2A0A,0x10E4,0xF8F8,0xF8F8,0xF8F8,
  0xF8F8,0xF8F8,0xF8F8,0xF8F8,0xF8F8,0xF8F8,0xF8F8,0xF8F8,0xF8F8,0xF8F8,0x08C4,0x21C9,
  0x3AAE,0x21A8,0xAD96,0xB5F8,0x9D55,0x9D56,0x7C32,0x21C9,0x5B6F,0x530D,0x2188,0x532E,
  0x9D35,0x8472,0x1988,0x328C,0x3AEF,0x430F,0x4350,0x3AEF,0x32AE,0x3AAE,0x3AAE,0x4B71,
  0x5C13,0x3ACE,0x3ACE,0x326D,0x21C9,0x328D,0x32AD,0x3AAE,0x32AE,0x21C9,0x08A3,0xF8F8,
  0xF8F8,0xF8F8,0xF8F8,0xF8F8,0xF8F8,0xF8F8,0xF8F8,0xF8F8,0xF8F8,0xF8F8,0xF8F8,0xF8F8,
  0x0862,0x21A8,0x3ACE,0x21C9,0xA576,0xBDF8,0x9D55,0x9D35,0x9D35,0x63B0,0x2188,0x21A8,
  0x7431,0xA576,0x9D35,0x29E9,0x1988,0x2A4B,0x4330,0x3B0F,0x3AAE,0x32AE,0x32AE,0x32AE,
  0x3AAE,0x6474,0x4330,0x3AAE,0x2A2B,0x21A9,0x5B4E,0x29E9,0x21A9,0x324C,0x328D,0x1988,
  0x0041,0xF8F8,0xF8F8,0xF8F8,0xF8F8,0xF8F8,0xF8F8,0xF8F8,0xF8F8,0xF8F8,0xF8F8,0xF8F8,
  0xF8F8,0xF8F8,0x0000,0x21A8,0x328D,0x2A0A,0x8CB3,0xBE39,0x9D35,0x9D35,0x9D35,0x9D15,
  0x532E,0x21A8,0x8493,0xA576,0x4AED,0x322A,0x63B0,0x21A9,0x328D,0x3AAE,0x32AE,0x32AE,
  0x32AE,0x3A8E,0x4B91,0x4350,0x29EA,0x21A8,0x42AC,0xA556,0xADB7,0x9D56,0x532E,0x2188,
  0x21A9,0x1988,0x0020,0xF8F8,0xF8F8,0xF8F8,0xF8F8,0xF8F8,0xF8F8,0xF8F8,0xF8F8,0xF8F8,
  0xF8F8,0xF8F8,0xF8F8,0xF8F8,0xF8F8,0x1946,0x2A4C,0x2A2B,0x636F,0xCE7A,0x9D35,0x9D35,
  0x9D35,0x9D35,0x9D15,0x530D,0x21C8,0x5B6F,0x21A8,0x6BF0,0x9D35,0x5B6F,0x21C9,0x32AE,
  0x32AE,0x32AE,0x2A0B,0x21C9,0x1988,0x29E9,0x5B4E,0x9D15,0xBE19,0x8473,0x42AC,0x428C,
  0x8CB4,0x9D35,0x63AF,0x324A,0x1967,0x1926,0x10E5,0x0041,0xF8F8,0xF8F8,0xF8F8,0xF8F8,
  0xF8F8,0xF8F8,0xF8F8,0xF8F8,0xF8F8,0xF8F8,0xF8F8,0x0883,0x21E9,0x326D,0x29E9,0xBE39,
  0xA576,0x9D35,0x9D35,0x9D35,0x9D35,0x9535,0x530D,0x21A8,0x4AED,0x7C52,0x8473,0xA576,
  0x42AC,0x29EA,0x32CE,0x3ACE,0x21A9,0x8CD4,0xADB7,0xC65A,0xA576,0x7C52,0x530E,0x530E,
  0x42AC,0x21C9,0x21C9,0x42AC,0x7411,0x9515,0x9515,0x7431,0x3A4B,0x08A4,0xF8F8,0xF8F8,
  0xF8F8,0xF8F8,0xF8F8,0xF8F8,0xF8F8,0xF8F8,0xF8F8,0xF8F8,0xF8F8,0x0000,0x2188,0x2A2B,
  0x21A9,0x6BF0,0xB618,0x9D35,0x9D35,0x9D35,0x9D35,0x9D35,0x9D35,0x5B6F,0x21C9,0x636F,
  0x7C52,0x8CB3,0x9515,0x21A8,0x3AEE,0x4350,0x29EA,0xD6BB,0x6BF1,0x532E,0x4AED,0x4AED,
  0x4AED,0x4AED,0x428C,0x21C9,0x21C9,0x21C9,0x21C9,0x21A9,0x320A,0x8473,0x532E,0x10C4,
  0xF8F8,0xF8F8,0xF8F8,0xF8F8,0xF8F8,0xF8F8,0xF8F8,0xF8F8,0xF8F8,0xF8F8,0xF8F8,0xF8F8,
  0x0883,0x21A9,0x2A2B,0x21A8,0xADB7,0xA576,0x9D35,0x9D35,0x9D35,0x9D36,0x9D36,0x9D56,
  0x6BD0,0x21C9,0x530D,0x7432,0x9D35,0x638F,0x21A8,0x326C,0x29E9,0xCEBB,0x530E,0x530E,
  0x530D,0x530E,0x530D,0x4AED,0x3A6B,0x29C9,0x21A9,0x21A9,0x31C9,0x21C9,0x29C9,0x7C32,
  0x5B6F,0x1105,0xF8F8,0xF8F8,0xF8F8,0xF8F8,0xF8F8,0xF8F8,0xF8F8,0xF8F8,0xF8F8,0xF8F8,
  0xF8F8,0xF8F8,0xF8F8,0x1926,0x21E9,0x21CA,0x3A6B,0xB5F8,0x9D56,0x9D35,0x9D35,0x9D36,
  0x9D36,0x9D36,0x9D56,0x7C52,0x29E9,0x3A6B,0x7C72,0xA576,0x21A8,0x2A0B,0x29C9,0xC69B,
  0x530D,0x530D,0xABEE,0x7B6E,0x530E,0x4B0E,0x5ACC,0x5A4A,0x2188,0x2988,0xC3AD,0x4209,
  0x29C9,0x7C52,0x5B6F,0x1105,0xF8F8,0xF8F8,0xF8F8,0xF8F8,0xF8F8,0xF8F8,0xF8F8,0xF8F8,
  0xF8F8,0xF8F8,0xF8F8,0xF8F8,0xF8F8,0x0021,0x1967,0x21C9,0x21A8,0x4ACC,0xB5D7,0xA556,
  0x9D56,0x9D35,0x9D55,0x9D35,0x9D35,0x9D56,0x8CD4,0x3A6B,0x21C9,0x6BF1,0x42AC,0x21C9,
  0x2188,0xC67A,0x532E,0x6B2D,0xBC0E,0x7B4D,0x93AE,0x530E,0xB3AD,0x39A8,0x49E9,0x9B0B,
  0x7269,0x92EB,0x29C9,0x7C72,0x532E,0x10E5,0xF8F8,0xF8F8,0xF8F8,0xF8F8,0xF8F8,0xF8F8,
  0xF8F8,0xF8F8,0xF8F8,0xF8F8,0xF8F8,0xF8F8,0xF8F8,0xF8F8,0x0883,0x21C9,0x530D,0x3A4B,
  0x3A4B,0x94F4,0xA556,0x9D55,0x9D55,0x9D35,0x9D35,0x9D35,0x9D35,0x9D35,0x6BD0,0x29E9,
  0x2188,0x324B,0x1988,0xBE19,0x638F,0x834D,0x934C,0xA38D,0x732D,0x832C,0xE3AB,0x7A89,
  0x31A8,0xD3CD,0x49C8,0xBB4B,0x21A8,0x8C93,0x42AC,0x08A3,0xF8F8,0xF8F8,0xF8F8,0xF8F8,
  0xF8F8,0xF8F8,0xF8F8,0xF8F8,0xF8F8,0xF8F8,0xF8F8,0xF8F8,0xF8F8,0xF8F8,0x0882,0x2A0A,
  0xA556,0x7C31,0x4ACC,0x21C9,0x4AED,0x7C52,0x9D35,0x9D35,0x9D35,0x9D35,0x9D35,0x8CB4,
  0x5B4E,0x21C9,0x326C,0x5C13,0x21A9,0x9D55,0x7432,0x830C,0x932C,0xA36C,0x6AEC,0x8B2C,
  0xDB8B,0xCB8B,0x31A8,0xCBCD,0x51E8,0xBB4B,0x29A8,0x9515,0x29E9,0x0862,0xF8F8,0xF8F8,
  0xF8F8,0xF8F8,0xF8F8,0xF8F8,0xF8F8,0xF8F8,0xF8F8,0xF8F8,0xF8F8,0xF8F8,0xF8F8,0xF8F8,
  0x1926,0x6BD0,0xC659,0x8CB3,0x7C52,0x63AF,0x2A0A,0x21C9,0x29E9,0x3A6B,0x4ACC,0x42AC,
  0x320A,0x21A8,0x21EA,0x326D,0x3ACE,0x3ACF,0x2A0A,0x7C32,0x9515,0x62EC,0xBB8C,0x72EC,
  0x8B4C,0x4ACD,0xD3ED,0x5229,0x3A09,0xAB6C,0x728A,0x92EA,0x428B,0x8CD4,0x1988,0x0020,
  0xF8F8,0xF8F8,0xF8F8,0xF8F8,0xF8F8,0xF8F8,0xF8F8,0xF8F8,0xF8F8,0xF8F8,0xF8F8,0xF8F8,
  0xF8F8,0x0021,0x21A8,0xB5F8,0xB5D7,0x9D35,0x94F4,0x8472,0x530D,0x21C9,0x2A4B,0x2A0A,
  0x2A0A,0x2A0A,0x2A2B,0x328D,0x3AAE,0x3ACE,0x3AAE,0x3ACE,0x2A4C,0x42AC,0xBE39,0x52ED,
  0xA36D,0x7B2D,0x4ACD,0x52ED,0x834D,0x21A9,0x21C9,0x29C8,0xBBCD,0x4209,0x6BD0,0x6BF0,
  0x1947,0xF8F8,0xF8F8,0xF8F8,0xF8F8,0xF8F8,0xF8F8,0xF8F8,0xF8F8,0xF8F8,0xF8F8,0xF8F8,
  0xF8F8,0xF8F8,0xF8F8,0x10E5,0x532E,0xCE7A,0x9D35,0x9D15,0x9D15,0x9515,0x84B3,0x21A8,
  0x2A0A,0x326C,0x32AE,0x3AAE,0x32AE,0x32AE,0x32AE,0x32AE,0x32AE,0x32AE,0x32AE,0x21C9,
  0xAD97,0x7C52,0x530D,0x52ED,0x4AED,0x530E,0x426B,0x21A8,0x21A8,0x21C9,0x29C9,0x2A09,
  0x9D35,0x428C,0x10C4,0xF8F8,0xF8F8,0xF8F8,0xF8F8,0xF8F8,0xF8F8,0xF8F8,0xF8F8,0xF8F8,
  0xF8F8,0xF8F8,0xF8F8,0xF8F8,0x0000,0x21A8,0xA576,0xB5F8,0x9514,0x9515,0x9515,0x9515,
  0x9514,0x4ACC,0x21A8,0x21C9,0x21EA,0x2A0A,0x2A2B,0x2A2B,0x2A0B,0x2A0A,0x2A0A,0x21EA,
  0x21C9,0x21A9,0x530E,0xB5F8,0x532E,0x4B0E,0x4B0E,0x4AED,0x3A6B,0x21A8,0x21A8,0x21A8,
  0x21A8,0x638F,0x7C72,0x21A8,0x0000,0xF8F8,0xF8F8,0xF8F8,0xF8F8,0xF8F8,0xF8F8,0xF8F8,
  0xF8F8,0xF8F8,0xF8F8,0xF8F8,0xF8F8,0xF8F8,0x10C4,0x42AC,0xCE9A,0xA576,0x9515,0x9515,
  0x9515,0x9515,0x9D15,0x7C52,0x21A9,0x0021,0x0862,0x10C4,0x10E5,0x1925,0x1105,0x1105,
  0x10E4,0x08A3,0x0862,0x0020,0x21A8,0x8CB3,0x9515,0x530E,0x4B0E,0x4B0E,0x3A8C,0x21C9,
  0x21A8,0x21A8,0x428B,0x9515,0x320A,0x08A3,0xF8F8,0xF8F8,0xF8F8,0xF8F8,0xF8F8,0xF8F8,
  0xF8F8,0xF8F8,0xF8F8,0xF8F8,0xF8F8,0xF8F8,0xF8F8,0xF8F8,0x1967,0x8CB3,0xC659,0x9D35,
  0x9D15,0x9515,0x9515,0x9515,0x9515,0x9D35,0x3A4B,0x08A3,0xF8F8,0xF8F8,0xF8F8,0xF8F8,
  0xF8F8,0xF8F8,0xF8F8,0xF8F8,0xF8F8,0xF8F8,0x0882,0x29C9,0x9D35,0x8493,0x4AED,0x4B0D,
  0x42AC,0x21C9,0x21C9,0x428C,0x9515,0x42AC,0x1105,0xF8F8,0xF8F8,0xF8F8,0xF8F8,0xF8F8,
  0xF8F8,0xF8F8,0xF8F8,0xF8F8,0xF8F8,0xF8F8,0xF8F8,0xF8F8,0xF8F8,0x0862,0x1988,0x320A,
  0x320A,0x2A0A,0x320A,0x2A0A,0x2A09,0x29E9,0x29E9,0x29E9,0x21C9,0x1946,0xF8F8,0xF8F8,
  0xF8F8,0xF8F8,0xF8F8,0xF8F8,0xF8F8,0xF8F8,0xF8F8,0xF8F8,0xF8F8,0x10A3,0x29E9,0x94F4,
  0x94D4,0x532E,0x428C,0x21C9,0x5B4E,0x9D56,0x530D,0x1946,0x0000,0xF8F8,0xF8F8,0xF8F8,
  0xF8F8,0xF8F8,0xF8F8,0xF8F8,0xF8F8,0xF8F8,0xF8F8,0xF8F8,0xF8F8,0xF8F8,0xF8F8,0x0020,
  0x0862,0x0862,0x0862,0x0862,0x0882,0x0882,0x0882,0x0882,0x0862,0x0862,0x0862,0x0862,
  0xF8F8,0xF8F8,0xF8F8,0xF8F8,0xF8F8,0xF8F8,0xF8F8,0xF8F8,0xF8F8,0xF8F8,0xF8F8,0xF8F8,
  0x08A3,0x21C8,0x7431,0xA577,0x73F1,0x8CB3,0x94F4,0x3A8C,0x1946,0x0000,0xF8F8,0xF8F8,
  0xF8F8,0xF8F8,0xF8F8,0xF8F8,0xF8F8,0xF8F8,0xF8F8,0xF8F8,0xF8F8,0xF8F8,0xF8F8,0xF8F8,
  0xF8F8,0xF8F8,0xF8F8,0xF8F8,0xF8F8,0xF8F8,0xF8F8,0xF8F8,0xF8F8,0xF8F8,0xF8F8,0xF8F8,
  0xF8F8,0xF8F8,0xF8F8,0xF8F8,0xF8F8,0xF8F8,0xF8F8,0xF8F8,0xF8F8,0xF8F8,0xF8F8,0xF8F8,
  0xF8F8,0xF8F8,0xF8F8,0x0862,0x2188,0x3A6B,0x7C32,0x5B4E,0x21A8,0x10C4,0xF8F8,0xF8F8,
  0xF8F8,0xF8F8,0xF8F8,0xF8F8,0xF8F8,0xF8F8,0xF8F8,0xF8F8,0xF8F8,0xF8F8,0xF8F8,0xF8F8,
  0xF8F8,0xF8F8,0xF8F8,0xF8F8,0xF8F8,0xF8F8,0xF8F8,0xF8F8,0xF8F8,0xF8F8,0xF8F8,0xF8F8,
  0xF8F8,0xF8F8,0xF8F8,0xF8F8,0xF8F8,0xF8F8,0xF8F8,0xF8F8,0xF8F8,0xF8F8,0xF8F8,0xF8F8,
  0xF8F8,0xF8F8,0xF8F8,0xF8F8,0xF8F8,0xF8F8,0x0000,0x08A3,0x1947,0x1105,0x0021,0xF8F8,
  0xF8F8,0xF8F8,0xF8F8,0xF8F8,0xF8F8,0xF8F8,0xF8F8,0xF8F8,0xF8F8,0xF8F8,0xF8F8,0xF8F8,
  0xF8F8,0xF8F8,0xF8F8,0xF8F8,0xF8F8,0xF8F8,0xF8F8,0xF8F8,0xF8F8,0xF8F8,0xF8F8,0xF8F8,
  0xF8F8,0xF8F8,0xF8F8,0xF8F8,0xF8F8,0xF8F8,0xF8F8,0xF8F8,0xF8F8,0xF8F8,0xF8F8,0xF8F8,
  0xF8F8,0xF8F8,0xF8F8,0xF8F8,0xF8F8,0xF8F8,0xF8F8,0xF8F8,0xF8F8,0xF8F8,0xF8F8,0xF8F8,
  0xF8F8,0xF8F8,0xF8F8,0xF8F8,0xF8F8,0xF8F8,0xF8F8,0xF8F8,0xF8F8,0xF8F8,0xF8F8,0xF8F8,
  0xF8F8,0xF8F8,0xF8F8,0xF8F8,0xF8F8,0xF8F8,0xF8F8,0xF8F8,0xF8F8,0xF8F8,0xF8F8,0xF8F8,
  0xF8F8,0xF8F8,0xF8F8,0xF8F8,0xF8F8,0xF8F8,0xF8F8,0xF8F8,0xF8F8,0xF8F8,0xF8F8,0xF8F8,
  0xF8F8,0xF8F8,0xF8F8,0xF8F8,0xF8F8,0xF8F8,0xF8F8,0xF8F8,0xF8F8,0xF8F8,0xF8F8,0xF8F8,
  0xF8F8,0xF8F8,0xF8F8,0xF8F8,0xF8F8,0xF8F8,0xF8F8,0xF8F8,0xF8F8,0xF8F8,0xF8F8,0xF8F8,
  0xF8F8,0xF8F8,0xF8F8,0xF8F8,0xF8F8,0xF8F8,0xF8F8,0xF8F8,0xF8F8,0xF8F8,0xF8F8,0xF8F8,
  0xF8F8,0xF8F8,0xF8F8,0xF8F8,0xF8F8,0xF8F8,0xF8F8,0xF8F8,0xF8F8,0xF8F8,0xF8F8,0xF8F8,
  0xF8F8,0xF8F8,0xF8F8,0xF8F8,0xF8F8,0xF8F8,0xF8F8,0xF8F8,0xF8F8,0xF8F8,0xF8F8,0xF8F8,
  0xF8F8,0xF8F8,0xF8F8,0xF8F8,0xF8F8,0xF8F8,0xF8F8,0xF8F8,0xF8F8,0xF8F8,0xF8F8,0xF8F8,
  0xF8F8,0xF8F8,0xF8F8,0xF8F8,
};

// 07_sigint_chart-removebg-preview (Custom)
const uint16_t wh_icon_06[2500] PROGMEM = {
  0x5370,0x6433,0x6412,0x6C12,0x6C32,0x6C33,0x6C33,0x6C53,0x6C53,0x7453,0x6C53,0x6C33,
  0x6412,0x6412,0x6432,0x6C32,0x6C33,0x6C33,0x6412,0x6412,0x6412,0x6412,0x6412,0x6412,
  0x6C33,0x6C33,0x6C33,0x6C33,0x6C53,0x6C33,0x6C33,0x6413,0x6413,0x6C33,0x6433,0x6433,
  0x6C13,0x6C33,0x6C33,0x6C33,0x6C53,0x6C53,0x6C53,0x7453,0x6C53,0x6C33,0x6C54,0x7474,
  0x7495,0x532F,0x74D6,0x21C9,0x21C9,0x21C9,0x21E9,0x21E9,0x21E9,0x21E9,0x21E9,0x21E9,
  0x21EA,0x21C9,0x21C9,0x21C9,0x21C9,0x21C9,0x21EA,0x21C9,0x21C9,0x21C9,0x21C9,0x21C9,
  0x21C9,0x21EA,0x29EA,0x21EA,0x21EA,0x21EA,0x21EA,0x21EA,0x21C9,0x21C9,0x21C9,0x21C9,
  0x21C9,0x21C9,0x21C9,0x21EA,0x21EA,0x21EA,0x21EA,0x29EA,0x29EA,0x29EA,0x21EA,0x21C9,
  0x21C9,0x21C9,0x21A9,0x8D78,0x8537,0x21C9,0x21C9,0x21C9,0x21C9,0x21C9,0x21C9,0x21C9,
  0x21C9,0x21C9,0x21C9,0x21C9,0x21C9,0x21C9,0x21C9,0x21C9,0x21C9,0x21C9,0x21C9,0x21C9,
  0x21C9,0x21C9,0x21C9,0x21C9,0x21C9,0x21C9,0x21C9,0x21C9,0x21C9,0x21C9,0x21C9,0x21C9,
  0x21C9,0x21C9,0x21C9,0x21C9,0x21C9,0x21C9,0x21C9,0x21C9,0x21C9,0x21C9,0x21C9,0x21C9,
  0x21C9,0x21C9,0x21C9,0x21C9,0x21A9,0x8DB9,0x8558,0x21EA,0x21E9,0x21E9,0x21C9,0x21C9,
  0x21C9,0x21C9,0x21C9,0x21C9,0x21C9,0x21C9,0x21C9,0x21C9,0x21C9,0x21C9,0x21C9,0x21C9,
  0x21C9,0x21C9,0x21C9,0x21C9,0x21E9,0x21C9,0x21C9,0x21C9,0x21C9,0x21C9,0x21C9,0x21C9,
  0x21C9,0x21C9,0x21C9,0x21C9,0x21C9,0x21C9,0x21C9,0x21C9,0x21C9,0x21C9,0x21C9,0x21C9,
  0x21C9,0x21C9,0x21C9,0x21C9,0x21C9,0x21C9,0x21CA,0x95B9,0x7D17,0x21EA,0x21E9,0x21E9,
  0x21C9,0x21C9,0x21C9,0x21C9,0x21C9,0x21C9,0x21C9,0x21C9,0x21C9,0x21C9,0x21C9,0x21C9,
  0x21C9,0x21C9,0x21C9,0x21C9,0x21C9,0x21C9,0x21E9,0x21C9,0x21C9,0x21C9,0x21C9,0x21C9,
  0x21C9,0x21C9,0x21C9,0x21E9,0x21C9,0x21C9,0x21CA,0x21C9,0x21C9,0x21C9,0x21C9,0x21C9,
  0x21C9,0x21C9,0x21C9,0x21C9,0x21C9,0x21C9,0x21C9,0x21C9,0x21CA,0x8D99,0x7CF6,0x21E9,
  0x21C9,0x21C9,0x21C9,0x21EA,0x21C9,0x21C9,0x21C9,0x21C9,0x21C9,0x21C9,0x21C9,0x21C9,
  0x21C9,0x21C9,0x21C9,0x21C9,0x21C9,0x21C9,0x21C9,0x21C9,0x21C9,0x21C9,0x21C9,0x21C9,
  0x21C9,0x21C9,0x21C9,0x21C9,0x21E9,0x21E9,0x21CA,0x21C9,0x21CA,0x21EA,0x21C9,0x21C9,
  0x21C9,0x21C9,0x21C9,0x21C9,0x21C9,0x21C9,0x21C9,0x21C9,0x21C9,0x21C9,0x21C9,0x8557,
  0x7CF6,0x21C9,0x21C9,0x21C9,0x21C9,0x5477,0x21EA,0x21C9,0x21C9,0x21C9,0x21C9,0x21C9,
  0x21C9,0x21C9,0x324C,0x21C9,0x21C9,0x21C9,0x21C9,0x21C9,0x21C9,0x21C9,0x21C9,0x21C9,
  0x5433,0x64F6,0x21C9,0x21C9,0x21C9,0x21C9,0x21C9,0x21CA,0x21CA,0x21CA,0x21CA,0x324C,
  0x21EA,0x21C9,0x21C9,0x21C9,0x21C9,0x21C9,0x21C9,0x21C9,0x21C9,0x21C9,0x21C9,0x21C9,
  0x21C9,0x8537,0x74F6,0x21C9,0x21C9,0x21C9,0x21C9,0x5477,0x21EA,0x21C9,0x21C9,0x21C9,
  0x21C9,0x21CA,0x21C9,0x21C9,0x324C,0x21C9,0x21C9,0x21C9,0x21C9,0x21C9,0x21C9,0x21C9,
  0x21C9,0x21C9,0x6537,0x75FA,0x21C9,0x21C9,0x21C9,0x21CA,0x21CA,0x21EA,0x21CA,0x21EA,
  0x21E9,0x2A4B,0x21C9,0x21C9,0x21C9,0x21C9,0x21C9,0x21C9,0x21C9,0x21C9,0x21C9,0x21C9,
  0x21C9,0x21C9,0x21C9,0x8537,0x74D6,0x21C9,0x21C9,0x21C9,0x21C9,0x5C97,0x21EA,0x21CA,
  0x21CA,0x21C9,0x21C9,0x21C9,0x21C9,0x21C9,0x324C,0x21C9,0x21C9,0x21C9,0x21C9,0x21C9,
  0x21C9,0x21C9,0x21C9,0x21A9,0x75DA,0x75FA,0x2A2B,0x21EA,0x21CA,0x21CA,0x21C9,0x21E9,
  0x21E9,0x21C9,0x21C9,0x2A4B,0x21C9,0x21C9,0x21C9,0x21C9,0x21C9,0x21C9,0x21C9,0x21C9,
  0x21C9,0x21C9,0x21C9,0x21C9,0x21C9,0x8537,0x74D6,0x21A9,0x21C9,0x21C9,0x21EA,0x5C98,
  0x21EB,0x21CA,0x21C9,0x21CA,0x21C9,0x21C9,0x21C9,0x21C9,0x324C,0x21C9,0x21C9,0x21C9,
  0x21C9,0x21C9,0x21C9,0x21C9,0x21C9,0x21C9,0x7E3B,0x6DD9,0x32AD,0x21CA,0x21CA,0x21CA,
  0x21E9,0x21C9,0x21C9,0x21C9,0x21C9,0x2A2B,0x21C9,0x21C9,0x21C9,0x21C9,0x21C9,0x21C9,
  0x21C9,0x21C9,0x21C9,0x21C9,0x21C9,0x21C9,0x21C9,0x8517,0x74D6,0x21A9,0x21C9,0x21C9,
  0x21EA,0x5C97,0x21EA,0x21CA,0x21CA,0x21C9,0x21C9,0x21C9,0x21C9,0x21A9,0x2A2B,0x21C9,
  0x21C9,0x21C9,0x21C9,0x21C9,0x21C9,0x21C9,0x21C9,0x2A4B,0x7E3A,0x6D98,0x432F,0x21C9,
  0x21C9,0x21C9,0x21C9,0x21C9,0x21C9,0x21C9,0x21C9,0x2A2B,0x21C9,0x21C9,0x21C9,0x21C9,
  0x21C9,0x21C9,0x21C9,0x21C9,0x21C9,0x21C9,0x21C9,0x21C9,0x21CA,0x8516,0x7CF6,0x21C9,
  0x21C9,0x21C9,0x21C9,0x5C97,0x2A4C,0x2A4B,0x2A4B,0x2A2B,0x2A2B,0x2A2B,0x2A2B,0x2A2B,
  0x326C,0x2A2B,0x2A2B,0x2A4B,0x324C,0x2A4C,0x2A4C,0x2A4B,0x2A4C,0x432F,0x7DFA,0x6D78,
  0x4BF2,0x2A4B,0x2A2B,0x2A2B,0x2A2B,0x2A2B,0x2A2B,0x324B,0x2A2B,0x326C,0x2A2B,0x2A2B,
  0x2A2B,0x2A4B,0x2A4C,0x2A4C,0x2A4B,0x2A2B,0x2A2B,0x21C9,0x21C9,0x21CA,0x21EA,0x7CF6,
  0x7CF6,0x29EA,0x21EA,0x21C9,0x21C9,0x5477,0x21C9,0x21C9,0x21C9,0x21C9,0x21A9,0x21C9,
  0x21C9,0x21A9,0x2A4B,0x21C9,0x21C9,0x21EA,0x21EA,0x21EA,0x21EA,0x21EA,0x21EA,0x432F,
  0x6D78,0x5CF6,0x4BF2,0x21C9,0x21C9,0x21C9,0x21C9,0x21C9,0x21C9,0x21C9,0x21C9,0x2A2B,
  0x21C9,0x21C9,0x21C9,0x21CA,0x21EA,0x21EA,0x21EA,0x21CA,0x21C9,0x21C9,0x21C9,0x21C9,
  0x21EA,0x7CD5,0x7CF6,0x21EA,0x21CA,0x21C9,0x21C9,0x5477,0x21C9,0x21C9,0x21C9,0x21C9,
  0x21C9,0x21C9,0x21C9,0x21C9,0x324C,0x21C9,0x21C9,0x21C9,0x21C9,0x21C9,0x21C9,0x21C9,
  0x21CA,0x4BB1,0x6537,0x54B5,0x5433,0x21C9,0x21C9,0x21C9,0x21C9,0x21C9,0x21C9,0x21C9,
  0x21C9,0x2A2B,0x21EA,0x21C9,0x21C9,0x21C9,0x21CA,0x21C9,0x21C9,0x21C9,0x21CA,0x21C9,
  0x21C9,0x21C9,0x21C9,0x74B5,0x7CF6,0x21EA,0x21C9,0x21C9,0x21C9,0x5477,0x21C9,0x21C9,
  0x21C9,0x21C9,0x21C9,0x21C9,0x21C9,0x21CA,0x326C,0x21C9,0x21C9,0x21C9,0x21C9,0x21C9,
  0x21C9,0x21C9,0x21C9,0x5433,0x5CD6,0x5474,0x5C95,0x21A9,0x21C9,0x21C9,0x21C9,0x21C9,
  0x21C9,0x21A9,0x21C9,0x2A4B,0x21EA,0x21C9,0x21C9,0x21CA,0x21CA,0x21C9,0x21CA,0x21CA,
  0x21C9,0x21C9,0x21C9,0x21C9,0x21A9,0x74D5,0x74D6,0x21C9,0x21C9,0x21C9,0x21C9,0x5477,
  0x21C9,0x21C9,0x21C9,0x21C9,0x21C9,0x21C9,0x21CA,0x21EA,0x326C,0x21C9,0x21C9,0x21C9,
  0x21C9,0x21C9,0x21C9,0x21C9,0x21C9,0x5C95,0x5495,0x4C54,0x6517,0x21A9,0x21C9,0x21C9,
  0x21C9,0x21C9,0x4350,0x4350,0x21C9,0x2A2B,0x21EA,0x21C9,0x21C9,0x21C9,0x21C9,0x21C9,
  0x21C9,0x21C9,0x21C9,0x21C9,0x21C9,0x21C9,0x21A9,0x7CF6,0x74D6,0x21C9,0x21C9,0x21C9,
  0x21E9,0x5C97,0x21EA,0x21C9,0x21C9,0x21C9,0x21C9,0x21C9,0x21C9,0x21C9,0x326C,0x21C9,
  0x21A9,0x5BCF,0x21C9,0x21A9,0x21C9,0x21C9,0x21A9,0x64F6,0x4C33,0x43F2,0x6D79,0x21A9,
  0x21C9,0x21C9,0x21C9,0x21A9,0x6538,0x6D59,0x21C9,0x2A2B,0x21C9,0x21C9,0x21C9,0x21C9,
  0x21C9,0x21C9,0x21C9,0x21C9,0x21C9,0x21C9,0x21C9,0x21C9,0x21A9,0x7D17,0x74D6,0x21C9,
  0x21C9,0x21C9,0x21C9,0x5C97,0x2A4C,0x2A4C,0x2A4C,0x2A4C,0x2A4B,0x2A2B,0x2A0B,0x2A0A,
  0x326C,0x2A0A,0x324B,0x95B5,0x42ED,0x2A0A,0x2A0A,0x2A0A,0x2A0A,0x6D58,0x43F2,0x43D2,
  0x75DA,0x2A2B,0x2A4B,0x2A4C,0x2A2B,0x2A2B,0x6DBB,0x75FC,0x2A0A,0x326C,0x2A4C,0x2A2B,
  0x2A2B,0x2A0A,0x2A0A,0x2A0A,0x2A0A,0x2A0A,0x2A0A,0x21C9,0x21C9,0x21C9,0x21C9,0x8537,
  0x74B5,0x21A9,0x21C9,0x21C9,0x21C9,0x5C77,0x2A2B,0x2A0B,0x2A0A,0x2A0B,0x2A0A,0x21EA,
  0x21C9,0x21C9,0x2A4C,0x21C9,0x42CC,0x95B5,0x538F,0x21E9,0x21E9,0x21C9,0x21C9,0x75B9,
  0x4391,0x43B1,0x75FB,0x222B,0x2A0A,0x2A0A,0x2A0A,0x220B,0x7E1C,0x75FB,0x220A,0x2A4C,
  0x2A0A,0x21EA,0x21EA,0x21E9,0x21E9,0x21E9,0x21E9,0x21E9,0x21E9,0x21C9,0x21C9,0x21CA,
  0x21EA,0x8517,0x74D6,0x21A9,0x21C9,0x21C9,0x21C9,0x5C77,0x21EA,0x21CA,0x21C9,0x21C9,
  0x21C9,0x21C9,0x21C9,0x21A8,0x2A4B,0x21C9,0x5B2D,0x8D34,0x6431,0x21C9,0x21C9,0x21A9,
  0x21C9,0x7DFA,0x3B70,0x43B1,0x75DA,0x2A6C,0x21C9,0x21C9,0x21C9,0x2A4B,0x7DFB,0x75BA,
  0x328C,0x2A2B,0x21C9,0x21C9,0x21C9,0x21C9,0x21C9,0x21C9,0x21C9,0x21C9,0x21C9,0x21C9,
  0x21C9,0x21C9,0x21EA,0x8516,0x7CF6,0x21C9,0x21C9,0x21C9,0x21C9,0x5457,0x21EA,0x21C9,
  0x21C9,0x21C9,0x21C9,0x21C9,0x21C9,0x21C9,0x2A4C,0x21C9,0x6BAE,0x7CB3,0x6CD3,0x21C9,
  0x21C9,0x21A9,0x220A,0x7DDA,0x4370,0x43B1,0x6D79,0x3AEE,0x21C9,0x21C9,0x21C9,0x3ACE,
  0x6D99,0x6D58,0x3AEE,0x2A2B,0x21C9,0x21C9,0x21C9,0x21C9,0x21C9,0x21C9,0x21C9,0x21C9,
  0x21C9,0x21C9,0x21C9,0x21CA,0x21CA,0x7CD5,0x7CF6,0x21E9,0x21C9,0x21C9,0x21C9,0x5456,
  0x21C9,0x21A9,0x21C9,0x21C9,0x21C9,0x21C9,0x21CA,0x21CA,0x324C,0x21C9,0x7C10,0x6432,
  0x7534,0x2A2A,0x6472,0x21A9,0x328C,0x7599,0x4391,0x4391,0x6517,0x4350,0x21C9,0x21C9,
  0x21C9,0x4350,0x6538,0x5CF7,0x4350,0x2A0A,0x21C9,0x21C9,0x21C9,0x21C9,0x21EA,0x21EA,
  0x21CA,0x21CA,0x21C9,0x21CA,0x21CA,0x21CA,0x21CA,0x74B5,0x7CF6,0x21EA,0x21CA,0x21C9,
  0x21C9,0x5456,0x21C9,0x21C9,0x21C9,0x21C9,0x21C9,0x21C9,0x21CA,0x21EA,0x326C,0x21C9,
  0x8450,0x53B0,0x7576,0x32CC,0x7DD7,0x21E9,0x432F,0x6D38,0x4371,0x4391,0x5CB6,0x4BD2,
  0x21C9,0x21C9,0x21C9,0x4BD2,0x5CB6,0x5475,0x4BD2,0x2A0A,0x21C9,0x21C9,0x21C9,0x21C9,
  0x5454,0x5C54,0x21C9,0x21C9,0x21C9,0x21C9,0x21CA,0x21C9,0x21CA,0x74B5,0x7CF6,0x21CA,
  0x21C9,0x21C9,0x21CA,0x5456,0x220B,0x29EA,0x2A0A,0x2A0A,0x2A0B,0x2A2B,0x2A2B,0x2A2B,
  0x326D,0x29EA,0x8C71,0x4B6F,0x7596,0x438F,0x75D7,0x32AD,0x4BD2,0x64F7,0x43B2,0x4BB2,
  0x5475,0x5C75,0x2A0A,0x2A0A,0x29EA,0x5434,0x5475,0x4C34,0x5475,0x324C,0x2A0B,0x2A0B,
  0x2A0B,0x2A0A,0x6539,0x6D59,0x29EA,0x2A0A,0x2A0B,0x21CA,0x21C9,0x21C9,0x21A9,0x74B5,
  0x7CF7,0x21C9,0x21C9,0x21C9,0x21C9,0x5C56,0x2A0A,0x21EA,0x29EA,0x2A0A,0x2A0A,0x2A0A,
  0x29EA,0x21EA,0x2A4B,0x21C9,0x9CB1,0x432F,0x7536,0x5C93,0x7576,0x432E,0x5C33,0x5C95,
  0x4391,0x4391,0x4BF3,0x6517,0x21E9,0x21C9,0x21C9,0x5C96,0x4C13,0x43D2,0x6518,0x326C,
  0x2A2B,0x2A0A,0x2A0A,0x21EA,0x6D9B,0x75DB,0x21EA,0x29EA,0x2A0A,0x21C9,0x21C9,0x21A9,
  0x21A9,0x74D6,0x7CF6,0x21C9,0x21C9,0x21C9,0x21C9,0x5C77,0x21EA,0x21C9,0x21E9,0x8BAD,
  0x6B0C,0x21A9,0x21A9,0x21A9,0x2A2B,0x2188,0xA4F2,0x430F,0x6D15,0x7D97,0x64F4,0x4B8F,
  0x6495,0x53F3,0x4351,0x4371,0x4351,0x75BA,0x19A8,0x2A2A,0x2188,0x64F7,0x43B2,0x4351,
  0x759A,0x2A4C,0x29EA,0x21C9,0x21C9,0x2A4B,0x6D7A,0x75DB,0x220A,0x21C9,0x21C9,0x21C9,
  0x21C9,0x21A9,0x21A9,0x7CF7,0x7CF6,0x21A9,0x21C9,0x21C9,0x21E9,0x5C77,0x21EA,0x21E9,
  0x3209,0xB46F,0xA42E,0x21A8,0x21A9,0x21A8,0x2A2B,0x29C9,0xA4D2,0x4B30,0x6494,0x85D8,
  0x5C52,0x5411,0x7538,0x4350,0x4330,0x4350,0x3B0F,0x75BA,0x32EE,0x7E1C,0x19A9,0x7DDB,
  0x4351,0x3B30,0x7DFB,0x2A4C,0x21EA,0x21C9,0x21C9,0x3B0F,0x6D19,0x757A,0x32CD,0x21C9,
  0x21C9,0x21C9,0x21C9,0x21C9,0x21A9,0x7CF7,0x7CF6,0x21A9,0x21C9,0x21C9,0x21E9,0x5C77,
  0x21EA,0x21E9,0x52CB,0x8BCE,0xA42F,0x31E9,0x29C9,0xA40E,0x322B,0x3A4A,0x9C92,0x4330,
  0x5391,0x6CB4,0x5412,0x5C94,0x7599,0x3AEF,0x4310,0x4330,0x3AEF,0x6518,0x5CD6,0x865D,
  0x32AD,0x863C,0x4310,0x3B10,0x75BB,0x2A4C,0x21C9,0x21A9,0x21C9,0x4BB2,0x64B7,0x64F8,
  0x4371,0x21CA,0x21C9,0x21C9,0x21C9,0x21C9,0x21A9,0x8517,0x74D6,0x21C9,0x21C9,0x21C9,
  0x21EA,0x5C77,0x21EA,0x21C9,0x7B4C,0x6B2D,0x8BCE,0x5ACC,0x5AAB,0xC48F,0x5AEC,0x52CC,
  0x8C31,0x430F,0x42EF,0x42EF,0x4B71,0x7598,0x6D38,0x3AEF,0x4310,0x4330,0x3AEF,0x5C55,
  0x863D,0x7DDB,0x5434,0x759A,0x42EF,0x3AEF,0x6D39,0x3ACE,0x21C9,0x21A9,0x21A9,0x5475,
  0x53F4,0x5C55,0x5434,0x21C9,0x21C9,0x21C9,0x21C9,0x21C9,0x21C9,0x7CF6,0x74D6,0x21C9,
  0x21C9,0x21C9,0x21EA,0x5C76,0x220A,0x21C9,0x9C0E,0x42AC,0x6B4E,0x7B8D,0x7B6D,0xAC2F,
  0x7B6D,0x6B4D,0x73D0,0x42F0,0x4310,0x42EF,0x430F,0x85FA,0x6495,0x4310,0x4331,0x4331,
  0x4310,0x4B71,0x7DBA,0x5C96,0x759A,0x6496,0x3AEF,0x42EF,0x64F8,0x4BB2,0x64F7,0x53F3,
  0x21C9,0x6D59,0x4331,0x4BB3,0x5CB7,0x21C9,0x21E9,0x21C9,0x21C9,0x21C9,0x21EA,0x7CF6,
  0x74D6,0x21C9,0x21E9,0x21C9,0x21C9,0x5456,0x2A0B,0x3A4B,0xA42F,0x42AE,0x530F,0xA42F,
  0xA40E,0x736E,0xA40F,0x8BEF,0x5B50,0x42F0,0x4310,0x42F0,0x4310,0x53B2,0x4B51,0x4311,
  0x4331,0x4351,0x4310,0x4310,0x4310,0x4B92,0x865E,0x4B51,0x42F0,0x4310,0x5C76,0x5C96,
  0x863D,0x7DDB,0x3B30,0x6D5A,0x42CF,0x42F0,0x75DC,0x6539,0x326D,0x21C9,0x21C9,0x21CA,
  0x21EA,0x74B5,0x74D6,0x21C9,0x21C9,0x21C9,0x21C9,0x5436,0x21C9,0x732C,0x736F,0x428E,
  0x42AE,0xA42F,0xAC2F,0x426D,0xAC50,0xAC50,0x42AE,0x42AF,0x42AF,0x42AF,0x42AF,0x42CF,
  0x42AF,0x42CF,0x42F0,0x4310,0x42AF,0x42AF,0x42AF,0x42AE,0x4B10,0x428E,0x42AF,0x42AF,
  0x5392,0x75BB,0x7D9A,0x6D18,0x7DFC,0x4B51,0x42AE,0x42AE,0x4B30,0x5C55,0x64F8,0x21C9,
  0x21CA,0x21CA,0x21CA,0x7495,0x74D6,0x21A9,0x21C9,0x21C9,0x21A9,0x5436,0x426B,0xA471,
  0x4AAE,0x42AE,0x42AE,0x52CE,0x5AEE,0x3A8E,0x634F,0x6B2F,0x42AF,0x42AF,0x42AF,0x42AF,
  0x42AF,0x42AF,0x42AF,0x42AF,0x42D0,0x42F0,0x428E,0x42AF,0x428E,0x42AF,0x428E,0x42AF,
  0x42AF,0x42AF,0x42CF,0x7DDC,0x5C35,0x42AE,0x42CF,0x42AF,0x42AF,0x42AE,0x42AE,0x428E,
  0x6CF8,0x21EA,0x21CA,0x21CA,0x21CA,0x7495,0x74D6,0x21A9,0x21C9,0x21C9,0x21A9,0x5C35,
  0x9410,0x52CE,0x42AE,0x428E,0x428E,0x428E,0x428E,0x3A8E,0x42F0,0x428E,0x42AF,0x42AF,
  0x42AF,0x42AF,0x42AF,0x42AF,0x428F,0x428E,0x42CF,0x42D0,0x428E,0x428E,0x428F,0x428F,
  0x428F,0x428F,0x42AF,0x42AE,0x428E,0x42F0,0x3A8E,0x428E,0x428E,0x42AF,0x42AF,0x42AF,
  0x42AE,0x42AF,0x42AF,0x21EA,0x21CA,0x21CA,0x21C9,0x7495,0x7CF7,0x21C9,0x21C9,0x21C9,
  0x21A9,0x5436,0x42CF,0x42CF,0x42D0,0x42F0,0x42EF,0x42CF,0x42CF,0x42D0,0x4B31,0x42F0,
  0x42F0,0x42F0,0x42F0,0x4AF0,0x42F0,0x42F0,0x42D0,0x42D0,0x4310,0x4311,0x42EF,0x42F0,
  0x42F0,0x42F0,0x42F0,0x42F0,0x42F0,0x42EF,0x42EF,0x4310,0x42CF,0x42CF,0x42F0,0x42F0,
  0x42F0,0x42F0,0x4AF0,0x4B10,0x4B10,0x21EA,0x21C9,0x21C9,0x21A9,0x7495,0x7D16,0x29EA,
  0x21CA,0x21C9,0x21C9,0x4BD3,0x5415,0x5415,0x5415,0x5415,0x5415,0x5415,0x5415,0x5435,
  0x5435,0x5435,0x5435,0x5435,0x5435,0x5415,0x5415,0x5415,0x5415,0x5415,0x5415,0x5415,
  0x5435,0x5C35,0x5C35,0x5C35,0x5C35,0x5C35,0x5415,0x5415,0x5415,0x5415,0x5415,0x5415,
  0x5415,0x5C35,0x5C35,0x5C35,0x5C55,0x5C55,0x5C35,0x21EA,0x21CA,0x21C9,0x21A9,0x74B5,
  0x7CF6,0x29EA,0x21E9,0x21C9,0x21C9,0x21C9,0x21C9,0x21A9,0x21C9,0x21A9,0x21C9,0x21C9,
  0x21C9,0x21C9,0x21C9,0x21C9,0x21C9,0x21C9,0x21C9,0x21C9,0x21C9,0x21C9,0x21C9,0x21C9,
  0x21C9,0x21C9,0x21C9,0x21C9,0x21C9,0x21C9,0x21C9,0x21C9,0x21C9,0x21C9,0x21C9,0x21C9,
  0x21C9,0x21C9,0x21C9,0x21C9,0x21C9,0x21CA,0x21C9,0x21C9,0x21CA,0x21C9,0x21C9,0x21C9,
  0x21C9,0x74B5,0x7CD6,0x21E9,0x21C9,0x21C9,0x21C9,0x21C9,0x21C9,0x21C9,0x21C9,0x21C9,
  0x21C9,0x21C9,0x21C9,0x21C9,0x21C9,0x21C9,0x21C9,0x21C9,0x21C9,0x21C9,0x21C9,0x21C9,
  0x21C9,0x21C9,0x21CA,0x21C9,0x21C9,0x21C9,0x21C9,0x21C9,0x21C9,0x21C9,0x21C9,0x21C9,
  0x21C9,0x21C9,0x21C9,0x21C9,0x21C9,0x21C9,0x21C9,0x21C9,0x21C9,0x21C9,0x21C9,0x21C9,
  0x21C9,0x21C9,0x21C9,0x7495,0x7CD6,0x21C9,0x21C9,0x21C9,0x21C9,0x21C9,0x21C9,0x21C9,
  0x21C9,0x21C9,0x21C9,0x21C9,0x21C9,0x21C9,0x21C9,0x21A9,0x21C9,0x21A9,0x21A9,0x21C9,
  0x21C9,0x21E9,0x21EA,0x21CA,0x21CA,0x21E9,0x21C9,0x21C9,0x21C9,0x21C9,0x21C9,0x21C9,
  0x21C9,0x21C9,0x21CA,0x21CA,0x21CA,0x21CA,0x21C9,0x21C9,0x21C9,0x21C9,0x21C9,0x21C9,
  0x21C9,0x21C9,0x21C9,0x21C9,0x21C9,0x74B5,0x74D5,0x21C9,0x21C9,0x21C9,0x21C9,0x21C9,
  0x21C9,0x21C9,0x21C9,0x21C9,0x21C9,0x21C9,0x21A9,0x430F,0x6C75,0x6434,0x2A2B,0x324B,
  0x6434,0x21A9,0x2A0A,0x6434,0x74D6,0x5BD2,0x21EA,0x3AAD,0x6413,0x21EA,0x6434,0x326C,
  0x21A8,0x4B2F,0x4B30,0x5BD2,0x6C75,0x6C75,0x6C75,0x5BF3,0x21EA,0x21C9,0x21C9,0x21C9,
  0x21C9,0x21C9,0x21C9,0x21C9,0x21C9,0x21C9,0x21C9,0x7CD5,0x74D5,0x21C9,0x21C9,0x21C9,
  0x21C9,0x21C9,0x21C9,0x21C9,0x21C9,0x21C9,0x21C9,0x21C9,0x3A8C,0x9E3D,0x4B71,0x74D7,
  0x8579,0x42CE,0xA65E,0x21A9,0x74F7,0x8558,0x53B1,0x9DFC,0x5BD2,0x4B50,0x95DC,0x220A,
  0x9E5E,0x8559,0x21C9,0x6C95,0x74B6,0x4B50,0x6413,0xA67E,0x63F3,0x5391,0x21E9,0x21E9,
  0x21C9,0x21C9,0x21C9,0x21C9,0x21C9,0x21C9,0x21C9,0x21C9,0x21C9,0x7CF6,0x74D5,0x21C9,
  0x21C9,0x21C9,0x21C9,0x21C9,0x21C9,0x21C9,0x21C9,0x21C9,0x21C9,0x21C9,0x3ACE,0xA65D,
  0x5370,0x2A2B,0x3AAD,0x42EE,0xA69E,0x21EA,0x9E7E,0x326C,0x21A8,0x326C,0x3A8C,0x4B2F,
  0x8DDC,0x220A,0xA67E,0x961C,0x5391,0x74B6,0x74B6,0x21C9,0x324B,0x9E7E,0x2A0A,0x21C9,
  0x21C9,0x21C9,0x21C9,0x21C9,0x21C9,0x21C9,0x21C9,0x21C9,0x21C9,0x21C9,0x21C9,0x8517,
  0x74D5,0x21C9,0x21C9,0x21C9,0x21C9,0x21C9,0x21C9,0x21C9,0x21C9,0x21C9,0x21C9,0x21C9,
  0x21C9,0x5391,0x95DB,0xA63C,0x4B50,0x42EE,0xAE9E,0x324B,0xA67E,0x21EA,0x53B2,0x7D38,
  0x5BD2,0x4B2F,0x8DDC,0x2A0A,0xAE9E,0x53B1,0x9E1C,0x74D6,0x74B6,0x21C9,0x326C,0x9E7E,
  0x2A0A,0x21C9,0x21C9,0x21C9,0x21C9,0x21C9,0x21C9,0x21C9,0x21C9,0x21C9,0x21C9,0x21C9,
  0x21C9,0x8517,0x7CD5,0x21C9,0x21C9,0x21C9,0x21C9,0x21C9,0x21C9,0x21C9,0x21C9,0x21C9,
  0x21C9,0x21C9,0x430F,0x5BB1,0x21C9,0x63F3,0x9E1C,0x42EE,0xAE9E,0x220A,0xA67D,0x42EE,
  0x2A2B,0x6C96,0x6C96,0x432F,0x8DDC,0x2A2B,0xAEBF,0x3A8C,0x7CF7,0xA67E,0x74B6,0x21C9,
  0x324C,0xA67E,0x2A0A,0x21C9,0x21C9,0x21C9,0x21C9,0x21C9,0x21C9,0x21C9,0x21C9,0x21C9,
  0x21C9,0x21C9,0x21C9,0x84F7,0x7CD6,0x21C9,0x21C9,0x21C9,0x21C9,0x21C9,0x21C9,0x21C9,
  0x21C9,0x21C9,0x21C9,0x21C9,0x42EE,0xA65D,0x6C75,0x8559,0x8538,0x42EE,0xAE9E,0x21EA,
  0x6C54,0x9E1C,0x7495,0x95DB,0x6C54,0x4B2F,0x8DDC,0x2A0A,0xA69E,0x326C,0x322B,0xA65D,
  0x74B6,0x21E9,0x328C,0xA69E,0x2A2B,0x21C9,0x21C9,0x21C9,0x21C9,0x21C9,0x21C9,0x21C9,
  0x21C9,0x21C9,0x21C9,0x21C9,0x21C9,0x7CD6,0x7CD5,0x21C9,0x21C9,0x21C9,0x21C9,0x21C9,
  0x21C9,0x21C9,0x21C9,0x21C9,0x21C9,0x21C9,0x21C9,0x326C,0x53B1,0x5370,0x29E9,0x2A2A,
  0x5391,0x21EA,0x21C9,0x4B2F,0x63F3,0x4B50,0x21EA,0x324C,0x4B50,0x21C9,0x5370,0x29E9,
  0x21A8,0x42CD,0x42CE,0x21C9,0x2A2B,0x53B1,0x2A0A,0x21C9,0x21C9,0x21C9,0x21C9,0x21C9,
  0x21C9,0x21C9,0x21C9,0x21C9,0x21C9,0x21C9,0x21CA,0x7495,0x7CD5,0x21E9,0x21C9,0x21C9,
  0x21C9,0x21C9,0x21C9,0x21C9,0x21C9,0x21C9,0x21C9,0x21C9,0x21C9,0x21C9,0x21C9,0x21C9,
  0x21C9,0x21C9,0x21C9,0x21C9,0x21C9,0x21CA,0x21CA,0x21C9,0x21C9,0x21C9,0x21C9,0x21C9,
  0x21C9,0x21C9,0x21C9,0x21C9,0x21C9,0x21C9,0x21C9,0x21E9,0x21E9,0x21C9,0x21C9,0x21C9,
  0x21C9,0x21C9,0x21C9,0x21C9,0x21C9,0x21C9,0x21C9,0x21C9,0x21CA,0x7474,0x7CD5,0x21C9,
  0x21C9,0x21C9,0x21C9,0x21C9,0x21C9,0x21C9,0x21C9,0x21C9,0x21C9,0x21C9,0x21C9,0x21C9,
  0x21C9,0x21C9,0x21C9,0x21C9,0x21C9,0x21C9,0x21C9,0x21C9,0x21C9,0x21C9,0x21C9,0x21C9,
  0x21C9,0x21C9,0x21C9,0x21C9,0x21C9,0x21C9,0x21C9,0x21C9,0x21C9,0x21C9,0x21C9,0x21C9,
  0x21C9,0x21C9,0x21C9,0x21C9,0x21C9,0x21C9,0x21C9,0x21C9,0x21C9,0x21C9,0x21C9,0x7474,
  0x74B5,0x21C9,0x21C9,0x21C9,0x21C9,0x21C9,0x21C9,0x21C9,0x21C9,0x21C9,0x21C9,0x21C9,
  0x21C9,0x21C9,0x21C9,0x21C9,0x21C9,0x21C9,0x21C9,0x21C9,0x21C9,0x21C9,0x21C9,0x21C9,
  0x21C9,0x21C9,0x21C9,0x21C9,0x21C9,0x21C9,0x21C9,0x21C9,0x21C9,0x21C9,0x21C9,0x21C9,
  0x21C9,0x21C9,0x21C9,0x21C9,0x21C9,0x21C9,0x21C9,0x21C9,0x21C9,0x21C9,0x21C9,0x21C9,
  0x21C9,0x7474,0x6412,0x6434,0x6434,0x6454,0x6C54,0x6C54,0x6454,0x6454,0x6454,0x6454,
  0x6454,0x6454,0x6454,0x6454,0x6454,0x6454,0x6454,0x6454,0x6434,0x6434,0x6433,0x6433,
  0x6434,0x6434,0x6434,0x6434,0x6C54,0x6C74,0x6C74,0x6C74,0x6C74,0x6C74,0x6C54,0x6434,
  0x6434,0x6434,0x6434,0x6434,0x6454,0x6454,0x6C54,0x6C74,0x6C74,0x6C74,0x6C74,0x6C74,
  0x6454,0x6434,0x6434,0x6C33,
};

// 08_tools-removebg-preview (Custom)
const uint16_t wh_icon_07[2500] PROGMEM = {
  0xF8F8,0xF8F8,0xF8F8,0xF8F8,0xF8F8,0xF8F8,0xF8F8,0xF8F8,0xF8F8,0xF8F8,0xF8F8,0xF8F8,
  0xF8F8,0xF8F8,0xF8F8,0xF8F8,0xF8F8,0xF8F8,0xF8F8,0xF8F8,0xF8F8,0xF8F8,0xF8F8,0xF8F8,
  0xF8F8,0xF8F8,0xF8F8,0xF8F8,0xF8F8,0xF8F8,0xF8F8,0xF8F8,0xF8F8,0xF8F8,0xF8F8,0xF8F8,
  0xF8F8,0xF8F8,0xF8F8,0xF8F8,0xF8F8,0xF8F8,0xF8F8,0xF8F8,0xF8F8,0xF8F8,0xF8F8,0xF8F8,
  0xF8F8,0xF8F8,0xF8F8,0xF8F8,0xF8F8,0xF8F8,0xF8F8,0xF8F8,0xF8F8,0xF8F8,0xF8F8,0xF8F8,
  0xF8F8,0xF8F8,0xF8F8,0xF8F8,0xF8F8,0xF8F8,0xF8F8,0xF8F8,0xF8F8,0xF8F8,0xF8F8,0xF8F8,
  0xF8F8,0xF8F8,0xF8F8,0xF8F8,0xF8F8,0xF8F8,0xF8F8,0xF8F8,0xF8F8,0xF8F8,0xF8F8,0xF8F8,
  0xF8F8,0xF8F8,0xF8F8,0xF8F8,0xF8F8,0xF8F8,0xF8F8,0xF8F8,0xF8F8,0xF8F8,0xF8F8,0xF8F8,
  0xF8F8,0xF8F8,0xF8F8,0xF8F8,0xF8F8,0xF8F8,0xF8F8,0xF8F8,0xF8F8,0xF8F8,0xF8F8,0xF8F8,
  0xF8F8,0xF8F8,0xF8F8,0xF8F8,0xF8F8,0xF8F8,0xF8F8,0xF8F8,0xF8F8,0xF8F8,0xF8F8,0xF8F8,
  0xF8F8,0xF8F8,0xF8F8,0xF8F8,0xF8F8,0xF8F8,0xF8F8,0xF8F8,0xF8F8,0xF8F8,0xF8F8,0xF8F8,
  0xF8F8,0xF8F8,0xF8F8,0xF8F8,0xF8F8,0xF8F8,0xF8F8,0xF8F8,0xF8F8,0xF8F8,0xF8F8,0xF8F8,
  0xF8F8,0xF8F8,0xF8F8,0xF8F8,0xF8F8,0xF8F8,0xF8F8,0xF8F8,0xF8F8,0xF8F8,0xF8F8,0xF8F8,
  0xF8F8,0xF8F8,0xF8F8,0xF8F8,0xF8F8,0xF8F8,0xF8F8,0xF8F8,0xF8F8,0xF8F8,0xF8F8,0xF8F8,
  0xF8F8,0xF8F8,0xF8F8,0xF8F8,0xF8F8,0xF8F8,0xF8F8,0xF8F8,0xF8F8,0xF8F8,0xF8F8,0xF8F8,
  0xF8F8,0xF8F8,0xF8F8,0xF8F8,0xF8F8,0xF8F8,0xF8F8,0xF8F8,0xF8F8,0xF8F8,0xF8F8,0xF8F8,
  0xF8F8,0xF8F8,0xF8F8,0xF8F8,0xF8F8,0xF8F8,0xF8F8,0xF8F8,0xF8F8,0xF8F8,0xF8F8,0xF8F8,
  0xF8F8,0xF8F8,0xF8F8,0xF8F8,0xF8F8,0xF8F8,0xF8F8,0xF8F8,0xF8F8,0xF8F8,0xF8F8,0xF8F8,
  0xF8F8,0xF8F8,0xF8F8,0xF8F8,0xF8F8,0xF8F8,0xF8F8,0xF8F8,0xF8F8,0xF8F8,0xF8F8,0xF8F8,
  0xF8F8,0xF8F8,0xF8F8,0xF8F8,0xF8F8,0xF8F8,0xF8F8,0xF8F8,0xF8F8,0xF8F8,0xF8F8,0xF8F8,
  0xF8F8,0xF8F8,0xF8F8,0xF8F8,0xF8F8,0xF8F8,0xF8F8,0xF8F8,0xF8F8,0xF8F8,0xF8F8,0xF8F8,
  0xF8F8,0xF8F8,0xF8F8,0xF8F8,0xF8F8,0xF8F8,0xF8F8,0xF8F8,0xF8F8,0xF8F8,0xF8F8,0xF8F8,
  0x0000,0xF8F8,0xF8F8,0xF8F8,0xF8F8,0xF8F8,0xF8F8,0xF8F8,0xF8F8,0xF8F8,0xF8F8,0xF8F8,
  0xF8F8,0xF8F8,0xF8F8,0xF8F8,0xF8F8,0xF8F8,0xF8F8,0xF8F8,0xF8F8,0xF8F8,0xF8F8,0xF8F8,
  0xF8F8,0xF8F8,0xF8F8,0xF8F8,0xF8F8,0xF8F8,0xF8F8,0xF8F8,0xF8F8,0xF8F8,0xF8F8,0xF8F8,
  0xF8F8,0xF8F8,0xF8F8,0xF8F8,0xF8F8,0xF8F8,0xF8F8,0xF8F8,0xF8F8,0xF8F8,0xF8F8,0x10E4,
  0x2187,0x21A9,0x21A8,0x2187,0x10E4,0x0041,0xF8F8,0xF8F8,0xF8F8,0xF8F8,0xF8F8,0xF8F8,
  0xF8F8,0xF8F8,0xF8F8,0xF8F8,0xF8F8,0xF8F8,0xF8F8,0xF8F8,0xF8F8,0xF8F8,0xF8F8,0xF8F8,
  0xF8F8,0xF8F8,0xF8F8,0x0841,0x1946,0x10C3,0xF8F8,0xF8F8,0xF8F8,0xF8F8,0xF8F8,0xF8F8,
  0xF8F8,0xF8F8,0xF8F8,0xF8F8,0xF8F8,0xF8F8,0xF8F8,0xF8F8,0xF8F8,0xF8F8,0xF8F8,0xF8F8,
  0xF8F8,0x2187,0x2A0A,0x8CD4,0x9515,0x7C52,0x4AAC,0x21A8,0x10E4,0xF8F8,0xF8F8,0xF8F8,
  0xF8F8,0xF8F8,0xF8F8,0xF8F8,0xF8F8,0xF8F8,0xF8F8,0xF8F8,0xF8F8,0xF8F8,0xF8F8,0xF8F8,
  0xF8F8,0xF8F8,0xF8F8,0xF8F8,0x10A3,0x2188,0x4ACC,0x21C9,0x10E4,0xF8F8,0xF8F8,0xF8F8,
  0xF8F8,0xF8F8,0xF8F8,0xF8F8,0xF8F8,0xF8F8,0xF8F8,0xF8F8,0xF8F8,0xF8F8,0xF8F8,0xF8F8,
  0xF8F8,0xF8F8,0xF8F8,0x0021,0x1967,0x428B,0xA556,0xAD97,0xBE18,0x9515,0x322A,0x1925,
  0xF8F8,0xF8F8,0xF8F8,0xF8F8,0xF8F8,0xF8F8,0xF8F8,0xF8F8,0xF8F8,0xF8F8,0xF8F8,0xF8F8,
  0xF8F8,0xF8F8,0xF8F8,0xF8F8,0x0021,0x1946,0x2A09,0x8CB3,0xB5F8,0x7C32,0x29C9,0x1082,
  0xF8F8,0xF8F8,0xF8F8,0xF8F8,0xF8F8,0xF8F8,0xF8F8,0xF8F8,0xF8F8,0xF8F8,0xF8F8,0xF8F8,
  0xF8F8,0xF8F8,0xF8F8,0xF8F8,0xF8F8,0xF8F8,0x0020,0x1967,0x4AAC,0xAD96,0xADB7,0xB5D7,
  0xAD96,0x29C9,0x08A3,0xF8F8,0xF8F8,0xF8F8,0xF8F8,0xF8F8,0xF8F8,0xF8F8,0xF8F8,0xF8F8,
  0xF8F8,0xF8F8,0xF8F8,0xF8F8,0xF8F8,0x0882,0x21A8,0x532E,0xBDF8,0xB5B7,0xAD76,0x8CD4,
  0x21A8,0x0882,0xF8F8,0xF8F8,0xF8F8,0xF8F8,0xF8F8,0xF8F8,0xF8F8,0xF8F8,0xF8F8,0xF8F8,
  0xF8F8,0xF8F8,0xF8F8,0x10A3,0x0020,0xF8F8,0xF8F8,0xF8F8,0xF8F8,0x0021,0x2187,0x4AED,
  0xAD97,0xAD96,0xB5D7,0x6BD0,0x1967,0xF8F8,0xF8F8,0xF8F8,0xF8F8,0xF8F8,0xF8F8,0xF8F8,
  0xF8F8,0xF8F8,0xF8F8,0xF8F8,0xF8F8,0xF8F8,0xF8F8,0x2188,0x7411,0xC639,0xADB7,0xAD97,
  0xAD96,0x428B,0x1925,0xF8F8,0xF8F8,0xF8F8,0xF8F8,0xF8F8,0xF8F8,0xF8F8,0xF8F8,0xF8F8,
  0xF8F8,0xF8F8,0xF8F8,0xF8F8,0x0861,0x21A8,0x1947,0x0020,0xF8F8,0xF8F8,0xF8F8,0xF8F8,
  0x0841,0x21A8,0x8CB3,0xA576,0xA576,0xAD97,0x2188,0x0861,0xF8F8,0xF8F8,0xF8F8,0xF8F8,
  0xF8F8,0xF8F8,0xF8F8,0xF8F8,0xF8F8,0xF8F8,0xF8F8,0xF8F8,0x0041,0x2188,0xADB7,0xAD96,
  0xAD96,0xADB7,0x7C52,0x21A8,0x0041,0xF8F8,0xF8F8,0xF8F8,0xF8F8,0xF8F8,0xF8F8,0xF8F8,
  0xF8F8,0xF8F8,0xF8F8,0xF8F8,0xF8F8,0xF8F8,0x10E4,0x3A6B,0x3A6B,0x2167,0x0020,0xF8F8,
  0xF8F8,0xF8F8,0x0882,0x21A8,0x9D56,0xA576,0xA576,0xBE18,0x322A,0x10C3,0xF8F8,0xF8F8,
  0xF8F8,0xF8F8,0xF8F8,0xF8F8,0xF8F8,0xF8F8,0xF8F8,0xF8F8,0xF8F8,0xF8F8,0x10C4,0x322A,
  0xBE18,0xAD96,0xAD96,0xA556,0x320A,0x10E4,0xF8F8,0xF8F8,0xF8F8,0xF8F8,0xF8F8,0xF8F8,
  0xF8F8,0xF8F8,0xF8F8,0xF8F8,0xF8F8,0xF8F8,0xF8F8,0xF8F8,0x1905,0x52ED,0x9D35,0x3A4A,
  0x1946,0x0000,0xF8F8,0xF8F8,0x1925,0x4AED,0xA576,0xA576,0xA576,0xBE18,0x4ACD,0x10E4,
  0xF8F8,0xF8F8,0xF8F8,0xF8F8,0xF8F8,0xF8F8,0xF8F8,0xF8F8,0xF8F8,0xF8F8,0xF8F8,0x10A3,
  0x21A8,0x94F4,0xADB7,0xA576,0x8CB3,0x52ED,0x1967,0xF8F8,0xF8F8,0xF8F8,0xF8F8,0xF8F8,
  0xF8F8,0xF8F8,0xF8F8,0xF8F8,0xF8F8,0xF8F8,0xF8F8,0xF8F8,0xF8F8,0xF8F8,0x1905,0x4ACC,
  0xA576,0x94F4,0x320A,0x1926,0x1905,0x2187,0x21A8,0x8493,0xA576,0xAD76,0xAD96,0xBE39,
  0x428C,0x10E4,0xF8F8,0xF8F8,0xF8F8,0xF8F8,0xF8F8,0xF8F8,0xF8F8,0xF8F8,0xF8F8,0xF8F8,
  0x10C3,0x29C9,0x94F4,0xB5F8,0x8472,0x3209,0x1987,0x1967,0x0862,0xF8F8,0xF8F8,0xF8F8,
  0xF8F8,0xF8F8,0xF8F8,0xF8F8,0xF8F8,0xF8F8,0xF8F8,0xF8F8,0xF8F8,0xF8F8,0xF8F8,0xF8F8,
  0x08A3,0x29E9,0xA556,0xA556,0x94F4,0x428C,0x4AED,0x73F1,0x9515,0xA576,0xAD76,0xAD96,
  0xAD96,0xBE39,0x320A,0x1905,0xF8F8,0xF8F8,0xF8F8,0xF8F8,0xF8F8,0xF8F8,0xF8F8,0xF8F8,
  0xF8F8,0x10A3,0x29E9,0x94D4,0xC659,0x8493,0x21A8,0x10E4,0x0020,0xF8F8,0xF8F8,0xF8F8,
  0xF8F8,0xF8F8,0xF8F8,0xF8F8,0xF8F8,0xF8F8,0xF8F8,0xF8F8,0xF8F8,0xF8F8,0xF8F8,0xF8F8,
  0xF8F8,0xF8F8,0x0000,0x2187,0x73F0,0xA576,0xA576,0xA576,0xA576,0xAD76,0xAD76,0xAD96,
  0xAD96,0xAD96,0xAD96,0xB5B7,0x8CB3,0x21A8,0x10C3,0xF8F8,0xF8F8,0xF8F8,0xF8F8,0xF8F8,
  0xF8F8,0xF8F8,0x08A3,0x21A8,0x8CB3,0xC679,0x8CB3,0x29E9,0x10E4,0xF8F8,0xF8F8,0xF8F8,
  0xF8F8,0xF8F8,0xF8F8,0xF8F8,0xF8F8,0xF8F8,0xF8F8,0xF8F8,0xF8F8,0xF8F8,0xF8F8,0xF8F8,
  0xF8F8,0xF8F8,0xF8F8,0xF8F8,0xF8F8,0x10C3,0x29E9,0x94F4,0xA576,0xA576,0xA576,0xAD76,
  0xAD76,0xAD96,0xAD76,0xA576,0xA576,0xA576,0xADB7,0x8C93,0x21A8,0x10C3,0xF8F8,0xF8F8,
  0xF8F8,0xF8F8,0xF8F8,0x0882,0x2188,0x8472,0xC639,0x8CB4,0x29EA,0x10E4,0xF8F8,0xF8F8,
  0xF8F8,0xF8F8,0xF8F8,0xF8F8,0xF8F8,0xF8F8,0xF8F8,0xF8F8,0xF8F8,0xF8F8,0xF8F8,0xF8F8,
  0xF8F8,0xF8F8,0xF8F8,0xF8F8,0xF8F8,0xF8F8,0xF8F8,0xF8F8,0x1946,0x3A4B,0x94F4,0xAD96,
  0xAD76,0xAD76,0xA576,0xA576,0xA576,0xA576,0x9D15,0x6BD0,0x73F0,0xAD97,0x8CB3,0x21C9,
  0x10C3,0xF8F8,0xF8F8,0xF8F8,0x0882,0x2188,0x7C52,0xC639,0x8CB3,0x21C9,0x10E4,0xF8F8,
  0xF8F8,0xF8F8,0xF8F8,0xF8F8,0xF8F8,0xF8F8,0xF8F8,0xF8F8,0xF8F8,0xF8F8,0xF8F8,0xF8F8,
  0xF8F8,0xF8F8,0xF8F8,0xF8F8,0xF8F8,0xF8F8,0xF8F8,0xF8F8,0xF8F8,0xF8F8,0x0000,0x1946,
  0x29E9,0x5B2E,0x8452,0x94D4,0x94D4,0x8493,0xA556,0xA576,0x73F0,0x7411,0x7411,0x6BAF,
  0xB5D7,0x8CB3,0x29C9,0x10C3,0xF8F8,0x0882,0x21C9,0x7C52,0xC639,0x8CB4,0x21A9,0x10E4,
  0xF8F8,0xF8F8,0xF8F8,0xF8F8,0xF8F8,0xF8F8,0xF8F8,0xF8F8,0xF8F8,0xF8F8,0xF8F8,0xF8F8,
  0xF8F8,0xF8F8,0xF8F8,0xF8F8,0xF8F8,0xF8F8,0xF8F8,0xF8F8,0xF8F8,0xF8F8,0xF8F8,0xF8F8,
  0xF8F8,0xF8F8,0x0882,0x1946,0x2188,0x2188,0x2188,0x2188,0x428C,0xA556,0x8472,0x73F0,
  0x7C52,0x7C31,0x6BAF,0xB5D7,0x8C93,0x21C9,0x1905,0x21C9,0x7C52,0xCE7A,0x94F4,0x29E9,
  0x10E5,0xF8F8,0xF8F8,0xF8F8,0xF8F8,0xF8F8,0xF8F8,0xF8F8,0xF8F8,0xF8F8,0xF8F8,0xF8F8,
  0xF8F8,0xF8F8,0xF8F8,0xF8F8,0xF8F8,0xF8F8,0xF8F8,0xF8F8,0xF8F8,0xF8F8,0xF8F8,0xF8F8,
  0xF8F8,0xF8F8,0xF8F8,0xF8F8,0xF8F8,0xF8F8,0xF8F8,0x0041,0x0041,0x0041,0x2167,0x4ACC,
  0xAD96,0x7C31,0x73F0,0x7C31,0x7411,0x638F,0xAD97,0x6BD0,0x21A8,0x7411,0xC679,0x9D15,
  0x2A0A,0x1905,0xF8F8,0xF8F8,0xF8F8,0xF8F8,0xF8F8,0xF8F8,0xF8F8,0xF8F8,0xF8F8,0xF8F8,
  0xF8F8,0xF8F8,0xF8F8,0xF8F8,0xF8F8,0xF8F8,0xF8F8,0xF8F8,0xF8F8,0xF8F8,0xF8F8,0xF8F8,
  0xF8F8,0xF8F8,0xF8F8,0xF8F8,0xF8F8,0xF8F8,0xF8F8,0xF8F8,0xF8F8,0xF8F8,0xF8F8,0xF8F8,
  0x0041,0x2188,0x4AED,0xAD97,0x7C11,0x6BD0,0x73F0,0x73F0,0x5B4E,0x29C9,0x6BD0,0xC639,
  0x9D15,0x29E9,0x1905,0xF8F8,0xF8F8,0xF8F8,0xF8F8,0xF8F8,0xF8F8,0xF8F8,0xF8F8,0xF8F8,
  0xF8F8,0xF8F8,0xF8F8,0xF8F8,0xF8F8,0xF8F8,0xF8F8,0xF8F8,0xF8F8,0xF8F8,0xF8F8,0xF8F8,
  0xF8F8,0xF8F8,0xF8F8,0xF8F8,0xF8F8,0xF8F8,0xF8F8,0xF8F8,0xF8F8,0xF8F8,0xF8F8,0xF8F8,
  0xF8F8,0xF8F8,0xF8F8,0x0041,0x21A8,0x530D,0xAD97,0x532D,0x2188,0x21A8,0x21A8,0x638F,
  0xC639,0x9D35,0x2A0A,0x1967,0xF8F8,0xF8F8,0xF8F8,0xF8F8,0xF8F8,0xF8F8,0xF8F8,0xF8F8,
  0xF8F8,0xF8F8,0xF8F8,0xF8F8,0xF8F8,0xF8F8,0xF8F8,0xF8F8,0xF8F8,0xF8F8,0xF8F8,0xF8F8,
  0xF8F8,0xF8F8,0xF8F8,0xF8F8,0xF8F8,0xF8F8,0xF8F8,0xF8F8,0xF8F8,0xF8F8,0xF8F8,0xF8F8,
  0xF8F8,0xF8F8,0xF8F8,0xF8F8,0xF8F8,0xF8F8,0x0841,0x2167,0x428B,0x2188,0x53D3,0x32AD,
  0x2188,0x9D35,0xA576,0x322A,0x3A6B,0x29C9,0x10C4,0xF8F8,0xF8F8,0xF8F8,0xF8F8,0xF8F8,
  0xF8F8,0xF8F8,0xF8F8,0xF8F8,0xF8F8,0xF8F8,0xF8F8,0xF8F8,0xF8F8,0xF8F8,0xF8F8,0xF8F8,
  0xF8F8,0xF8F8,0xF8F8,0xF8F8,0xF8F8,0xF8F8,0xF8F8,0xF8F8,0xF8F8,0xF8F8,0xF8F8,0xF8F8,
  0xF8F8,0xF8F8,0xF8F8,0xF8F8,0xF8F8,0xF8F8,0xF8F8,0xF8F8,0xF8F8,0x10A3,0x1988,0x53D3,
  0x64B7,0x53F4,0x328D,0x29EA,0x322A,0x2A0A,0x9D35,0x7C31,0x29C9,0x10C3,0xF8F8,0xF8F8,
  0xF8F8,0xF8F8,0xF8F8,0xF8F8,0xF8F8,0xF8F8,0xF8F8,0xF8F8,0xF8F8,0xF8F8,0xF8F8,0xF8F8,
  0xF8F8,0xF8F8,0xF8F8,0xF8F8,0xF8F8,0xF8F8,0xF8F8,0xF8F8,0xF8F8,0xF8F8,0xF8F8,0xF8F8,
  0xF8F8,0xF8F8,0xF8F8,0xF8F8,0xF8F8,0xF8F8,0xF8F8,0xF8F8,0xF8F8,0xF8F8,0x0862,0x1967,
  0x4BB2,0x6CD8,0x32CE,0x5414,0x5414,0x32AE,0x21C9,0x534E,0x6BAF,0x9D35,0x73F1,0x21A8,
  0x10A3,0xF8F8,0xF8F8,0xF8F8,0xF8F8,0xF8F8,0xF8F8,0xF8F8,0xF8F8,0xF8F8,0xF8F8,0xF8F8,
  0xF8F8,0xF8F8,0xF8F8,0xF8F8,0xF8F8,0xF8F8,0xF8F8,0xF8F8,0xF8F8,0xF8F8,0xF8F8,0xF8F8,
  0xF8F8,0xF8F8,0xF8F8,0xF8F8,0xF8F8,0xF8F8,0xF8F8,0xF8F8,0xF8F8,0xF8F8,0xF8F8,0x0862,
  0x1987,0x4B92,0x6CF8,0x32CE,0x53F4,0x53F4,0x3B0F,0x5414,0x2A2B,0x3A8B,0x6BD0,0x636F,
  0x9D35,0x6BF0,0x21A8,0x10A3,0xF8F8,0xF8F8,0xF8F8,0xF8F8,0xF8F8,0xF8F8,0xF8F8,0xF8F8,
  0xF8F8,0xF8F8,0xF8F8,0xF8F8,0xF8F8,0xF8F8,0xF8F8,0xF8F8,0xF8F8,0xF8F8,0xF8F8,0xF8F8,
  0xF8F8,0xF8F8,0xF8F8,0xF8F8,0xF8F8,0xF8F8,0xF8F8,0xF8F8,0xF8F8,0xF8F8,0xF8F8,0xF8F8,
  0x0862,0x2188,0x4371,0x64D8,0x328D,0x53D3,0x53F3,0x32CE,0x4BD3,0x4330,0x21A8,0x532E,
  0x73F0,0x6BD0,0x638F,0x9D35,0x73F1,0x29E9,0x10C3,0xF8F8,0xF8F8,0xF8F8,0xF8F8,0xF8F8,
  0xF8F8,0xF8F8,0xF8F8,0xF8F8,0xF8F8,0xF8F8,0xF8F8,0xF8F8,0xF8F8,0xF8F8,0xF8F8,0xF8F8,
  0xF8F8,0xF8F8,0xF8F8,0xF8F8,0xF8F8,0xF8F8,0xF8F8,0xF8F8,0xF8F8,0xF8F8,0xF8F8,0xF8F8,
  0xF8F8,0x0862,0x21A8,0x4B71,0x6CF8,0x32AD,0x4BB2,0x4BB2,0x328D,0x4B92,0x3B0F,0x21A9,
  0x6BD0,0x638F,0x6BD0,0x7411,0x73F0,0x6BD0,0xA556,0x7411,0x29E9,0x10C3,0xF8F8,0xF8F8,
  0xF8F8,0xF8F8,0xF8F8,0xF8F8,0xF8F8,0xF8F8,0xF8F8,0xF8F8,0xF8F8,0xF8F8,0xF8F8,0xF8F8,
  0xF8F8,0xF8F8,0xF8F8,0xF8F8,0xF8F8,0xF8F8,0xF8F8,0xF8F8,0xF8F8,0xF8F8,0x0020,0x10E4,
  0x1946,0x2167,0x1946,0x2188,0x4350,0x6D18,0x32CE,0x53F4,0x53F3,0x328D,0x4B71,0x3AEF,
  0x21A8,0x2188,0x5B6F,0x9D15,0x638F,0x73F0,0x7C31,0x7411,0x6BD0,0xA555,0x73F1,0x21C9,
  0x10A3,0xF8F8,0xF8F8,0xF8F8,0xF8F8,0xF8F8,0xF8F8,0xF8F8,0xF8F8,0xF8F8,0xF8F8,0xF8F8,
  0xF8F8,0xF8F8,0xF8F8,0xF8F8,0xF8F8,0xF8F8,0xF8F8,0xF8F8,0xF8F8,0xF8F8,0xF8F8,0x10A3,
  0x21A9,0x326C,0x4B71,0x53D2,0x53B2,0x53F4,0x7539,0x3AEF,0x53D3,0x53F4,0x32CE,0x4B92,
  0x430F,0x21A8,0x10A3,0x0882,0x2188,0x63AF,0x9D35,0x6BAF,0x73F1,0x7C31,0x73F0,0x6BAF,
  0x9D15,0x6BD0,0x21A8,0x10A3,0xF8F8,0xF8F8,0xF8F8,0xF8F8,0xF8F8,0xF8F8,0xF8F8,0xF8F8,
  0xF8F8,0xF8F8,0xF8F8,0xF8F8,0xF8F8,0xF8F8,0xF8F8,0xF8F8,0xF8F8,0xF8F8,0xF8F8,0xF8F8,
  0x10E4,0x21C9,0x5BF3,0x7D39,0x7518,0x74F8,0x74F8,0x74F8,0x6496,0x3B30,0x4BD3,0x32AD,
  0x4B92,0x4330,0x21EA,0x10C4,0xF8F8,0xF8F8,0x08A3,0x21C9,0x73F1,0xA535,0x638F,0x6BF0,
  0x73F1,0x6BD0,0x638F,0x9D15,0x6BD0,0x29C9,0x10C3,0xF8F8,0xF8F8,0xF8F8,0xF8F8,0xF8F8,
  0xF8F8,0xF8F8,0xF8F8,0xF8F8,0xF8F8,0xF8F8,0xF8F8,0xF8F8,0xF8F8,0xF8F8,0xF8F8,0xF8F8,
  0xF8F8,0x08A3,0x21C9,0x6476,0x6CB7,0x6CB6,0x6CB7,0x6CB7,0x6CB7,0x6CB7,0x6CB7,0x53D3,
  0x3AEF,0x4B71,0x430F,0x21C9,0x10E4,0xF8F8,0xF8F8,0xF8F8,0xF8F8,0x10C3,0x21C9,0x7411,
  0x9515,0x636F,0x6BD0,0x73F1,0x6BD0,0x6BB0,0xA556,0x7411,0x29E9,0x10C3,0xF8F8,0xF8F8,
  0xF8F8,0xF8F8,0xF8F8,0xF8F8,0xF8F8,0xF8F8,0xF8F8,0xF8F8,0xF8F8,0xF8F8,0xF8F8,0xF8F8,
  0xF8F8,0xF8F8,0xF8F8,0x2188,0x53B2,0x6CB7,0x6C96,0x6C96,0x6C96,0x6C96,0x6CB6,0x6CB7,
  0x6C96,0x5C55,0x5C35,0x4330,0x21A8,0x10E4,0xF8F8,0xF8F8,0xF8F8,0xF8F8,0xF8F8,0xF8F8,
  0x10C3,0x21A8,0x7411,0x94F4,0x636F,0x73F0,0x7431,0x73F1,0x73F0,0xA576,0x73F1,0x29C9,
  0x10A3,0xF8F8,0xF8F8,0xF8F8,0xF8F8,0xF8F8,0xF8F8,0xF8F8,0xF8F8,0xF8F8,0xF8F8,0xF8F8,
  0xF8F8,0xF8F8,0xF8F8,0xF8F8,0x0882,0x29EA,0x74D7,0x6CB7,0x6475,0x328C,0x3ACE,0x5C14,
  0x6496,0x6496,0x5C35,0x6435,0x6455,0x326C,0x1926,0xF8F8,0xF8F8,0xF8F8,0xF8F8,0xF8F8,
  0xF8F8,0xF8F8,0xF8F8,0x10C3,0x21A8,0x7C32,0x9D35,0x6BAF,0x7411,0x7431,0x6BB0,0x94F4,
  0xA576,0x6BF0,0x29C9,0x10A3,0xF8F8,0xF8F8,0xF8F8,0xF8F8,0xF8F8,0xF8F8,0xF8F8,0xF8F8,
  0xF8F8,0xF8F8,0xF8F8,0xF8F8,0xF8F8,0xF8F8,0x10E4,0x3A8C,0x6CD7,0x6C96,0x326C,0x1967,
  0x1946,0x19A8,0x328C,0x5C34,0x5C35,0x5C35,0x6435,0x42EF,0x1947,0xF8F8,0xF8F8,0xF8F8,
  0xF8F8,0xF8F8,0xF8F8,0xF8F8,0xF8F8,0xF8F8,0x10E4,0x29E9,0x8493,0x9D35,0x6BAF,0x6BD0,
  0x638F,0x9D35,0xA556,0x9D35,0x6BB0,0x21A8,0x0882,0xF8F8,0xF8F8,0xF8F8,0xF8F8,0xF8F8,
  0xF8F8,0xF8F8,0xF8F8,0xF8F8,0xF8F8,0xF8F8,0xF8F8,0xF8F8,0x10E4,0x3AAD,0x6C96,0x326C,
  0x2167,0x0020,0xF8F8,0x0882,0x21A8,0x53D2,0x5C35,0x5C35,0x5C35,0x430F,0x2167,0xF8F8,
  0xF8F8,0xF8F8,0xF8F8,0xF8F8,0xF8F8,0xF8F8,0xF8F8,0xF8F8,0xF8F8,0x1905,0x2A0A,0x8CB3,
  0x9D35,0x8C93,0x9D15,0x9D15,0x638F,0x636F,0x94F4,0x638F,0x29C9,0x0020,0xF8F8,0xF8F8,
  0xF8F8,0xF8F8,0xF8F8,0xF8F8,0xF8F8,0xF8F8,0xF8F8,0xF8F8,0xF8F8,0xF8F8,0x10C4,0x2A0A,
  0x326C,0x2167,0x0020,0xF8F8,0xF8F8,0xF8F8,0x1967,0x430F,0x6455,0x6435,0x6435,0x3ACE,
  0x1926,0xF8F8,0xF8F8,0xF8F8,0xF8F8,0xF8F8,0xF8F8,0xF8F8,0xF8F8,0xF8F8,0xF8F8,0xF8F8,
  0x1925,0x322A,0x8CB3,0xA556,0x9D35,0x530D,0x1105,0x10C3,0x3A6B,0xA576,0x3A6B,0x10C4,
  0xF8F8,0xF8F8,0xF8F8,0xF8F8,0xF8F8,0xF8F8,0xF8F8,0xF8F8,0xF8F8,0xF8F8,0xF8F8,0xF8F8,
  0x0841,0x2188,0x1967,0x0020,0xF8F8,0xF8F8,0xF8F8,0xF8F8,0x1926,0x326C,0x6455,0x6455,
  0x6455,0x2A2B,0x10E4,0xF8F8,0xF8F8,0xF8F8,0xF8F8,0xF8F8,0xF8F8,0xF8F8,0xF8F8,0xF8F8,
  0xF8F8,0xF8F8,0xF8F8,0x1946,0x320A,0x8CB3,0x9D35,0x426B,0x0862,0x0000,0x29C9,0xA576,
  0x530D,0x1905,0xF8F8,0xF8F8,0xF8F8,0xF8F8,0xF8F8,0xF8F8,0xF8F8,0xF8F8,0xF8F8,0xF8F8,
  0xF8F8,0xF8F8,0xF8F8,0x08A3,0x0020,0xF8F8,0xF8F8,0xF8F8,0xF8F8,0x10E4,0x21A9,0x53B2,
  0x5C35,0x6435,0x5391,0x21C9,0x0021,0xF8F8,0xF8F8,0xF8F8,0xF8F8,0xF8F8,0xF8F8,0xF8F8,
  0xF8F8,0xF8F8,0xF8F8,0xF8F8,0xF8F8,0xF8F8,0x1925,0x320A,0x8CD4,0x7411,0x2187,0x2187,
  0x636F,0xA556,0x3A4B,0x10E4,0xF8F8,0xF8F8,0xF8F8,0xF8F8,0xF8F8,0xF8F8,0xF8F8,0xF8F8,
  0xF8F8,0xF8F8,0xF8F8,0xF8F8,0xF8F8,0xF8F8,0xF8F8,0xF8F8,0xF8F8,0xF8F8,0x1905,0x29EA,
  0x53B2,0x5C35,0x5C35,0x53B2,0x21C9,0x10C4,0xF8F8,0xF8F8,0xF8F8,0xF8F8,0xF8F8,0xF8F8,
  0xF8F8,0xF8F8,0xF8F8,0xF8F8,0xF8F8,0xF8F8,0xF8F8,0xF8F8,0x0000,0x1926,0x3A4A,0x94F4,
  0x94F4,0x94D4,0xA556,0x6BB0,0x21A8,0x0041,0xF8F8,0xF8F8,0xF8F8,0xF8F8,0xF8F8,0xF8F8,
  0xF8F8,0xF8F8,0xF8F8,0xF8F8,0xF8F8,0xF8F8,0xF8F8,0xF8F8,0xF8F8,0xF8F8,0xF8F8,0x10E4,
  0x21C9,0x53B3,0x6455,0x6435,0x4B30,0x21A9,0x1105,0xF8F8,0xF8F8,0xF8F8,0xF8F8,0xF8F8,
  0xF8F8,0xF8F8,0xF8F8,0xF8F8,0xF8F8,0xF8F8,0xF8F8,0xF8F8,0xF8F8,0xF8F8,0xF8F8,0x0000,
  0x1946,0x320A,0x636F,0x73F1,0x530D,0x21A9,0x10A3,0xF8F8,0xF8F8,0xF8F8,0xF8F8,0xF8F8,
  0xF8F8,0xF8F8,0xF8F8,0xF8F8,0xF8F8,0xF8F8,0xF8F8,0xF8F8,0xF8F8,0xF8F8,0xF8F8,0xF8F8,
  0x0041,0x2188,0x29EA,0x326C,0x326C,0x29EA,0x21A8,0x10C3,0xF8F8,0xF8F8,0xF8F8,0xF8F8,
  0xF8F8,0xF8F8,0xF8F8,0xF8F8,0xF8F8,0xF8F8,0xF8F8,0xF8F8,0xF8F8,0xF8F8,0xF8F8,0xF8F8,
  0xF8F8,0xF8F8,0xF8F8,0x10C3,0x1966,0x2187,0x1946,0x0862,0xF8F8,0xF8F8,0xF8F8,0xF8F8,
  0xF8F8,0xF8F8,0xF8F8,0xF8F8,0xF8F8,0xF8F8,0xF8F8,0xF8F8,0xF8F8,0xF8F8,0xF8F8,0xF8F8,
  0xF8F8,0xF8F8,0xF8F8,0x0041,0x10A3,0x10E4,0x10E4,0x0882,0x0000,0xF8F8,0xF8F8,0xF8F8,
  0xF8F8,0xF8F8,0xF8F8,0xF8F8,0xF8F8,0xF8F8,0xF8F8,0xF8F8,0xF8F8,0xF8F8,0xF8F8,0xF8F8,
  0xF8F8,0xF8F8,0xF8F8,0xF8F8,0xF8F8,0xF8F8,0xF8F8,0xF8F8,0xF8F8,0xF8F8,0xF8F8,0xF8F8,
  0xF8F8,0xF8F8,0xF8F8,0xF8F8,0xF8F8,0xF8F8,0xF8F8,0xF8F8,0xF8F8,0xF8F8,0xF8F8,0xF8F8,
  0xF8F8,0xF8F8,0xF8F8,0xF8F8,0xF8F8,0xF8F8,0xF8F8,0xF8F8,0xF8F8,0xF8F8,0xF8F8,0xF8F8,
  0xF8F8,0xF8F8,0xF8F8,0xF8F8,0xF8F8,0xF8F8,0xF8F8,0xF8F8,0xF8F8,0xF8F8,0xF8F8,0xF8F8,
  0xF8F8,0xF8F8,0xF8F8,0xF8F8,0xF8F8,0xF8F8,0xF8F8,0xF8F8,0xF8F8,0xF8F8,0xF8F8,0xF8F8,
  0xF8F8,0xF8F8,0xF8F8,0xF8F8,0xF8F8,0xF8F8,0xF8F8,0xF8F8,0xF8F8,0xF8F8,0xF8F8,0xF8F8,
  0xF8F8,0xF8F8,0xF8F8,0xF8F8,0xF8F8,0xF8F8,0xF8F8,0xF8F8,0xF8F8,0xF8F8,0xF8F8,0xF8F8,
  0xF8F8,0xF8F8,0xF8F8,0xF8F8,0xF8F8,0xF8F8,0xF8F8,0xF8F8,0xF8F8,0xF8F8,0xF8F8,0xF8F8,
  0xF8F8,0xF8F8,0xF8F8,0xF8F8,0xF8F8,0xF8F8,0xF8F8,0xF8F8,0xF8F8,0xF8F8,0xF8F8,0xF8F8,
  0xF8F8,0xF8F8,0xF8F8,0xF8F8,0xF8F8,0xF8F8,0xF8F8,0xF8F8,0xF8F8,0xF8F8,0xF8F8,0xF8F8,
  0xF8F8,0xF8F8,0xF8F8,0xF8F8,0xF8F8,0xF8F8,0xF8F8,0xF8F8,0xF8F8,0xF8F8,0xF8F8,0xF8F8,
  0xF8F8,0xF8F8,0xF8F8,0xF8F8,0xF8F8,0xF8F8,0xF8F8,0xF8F8,0xF8F8,0xF8F8,0xF8F8,0xF8F8,
  0xF8F8,0xF8F8,0xF8F8,0xF8F8,0xF8F8,0xF8F8,0xF8F8,0xF8F8,0xF8F8,0xF8F8,0xF8F8,0xF8F8,
  0xF8F8,0xF8F8,0xF8F8,0xF8F8,0xF8F8,0xF8F8,0xF8F8,0xF8F8,0xF8F8,0xF8F8,0xF8F8,0xF8F8,
  0xF8F8,0xF8F8,0xF8F8,0xF8F8,0xF8F8,0xF8F8,0xF8F8,0xF8F8,0xF8F8,0xF8F8,0xF8F8,0xF8F8,
  0xF8F8,0xF8F8,0xF8F8,0xF8F8,0xF8F8,0xF8F8,0xF8F8,0xF8F8,0xF8F8,0xF8F8,0xF8F8,0xF8F8,
  0xF8F8,0xF8F8,0xF8F8,0xF8F8,0xF8F8,0xF8F8,0xF8F8,0xF8F8,0xF8F8,0xF8F8,0xF8F8,0xF8F8,
  0xF8F8,0xF8F8,0xF8F8,0xF8F8,0xF8F8,0xF8F8,0xF8F8,0xF8F8,0xF8F8,0xF8F8,0xF8F8,0xF8F8,
  0xF8F8,0xF8F8,0xF8F8,0xF8F8,0xF8F8,0xF8F8,0xF8F8,0xF8F8,0xF8F8,0xF8F8,0xF8F8,0xF8F8,
  0xF8F8,0xF8F8,0xF8F8,0xF8F8,0xF8F8,0xF8F8,0xF8F8,0xF8F8,0xF8F8,0xF8F8,0xF8F8,0xF8F8,
  0xF8F8,0xF8F8,0xF8F8,0xF8F8,0xF8F8,0xF8F8,0xF8F8,0xF8F8,0xF8F8,0xF8F8,0xF8F8,0xF8F8,
  0xF8F8,0xF8F8,0xF8F8,0xF8F8,0xF8F8,0xF8F8,0xF8F8,0xF8F8,0xF8F8,0xF8F8,0xF8F8,0xF8F8,
  0xF8F8,0xF8F8,0xF8F8,0xF8F8,
};

// 09_settings_gear-removebg-preview (Custom)
const uint16_t wh_icon_08[2500] PROGMEM = {
  0xF8F8,0xF8F8,0xF8F8,0xF8F8,0xF8F8,0xF8F8,0xF8F8,0xF8F8,0xF8F8,0xF8F8,0xF8F8,0xF8F8,
  0xF8F8,0xF8F8,0xF8F8,0xF8F8,0xF8F8,0xF8F8,0xF8F8,0xF8F8,0xF8F8,0xF8F8,0xF8F8,0xF8F8,
  0xF8F8,0xF8F8,0xF8F8,0xF8F8,0xF8F8,0xF8F8,0xF8F8,0xF8F8,0xF8F8,0xF8F8,0xF8F8,0xF8F8,
  0xF8F8,0xF8F8,0xF8F8,0xF8F8,0xF8F8,0xF8F8,0xF8F8,0xF8F8,0xF8F8,0xF8F8,0xF8F8,0xF8F8,
  0xF8F8,0xF8F8,0xF8F8,0xF8F8,0xF8F8,0xF8F8,0xF8F8,0xF8F8,0xF8F8,0xF8F8,0xF8F8,0xF8F8,
  0xF8F8,0xF8F8,0xF8F8,0xF8F8,0xF8F8,0xF8F8,0xF8F8,0xF8F8,0xF8F8,0xF8F8,0xF8F8,0xF8F8,
  0xF8F8,0xF8F8,0xF8F8,0xF8F8,0xF8F8,0xF8F8,0xF8F8,0xF8F8,0xF8F8,0xF8F8,0xF8F8,0xF8F8,
  0xF8F8,0xF8F8,0xF8F8,0xF8F8,0xF8F8,0xF8F8,0xF8F8,0xF8F8,0xF8F8,0xF8F8,0xF8F8,0xF8F8,
  0xF8F8,0xF8F8,0xF8F8,0xF8F8,0xF8F8,0xF8F8,0xF8F8,0xF8F8,0xF8F8,0xF8F8,0xF8F8,0xF8F8,
  0xF8F8,0xF8F8,0xF8F8,0xF8F8,0xF8F8,0xF8F8,0xF8F8,0xF8F8,0xF8F8,0xF8F8,0xF8F8,0xF8F8,
  0xF8F8,0xF8F8,0xF8F8,0xF8F8,0xF8F8,0xF8F8,0xF8F8,0xF8F8,0xF8F8,0xF8F8,0xF8F8,0xF8F8,
  0xF8F8,0xF8F8,0xF8F8,0xF8F8,0xF8F8,0xF8F8,0xF8F8,0xF8F8,0xF8F8,0xF8F8,0xF8F8,0xF8F8,
  0xF8F8,0xF8F8,0xF8F8,0xF8F8,0xF8F8,0xF8F8,0xF8F8,0xF8F8,0xF8F8,0xF8F8,0xF8F8,0xF8F8,
  0xF8F8,0xF8F8,0xF8F8,0xF8F8,0xF8F8,0xF8F8,0xF8F8,0xF8F8,0xF8F8,0xF8F8,0xF8F8,0xF8F8,
  0xF8F8,0xF8F8,0xF8F8,0xF8F8,0xF8F8,0xF8F8,0xF8F8,0xF8F8,0xF8F8,0xF8F8,0xF8F8,0xF8F8,
  0xF8F8,0xF8F8,0xF8F8,0xF8F8,0xF8F8,0xF8F8,0xF8F8,0xF8F8,0xF8F8,0xF8F8,0xF8F8,0xF8F8,
  0xF8F8,0xF8F8,0xF8F8,0xF8F8,0xF8F8,0xF8F8,0xF8F8,0xF8F8,0xF8F8,0xF8F8,0xF8F8,0xF8F8,
  0xF8F8,0xF8F8,0xF8F8,0xF8F8,0xF8F8,0xF8F8,0xF8F8,0xF8F8,0xF8F8,0xF8F8,0xF8F8,0xF8F8,
  0xF8F8,0xF8F8,0xF8F8,0xF8F8,0xF8F8,0xF8F8,0xF8F8,0xF8F8,0xF8F8,0xF8F8,0xF8F8,0xF8F8,
  0xF8F8,0xF8F8,0xF8F8,0xF8F8,0xF8F8,0xF8F8,0xF8F8,0xF8F8,0xF8F8,0xF8F8,0xF8F8,0xF8F8,
  0xF8F8,0xF8F8,0xF8F8,0xF8F8,0xF8F8,0xF8F8,0xF8F8,0xF8F8,0xF8F8,0xF8F8,0xF8F8,0xF8F8,
  0xF8F8,0xF8F8,0xF8F8,0xF8F8,0xF8F8,0xF8F8,0xF8F8,0xF8F8,0xF8F8,0xF8F8,0xF8F8,0xF8F8,
  0xF8F8,0xF8F8,0xF8F8,0xF8F8,0xF8F8,0xF8F8,0xF8F8,0x0021,0x10A3,0x10C4,0x10E4,0x10C4,
  0x10A3,0x0883,0x0000,0xF8F8,0xF8F8,0xF8F8,0xF8F8,0xF8F8,0xF8F8,0xF8F8,0xF8F8,0xF8F8,
  0xF8F8,0xF8F8,0xF8F8,0xF8F8,0xF8F8,0xF8F8,0xF8F8,0xF8F8,0xF8F8,0xF8F8,0xF8F8,0xF8F8,
  0xF8F8,0xF8F8,0xF8F8,0xF8F8,0xF8F8,0xF8F8,0xF8F8,0xF8F8,0xF8F8,0xF8F8,0xF8F8,0xF8F8,
  0xF8F8,0xF8F8,0xF8F8,0xF8F8,0xF8F8,0xF8F8,0xF8F8,0xF8F8,0xF8F8,0x1946,0x29E9,0x3A6B,
  0x42AC,0x428B,0x3A6B,0x29C9,0x10E4,0xF8F8,0xF8F8,0xF8F8,0xF8F8,0xF8F8,0xF8F8,0xF8F8,
  0xF8F8,0xF8F8,0xF8F8,0xF8F8,0xF8F8,0xF8F8,0xF8F8,0xF8F8,0xF8F8,0xF8F8,0xF8F8,0xF8F8,
  0xF8F8,0xF8F8,0xF8F8,0xF8F8,0xF8F8,0xF8F8,0xF8F8,0xF8F8,0xF8F8,0xF8F8,0xF8F8,0xF8F8,
  0xF8F8,0xF8F8,0xF8F8,0xF8F8,0xF8F8,0xF8F8,0xF8F8,0xF8F8,0xF8F8,0xF8F8,0xF8F8,0x21A8,
  0x9D15,0xC659,0xBE18,0x9D36,0xA576,0x638F,0x1966,0xF8F8,0xF8F8,0xF8F8,0xF8F8,0xF8F8,
  0xF8F8,0xF8F8,0xF8F8,0xF8F8,0xF8F8,0xF8F8,0xF8F8,0xF8F8,0xF8F8,0xF8F8,0xF8F8,0xF8F8,
  0xF8F8,0xF8F8,0xF8F8,0xF8F8,0xF8F8,0xF8F8,0xF8F8,0xF8F8,0xF8F8,0xF8F8,0xF8F8,0xF8F8,
  0xF8F8,0xF8F8,0xF8F8,0xF8F8,0xF8F8,0xF8F8,0xF8F8,0xF8F8,0xF8F8,0xF8F8,0xF8F8,0xF8F8,
  0x0841,0x21C9,0xBE39,0xBE18,0xB5F8,0x94D4,0x94D4,0x7431,0x21A8,0xF8F8,0xF8F8,0xF8F8,
  0xF8F8,0xF8F8,0xF8F8,0xF8F8,0xF8F8,0xF8F8,0xF8F8,0xF8F8,0xF8F8,0xF8F8,0xF8F8,0xF8F8,
  0xF8F8,0xF8F8,0xF8F8,0xF8F8,0xF8F8,0xF8F8,0xF8F8,0xF8F8,0xF8F8,0xF8F8,0xF8F8,0xF8F8,
  0xF8F8,0xF8F8,0xF8F8,0xF8F8,0xF8F8,0xF8F8,0x0841,0x1946,0x10A3,0xF8F8,0xF8F8,0xF8F8,
  0xF8F8,0xF8F8,0x10C4,0x320A,0xCE7A,0xBE19,0xB5F8,0x94F5,0x94F4,0x8CD4,0x21C9,0x0882,
  0xF8F8,0xF8F8,0xF8F8,0xF8F8,0x0020,0x10E4,0x1926,0x0020,0xF8F8,0xF8F8,0xF8F8,0xF8F8,
  0xF8F8,0xF8F8,0xF8F8,0xF8F8,0xF8F8,0xF8F8,0xF8F8,0xF8F8,0xF8F8,0xF8F8,0xF8F8,0xF8F8,
  0xF8F8,0xF8F8,0xF8F8,0xF8F8,0xF8F8,0xF8F8,0xF8F8,0x0862,0x2188,0x530E,0x3209,0x1947,
  0x0841,0x0020,0x10E4,0x1967,0x21C8,0x7411,0xC659,0xBDF8,0xB5F8,0x94F4,0x94F4,0x9D35,
  0x42AC,0x21A8,0x1946,0x08A3,0x0000,0x0882,0x1967,0x320A,0x3A6B,0x1946,0x0020,0xF8F8,
  0xF8F8,0xF8F8,0xF8F8,0xF8F8,0xF8F8,0xF8F8,0xF8F8,0xF8F8,0xF8F8,0xF8F8,0xF8F8,0xF8F8,
  0xF8F8,0xF8F8,0xF8F8,0xF8F8,0xF8F8,0xF8F8,0xF8F8,0xF8F8,0x0862,0x2188,0x6BD0,0xCE9A,
  0xC639,0x636F,0x21A8,0x2188,0x3A4B,0x8C93,0xC659,0xC639,0xB5F8,0xB5F8,0xB5D7,0x94F4,
  0x94F4,0x94F4,0x9D56,0x9D15,0x638F,0x29C9,0x1967,0x2188,0x5B4E,0x9D15,0x9515,0x428C,
  0x2167,0x0020,0xF8F8,0xF8F8,0xF8F8,0xF8F8,0xF8F8,0xF8F8,0xF8F8,0xF8F8,0xF8F8,0xF8F8,
  0xF8F8,0xF8F8,0xF8F8,0xF8F8,0xF8F8,0xF8F8,0xF8F8,0xF8F8,0xF8F8,0x0841,0x21A8,0x6BF1,
  0xC67A,0xBDF8,0xBE18,0xCE7A,0x9D15,0x8C93,0xCE7A,0xBE18,0xB5F8,0xB5D8,0xB5F8,0xB5F8,
  0xB5D7,0x94F4,0x94F4,0x94F4,0x94F4,0x94D4,0x94F4,0x9515,0x638F,0x8493,0x9515,0x94F4,
  0x94F4,0x9D15,0x42AC,0x1967,0x0020,0xF8F8,0xF8F8,0xF8F8,0xF8F8,0xF8F8,0xF8F8,0xF8F8,
  0xF8F8,0xF8F8,0xF8F8,0xF8F8,0xF8F8,0xF8F8,0xF8F8,0xF8F8,0xF8F8,0xF8F8,0xF8F8,0x2187,
  0x636F,0xCE9A,0xBE18,0xB5F8,0xB5F8,0xBDF8,0xC639,0xC639,0xBE18,0xBDF8,0xB5D7,0x8C93,
  0x636F,0x4AAC,0x42AC,0x428B,0x42AC,0x5B2E,0x7411,0x8CD4,0x94D4,0x94D4,0x9515,0x94F4,
  0x94F4,0x94F4,0x94F4,0x9514,0x9515,0x324A,0x1105,0xF8F8,0xF8F8,0xF8F8,0xF8F8,0xF8F8,
  0xF8F8,0xF8F8,0xF8F8,0xF8F8,0xF8F8,0xF8F8,0xF8F8,0xF8F8,0xF8F8,0xF8F8,0xF8F8,0xF8F8,
  0xF8F8,0x1926,0x4AED,0xCE7A,0xBE18,0xBDF8,0xBDF8,0xB5F8,0xBDF8,0xBDF8,0xB5D8,0x73F1,
  0x3A6B,0x52ED,0x6BB0,0x7431,0x7C31,0x7C32,0x7411,0x638F,0x4AAC,0x322A,0x638F,0x94F4,
  0x94F4,0x94F4,0x94F4,0x94F4,0x94F4,0x94F4,0x8CB4,0x29E9,0x10C4,0xF8F8,0xF8F8,0xF8F8,
  0xF8F8,0xF8F8,0xF8F8,0xF8F8,0xF8F8,0xF8F8,0xF8F8,0xF8F8,0xF8F8,0xF8F8,0xF8F8,0xF8F8,
  0xF8F8,0xF8F8,0xF8F8,0x0021,0x2188,0x8CB4,0xC659,0xBDF8,0xBDF8,0xB5F8,0xB5D8,0x94F4,
  0x3A6B,0x636F,0x7C52,0x7C52,0x63B0,0x530D,0x4ACC,0x4ACD,0x532E,0x6BB0,0x7C31,0x7C32,
  0x530E,0x428C,0x8CB3,0x94F4,0x94F4,0x94F4,0x94D4,0x94D4,0x4ACC,0x1946,0xF8F8,0xF8F8,
  0xF8F8,0xF8F8,0xF8F8,0xF8F8,0xF8F8,0xF8F8,0xF8F8,0xF8F8,0xF8F8,0xF8F8,0xF8F8,0xF8F8,
  0xF8F8,0xF8F8,0xF8F8,0xF8F8,0xF8F8,0xF8F8,0x10C4,0x320A,0xC659,0xBE18,0xBDF8,0xBDF8,
  0x8CB3,0x3A4A,0x7411,0x7C52,0x532E,0x2A0A,0x21C9,0x3A4A,0x428B,0x3A6B,0x29E9,0x2188,
  0x322A,0x638F,0x8472,0x6BF0,0x3A4B,0x8472,0x94F4,0x94D4,0x94D4,0x7C31,0x1988,0x0861,
  0xF8F8,0xF8F8,0xF8F8,0xF8F8,0xF8F8,0xF8F8,0xF8F8,0xF8F8,0xF8F8,0xF8F8,0xF8F8,0xF8F8,
  0xF8F8,0xF8F8,0xF8F8,0xF8F8,0xF8F8,0xF8F8,0xF8F8,0xF8F8,0x0021,0x1988,0x94F4,0xBE18,
  0xBDF8,0x9D15,0x3A6B,0x7C52,0x73F1,0x320A,0x2A0A,0x6BB0,0x94F4,0x9D15,0x9514,0x94F4,
  0x94F4,0x8CB3,0x5B4E,0x29E9,0x42AC,0x7C52,0x6BF0,0x322A,0x8493,0x8CD4,0x94D4,0x532E,
  0x1967,0xF8F8,0xF8F8,0xF8F8,0xF8F8,0xF8F8,0xF8F8,0xF8F8,0xF8F8,0xF8F8,0xF8F8,0xF8F8,
  0xF8F8,0xF8F8,0xF8F8,0xF8F8,0xF8F8,0xF8F8,0xF8F8,0xF8F8,0xF8F8,0xF8F8,0x10C4,0x3A4A,
  0xC659,0xB5D8,0xADB7,0x3A6B,0x7C32,0x73F1,0x29E9,0x4ACC,0x94F4,0x9514,0x9514,0x9515,
  0x9514,0x94F4,0x9515,0x9D15,0x9D15,0x8CB3,0x322A,0x322A,0x7411,0x638F,0x428B,0x8CD4,
  0x94D4,0x8493,0x21C8,0x0882,0xF8F8,0xF8F8,0xF8F8,0xF8F8,0xF8F8,0xF8F8,0xF8F8,0xF8F8,
  0xF8F8,0xF8F8,0xF8F8,0xF8F8,0xF8F8,0xF8F8,0xF8F8,0xF8F8,0xF8F8,0xF8F8,0xF8F8,0xF8F8,
  0x1967,0x8C93,0xBDF8,0xB5D7,0x636F,0x5B6F,0x7411,0x2A09,0x4ACC,0x9D15,0x9D15,0x9D15,
  0x9D15,0x7C52,0x6BD0,0x6BF0,0x8C93,0x9D15,0x9D15,0x9514,0x8CB3,0x2A09,0x3A6B,0x7C31,
  0x42AC,0x73F1,0x94F4,0x94F4,0x530D,0x1946,0xF8F8,0xF8F8,0xF8F8,0xF8F8,0xF8F8,0xF8F8,
  0xF8F8,0xF8F8,0xF8F8,0xF8F8,0xF8F8,0xF8F8,0xF8F8,0xF8F8,0xF8F8,0xF8F8,0xF8F8,0xF8F8,
  0xF8F8,0x08A3,0x29E9,0xC65A,0xB5F8,0xAD97,0x3A2A,0x7C31,0x4ACC,0x29E9,0x8CD4,0x9515,
  0x9D15,0x7C52,0x324B,0x21A9,0x2167,0x2188,0x21C9,0x428C,0x8493,0x94F4,0x94F4,0x7C52,
  0x2188,0x638F,0x7C31,0x42AC,0x94F4,0x94F4,0x7C32,0x21A8,0x0841,0xF8F8,0xF8F8,0xF8F8,
  0xF8F8,0xF8F8,0xF8F8,0xF8F8,0xF8F8,0xF8F8,0xF8F8,0xF8F8,0xF8F8,0xF8F8,0xF8F8,0x0020,
  0x10E4,0x1947,0x21A8,0x29C9,0x6BB0,0xCE7A,0xBE18,0x8472,0x5B2E,0x7C31,0x21A8,0x6BB0,
  0x94F4,0x94F4,0x7C31,0x21A9,0x10E4,0x0000,0xF8F8,0xF8F8,0x0041,0x1925,0x29E9,0x8493,
  0x94F4,0x94F4,0x530D,0x3A6B,0x8472,0x4AAC,0x8CB3,0x94F4,0x94F4,0x324A,0x2188,0x1967,
  0x1905,0x08A3,0xF8F8,0xF8F8,0xF8F8,0xF8F8,0xF8F8,0xF8F8,0xF8F8,0xF8F8,0xF8F8,0xF8F8,
  0xF8F8,0x10A3,0x322A,0x7C52,0xA556,0xC65A,0xCE7A,0xBE19,0xBDF8,0x5B4E,0x7C32,0x638F,
  0x29C9,0x94F4,0x94F4,0x94D4,0x29E9,0x10C4,0xF8F8,0xF8F8,0xF8F8,0xF8F8,0xF8F8,0xF8F8,
  0x1905,0x428B,0x94F4,0x9D15,0x8472,0x21C9,0x7C32,0x636F,0x63AF,0x94F4,0x94D4,0x94D4,
  0x8493,0x6BB0,0x530D,0x21C9,0x0882,0xF8F8,0xF8F8,0xF8F8,0xF8F8,0xF8F8,0xF8F8,0xF8F8,
  0xF8F8,0xF8F8,0xF8F8,0x10C4,0x530D,0xC65A,0xBE18,0xBDF8,0xBDF8,0xBDF8,0xBDF8,0x42AC,
  0x8472,0x530D,0x42AC,0x9D15,0x9D15,0x6BD0,0x1967,0xF8F8,0xF8F8,0xF8F8,0xF8F8,0xF8F8,
  0xF8F8,0xF8F8,0x0041,0x21A8,0x8CB3,0x9D15,0x9D15,0x29E9,0x638F,0x73F0,0x4ACD,0x94D4,
  0x94F4,0x94F4,0x94F4,0x94F4,0x9515,0x320A,0x08A3,0xF8F8,0xF8F8,0xF8F8,0xF8F8,0xF8F8,
  0xF8F8,0xF8F8,0xF8F8,0xF8F8,0xF8F8,0x10E4,0x5B4E,0xBE19,0xB5D8,0xB5D8,0xB5F8,0xBDF8,
  0xBE18,0x3A6B,0x7C52,0x42AC,0x530D,0x9D15,0x9D15,0x5B4E,0x1926,0xF8F8,0xF8F8,0xF8F8,
  0xF8F8,0xF8F8,0xF8F8,0xF8F8,0xF8F8,0x2188,0x73F1,0x9D15,0x9D14,0x3A4A,0x530D,0x7411,
  0x426B,0x94D4,0x94F4,0x94F4,0x94F4,0x9514,0x9514,0x322A,0x10A3,0xF8F8,0xF8F8,0xF8F8,
  0xF8F8,0xF8F8,0xF8F8,0xF8F8,0xF8F8,0xF8F8,0xF8F8,0x10E4,0x5B4E,0xAD76,0x94F4,0x94F4,
  0x94F4,0x9515,0x9D15,0x3A6B,0x7C52,0x428B,0x530D,0x9D15,0x9D15,0x532E,0x1926,0xF8F8,
  0xF8F8,0xF8F8,0xF8F8,0xF8F8,0xF8F8,0xF8F8,0xF8F8,0x2188,0x6BD0,0x9D15,0x9D15,0x3A6B,
  0x530D,0x7431,0x322A,0x7C11,0x7C11,0x7C31,0x7C31,0x7C52,0x7C52,0x320A,0x10A3,0xF8F8,
  0xF8F8,0xF8F8,0xF8F8,0xF8F8,0xF8F8,0xF8F8,0xF8F8,0xF8F8,0xF8F8,0x1105,0x5B4E,0xADB7,
  0x94F4,0x94F4,0x94F4,0x94F4,0x94F4,0x3A4A,0x7C32,0x4ACC,0x4ACC,0x9D15,0x9D15,0x6BB0,
  0x2187,0xF8F8,0xF8F8,0xF8F8,0xF8F8,0xF8F8,0xF8F8,0xF8F8,0x0000,0x2188,0x7C52,0x9514,
  0x9D15,0x322A,0x5B6F,0x7431,0x428B,0x7C31,0x7C11,0x7C11,0x7C31,0x7C31,0x7C52,0x322A,
  0x10A3,0xF8F8,0xF8F8,0xF8F8,0xF8F8,0xF8F8,0xF8F8,0xF8F8,0xF8F8,0xF8F8,0xF8F8,0x10C4,
  0x3A6B,0x8472,0x8CD4,0x94F4,0x94F4,0x94F4,0x94F4,0x428B,0x7C31,0x636F,0x2A0A,0x9D15,
  0x9D15,0x8CD4,0x29E9,0x0882,0xF8F8,0xF8F8,0xF8F8,0xF8F8,0xF8F8,0xF8F8,0x10C4,0x322A,
  0x94F4,0x94F4,0x8CB3,0x21A8,0x73F1,0x6BD0,0x530D,0x7C32,0x7C31,0x7C31,0x7411,0x6BD0,
  0x5B4E,0x21C9,0x0882,0xF8F8,0xF8F8,0xF8F8,0xF8F8,0xF8F8,0xF8F8,0xF8F8,0xF8F8,0xF8F8,
  0xF8F8,0x0041,0x1946,0x2188,0x2188,0x320A,0x636F,0x94F4,0x94F4,0x5B6F,0x638F,0x7C32,
  0x21C9,0x7C31,0x9D15,0x94F4,0x5B6F,0x1967,0x0862,0xF8F8,0xF8F8,0xF8F8,0xF8F8,0x10C4,
  0x21A8,0x7431,0x94F4,0x94F4,0x5B6F,0x29E9,0x7C52,0x530D,0x6BB0,0x7C31,0x7C32,0x4ACD,
  0x29E9,0x1988,0x1967,0x1105,0x0020,0xF8F8,0xF8F8,0xF8F8,0xF8F8,0xF8F8,0xF8F8,0xF8F8,
  0xF8F8,0xF8F8,0xF8F8,0xF8F8,0xF8F8,0xF8F8,0x0041,0x10E4,0x29E9,0x94F4,0x9514,0x8CB3,
  0x42AC,0x8472,0x4ACC,0x3A6B,0x94F4,0x94F4,0x94F4,0x5B2E,0x2188,0x1946,0x1105,0x1905,
  0x2188,0x2A0A,0x7411,0x9514,0x94F4,0x8CD3,0x29C9,0x530D,0x7C32,0x322A,0x7C31,0x7C31,
  0x7411,0x21C9,0x10C3,0x0021,0xF8F8,0xF8F8,0xF8F8,0xF8F8,0xF8F8,0xF8F8,0xF8F8,0xF8F8,
  0xF8F8,0xF8F8,0xF8F8,0xF8F8,0xF8F8,0xF8F8,0xF8F8,0xF8F8,0xF8F8,0x0020,0x2188,0x7C31,
  0x9D14,0x9D15,0x42AC,0x73F1,0x7411,0x21A8,0x5B4E,0x94F4,0x94F4,0x94F4,0x8493,0x5B6E,
  0x4AED,0x4AED,0x638F,0x94D4,0x9D15,0x9D14,0x9D14,0x4ACC,0x2A09,0x7411,0x5B2E,0x4ACC,
  0x7411,0x7C11,0x532E,0x2187,0xF8F8,0xF8F8,0xF8F8,0xF8F8,0xF8F8,0xF8F8,0xF8F8,0xF8F8,
  0xF8F8,0xF8F8,0xF8F8,0xF8F8,0xF8F8,0xF8F8,0xF8F8,0xF8F8,0xF8F8,0xF8F8,0xF8F8,0xF8F8,
  0x1925,0x42AC,0x9D15,0x9D15,0x8472,0x322A,0x7C31,0x636F,0x2188,0x638F,0x94F4,0x9514,
  0x9D15,0x9514,0x9514,0x94F4,0x94F4,0x94F4,0x9CF4,0x9515,0x5B2E,0x29E9,0x73F0,0x7411,
  0x320A,0x73F1,0x7411,0x7411,0x29E9,0x10C4,0xF8F8,0xF8F8,0xF8F8,0xF8F8,0xF8F8,0xF8F8,
  0xF8F8,0xF8F8,0xF8F8,0xF8F8,0xF8F8,0xF8F8,0xF8F8,0xF8F8,0xF8F8,0xF8F8,0xF8F8,0xF8F8,
  0xF8F8,0xF8F8,0x0041,0x21A8,0x7C52,0x94F4,0x94F4,0x5B4E,0x42AC,0x7C32,0x636F,0x21C9,
  0x4ACC,0x8C93,0x9D15,0x9514,0x94F4,0x94F4,0x94F4,0x94F4,0x7C31,0x3A6B,0x29E9,0x6BD0,
  0x8452,0x3A6B,0x638F,0x7411,0x7411,0x532E,0x1967,0x0000,0xF8F8,0xF8F8,0xF8F8,0xF8F8,
  0xF8F8,0xF8F8,0xF8F8,0xF8F8,0xF8F8,0xF8F8,0xF8F8,0xF8F8,0xF8F8,0xF8F8,0xF8F8,0xF8F8,
  0xF8F8,0xF8F8,0xF8F8,0xF8F8,0x0861,0x2188,0x8472,0x94F4,0x94F4,0x94F4,0x4AED,0x4AED,
  0x8472,0x7411,0x3A8B,0x21C9,0x3A6B,0x5B2E,0x638F,0x638F,0x530D,0x320A,0x1987,0x428B,
  0x7411,0x7C32,0x428C,0x5B4E,0x7C31,0x7C31,0x7C11,0x5B2E,0x1988,0x0020,0xF8F8,0xF8F8,
  0xF8F8,0xF8F8,0xF8F8,0xF8F8,0xF8F8,0xF8F8,0xF8F8,0xF8F8,0xF8F8,0xF8F8,0xF8F8,0xF8F8,
  0xF8F8,0xF8F8,0xF8F8,0xF8F8,0xF8F8,0x0000,0x1946,0x52ED,0x94F4,0x94F4,0x94F4,0x94F4,
  0x9515,0x636F,0x3A6B,0x7411,0x8472,0x6BD0,0x4AED,0x3A4A,0x3209,0x320A,0x3A6B,0x530D,
  0x73F0,0x7C31,0x6BB0,0x322A,0x5B4F,0x7C31,0x7C31,0x7C31,0x7C11,0x7C31,0x322A,0x1105,
  0xF8F8,0xF8F8,0xF8F8,0xF8F8,0xF8F8,0xF8F8,0xF8F8,0xF8F8,0xF8F8,0xF8F8,0xF8F8,0xF8F8,
  0xF8F8,0xF8F8,0xF8F8,0xF8F8,0xF8F8,0xF8F8,0xF8F8,0x10C3,0x29E9,0x94D4,0x94F4,0x94F4,
  0x94F4,0x94F4,0x9514,0x9D15,0x8472,0x426B,0x42AC,0x63AF,0x7C31,0x7C32,0x7C32,0x7C52,
  0x8452,0x8452,0x638F,0x3A6B,0x3A4A,0x6BB0,0x7411,0x7C11,0x7C11,0x7C31,0x7C31,0x7C11,
  0x6BD0,0x21A8,0x0882,0xF8F8,0xF8F8,0xF8F8,0xF8F8,0xF8F8,0xF8F8,0xF8F8,0xF8F8,0xF8F8,
  0xF8F8,0xF8F8,0xF8F8,0xF8F8,0xF8F8,0xF8F8,0xF8F8,0xF8F8,0xF8F8,0x1967,0x5B4E,0x94F4,
  0x94F4,0x94F4,0x9514,0x9514,0x9514,0x9514,0x94F4,0x94F4,0x7C31,0x4AED,0x322A,0x3A4A,
  0x428B,0x428C,0x3A6B,0x3A4B,0x4ACD,0x6BB0,0x7411,0x7411,0x7C11,0x7C11,0x7411,0x7C11,
  0x7C31,0x7C31,0x7C31,0x3A6B,0x1946,0xF8F8,0xF8F8,0xF8F8,0xF8F8,0xF8F8,0xF8F8,0xF8F8,
  0xF8F8,0xF8F8,0xF8F8,0xF8F8,0xF8F8,0xF8F8,0xF8F8,0xF8F8,0xF8F8,0xF8F8,0xF8F8,0x0882,
  0x21A8,0x73F0,0x9D14,0x9514,0x9514,0x9D14,0x8CD4,0x8493,0x94F4,0x94F4,0x94F4,0x94F4,
  0x94F4,0x94F4,0x8CB3,0x7411,0x7C31,0x7C31,0x7C31,0x7C11,0x7C11,0x7411,0x638F,0x73F1,
  0x7411,0x7C11,0x7C11,0x7C31,0x530D,0x21A8,0x0861,0xF8F8,0xF8F8,0xF8F8,0xF8F8,0xF8F8,
  0xF8F8,0xF8F8,0xF8F8,0xF8F8,0xF8F8,0xF8F8,0xF8F8,0xF8F8,0xF8F8,0xF8F8,0xF8F8,0xF8F8,
  0xF8F8,0xF8F8,0x10C3,0x21C9,0x7411,0x9D14,0x9D15,0x638F,0x29E9,0x21A8,0x4AED,0x8472,
  0x94F4,0x94F4,0x94F4,0x9514,0x94F4,0x7C11,0x7C11,0x7C11,0x7C31,0x7C31,0x6BB0,0x428C,
  0x21A8,0x29E9,0x636F,0x7411,0x7411,0x530D,0x21A8,0x0862,0xF8F8,0xF8F8,0xF8F8,0xF8F8,
  0xF8F8,0xF8F8,0xF8F8,0xF8F8,0xF8F8,0xF8F8,0xF8F8,0xF8F8,0xF8F8,0xF8F8,0xF8F8,0xF8F8,
  0xF8F8,0xF8F8,0xF8F8,0xF8F8,0xF8F8,0x10C3,0x21C9,0x6BB0,0x428C,0x21A8,0x10C3,0x0862,
  0x1926,0x1988,0x3A6B,0x7411,0x9514,0x94F4,0x94D4,0x7411,0x7411,0x7411,0x4ACC,0x320A,
  0x21A8,0x1926,0x0861,0x1105,0x21A8,0x42AC,0x42AC,0x1967,0x0862,0xF8F8,0xF8F8,0xF8F8,
  0xF8F8,0xF8F8,0xF8F8,0xF8F8,0xF8F8,0xF8F8,0xF8F8,0xF8F8,0xF8F8,0xF8F8,0xF8F8,0xF8F8,
  0xF8F8,0xF8F8,0xF8F8,0xF8F8,0xF8F8,0xF8F8,0xF8F8,0xF8F8,0x10C4,0x21A8,0x1926,0x0041,
  0xF8F8,0xF8F8,0xF8F8,0x0041,0x1925,0x322A,0x9514,0x94F4,0x8CD3,0x73F1,0x7411,0x6BF0,
  0x1987,0x10E4,0x0020,0xF8F8,0xF8F8,0xF8F8,0x0861,0x1967,0x2188,0x0862,0xF8F8,0xF8F8,
  0xF8F8,0xF8F8,0xF8F8,0xF8F8,0xF8F8,0xF8F8,0xF8F8,0xF8F8,0xF8F8,0xF8F8,0xF8F8,0xF8F8,
  0xF8F8,0xF8F8,0xF8F8,0xF8F8,0xF8F8,0xF8F8,0xF8F8,0xF8F8,0xF8F8,0xF8F8,0xF8F8,0x0020,
  0xF8F8,0xF8F8,0xF8F8,0xF8F8,0xF8F8,0xF8F8,0x0861,0x21A8,0x8CB3,0x94F4,0x8CD4,0x7C11,
  0x7C11,0x636F,0x1967,0x0000,0xF8F8,0xF8F8,0xF8F8,0xF8F8,0xF8F8,0xF8F8,0x0020,0xF8F8,
  0xF8F8,0xF8F8,0xF8F8,0xF8F8,0xF8F8,0xF8F8,0xF8F8,0xF8F8,0xF8F8,0xF8F8,0xF8F8,0xF8F8,
  0xF8F8,0xF8F8,0xF8F8,0xF8F8,0xF8F8,0xF8F8,0xF8F8,0xF8F8,0xF8F8,0xF8F8,0xF8F8,0xF8F8,
  0xF8F8,0xF8F8,0xF8F8,0xF8F8,0xF8F8,0xF8F8,0xF8F8,0xF8F8,0x0000,0x1967,0x73F0,0x94F4,
  0x94D4,0x7C31,0x7C31,0x532E,0x1967,0xF8F8,0xF8F8,0xF8F8,0xF8F8,0xF8F8,0xF8F8,0xF8F8,
  0xF8F8,0xF8F8,0xF8F8,0xF8F8,0xF8F8,0xF8F8,0xF8F8,0xF8F8,0xF8F8,0xF8F8,0xF8F8,0xF8F8,
  0xF8F8,0xF8F8,0xF8F8,0xF8F8,0xF8F8,0xF8F8,0xF8F8,0xF8F8,0xF8F8,0xF8F8,0xF8F8,0xF8F8,
  0xF8F8,0xF8F8,0xF8F8,0xF8F8,0xF8F8,0xF8F8,0xF8F8,0xF8F8,0xF8F8,0xF8F8,0xF8F8,0x1926,
  0x3A6B,0x636F,0x638F,0x5B2E,0x532E,0x3A4B,0x1905,0xF8F8,0xF8F8,0xF8F8,0xF8F8,0xF8F8,
  0xF8F8,0xF8F8,0xF8F8,0xF8F8,0xF8F8,0xF8F8,0xF8F8,0xF8F8,0xF8F8,0xF8F8,0xF8F8,0xF8F8,
  0xF8F8,0xF8F8,0xF8F8,0xF8F8,0xF8F8,0xF8F8,0xF8F8,0xF8F8,0xF8F8,0xF8F8,0xF8F8,0xF8F8,
  0xF8F8,0xF8F8,0xF8F8,0xF8F8,0xF8F8,0xF8F8,0xF8F8,0xF8F8,0xF8F8,0xF8F8,0xF8F8,0xF8F8,
  0xF8F8,0x0882,0x1905,0x1946,0x1967,0x1947,0x1946,0x1905,0x0841,0xF8F8,0xF8F8,0xF8F8,
  0xF8F8,0xF8F8,0xF8F8,0xF8F8,0xF8F8,0xF8F8,0xF8F8,0xF8F8,0xF8F8,0xF8F8,0xF8F8,0xF8F8,
  0xF8F8,0xF8F8,0xF8F8,0xF8F8,0xF8F8,0xF8F8,0xF8F8,0xF8F8,0xF8F8,0xF8F8,0xF8F8,0xF8F8,
  0xF8F8,0xF8F8,0xF8F8,0xF8F8,0xF8F8,0xF8F8,0xF8F8,0xF8F8,0xF8F8,0xF8F8,0xF8F8,0xF8F8,
  0xF8F8,0xF8F8,0xF8F8,0xF8F8,0xF8F8,0xF8F8,0xF8F8,0xF8F8,0xF8F8,0xF8F8,0xF8F8,0xF8F8,
  0xF8F8,0xF8F8,0xF8F8,0xF8F8,0xF8F8,0xF8F8,0xF8F8,0xF8F8,0xF8F8,0xF8F8,0xF8F8,0xF8F8,
  0xF8F8,0xF8F8,0xF8F8,0xF8F8,0xF8F8,0xF8F8,0xF8F8,0xF8F8,0xF8F8,0xF8F8,0xF8F8,0xF8F8,
  0xF8F8,0xF8F8,0xF8F8,0xF8F8,0xF8F8,0xF8F8,0xF8F8,0xF8F8,0xF8F8,0xF8F8,0xF8F8,0xF8F8,
  0xF8F8,0xF8F8,0xF8F8,0xF8F8,0xF8F8,0xF8F8,0xF8F8,0xF8F8,0xF8F8,0xF8F8,0xF8F8,0xF8F8,
  0xF8F8,0xF8F8,0xF8F8,0xF8F8,0xF8F8,0xF8F8,0xF8F8,0xF8F8,0xF8F8,0xF8F8,0xF8F8,0xF8F8,
  0xF8F8,0xF8F8,0xF8F8,0xF8F8,0xF8F8,0xF8F8,0xF8F8,0xF8F8,0xF8F8,0xF8F8,0xF8F8,0xF8F8,
  0xF8F8,0xF8F8,0xF8F8,0xF8F8,0xF8F8,0xF8F8,0xF8F8,0xF8F8,0xF8F8,0xF8F8,0xF8F8,0xF8F8,
  0xF8F8,0xF8F8,0xF8F8,0xF8F8,0xF8F8,0xF8F8,0xF8F8,0xF8F8,0xF8F8,0xF8F8,0xF8F8,0xF8F8,
  0xF8F8,0xF8F8,0xF8F8,0xF8F8,0xF8F8,0xF8F8,0xF8F8,0xF8F8,0xF8F8,0xF8F8,0xF8F8,0xF8F8,
  0xF8F8,0xF8F8,0xF8F8,0xF8F8,0xF8F8,0xF8F8,0xF8F8,0xF8F8,0xF8F8,0xF8F8,0xF8F8,0xF8F8,
  0xF8F8,0xF8F8,0xF8F8,0xF8F8,0xF8F8,0xF8F8,0xF8F8,0xF8F8,0xF8F8,0xF8F8,0xF8F8,0xF8F8,
  0xF8F8,0xF8F8,0xF8F8,0xF8F8,0xF8F8,0xF8F8,0xF8F8,0xF8F8,0xF8F8,0xF8F8,0xF8F8,0xF8F8,
  0xF8F8,0xF8F8,0xF8F8,0xF8F8,0xF8F8,0xF8F8,0xF8F8,0xF8F8,0xF8F8,0xF8F8,0xF8F8,0xF8F8,
  0xF8F8,0xF8F8,0xF8F8,0xF8F8,0xF8F8,0xF8F8,0xF8F8,0xF8F8,0xF8F8,0xF8F8,0xF8F8,0xF8F8,
  0xF8F8,0xF8F8,0xF8F8,0xF8F8,0xF8F8,0xF8F8,0xF8F8,0xF8F8,0xF8F8,0xF8F8,0xF8F8,0xF8F8,
  0xF8F8,0xF8F8,0xF8F8,0xF8F8,0xF8F8,0xF8F8,0xF8F8,0xF8F8,0xF8F8,0xF8F8,0xF8F8,0xF8F8,
  0xF8F8,0xF8F8,0xF8F8,0xF8F8,0xF8F8,0xF8F8,0xF8F8,0xF8F8,0xF8F8,0xF8F8,0xF8F8,0xF8F8,
  0xF8F8,0xF8F8,0xF8F8,0xF8F8,0xF8F8,0xF8F8,0xF8F8,0xF8F8,0xF8F8,0xF8F8,0xF8F8,0xF8F8,
  0xF8F8,0xF8F8,0xF8F8,0xF8F8,
};

// 10_info-removebg-preview (Custom)
const uint16_t wh_icon_09[2500] PROGMEM = {
  0x4B0D,0x6C32,0x6C73,0x6C53,0x7473,0x7473,0x7453,0x7453,0x7453,0x6C53,0x6C33,0x6C33,
  0x6C53,0x6C53,0x6C53,0x6C53,0x6C53,0x6C53,0x6C32,0x6C33,0x6C33,0x7453,0x7453,0x6C53,
  0x6C53,0x6C33,0x6C53,0x7473,0x7474,0x7473,0x7474,0x6C53,0x6C53,0x6C53,0x6C53,0x6C53,
  0x6C53,0x6C53,0x7474,0x7474,0x7473,0x7473,0x7453,0x7453,0x7453,0x7474,0x7474,0x6C73,
  0x6C74,0x4B0E,0xF8F8,0x0041,0x0041,0x0041,0x0841,0x0841,0x0861,0x0841,0x0861,0x0861,
  0x0841,0x0041,0x0841,0x0841,0x0841,0x0841,0x0861,0x0861,0x0841,0x0841,0x0841,0x0041,
  0x0841,0x0841,0x0841,0x0841,0x0861,0x0861,0x0841,0x0841,0x0041,0x0841,0x0841,0x0841,
  0x0841,0x0841,0x0841,0x0841,0x0841,0x0841,0x0841,0x0041,0x0841,0x0841,0x0841,0x0841,
  0x0841,0x0841,0x0882,0x74B5,0xF8F8,0xF8F8,0xF8F8,0xF8F8,0xF8F8,0xF8F8,0xF8F8,0xF8F8,
  0xF8F8,0xF8F8,0xF8F8,0xF8F8,0xF8F8,0xF8F8,0xF8F8,0xF8F8,0xF8F8,0xF8F8,0xF8F8,0xF8F8,
  0xF8F8,0xF8F8,0xF8F8,0xF8F8,0xF8F8,0xF8F8,0xF8F8,0xF8F8,0xF8F8,0xF8F8,0xF8F8,0xF8F8,
  0xF8F8,0xF8F8,0xF8F8,0xF8F8,0xF8F8,0xF8F8,0xF8F8,0xF8F8,0xF8F8,0xF8F8,0xF8F8,0xF8F8,
  0xF8F8,0xF8F8,0xF8F8,0xF8F8,0x0020,0x7494,0xF8F8,0xF8F8,0xF8F8,0xF8F8,0xF8F8,0xF8F8,
  0xF8F8,0xF8F8,0xF8F8,0xF8F8,0xF8F8,0xF8F8,0xF8F8,0xF8F8,0xF8F8,0xF8F8,0xF8F8,0xF8F8,
  0xF8F8,0xF8F8,0xF8F8,0xF8F8,0xF8F8,0xF8F8,0xF8F8,0xF8F8,0xF8F8,0xF8F8,0xF8F8,0xF8F8,
  0xF8F8,0xF8F8,0xF8F8,0xF8F8,0xF8F8,0xF8F8,0xF8F8,0xF8F8,0xF8F8,0xF8F8,0xF8F8,0xF8F8,
  0xF8F8,0xF8F8,0xF8F8,0xF8F8,0xF8F8,0xF8F8,0xF8F8,0x7494,0xF8F8,0xF8F8,0xF8F8,0xF8F8,
  0xF8F8,0xF8F8,0xF8F8,0xF8F8,0xF8F8,0xF8F8,0xF8F8,0xF8F8,0xF8F8,0xF8F8,0xF8F8,0xF8F8,
  0xF8F8,0xF8F8,0xF8F8,0xF8F8,0xF8F8,0xF8F8,0xF8F8,0xF8F8,0xF8F8,0xF8F8,0xF8F8,0xF8F8,
  0xF8F8,0xF8F8,0xF8F8,0xF8F8,0xF8F8,0xF8F8,0xF8F8,0xF8F8,0xF8F8,0xF8F8,0xF8F8,0xF8F8,
  0xF8F8,0xF8F8,0xF8F8,0xF8F8,0xF8F8,0xF8F8,0xF8F8,0xF8F8,0xF8F8,0x7473,0xF8F8,0xF8F8,
  0xF8F8,0xF8F8,0xF8F8,0xF8F8,0xF8F8,0xF8F8,0xF8F8,0xF8F8,0xF8F8,0xF8F8,0xF8F8,0xF8F8,
  0xF8F8,0xF8F8,0xF8F8,0xF8F8,0xF8F8,0xF8F8,0xF8F8,0xF8F8,0x0000,0x0021,0x0041,0x0041,
  0x0020,0xF8F8,0xF8F8,0xF8F8,0xF8F8,0xF8F8,0xF8F8,0xF8F8,0xF8F8,0xF8F8,0xF8F8,0xF8F8,
  0xF8F8,0xF8F8,0xF8F8,0xF8F8,0xF8F8,0xF8F8,0xF8F8,0xF8F8,0xF8F8,0xF8F8,0xF8F8,0x6C53,
  0xF8F8,0xF8F8,0xF8F8,0xF8F8,0xF8F8,0xF8F8,0xF8F8,0xF8F8,0xF8F8,0xF8F8,0xF8F8,0xF8F8,
  0xF8F8,0xF8F8,0xF8F8,0xF8F8,0xF8F8,0xF8F8,0x0021,0x08A3,0x1926,0x2188,0x21A8,0x21A8,
  0x21A9,0x21C9,0x21C9,0x21A8,0x1946,0x10C4,0x0861,0xF8F8,0xF8F8,0xF8F8,0xF8F8,0xF8F8,
  0xF8F8,0xF8F8,0xF8F8,0xF8F8,0xF8F8,0xF8F8,0xF8F8,0xF8F8,0xF8F8,0xF8F8,0xF8F8,0xF8F8,
  0xF8F8,0x6C53,0xF8F8,0xF8F8,0xF8F8,0xF8F8,0xF8F8,0xF8F8,0xF8F8,0xF8F8,0xF8F8,0xF8F8,
  0xF8F8,0xF8F8,0xF8F8,0xF8F8,0xF8F8,0xF8F8,0x0862,0x1926,0x21A8,0x324B,0x4B30,0x5C13,
  0x6C96,0x74D7,0x7CF7,0x7CF7,0x74B6,0x6434,0x5371,0x3AAD,0x21C9,0x2188,0x10C4,0x0000,
  0xF8F8,0xF8F8,0xF8F8,0xF8F8,0xF8F8,0xF8F8,0xF8F8,0xF8F8,0xF8F8,0xF8F8,0xF8F8,0xF8F8,
  0xF8F8,0xF8F8,0xF8F8,0x5BB0,0xF8F8,0xF8F8,0xF8F8,0xF8F8,0xF8F8,0xF8F8,0xF8F8,0xF8F8,
  0xF8F8,0xF8F8,0xF8F8,0xF8F8,0xF8F8,0xF8F8,0x0841,0x1967,0x29EA,0x4B30,0x6C96,0x74F8,
  0x7518,0x7D18,0x7D38,0x7D38,0x7D39,0x7D38,0x7D18,0x7D18,0x7D18,0x7D18,0x7CF8,0x5BD2,
  0x326C,0x2188,0x08A3,0xF8F8,0xF8F8,0xF8F8,0xF8F8,0xF8F8,0xF8F8,0xF8F8,0xF8F8,0xF8F8,
  0xF8F8,0xF8F8,0xF8F8,0xF8F8,0xF8F8,0x3A8B,0xF8F8,0xF8F8,0xF8F8,0xF8F8,0xF8F8,0xF8F8,
  0xF8F8,0xF8F8,0xF8F8,0xF8F8,0xF8F8,0xF8F8,0xF8F8,0x10C4,0x21A9,0x4B2F,0x74D7,0x7D18,
  0x7D18,0x7D18,0x6455,0x5391,0x42EE,0x3A8D,0x3A8C,0x3A8D,0x42CE,0x4B70,0x6434,0x7D18,
  0x7D18,0x7D18,0x7518,0x53D2,0x29EA,0x1946,0x0041,0xF8F8,0xF8F8,0xF8F8,0xF8F8,0xF8F8,
  0xF8F8,0xF8F8,0xF8F8,0xF8F8,0xF8F8,0xF8F8,0xF8F8,0x3209,0xF8F8,0xF8F8,0xF8F8,0xF8F8,
  0xF8F8,0xF8F8,0xF8F8,0xF8F8,0xF8F8,0xF8F8,0xF8F8,0x0000,0x1105,0x29EA,0x5C14,0x74F8,
  0x74F8,0x74D7,0x5371,0x322B,0x21A9,0x1946,0x10E5,0x10C4,0x08A3,0x10C4,0x1105,0x1946,
  0x21A8,0x29EA,0x42EE,0x6434,0x74F8,0x74F8,0x6CB7,0x3ACE,0x2188,0x0882,0xF8F8,0xF8F8,
  0xF8F8,0xF8F8,0xF8F8,0xF8F8,0xF8F8,0xF8F8,0xF8F8,0xF8F8,0xF8F8,0x0862,0xF8F8,0xF8F8,
  0xF8F8,0xF8F8,0xF8F8,0xF8F8,0xF8F8,0xF8F8,0xF8F8,0xF8F8,0x0000,0x1926,0x2A2B,0x6C76,
  0x6CD8,0x6CD7,0x4B71,0x21C9,0x2167,0x10C4,0x0020,0xF8F8,0xF8F8,0xF8F8,0xF8F8,0xF8F8,
  0xF8F8,0xF8F8,0x0000,0x0862,0x1105,0x1988,0x328D,0x6C76,0x74F8,0x74F8,0x53B2,0x21C9,
  0x0883,0xF8F8,0xF8F8,0xF8F8,0xF8F8,0xF8F8,0xF8F8,0xF8F8,0xF8F8,0xF8F8,0xF8F8,0xF8F8,
  0xF8F8,0xF8F8,0xF8F8,0xF8F8,0xF8F8,0xF8F8,0xF8F8,0xF8F8,0xF8F8,0xF8F8,0x1946,0x326C,
  0x6CB7,0x74D7,0x6C76,0x324C,0x1967,0x0882,0xF8F8,0xF8F8,0xF8F8,0xF8F8,0xF8F8,0xF8F8,
  0xF8F8,0xF8F8,0xF8F8,0xF8F8,0xF8F8,0xF8F8,0xF8F8,0x0021,0x1125,0x21C9,0x5BF3,0x7D18,
  0x7D18,0x5BD2,0x21A9,0x0862,0xF8F8,0xF8F8,0xF8F8,0xF8F8,0xF8F8,0xF8F8,0xF8F8,0xF8F8,
  0xF8F8,0xF8F8,0xF8F8,0xF8F8,0xF8F8,0xF8F8,0xF8F8,0xF8F8,0xF8F8,0xF8F8,0xF8F8,0x10E4,
  0x2A2B,0x6CB7,0x74F8,0x6C75,0x2A0A,0x1126,0x0020,0xF8F8,0xF8F8,0xF8F8,0xF8F8,0xF8F8,
  0xF8F8,0xF8F8,0xF8F8,0xF8F8,0xF8F8,0xF8F8,0xF8F8,0xF8F8,0xF8F8,0xF8F8,0xF8F8,0x08A3,
  0x21A9,0x5371,0x7D18,0x74F8,0x4B30,0x1967,0x0020,0xF8F8,0xF8F8,0xF8F8,0xF8F8,0xF8F8,
  0xF8F8,0xF8F8,0xF8F8,0xF8F8,0xF8F8,0xF8F8,0xF8F8,0xF8F8,0xF8F8,0xF8F8,0xF8F8,0xF8F8,
  0x0862,0x21C9,0x6454,0x7CF8,0x6C96,0x2A0A,0x1925,0xF8F8,0xF8F8,0xF8F8,0xF8F8,0xF8F8,
  0xF8F8,0xF8F8,0xF8F8,0x0041,0x10C3,0x0882,0x0000,0xF8F8,0xF8F8,0xF8F8,0xF8F8,0xF8F8,
  0xF8F8,0xF8F8,0x0862,0x21A8,0x4B50,0x74D7,0x6CD7,0x326C,0x1125,0xF8F8,0xF8F8,0xF8F8,
  0xF8F8,0xF8F8,0xF8F8,0xF8F8,0xF8F8,0xF8F8,0xF8F8,0xF8F8,0xF8F8,0xF8F8,0xF8F8,0xF8F8,
  0xF8F8,0xF8F8,0x1946,0x430F,0x74D7,0x74D7,0x324C,0x1926,0xF8F8,0xF8F8,0xF8F8,0xF8F8,
  0xF8F8,0xF8F8,0xF8F8,0xF8F8,0x08A3,0x21A8,0x324B,0x2A0A,0x1967,0x0020,0xF8F8,0xF8F8,
  0xF8F8,0xF8F8,0xF8F8,0xF8F8,0xF8F8,0x0862,0x1988,0x53B2,0x6CD7,0x6475,0x21A9,0x0882,
  0xF8F8,0xF8F8,0xF8F8,0xF8F8,0xF8F8,0xF8F8,0xF8F8,0xF8F8,0xF8F8,0xF8F8,0xF8F8,0xF8F8,
  0xF8F8,0xF8F8,0xF8F8,0x0883,0x21C9,0x6496,0x6CB7,0x42EF,0x1967,0x0000,0xF8F8,0xF8F8,
  0xF8F8,0xF8F8,0xF8F8,0xF8F8,0xF8F8,0x0000,0x1988,0x4B71,0x5C14,0x5C34,0x326C,0x10E4,
  0xF8F8,0xF8F8,0xF8F8,0xF8F8,0xF8F8,0xF8F8,0xF8F8,0xF8F8,0x08A3,0x21C9,0x6475,0x6CB7,
  0x4330,0x1967,0xF8F8,0xF8F8,0xF8F8,0xF8F8,0xF8F8,0xF8F8,0xF8F8,0xF8F8,0xF8F8,0xF8F8,
  0xF8F8,0xF8F8,0xF8F8,0xF8F8,0xF8F8,0x1947,0x4330,0x6CB7,0x5C34,0x1988,0x0041,0xF8F8,
  0xF8F8,0xF8F8,0xF8F8,0xF8F8,0xF8F8,0xF8F8,0xF8F8,0x0041,0x21EA,0x6434,0x5C35,0x6435,
  0x432F,0x1946,0xF8F8,0xF8F8,0xF8F8,0xF8F8,0xF8F8,0xF8F8,0xF8F8,0xF8F8,0xF8F8,0x1926,
  0x3AAD,0x6CB7,0x6C96,0x2A0A,0x08A3,0xF8F8,0xF8F8,0xF8F8,0xF8F8,0xF8F8,0xF8F8,0xF8F8,
  0xF8F8,0xF8F8,0xF8F8,0xF8F8,0xF8F8,0xF8F8,0x0862,0x21E9,0x6C96,0x6CB7,0x3AAD,0x1105,
  0xF8F8,0xF8F8,0xF8F8,0xF8F8,0xF8F8,0xF8F8,0xF8F8,0xF8F8,0xF8F8,0x0020,0x21C9,0x53B2,
  0x6435,0x6434,0x324C,0x10E4,0xF8F8,0xF8F8,0xF8F8,0xF8F8,0xF8F8,0xF8F8,0xF8F8,0xF8F8,
  0xF8F8,0x0862,0x2188,0x6455,0x6CB7,0x4B30,0x1946,0xF8F8,0xF8F8,0xF8F8,0xF8F8,0xF8F8,
  0xF8F8,0xF8F8,0xF8F8,0xF8F8,0xF8F8,0xF8F8,0xF8F8,0xF8F8,0x1105,0x3ACE,0x74D7,0x6C96,
  0x21C9,0x0041,0xF8F8,0xF8F8,0xF8F8,0xF8F8,0xF8F8,0xF8F8,0xF8F8,0xF8F8,0xF8F8,0xF8F8,
  0x10E4,0x29EA,0x328C,0x2A0A,0x1967,0x0020,0xF8F8,0xF8F8,0xF8F8,0xF8F8,0xF8F8,0xF8F8,
  0xF8F8,0xF8F8,0xF8F8,0xF8F8,0x1946,0x430F,0x6CB7,0x6435,0x21C9,0x0020,0xF8F8,0xF8F8,
  0xF8F8,0xF8F8,0xF8F8,0xF8F8,0xF8F8,0xF8F8,0xF8F8,0xF8F8,0xF8F8,0xF8F8,0x2188,0x53B2,
  0x6CB7,0x5392,0x2187,0xF8F8,0xF8F8,0xF8F8,0xF8F8,0xF8F8,0xF8F8,0xF8F8,0xF8F8,0xF8F8,
  0xF8F8,0xF8F8,0xF8F8,0x0862,0x10C4,0x08A3,0x0000,0xF8F8,0xF8F8,0xF8F8,0xF8F8,0xF8F8,
  0xF8F8,0xF8F8,0xF8F8,0xF8F8,0xF8F8,0xF8F8,0x08A3,0x2A2B,0x74B7,0x6CB7,0x2A2B,0x08A3,
  0xF8F8,0xF8F8,0xF8F8,0xF8F8,0xF8F8,0xF8F8,0xF8F8,0xF8F8,0xF8F8,0xF8F8,0xF8F8,0x0021,
  0x21C9,0x6455,0x6CB7,0x3ACE,0x1105,0xF8F8,0xF8F8,0xF8F8,0xF8F8,0xF8F8,0xF8F8,0xF8F8,
  0xF8F8,0xF8F8,0x0862,0x0882,0x0882,0x0882,0x0882,0x0883,0x08A3,0x0000,0xF8F8,0xF8F8,
  0xF8F8,0xF8F8,0xF8F8,0xF8F8,0xF8F8,0xF8F8,0xF8F8,0xF8F8,0x0021,0x21C9,0x6455,0x6C97,
  0x3AAD,0x10E4,0xF8F8,0xF8F8,0xF8F8,0xF8F8,0xF8F8,0xF8F8,0xF8F8,0xF8F8,0xF8F8,0xF8F8,
  0xF8F8,0x0882,0x29EA,0x6C96,0x6C96,0x2A0A,0x0883,0xF8F8,0xF8F8,0xF8F8,0xF8F8,0xF8F8,
  0xF8F8,0xF8F8,0xF8F8,0x0020,0x21A8,0x2A0A,0x2A0A,0x2A0A,0x2A0B,0x2A2B,0x29EA,0x10C3,
  0xF8F8,0xF8F8,0xF8F8,0xF8F8,0xF8F8,0xF8F8,0xF8F8,0xF8F8,0xF8F8,0xF8F8,0xF8F8,0x2188,
  0x53B2,0x6496,0x4330,0x1926,0xF8F8,0xF8F8,0xF8F8,0xF8F8,0xF8F8,0xF8F8,0xF8F8,0xF8F8,
  0xF8F8,0xF8F8,0xF8F8,0x08A3,0x322B,0x6C96,0x6C76,0x21A9,0x0041,0xF8F8,0xF8F8,0xF8F8,
  0xF8F8,0xF8F8,0xF8F8,0xF8F8,0xF8F8,0x0020,0x21A9,0x6435,0x6435,0x6455,0x6456,0x6476,
  0x326C,0x10C3,0xF8F8,0xF8F8,0xF8F8,0xF8F8,0xF8F8,0xF8F8,0xF8F8,0xF8F8,0xF8F8,0xF8F8,
  0xF8F8,0x1946,0x4B50,0x6496,0x5392,0x1967,0xF8F8,0xF8F8,0xF8F8,0xF8F8,0xF8F8,0xF8F8,
  0xF8F8,0xF8F8,0xF8F8,0xF8F8,0xF8F8,0x08A3,0x326C,0x6C76,0x6455,0x21C9,0x0021,0xF8F8,
  0xF8F8,0xF8F8,0xF8F8,0xF8F8,0xF8F8,0xF8F8,0xF8F8,0x0000,0x2188,0x21C9,0x21C9,0x53D3,
  0x6456,0x6456,0x326C,0x10C3,0xF8F8,0xF8F8,0xF8F8,0xF8F8,0xF8F8,0xF8F8,0xF8F8,0xF8F8,
  0xF8F8,0xF8F8,0xF8F8,0x1925,0x430F,0x6496,0x53D3,0x2188,0xF8F8,0xF8F8,0xF8F8,0xF8F8,
  0xF8F8,0xF8F8,0xF8F8,0xF8F8,0xF8F8,0xF8F8,0xF8F8,0x08A3,0x326C,0x6476,0x6455,0x21C9,
  0x0021,0xF8F8,0xF8F8,0xF8F8,0xF8F8,0xF8F8,0xF8F8,0xF8F8,0xF8F8,0xF8F8,0x0020,0x0041,
  0x21C9,0x53B3,0x6435,0x5C35,0x2A2B,0x08A3,0xF8F8,0xF8F8,0xF8F8,0xF8F8,0xF8F8,0xF8F8,
  0xF8F8,0xF8F8,0xF8F8,0xF8F8,0xF8F8,0x1105,0x42EF,0x6C76,0x5BF3,0x21A8,0xF8F8,0xF8F8,
  0xF8F8,0xF8F8,0xF8F8,0xF8F8,0xF8F8,0xF8F8,0xF8F8,0xF8F8,0xF8F8,0x08A3,0x324C,0x6476,
  0x6456,0x21C9,0x0041,0xF8F8,0xF8F8,0xF8F8,0xF8F8,0xF8F8,0xF8F8,0xF8F8,0xF8F8,0xF8F8,
  0xF8F8,0xF8F8,0x21C9,0x53B3,0x5C35,0x5C35,0x2A2B,0x08A3,0xF8F8,0xF8F8,0xF8F8,0xF8F8,
  0xF8F8,0xF8F8,0xF8F8,0xF8F8,0xF8F8,0xF8F8,0xF8F8,0x1105,0x430F,0x6476,0x53D3,0x21A8,
  0xF8F8,0xF8F8,0xF8F8,0xF8F8,0xF8F8,0xF8F8,0xF8F8,0xF8F8,0xF8F8,0xF8F8,0xF8F8,0x0882,
  0x2A0B,0x6476,0x6476,0x29EA,0x0882,0xF8F8,0xF8F8,0xF8F8,0xF8F8,0xF8F8,0xF8F8,0xF8F8,
  0xF8F8,0xF8F8,0xF8F8,0xF8F8,0x21C9,0x53B3,0x6435,0x5C35,0x2A2B,0x08A3,0xF8F8,0xF8F8,
  0xF8F8,0xF8F8,0xF8F8,0xF8F8,0xF8F8,0xF8F8,0xF8F8,0xF8F8,0xF8F8,0x1926,0x4330,0x6476,
  0x5392,0x2187,0xF8F8,0xF8F8,0xF8F8,0xF8F8,0xF8F8,0xF8F8,0xF8F8,0xF8F8,0xF8F8,0xF8F8,
  0xF8F8,0x0841,0x21E9,0x6455,0x6456,0x324B,0x08A3,0xF8F8,0xF8F8,0xF8F8,0xF8F8,0xF8F8,
  0xF8F8,0xF8F8,0xF8F8,0xF8F8,0xF8F8,0xF8F8,0x21C9,0x53B3,0x6435,0x6435,0x324C,0x10A3,
  0xF8F8,0xF8F8,0xF8F8,0xF8F8,0xF8F8,0xF8F8,0xF8F8,0xF8F8,0xF8F8,0xF8F8,0x0000,0x1987,
  0x4BB2,0x6456,0x430F,0x1946,0xF8F8,0xF8F8,0xF8F8,0xF8F8,0xF8F8,0xF8F8,0xF8F8,0xF8F8,
  0xF8F8,0xF8F8,0xF8F8,0x0000,0x21A8,0x53B2,0x5C36,0x3ACE,0x1125,0xF8F8,0xF8F8,0xF8F8,
  0xF8F8,0xF8F8,0xF8F8,0xF8F8,0xF8F8,0xF8F8,0xF8F8,0xF8F8,0x21A8,0x53B3,0x6435,0x6435,
  0x324C,0x10A3,0xF8F8,0xF8F8,0xF8F8,0xF8F8,0xF8F8,0xF8F8,0xF8F8,0xF8F8,0xF8F8,0xF8F8,
  0x0862,0x21A9,0x5C35,0x5C36,0x324B,0x10C4,0xF8F8,0xF8F8,0xF8F8,0xF8F8,0xF8F8,0xF8F8,
  0xF8F8,0xF8F8,0xF8F8,0xF8F8,0xF8F8,0xF8F8,0x1926,0x3ACE,0x5C35,0x5392,0x1988,0x0020,
  0xF8F8,0xF8F8,0xF8F8,0xF8F8,0xF8F8,0xF8F8,0xF8F8,0xF8F8,0xF8F8,0xF8F8,0x1988,0x4B92,
  0x5C35,0x5C35,0x324B,0x10C3,0xF8F8,0xF8F8,0xF8F8,0xF8F8,0xF8F8,0xF8F8,0xF8F8,0xF8F8,
  0xF8F8,0xF8F8,0x1105,0x326C,0x5C35,0x5C14,0x21A8,0x0041,0xF8F8,0xF8F8,0xF8F8,0xF8F8,
  0xF8F8,0xF8F8,0xF8F8,0xF8F8,0xF8F8,0xF8F8,0xF8F8,0xF8F8,0x08A3,0x21EA,0x5C35,0x5C35,
  0x2A2B,0x10E4,0xF8F8,0xF8F8,0xF8F8,0xF8F8,0xF8F8,0xF8F8,0xF8F8,0xF8F8,0xF8F8,0xF8F8,
  0x1988,0x4B92,0x5C15,0x5C35,0x324B,0x10C3,0xF8F8,0xF8F8,0xF8F8,0xF8F8,0xF8F8,0xF8F8,
  0xF8F8,0xF8F8,0xF8F8,0x0020,0x21A8,0x5392,0x5C36,0x4330,0x1967,0xF8F8,0xF8F8,0xF8F8,
  0xF8F8,0xF8F8,0xF8F8,0xF8F8,0xF8F8,0xF8F8,0xF8F8,0xF8F8,0xF8F8,0xF8F8,0x0020,0x2188,
  0x4B72,0x6455,0x4B71,0x21A8,0x0020,0xF8F8,0xF8F8,0xF8F8,0xF8F8,0xF8F8,0xF8F8,0xF8F8,
  0x08C3,0x10E5,0x2188,0x5392,0x5C15,0x5C35,0x324B,0x1967,0x1905,0x0041,0xF8F8,0xF8F8,
  0xF8F8,0xF8F8,0xF8F8,0xF8F8,0xF8F8,0x10E4,0x2A2B,0x6435,0x6455,0x2A2B,0x10C4,0xF8F8,
  0xF8F8,0xF8F8,0xF8F8,0xF8F8,0xF8F8,0xF8F8,0xF8F8,0xF8F8,0xF8F8,0xF8F8,0xF8F8,0xF8F8,
  0xF8F8,0x1105,0x326C,0x6455,0x6455,0x326C,0x1926,0xF8F8,0xF8F8,0xF8F8,0xF8F8,0xF8F8,
  0xF8F8,0x0020,0x21A9,0x3ACE,0x3ACF,0x5C14,0x5C35,0x5C15,0x4310,0x3AAD,0x2A2B,0x10E4,
  0xF8F8,0xF8F8,0xF8F8,0xF8F8,0xF8F8,0xF8F8,0x0041,0x2188,0x4B72,0x5C35,0x4B72,0x21A8,
  0x0020,0xF8F8,0xF8F8,0xF8F8,0xF8F8,0xF8F8,0xF8F8,0xF8F8,0xF8F8,0xF8F8,0xF8F8,0xF8F8,
  0xF8F8,0xF8F8,0xF8F8,0x0021,0x21A9,0x4B72,0x6436,0x53D3,0x21C9,0x08A3,0xF8F8,0xF8F8,
  0xF8F8,0xF8F8,0xF8F8,0x0020,0x21C9,0x4B71,0x4B92,0x4B71,0x4B71,0x4B51,0x4B51,0x4351,
  0x324C,0x10C4,0xF8F8,0xF8F8,0xF8F8,0xF8F8,0xF8F8,0x0020,0x2188,0x42CE,0x6435,0x5C15,
  0x2A0A,0x10E4,0xF8F8,0xF8F8,0xF8F8,0xF8F8,0xF8F8,0xF8F8,0xF8F8,0xF8F8,0xF8F8,0xF8F8,
  0xF8F8,0xF8F8,0xF8F8,0xF8F8,0xF8F8,0xF8F8,0x10E4,0x2A0A,0x5BF4,0x5C15,0x4B30,0x2188,
  0x0882,0xF8F8,0xF8F8,0xF8F8,0xF8F8,0x0000,0x2167,0x2188,0x2188,0x1967,0x1967,0x1967,
  0x1967,0x2187,0x2187,0x0882,0xF8F8,0xF8F8,0xF8F8,0xF8F8,0x0000,0x1947,0x324C,0x6435,
  0x6455,0x430F,0x1988,0x0000,0xF8F8,0xF8F8,0xF8F8,0xF8F8,0xF8F8,0xF8F8,0xF8F8,0xF8F8,
  0xF8F8,0xF8F8,0xF8F8,0xF8F8,0xF8F8,0xF8F8,0xF8F8,0xF8F8,0x0000,0x1946,0x324C,0x5C15,
  0x5C15,0x4310,0x21A8,0x08A3,0xF8F8,0xF8F8,0xF8F8,0xF8F8,0xF8F8,0xF8F8,0xF8F8,0xF8F8,
  0xF8F8,0xF8F8,0xF8F8,0xF8F8,0xF8F8,0xF8F8,0xF8F8,0xF8F8,0xF8F8,0x0020,0x1926,0x2A2B,
  0x5C14,0x6455,0x53B2,0x21C9,0x0882,0xF8F8,0xF8F8,0xF8F8,0xF8F8,0xF8F8,0xF8F8,0xF8F8,
  0xF8F8,0xF8F8,0xF8F8,0xF8F8,0xF8F8,0xF8F8,0xF8F8,0xF8F8,0xF8F8,0xF8F8,0xF8F8,0x0021,
  0x1967,0x3AAE,0x5C35,0x6435,0x4B71,0x29EA,0x1105,0x0020,0xF8F8,0xF8F8,0xF8F8,0xF8F8,
  0xF8F8,0xF8F8,0xF8F8,0xF8F8,0xF8F8,0xF8F8,0xF8F8,0xF8F8,0xF8F8,0xF8F8,0x0882,0x1967,
  0x322B,0x5BF4,0x5C35,0x5BD3,0x2A0A,0x10E4,0xF8F8,0xF8F8,0xF8F8,0xF8F8,0xF8F8,0xF8F8,
  0xF8F8,0xF8F8,0xF8F8,0xF8F8,0xF8F8,0xF8F8,0xF8F8,0xF8F8,0xF8F8,0xF8F8,0xF8F8,0xF8F8,
  0xF8F8,0xF8F8,0x0041,0x2188,0x42EF,0x6435,0x6435,0x5BD3,0x324B,0x1987,0x08A3,0x0000,
  0xF8F8,0xF8F8,0xF8F8,0xF8F8,0xF8F8,0xF8F8,0xF8F8,0xF8F8,0xF8F8,0xF8F8,0x0862,0x1946,
  0x21C9,0x42EF,0x5C15,0x5C15,0x53B3,0x21CA,0x1105,0xF8F8,0xF8F8,0xF8F8,0xF8F8,0xF8F8,
  0xF8F8,0xF8F8,0xF8F8,0xF8F8,0xF8F8,0xF8F8,0xF8F8,0xF8F8,0xF8F8,0xF8F8,0xF8F8,0xF8F8,
  0xF8F8,0xF8F8,0xF8F8,0xF8F8,0xF8F8,0x0861,0x21A8,0x3AAD,0x5C15,0x5C35,0x5C15,0x4310,
  0x29E9,0x1987,0x1105,0x08A3,0x0041,0x0020,0x0020,0x0020,0x0041,0x0862,0x10C4,0x1947,
  0x21C9,0x3AAE,0x5BF4,0x6435,0x5C15,0x4B51,0x21C9,0x10E5,0xF8F8,0xF8F8,0xF8F8,0xF8F8,
  0xF8F8,0xF8F8,0xF8F8,0xF8F8,0xF8F8,0xF8F8,0xF8F8,0xF8F8,0xF8F8,0xF8F8,0xF8F8,0xF8F8,
  0xF8F8,0xF8F8,0xF8F8,0xF8F8,0xF8F8,0xF8F8,0xF8F8,0xF8F8,0x0021,0x1967,0x2A0A,0x4B71,
  0x5C15,0x5C15,0x5C15,0x4B71,0x3AAE,0x2A2B,0x21C9,0x21C9,0x21A9,0x21A9,0x21A9,0x21C9,
  0x324C,0x4310,0x5BF4,0x5C35,0x6435,0x5C14,0x3ACE,0x21A8,0x08C3,0xF8F8,0xF8F8,0xF8F8,
  0xF8F8,0xF8F8,0xF8F8,0xF8F8,0xF8F8,0xF8F8,0xF8F8,0xF8F8,0xF8F8,0xF8F8,0xF8F8,0xF8F8,
  0xF8F8,0xF8F8,0xF8F8,0xF8F8,0xF8F8,0xF8F8,0xF8F8,0xF8F8,0xF8F8,0xF8F8,0xF8F8,0x0000,
  0x10E4,0x1988,0x324C,0x4B92,0x5C15,0x5C35,0x6435,0x6435,0x6435,0x5BF4,0x53D3,0x53D3,
  0x5BF4,0x5C15,0x5C15,0x5C15,0x5C15,0x5BF4,0x430F,0x2A0A,0x1987,0x0862,0xF8F8,0xF8F8,
  0xF8F8,0xF8F8,0xF8F8,0xF8F8,0xF8F8,0xF8F8,0xF8F8,0xF8F8,0xF8F8,0xF8F8,0xF8F8,0xF8F8,
  0xF8F8,0xF8F8,0xF8F8,0xF8F8,0xF8F8,0xF8F8,0xF8F8,0xF8F8,0xF8F8,0xF8F8,0xF8F8,0xF8F8,
  0xF8F8,0xF8F8,0xF8F8,0x0041,0x1105,0x21A9,0x326C,0x4330,0x5BD3,0x6435,0x5C35,0x5C15,
  0x5C15,0x5C15,0x5C15,0x5C35,0x5C14,0x4B71,0x3A8D,0x21A9,0x1947,0x08A3,0xF8F8,0xF8F8,
  0xF8F8,0xF8F8,0xF8F8,0xF8F8,0xF8F8,0xF8F8,0xF8F8,0xF8F8,0xF8F8,0xF8F8,0xF8F8,0xF8F8,
  0xF8F8,0xF8F8,0xF8F8,0xF8F8,0xF8F8,0xF8F8,0xF8F8,0xF8F8,0xF8F8,0xF8F8,0xF8F8,0xF8F8,
  0xF8F8,0xF8F8,0xF8F8,0xF8F8,0xF8F8,0xF8F8,0xF8F8,0x0021,0x10E4,0x2167,0x21A9,0x21C9,
  0x2A2B,0x324C,0x326C,0x326C,0x324C,0x2A0B,0x21C9,0x21A8,0x1105,0x0862,0xF8F8,0xF8F8,
  0xF8F8,0xF8F8,0xF8F8,0xF8F8,0xF8F8,0xF8F8,0xF8F8,0xF8F8,0xF8F8,0xF8F8,0xF8F8,0xF8F8,
  0xF8F8,0xF8F8,0xF8F8,0xF8F8,0xF8F8,0xF8F8,0xF8F8,0xF8F8,0xF8F8,0xF8F8,0xF8F8,0xF8F8,
  0xF8F8,0xF8F8,0xF8F8,0xF8F8,0xF8F8,0xF8F8,0xF8F8,0xF8F8,0xF8F8,0xF8F8,0xF8F8,0xF8F8,
  0x0020,0x0862,0x08A3,0x10C4,0x10E4,0x10C4,0x10C4,0x0883,0x0041,0xF8F8,0xF8F8,0xF8F8,
  0xF8F8,0xF8F8,0xF8F8,0xF8F8,0xF8F8,0xF8F8,0xF8F8,0xF8F8,0xF8F8,0xF8F8,0xF8F8,0xF8F8,
  0xF8F8,0xF8F8,0xF8F8,0xF8F8,0xF8F8,0xF8F8,0xF8F8,0xF8F8,0xF8F8,0xF8F8,0xF8F8,0xF8F8,
  0xF8F8,0xF8F8,0xF8F8,0xF8F8,0xF8F8,0xF8F8,0xF8F8,0xF8F8,0xF8F8,0xF8F8,0xF8F8,0xF8F8,
  0xF8F8,0xF8F8,0xF8F8,0xF8F8,0xF8F8,0xF8F8,0xF8F8,0xF8F8,0xF8F8,0xF8F8,0xF8F8,0xF8F8,
  0xF8F8,0xF8F8,0xF8F8,0xF8F8,0xF8F8,0xF8F8,0xF8F8,0xF8F8,0xF8F8,0xF8F8,0xF8F8,0xF8F8,
  0xF8F8,0xF8F8,0xF8F8,0xF8F8,0xF8F8,0xF8F8,0xF8F8,0xF8F8,0xF8F8,0xF8F8,0xF8F8,0xF8F8,
  0xF8F8,0xF8F8,0xF8F8,0xF8F8,0xF8F8,0xF8F8,0xF8F8,0xF8F8,0xF8F8,0xF8F8,0xF8F8,0xF8F8,
  0xF8F8,0xF8F8,0xF8F8,0xF8F8,0xF8F8,0xF8F8,0xF8F8,0xF8F8,0xF8F8,0xF8F8,0xF8F8,0xF8F8,
  0xF8F8,0xF8F8,0xF8F8,0xF8F8,0xF8F8,0xF8F8,0xF8F8,0xF8F8,0xF8F8,0xF8F8,0xF8F8,0xF8F8,
  0xF8F8,0xF8F8,0xF8F8,0xF8F8,0xF8F8,0xF8F8,0xF8F8,0xF8F8,0xF8F8,0xF8F8,0xF8F8,0xF8F8,
  0xF8F8,0xF8F8,0xF8F8,0xF8F8,0xF8F8,0xF8F8,0xF8F8,0xF8F8,0xF8F8,0xF8F8,0xF8F8,0xF8F8,
  0xF8F8,0xF8F8,0xF8F8,0xF8F8,0xF8F8,0xF8F8,0xF8F8,0xF8F8,0xF8F8,0xF8F8,0xF8F8,0xF8F8,
  0xF8F8,0xF8F8,0xF8F8,0xF8F8,0xF8F8,0xF8F8,0xF8F8,0xF8F8,0xF8F8,0xF8F8,0xF8F8,0xF8F8,
  0xF8F8,0xF8F8,0xF8F8,0xF8F8,0xF8F8,0xF8F8,0xF8F8,0xF8F8,0xF8F8,0xF8F8,0xF8F8,0xF8F8,
  0xF8F8,0xF8F8,0xF8F8,0xF8F8,0xF8F8,0xF8F8,0xF8F8,0xF8F8,0xF8F8,0xF8F8,0xF8F8,0xF8F8,
  0xF8F8,0xF8F8,0xF8F8,0xF8F8,0xF8F8,0xF8F8,0xF8F8,0xF8F8,0xF8F8,0xF8F8,0xF8F8,0xF8F8,
  0xF8F8,0xF8F8,0xF8F8,0xF8F8,0xF8F8,0xF8F8,0xF8F8,0xF8F8,0xF8F8,0xF8F8,0xF8F8,0xF8F8,
  0xF8F8,0xF8F8,0xF8F8,0xF8F8,0xF8F8,0xF8F8,0xF8F8,0xF8F8,0xF8F8,0xF8F8,0xF8F8,0xF8F8,
  0xF8F8,0xF8F8,0xF8F8,0xF8F8,0xF8F8,0xF8F8,0xF8F8,0xF8F8,0xF8F8,0xF8F8,0xF8F8,0xF8F8,
  0xF8F8,0xF8F8,0xF8F8,0xF8F8,0xF8F8,0xF8F8,0xF8F8,0xF8F8,0xF8F8,0xF8F8,0xF8F8,0xF8F8,
  0xF8F8,0xF8F8,0xF8F8,0xF8F8,0xF8F8,0xF8F8,0xF8F8,0xF8F8,0xF8F8,0xF8F8,0xF8F8,0xF8F8,
  0xF8F8,0xF8F8,0xF8F8,0xF8F8,0xF8F8,0xF8F8,0xF8F8,0xF8F8,0xF8F8,0xF8F8,0xF8F8,0xF8F8,
  0xF8F8,0xF8F8,0xF8F8,0xF8F8,
};

const uint16_t* const wh_menu_icons[10] = {
  wh_icon_00, wh_icon_01, wh_icon_02, wh_icon_03, wh_icon_04, wh_icon_05, wh_icon_06, wh_icon_07, wh_icon_08, wh_icon_09
};

#endif
