#ifndef WONTHOUND_ICONS_H
#define WONTHOUND_ICONS_H
#include <pgmspace.h>

#define WH_ICON_W 50
#define WH_ICON_H 50
#define WH_ICON_COUNT 10
#define WH_ICON_TRANSPARENT 0xF8F8

// 01_wifi-removebg-preview (1) (Custom)  (66% transparent)
const uint16_t wh_icon_00[2500] PROGMEM = {
  0xFFFF,0xDFFF,0xD7FF,0xDFFF,0xD7FF,0xDFFF,0xDFFF,0xD7FF,0xD7FF,0xD7FF,0xD7FF,0xDFFF,
  0xE7FF,0xE7FF,0xE7FF,0xE7FF,0xE7FF,0xEFFF,0xEFFF,0xEFFF,0xE7FF,0xDFFF,0xD7FF,0xD7FF,
  0xD7FF,0xD7FF,0xD7FF,0xDFFF,0xE7FF,0xE7FF,0xE7FF,0xEFFF,0xEFFF,0xEFFF,0xE7FF,0xE7FF,
  0xE7FF,0xD7FF,0xD7FF,0xD7FF,0xD7FF,0xCFFF,0xD7FF,0xDFFF,0xE7FF,0xE7FF,0xE7FF,0xE7FF,
  0xDFFF,0xDFFF,0xD7FF,0xDFFF,0xE7FF,0xE7FF,0xE7FF,0xE7FF,0xDFFF,0xD7FF,0xDFFF,0xDFFF,
  0xEFFF,0xE7FF,0xDFFF,0xE7FF,0xE7FF,0xE7FF,0xF7FF,0xEFFF,0xEFFF,0xEFFF,0xE7FF,0xE7FF,
  0xE7FF,0xE7FF,0xE7FF,0xE7FF,0xE7FF,0xEFFF,0xEFFF,0xEFFF,0xEFFF,0xEFFF,0xEFFF,0xEFFF,
  0xEFFF,0xF7FF,0xE7FF,0xE7FF,0xDFFF,0xDFFF,0xDFFF,0xE7FF,0xEFFF,0xE7FF,0xF7FF,0xE7FF,
  0xE7FF,0xE7FF,0xDFFF,0xD7FF,0xDFFF,0xF8F8,0xF8F8,0xF8F8,0xF8F8,0xF8F8,0xF8F8,0xF8F8,
  0xF8F8,0xF8F8,0xF8F8,0xF8F8,0xF8F8,0xF8F8,0xF8F8,0xF8F8,0xF8F8,0xF8F8,0xF8F8,0xF8F8,
  0xF8F8,0xF8F8,0xF8F8,0xF8F8,0xF8F8,0xF8F8,0xF8F8,0xF8F8,0xF8F8,0xF8F8,0xF8F8,0xF8F8,
  0xF8F8,0xF8F8,0xF8F8,0xF8F8,0xF8F8,0xF8F8,0xF8F8,0xF8F8,0xF8F8,0xF8F8,0xF8F8,0xF8F8,
  0xF8F8,0xF8F8,0xF8F8,0xF8F8,0xF8F8,0xDFFF,0xDFFF,0xF8F8,0xF8F8,0xF8F8,0xF8F8,0xF8F8,
  0xF8F8,0xF8F8,0xF8F8,0xF8F8,0xF8F8,0xF8F8,0xF8F8,0xF8F8,0xF8F8,0xF8F8,0xF8F8,0xF8F8,
  0xF8F8,0xF8F8,0xF8F8,0xF8F8,0xF8F8,0xF8F8,0xF8F8,0xF8F8,0xF8F8,0xF8F8,0xF8F8,0xF8F8,
  0xF8F8,0xF8F8,0xF8F8,0xF8F8,0xF8F8,0xF8F8,0xF8F8,0xF8F8,0xF8F8,0xF8F8,0xF8F8,0xF8F8,
  0xF8F8,0xF8F8,0xF8F8,0xF8F8,0xF8F8,0xF8F8,0xF8F8,0xE7FF,0xDFFF,0xF8F8,0xF8F8,0xF8F8,
  0xF8F8,0xF8F8,0xF8F8,0xF8F8,0xF8F8,0xF8F8,0xF8F8,0xF8F8,0xF8F8,0xF8F8,0xF8F8,0xF8F8,
  0xF8F8,0xF8F8,0xF8F8,0xF8F8,0xF8F8,0xF8F8,0xF8F8,0xF8F8,0xF8F8,0xF8F8,0xF8F8,0xF8F8,
  0xF8F8,0xF8F8,0xF8F8,0xF8F8,0xF8F8,0xF8F8,0xF8F8,0xF8F8,0xF8F8,0xF8F8,0xF8F8,0xF8F8,
  0xF8F8,0xF8F8,0xF8F8,0xF8F8,0xF8F8,0xF8F8,0xF8F8,0xF8F8,0xF8F8,0xE7FF,0xD7FF,0xF8F8,
  0xF8F8,0xF8F8,0xF8F8,0xF8F8,0xF8F8,0xF8F8,0xF8F8,0xF8F8,0xF8F8,0xF8F8,0xF8F8,0xF8F8,
  0xF8F8,0xF8F8,0xF8F8,0xF8F8,0xF8F8,0xF8F8,0xF8F8,0xF8F8,0xF8F8,0xF8F8,0xF8F8,0xF8F8,
  0xF8F8,0xF8F8,0xF8F8,0xF8F8,0xF8F8,0xF8F8,0xF8F8,0xF8F8,0xF8F8,0xF8F8,0xF8F8,0xF8F8,
  0xF8F8,0xF8F8,0xF8F8,0xF8F8,0xF8F8,0xF8F8,0xF8F8,0xF8F8,0xF8F8,0xF8F8,0xF8F8,0xE7FF,
  0xD7FF,0xF8F8,0xF8F8,0xF8F8,0xF8F8,0xF8F8,0xF8F8,0xF8F8,0xF8F8,0xF8F8,0xF8F8,0xF8F8,
  0xF8F8,0xF8F8,0xF8F8,0xF8F8,0xF8F8,0xF8F8,0xF8F8,0xF8F8,0xF8F8,0xF8F8,0xF8F8,0xF8F8,
  0xF8F8,0xF8F8,0xF8F8,0xF8F8,0xF8F8,0xF8F8,0xF8F8,0xF8F8,0xF8F8,0xF8F8,0xF8F8,0xF8F8,
  0xF8F8,0xF8F8,0xF8F8,0xF8F8,0xF8F8,0xF8F8,0xF8F8,0xF8F8,0xF8F8,0xF8F8,0xF8F8,0xF8F8,
  0xF8F8,0xE7FF,0xD7FF,0xF8F8,0xF8F8,0xF8F8,0xF8F8,0xF8F8,0xF8F8,0xF8F8,0xF8F8,0xF8F8,
  0xF8F8,0xF8F8,0xF8F8,0xF8F8,0xF8F8,0xF8F8,0xF8F8,0xF8F8,0xF8F8,0xF8F8,0xF8F8,0xF8F8,
  0xF8F8,0xF8F8,0xF8F8,0xF8F8,0xF8F8,0xF8F8,0xF8F8,0xF8F8,0xF8F8,0xF8F8,0xF8F8,0xF8F8,
  0xF8F8,0xF8F8,0xF8F8,0xF8F8,0xF8F8,0xF8F8,0xF8F8,0xF8F8,0xF8F8,0xF8F8,0xF8F8,0xF8F8,
  0xF8F8,0xF8F8,0xF8F8,0xE7FF,0xD7FF,0xF8F8,0xF8F8,0xF8F8,0xF8F8,0xF8F8,0xF8F8,0xF8F8,
  0xF8F8,0xF8F8,0xF8F8,0xF8F8,0xF8F8,0xF8F8,0xF8F8,0xF8F8,0xF8F8,0xF8F8,0xF8F8,0xF8F8,
  0xF8F8,0xF8F8,0xF8F8,0xF8F8,0xF8F8,0xF8F8,0xF8F8,0xF8F8,0xF8F8,0xF8F8,0xF8F8,0xF8F8,
  0xF8F8,0xF8F8,0xF8F8,0xF8F8,0xF8F8,0xF8F8,0xF8F8,0xF8F8,0xF8F8,0xF8F8,0xF8F8,0xF8F8,
  0xF8F8,0xF8F8,0xF8F8,0xF8F8,0xF8F8,0xEFFF,0xD7FF,0xF8F8,0xF8F8,0xF8F8,0xF8F8,0xF8F8,
  0xF8F8,0xF8F8,0xF8F8,0xF8F8,0xF8F8,0xF8F8,0xF8F8,0xF8F8,0xF8F8,0xF8F8,0xF8F8,0xF8F8,
  0xF8F8,0x22AF,0x22F1,0x22D1,0x1AB2,0x1AD2,0x1AF2,0x22D2,0x22D1,0x22B1,0x2290,0x1AB0,
  0x19EF,0xF8F8,0xF8F8,0xF8F8,0xF8F8,0xF8F8,0xF8F8,0xF8F8,0xF8F8,0xF8F8,0xF8F8,0xF8F8,
  0xF8F8,0xF8F8,0xF8F8,0xF8F8,0xF8F8,0xF8F8,0xF8F8,0xEFFF,0xD7FF,0xF8F8,0xF8F8,0xF8F8,
  0xF8F8,0xF8F8,0xF8F8,0xF8F8,0xF8F8,0xF8F8,0xF8F8,0xF8F8,0xF8F8,0xF8F8,0xF8F8,0x2A8F,
  0x2313,0x2B33,0x2334,0x2396,0x3C7A,0x4D1D,0x4D7F,0x55BF,0x55DF,0x55FF,0x4D9F,0x451D,
  0x3C5A,0x2BB6,0x2334,0x2313,0x1B12,0x2AB0,0xF8F8,0xF8F8,0xF8F8,0xF8F8,0xF8F8,0xF8F8,
  0xF8F8,0xF8F8,0xF8F8,0xF8F8,0xF8F8,0xF8F8,0xF8F8,0xF8F8,0xF8F8,0xEFFF,0xD7FF,0xF8F8,
  0xF8F8,0xF8F8,0xF8F8,0xF8F8,0xF8F8,0xF8F8,0xF8F8,0xF8F8,0xF8F8,0xF8F8,0xF8F8,0x128F,
  0x1AB1,0x2334,0x4D1D,0x6EBF,0x87FF,0x9FFF,0x9FFF,0x97FF,0x8FFF,0x87FF,0x87FF,0x87FF,
  0x87FF,0x8FFF,0x97FF,0x9FFF,0x8FFF,0x773F,0x559F,0x2BB7,0x1AD2,0x1A90,0x1A0F,0xF8F8,
  0xF8F8,0xF8F8,0xF8F8,0xF8F8,0xF8F8,0xF8F8,0xF8F8,0xF8F8,0xF8F8,0xF8F8,0xF8F8,0xEFFF,
  0xD7FF,0xF8F8,0xF8F8,0xF8F8,0xF8F8,0xF8F8,0xF8F8,0xF8F8,0xF8F8,0xF8F8,0xF8F8,0x1A90,
  0x1AB0,0x2BD7,0x5E7F,0x8FFF,0x8FFF,0x97FF,0x97FF,0x97FF,0x97FF,0x97FF,0x97FF,0x97FF,
  0x8FFF,0x8FFF,0x97FF,0x97FF,0x97FF,0x97FF,0x97FF,0x97FF,0x8FFF,0x8FFF,0x6F3F,0x3CBB,
  0x1AB1,0x1A90,0x122E,0xF8F8,0xF8F8,0xF8F8,0xF8F8,0xF8F8,0xF8F8,0xF8F8,0xF8F8,0xF8F8,
  0xFFFF,0xF7FF,0xD7FF,0xF8F8,0xF8F8,0xF8F8,0xF8F8,0xF8F8,0xF8F8,0xF8F8,0xF8F8,0x22D1,
  0x2313,0x3419,0x771F,0x97FF,0x8FFF,0x97FF,0x8FFF,0x8FFF,0x77FF,0x669F,0x559F,0x44BB,
  0x3418,0x2BB6,0x2B76,0x2396,0x33F8,0x3C9A,0x555E,0x665F,0x777F,0x8FFF,0x8FFF,0x8FFF,
  0x8FFF,0x8FFF,0x7FFF,0x451C,0x1B13,0x1AF1,0xF8F8,0xF8F8,0xF8F8,0xF8F8,0xF8F8,0xF8F8,
  0xF8F8,0xF8F8,0xF8F8,0xEFFF,0xDFFF,0xF8F8,0xF8F8,0xF8F8,0xF8F8,0xF8F8,0xF8F8,0x1ACE,
  0x2312,0x2B96,0x6E9F,0xA7FF,0x9FFF,0x9FFF,0x97FF,0x77DF,0x4D7E,0x2355,0x1AB2,0x1AB1,
  0x22F1,0x2B11,0x2AF1,0x2B11,0x2AD2,0x2312,0x2B10,0x2AF1,0x22F2,0x22D1,0x1AB1,0x1AF2,
  0x3CBA,0x66BF,0x8FFF,0x8FFF,0x97FF,0x9FFF,0x87FF,0x3C7A,0x2332,0x22B0,0xF8F8,0xF8F8,
  0xF8F8,0xF8F8,0xF8F8,0xF8F8,0xF8F8,0xE7FF,0xDFFF,0xF8F8,0xF8F8,0xF8F8,0xF8F8,0xF8F8,
  0x126F,0x1AB1,0x3C9B,0x97FF,0xA7FF,0xA7FF,0xA7FF,0x7F7F,0x3C9A,0x1AF2,0x1AB0,0x1A70,
  0xF8F8,0xF8F8,0xF8F8,0xF8F8,0xF8F8,0xF8F8,0xF8F8,0xF8F8,0xF8F8,0xF8F8,0xF8F8,0xF8F8,
  0xF8F8,0x1A2F,0x1AB0,0x22B0,0x2375,0x665F,0x9FFF,0x9FFF,0xA7FF,0xA7FF,0x6E5F,0x2333,
  0x1A8F,0xF8F8,0xF8F8,0xF8F8,0xF8F8,0xF8F8,0xF8F8,0xE7FF,0xDFFF,0xF8F8,0xF8F8,0xF8F8,
  0xF8F8,0x1A8F,0x1AB2,0x55BF,0x97FF,0x97FF,0x9FFF,0x97FF,0x3CBB,0x2314,0x22F1,0x124F,
  0xF8F8,0xF8F8,0xF8F8,0xF8F8,0xF8F8,0xF8F8,0xF8F8,0xF8F8,0xF8F8,0xF8F8,0xF8F8,0xF8F8,
  0xF8F8,0xF8F8,0xF8F8,0xF8F8,0xF8F8,0xF8F8,0x22AF,0x2332,0x2BB6,0x76BF,0xA7FF,0x9FFF,
  0x9FFF,0x7F9F,0x2355,0x1A70,0xF8F8,0xF8F8,0xF8F8,0xF8F8,0xF8F8,0xE7FF,0xDFFF,0xF8F8,
  0xF8F8,0xF8F8,0x22B2,0x2314,0x6EDF,0x9FFF,0x97FF,0x97FF,0x5DFF,0x1AF3,0x22D2,0x328E,
  0xF8F8,0xF8F8,0xF8F8,0xF8F8,0xF8F8,0x1A70,0x1A90,0x1AB0,0x22B1,0x1AD2,0x22D0,0x22B0,
  0x1A90,0x1A8F,0x1A6E,0x1A4E,0xF8F8,0xF8F8,0xF8F8,0xF8F8,0xF8F8,0xF8F8,0x22D0,0x1AD2,
  0x345A,0x87FF,0x97FF,0x9FFF,0x8FFF,0x3419,0x22B1,0xF8F8,0xF8F8,0xF8F8,0xF8F8,0xE7FF,
  0xDFFF,0xF8F8,0xF8F8,0xF8F8,0x2313,0x6E7F,0xAFFF,0x9FFF,0x97FF,0x3C5A,0x1AB0,0x1A4E,
  0xF8F8,0xF8F8,0xF8F8,0xF8F8,0x22B0,0x2AD2,0x22F3,0x2355,0x3C5A,0x451F,0x4DBF,0x563F,
  0x565F,0x563F,0x4DDF,0x453F,0x3C5A,0x2354,0x22F2,0x22F2,0x22B0,0xF8F8,0xF8F8,0xF8F8,
  0xF8F8,0xF8F8,0x1A6F,0x2313,0x773F,0x9FFF,0xA7FF,0x97FF,0x22F4,0x1A2D,0xF8F8,0xF8F8,
  0xF8F8,0xEFFF,0xDFFF,0xF8F8,0xF8F8,0xF8F8,0x22F3,0x5D9F,0xAFFF,0x97FF,0x3418,0x22B1,
  0xF8F8,0xF8F8,0xF8F8,0xF8F8,0x124F,0x1AB1,0x2334,0x44FD,0x6EBF,0x87FF,0x7FFF,0x77FF,
  0x6FDF,0x6FDF,0x6FDF,0x6FBF,0x6FBF,0x6FDF,0x6FDF,0x77FF,0x6F1F,0x4D9F,0x2BB7,0x22F2,
  0x1A90,0xF8F8,0xF8F8,0xF8F8,0xF8F8,0x126F,0x1AD3,0x769F,0xAFFF,0x8FBF,0x22F4,0xF8F8,
  0xF8F8,0xF8F8,0xF8F8,0xEFFF,0xD7FF,0xF8F8,0xF8F8,0xF8F8,0x2290,0x22F2,0x33F8,0x2355,
  0x22F2,0xF8F8,0xF8F8,0xF8F8,0xF8F8,0x1A6F,0x1AB1,0x44DC,0x6F7F,0x77FF,0x7FFF,0x7FFF,
  0x7FFF,0x7FFF,0x779F,0x66FF,0x5EDF,0x66FF,0x677F,0x77DF,0x77FF,0x77FF,0x7FFF,0x7FFF,
  0x7FDF,0x55FF,0x2334,0x1A6F,0x0A4D,0xF8F8,0xF8F8,0xF8F8,0x22B1,0x22F3,0x3418,0x2B54,
  0x2AF1,0xF8F8,0xF8F8,0xF8F8,0xF8F8,0xE7FF,0xCFFF,0xF8F8,0xF8F8,0xF8F8,0xF8F8,0x1AAA,
  0x22B0,0x2AB0,0xF8F8,0xF8F8,0xF8F8,0x2A6E,0x1AD1,0x2BB7,0x66BF,0x77DF,0x77FF,0x77DF,
  0x779F,0x5E5F,0x44FD,0x2BB7,0x1B13,0x1AB1,0x1A90,0x1AB1,0x1AD2,0x2355,0x347B,0x55BF,
  0x773F,0x7FFF,0x77FF,0x77DF,0x777F,0x44DD,0x1AB0,0x1A6F,0xF8F8,0xF8F8,0xF8F8,0x1A4E,
  0x22D0,0x22AF,0xF8F8,0xF8F8,0xF8F8,0xF8F8,0xF8F8,0xDFFF,0xCFFF,0xF8F8,0xF8F8,0xF8F8,
  0xF8F8,0xF8F8,0xF8F8,0xF8F8,0xF8F8,0xF8F8,0x228F,0x22F2,0x44FD,0x7FDF,0x7FFF,0x77DF,
  0x6F5F,0x44FD,0x1AF2,0x1A91,0x22D2,0x2290,0x128C,0xF8F8,0xF8F8,0xF8F8,0xF8F8,0x22AE,
  0x22D1,0x22D2,0x1AD2,0x3419,0x5E9F,0x6FDF,0x77DF,0x7FDF,0x667F,0x2335,0x1AB0,0xF8F8,
  0xF8F8,0xF8F8,0xF8F8,0xF8F8,0xF8F8,0xF8F8,0xF8F8,0xF8F8,0xF8F8,0xE7FF,0xD7FF,0xF8F8,
  0xF8F8,0xF8F8,0xF8F8,0xF8F8,0xF8F8,0xF8F8,0xF8F8,0xF8F8,0x1A90,0x4D5F,0x87FF,0x87FF,
  0x87FF,0x5DFF,0x2334,0x1A90,0x1A4F,0xF8F8,0xF8F8,0xF8F8,0xF8F8,0xF8F8,0xF8F8,0xF8F8,
  0xF8F8,0xF8F8,0xF8F8,0xF8F8,0x1A2D,0x1A4F,0x1290,0x3C7A,0x7F7F,0x87FF,0x87FF,0x775F,
  0x2334,0x1A6F,0xF8F8,0xF8F8,0xF8F8,0xF8F8,0xF8F8,0xF8F8,0xF8F8,0xF8F8,0xF8F8,0xE7FF,
  0xDFFF,0xF8F8,0xF8F8,0xF8F8,0xF8F8,0xF8F8,0xF8F8,0xF8F8,0xF8F8,0x1A0E,0x1AF3,0x7FDF,
  0x7FFF,0x7FDF,0x3CBB,0x22D2,0x1A90,0xF8F8,0xF8F8,0xF8F8,0xF8F8,0xF8F8,0xF8F8,0xF8F8,
  0xF8F8,0xF8F8,0xF8F8,0xF8F8,0xF8F8,0xF8F8,0xF8F8,0xF8F8,0x1A2D,0x1AB0,0x2B75,0x771F,
  0x87FF,0x87FF,0x3CBA,0x1AB0,0xF8F8,0xF8F8,0xF8F8,0xF8F8,0xF8F8,0xF8F8,0xF8F8,0xF8F8,
  0xF8F8,0xEFFF,0xEFFF,0xF8F8,0xF8F8,0xF8F8,0xF8F8,0xF8F8,0xF8F8,0xF8F8,0xF8F8,0xF8F8,
  0x2312,0x44FC,0x667F,0x2BF7,0x1A90,0x1A8F,0xF8F8,0xF8F8,0xF8F8,0xF8F8,0x1A8F,0x1290,
  0x1A70,0x1AB1,0x1AD2,0x1AD2,0x1AB0,0x1A6F,0x1A4E,0x120E,0xF8F8,0xF8F8,0xF8F8,0xF8F8,
  0x22B1,0x2B34,0x661F,0x667F,0x2334,0x22AF,0xF8F8,0xF8F8,0xF8F8,0xF8F8,0xF8F8,0xF8F8,
  0xF8F8,0xF8F8,0xF8F8,0xEFFF,0xEFFF,0xF8F8,0xF8F8,0xF8F8,0xF8F8,0xF8F8,0xF8F8,0xF8F8,
  0xF8F8,0xF8F8,0x2A8F,0x22D2,0x1AD2,0x2290,0xF8F8,0xF8F8,0xF8F8,0xF8F8,0x1A90,0x22D1,
  0x2356,0x3CBD,0x4D9F,0x565F,0x5EBF,0x567F,0x4DBF,0x3CFD,0x2BB6,0x1AB1,0x1AB1,0x224E,
  0xF8F8,0xF8F8,0xF8F8,0x1A8F,0x1AB0,0x1A90,0x1A90,0xF8F8,0xF8F8,0xF8F8,0xF8F8,0xF8F8,
  0xF8F8,0xF8F8,0xF8F8,0xF8F8,0xF8F8,0xE7FF,0xE7FF,0xF8F8,0xF8F8,0xF8F8,0xF8F8,0xF8F8,
  0xF8F8,0xF8F8,0xF8F8,0xF8F8,0xF8F8,0xF8F8,0xF8F8,0xF8F8,0xF8F8,0xF8F8,0x122E,0x126F,
  0x2313,0x455F,0x5F1F,0x5F1F,0x5F1F,0x5EFF,0x5EFF,0x56FF,0x5EFF,0x5EFF,0x5F1F,0x567F,
  0x343A,0x22D2,0x1A70,0xF8F8,0xF8F8,0xF8F8,0xF8F8,0xF8F8,0xF8F8,0xF8F8,0xF8F8,0xF8F8,
  0xF8F8,0xF8F8,0xF8F8,0xF8F8,0xF8F8,0xF8F8,0xF8F8,0xE7FF,0xE7FF,0xF8F8,0xF8F8,0xF8F8,
  0xF8F8,0xF8F8,0xF8F8,0xF8F8,0xF8F8,0xF8F8,0xF8F8,0xF8F8,0xF8F8,0xF8F8,0xF8F8,0xF8F8,
  0x22D1,0x2BF9,0x567F,0x56FF,0x5EFF,0x5EFF,0x5EBF,0x55FF,0x4D9F,0x4D9F,0x567F,0x5F1F,
  0x5F1F,0x5F1F,0x5F1F,0x457F,0x1AD1,0x1A4E,0xF8F8,0xF8F8,0xF8F8,0xF8F8,0xF8F8,0xF8F8,
  0xF8F8,0xF8F8,0xF8F8,0xF8F8,0xF8F8,0xF8F8,0xF8F8,0xF8F8,0xF8F8,0xE7FF,0xD7FF,0xF8F8,
  0xF8F8,0xF8F8,0xF8F8,0xF8F8,0xF8F8,0xF8F8,0xF8F8,0xF8F8,0xF8F8,0xF8F8,0xF8F8,0xF8F8,
  0xF8F8,0x22B0,0x2BB7,0x5F1F,0x5F1F,0x5F1F,0x4DFF,0x2BF8,0x1AB1,0x1270,0x1A70,0x1AB0,
  0x1AD3,0x2BB7,0x457F,0x5EFF,0x5EFF,0x56DF,0x451E,0x1A8F,0xF8F8,0xF8F8,0xF8F8,0xF8F8,
  0xF8F8,0xF8F8,0xF8F8,0xF8F8,0xF8F8,0xF8F8,0xF8F8,0xF8F8,0xF8F8,0xF8F8,0xF8F8,0xEFFF,
  0xCFFF,0xF8F8,0xF8F8,0xF8F8,0xF8F8,0xF8F8,0xF8F8,0xF8F8,0xF8F8,0xF8F8,0xF8F8,0xF8F8,
  0xF8F8,0xF8F8,0xF8F8,0x126F,0x2355,0x5E9F,0x5EDF,0x44DD,0x22D2,0x22B0,0x1A2F,0xF8F8,
  0xF8F8,0xF8F8,0x22AD,0x22B0,0x22B0,0x2B75,0x565F,0x5EFF,0x451F,0x22D2,0xF8F8,0xF8F8,
  0xF8F8,0xF8F8,0xF8F8,0xF8F8,0xF8F8,0xF8F8,0xF8F8,0xF8F8,0xF8F8,0xF8F8,0xF8F8,0xF8F8,
  0xF8F8,0xEFFF,0xCFFF,0xF8F8,0xF8F8,0xF8F8,0xF8F8,0xF8F8,0xF8F8,0xF8F8,0xF8F8,0xF8F8,
  0xF8F8,0xF8F8,0xF8F8,0xF8F8,0xF8F8,0xF8F8,0x22B0,0x2313,0x22F3,0x1A70,0x1A4F,0xF8F8,
  0xF8F8,0xF8F8,0xF8F8,0xF8F8,0xF8F8,0xF8F8,0xF8F8,0x1A4F,0x1AF3,0x2BD7,0x22F4,0x1AB0,
  0xF8F8,0xF8F8,0xF8F8,0xF8F8,0xF8F8,0xF8F8,0xF8F8,0xF8F8,0xF8F8,0xF8F8,0xF8F8,0xF8F8,
  0xF8F8,0xF8F8,0xF8F8,0xEFFF,0xD7FF,0xF8F8,0xF8F8,0xF8F8,0xF8F8,0xF8F8,0xF8F8,0xF8F8,
  0xF8F8,0xF8F8,0xF8F8,0xF8F8,0xF8F8,0xF8F8,0xF8F8,0xF8F8,0xF8F8,0x228F,0x1A2F,0xF8F8,
  0xF8F8,0xF8F8,0xF8F8,0xF8F8,0x224E,0x226C,0xF8F8,0xF8F8,0xF8F8,0xF8F8,0x22AF,0x22B1,
  0x2AAE,0xF8F8,0xF8F8,0xF8F8,0xF8F8,0xF8F8,0xF8F8,0xF8F8,0xF8F8,0xF8F8,0xF8F8,0xF8F8,
  0xF8F8,0xF8F8,0xF8F8,0xF8F8,0xF8F8,0xF7FF,0xDFFF,0xF8F8,0xF8F8,0xF8F8,0xF8F8,0xF8F8,
  0xF8F8,0xF8F8,0xF8F8,0xF8F8,0xF8F8,0xF8F8,0xF8F8,0xF8F8,0xF8F8,0xF8F8,0xF8F8,0xF8F8,
  0xF8F8,0xF8F8,0xF8F8,0xF8F8,0x1A4F,0x1A90,0x1AD2,0x1AB1,0x1A6F,0x21ED,0xF8F8,0xF8F8,
  0xF8F8,0xF8F8,0xF8F8,0xF8F8,0xF8F8,0xF8F8,0xF8F8,0xF8F8,0xF8F8,0xF8F8,0xF8F8,0xF8F8,
  0xF8F8,0xF8F8,0xF8F8,0xF8F8,0xF8F8,0xF8F8,0xF8F8,0xEFFF,0xE7FF,0xF8F8,0xF8F8,0xF8F8,
  0xF8F8,0xF8F8,0xF8F8,0xF8F8,0xF8F8,0xF8F8,0xF8F8,0xF8F8,0xF8F8,0xF8F8,0xF8F8,0xF8F8,
  0xF8F8,0xF8F8,0xF8F8,0xF8F8,0xF8F8,0x22B0,0x1B14,0x459F,0x5EDF,0x565F,0x2BD7,0x22B0,
  0xF8F8,0xF8F8,0xF8F8,0xF8F8,0xF8F8,0xF8F8,0xF8F8,0xF8F8,0xF8F8,0xF8F8,0xF8F8,0xF8F8,
  0xF8F8,0xF8F8,0xF8F8,0xF8F8,0xF8F8,0xF8F8,0xF8F8,0xF8F8,0xF8F8,0xE7FF,0xEFFF,0xF8F8,
  0xF8F8,0xF8F8,0xF8F8,0xF8F8,0xF8F8,0xF8F8,0xF8F8,0xF8F8,0xF8F8,0xF8F8,0xF8F8,0xF8F8,
  0xF8F8,0xF8F8,0xF8F8,0xF8F8,0xF8F8,0xF8F8,0xF8F8,0x22D2,0x459F,0x671F,0x5F1F,0x66FF,
  0x66BF,0x1B14,0x1A8E,0xF8F8,0xF8F8,0xF8F8,0xF8F8,0xF8F8,0xF8F8,0xF8F8,0xF8F8,0xF8F8,
  0xF8F8,0xF8F8,0xF8F8,0xF8F8,0xF8F8,0xF8F8,0xF8F8,0xF8F8,0xF8F8,0xF8F8,0xF8F8,0xE7FF,
  0xEFFF,0xF8F8,0xF8F8,0xF8F8,0xF8F8,0xF8F8,0xF8F8,0xF8F8,0xF8F8,0xF8F8,0xF8F8,0xF8F8,
  0xF8F8,0xF8F8,0xF8F8,0xF8F8,0xF8F8,0xF8F8,0xF8F8,0xF8F8,0xF8F8,0x1AB1,0x565F,0x671F,
  0x671F,0x671F,0x66FF,0x2B96,0x1A4F,0xF8F8,0xF8F8,0xF8F8,0xF8F8,0xF8F8,0xF8F8,0xF8F8,
  0xF8F8,0xF8F8,0xF8F8,0xF8F8,0xF8F8,0xF8F8,0xF8F8,0xF8F8,0xF8F8,0xF8F8,0xF8F8,0xF8F8,
  0xF8F8,0xE7FF,0xE7FF,0xF8F8,0xF8F8,0xF8F8,0xF8F8,0xF8F8,0xF8F8,0xF8F8,0xF8F8,0xF8F8,
  0xF8F8,0xF8F8,0xF8F8,0xF8F8,0xF8F8,0xF8F8,0xF8F8,0xF8F8,0xF8F8,0xF8F8,0xF8F8,0x1AB0,
  0x457F,0x671F,0x671F,0x671F,0x66DF,0x1B14,0x224F,0xF8F8,0xF8F8,0xF8F8,0xF8F8,0xF8F8,
  0xF8F8,0xF8F8,0xF8F8,0xF8F8,0xF8F8,0xF8F8,0xF8F8,0xF8F8,0xF8F8,0xF8F8,0xF8F8,0xF8F8,
  0xF8F8,0xF8F8,0xF8F8,0xE7FF,0xDFFF,0xF8F8,0xF8F8,0xF8F8,0xF8F8,0xF8F8,0xF8F8,0xF8F8,
  0xF8F8,0xF8F8,0xF8F8,0xF8F8,0xF8F8,0xF8F8,0xF8F8,0xF8F8,0xF8F8,0xF8F8,0xF8F8,0xF8F8,
  0xF8F8,0x22B1,0x2334,0x55BF,0x66FF,0x5E9F,0x345A,0x22F2,0xF8F8,0xF8F8,0xF8F8,0xF8F8,
  0xF8F8,0xF8F8,0xF8F8,0xF8F8,0xF8F8,0xF8F8,0xF8F8,0xF8F8,0xF8F8,0xF8F8,0xF8F8,0xF8F8,
  0xF8F8,0xF8F8,0xF8F8,0xF8F8,0xF8F8,0xEFFF,0xD7FF,0xF8F8,0xF8F8,0xF8F8,0xF8F8,0xF8F8,
  0xF8F8,0xF8F8,0xF8F8,0xF8F8,0xF8F8,0xF8F8,0xF8F8,0xF8F8,0xF8F8,0xF8F8,0xF8F8,0xF8F8,
  0xF8F8,0xF8F8,0xF8F8,0xF8F8,0x1A6F,0x1A70,0x1AB1,0x1AB2,0x22B2,0x2AD0,0xF8F8,0xF8F8,
  0xF8F8,0xF8F8,0xF8F8,0xF8F8,0xF8F8,0xF8F8,0xF8F8,0xF8F8,0xF8F8,0xF8F8,0xF8F8,0xF8F8,
  0xF8F8,0xF8F8,0xF8F8,0xF8F8,0xF8F8,0xF8F8,0xF8F8,0xE7FF,0xCFFF,0xF8F8,0xF8F8,0xF8F8,
  0xF8F8,0xF8F8,0xF8F8,0xF8F8,0xF8F8,0xF8F8,0xF8F8,0xF8F8,0xF8F8,0xF8F8,0xF8F8,0xF8F8,
  0xF8F8,0xF8F8,0xF8F8,0xF8F8,0xF8F8,0xF8F8,0xF8F8,0xF8F8,0x1A0C,0x11EF,0xF8F8,0xF8F8,
  0xF8F8,0xF8F8,0xF8F8,0xF8F8,0xF8F8,0xF8F8,0xF8F8,0xF8F8,0xF8F8,0xF8F8,0xF8F8,0xF8F8,
  0xF8F8,0xF8F8,0xF8F8,0xF8F8,0xF8F8,0xF8F8,0xF8F8,0xF8F8,0xF8F8,0xE7FF,0xCFFF,0xF8F8,
  0xF8F8,0xF8F8,0xF8F8,0xF8F8,0xF8F8,0xF8F8,0xF8F8,0xF8F8,0xF8F8,0xF8F8,0xF8F8,0xF8F8,
  0xF8F8,0xF8F8,0xF8F8,0xF8F8,0xF8F8,0xF8F8,0xF8F8,0xF8F8,0xF8F8,0xF8F8,0xF8F8,0xF8F8,
  0xF8F8,0xF8F8,0xF8F8,0xF8F8,0xF8F8,0xF8F8,0xF8F8,0xF8F8,0xF8F8,0xF8F8,0xF8F8,0xF8F8,
  0xF8F8,0xF8F8,0xF8F8,0xF8F8,0xF8F8,0xF8F8,0xF8F8,0xF8F8,0xF8F8,0xF8F8,0xF8F8,0xE7FF,
  0xDFFF,0xF8F8,0xF8F8,0xF8F8,0xF8F8,0xF8F8,0xF8F8,0xF8F8,0xF8F8,0xF8F8,0xF8F8,0xF8F8,
  0xF8F8,0xF8F8,0xF8F8,0xF8F8,0xF8F8,0xF8F8,0xF8F8,0xF8F8,0xF8F8,0xF8F8,0xF8F8,0xF8F8,
  0xF8F8,0xF8F8,0xF8F8,0xF8F8,0xF8F8,0xF8F8,0xF8F8,0xF8F8,0xF8F8,0xF8F8,0xF8F8,0xF8F8,
  0xF8F8,0xF8F8,0xF8F8,0xF8F8,0xF8F8,0xF8F8,0xF8F8,0xF8F8,0xF8F8,0xF8F8,0xF8F8,0xF8F8,
  0xF8F8,0xEFFF,0xE7FF,0xF8F8,0xF8F8,0xF8F8,0xF8F8,0xF8F8,0xF8F8,0xF8F8,0xF8F8,0xF8F8,
  0xF8F8,0xF8F8,0xF8F8,0xF8F8,0xF8F8,0xF8F8,0xF8F8,0xF8F8,0xF8F8,0xF8F8,0xF8F8,0xF8F8,
  0xF8F8,0xF8F8,0xF8F8,0xF8F8,0xF8F8,0xF8F8,0xF8F8,0xF8F8,0xF8F8,0xF8F8,0xF8F8,0xF8F8,
  0xF8F8,0xF8F8,0xF8F8,0xF8F8,0xF8F8,0xF8F8,0xF8F8,0xF8F8,0xF8F8,0xF8F8,0xF8F8,0xF8F8,
  0xF8F8,0xF8F8,0xF8F8,0xE7FF,0xE7FF,0xF8F8,0xF8F8,0xF8F8,0xF8F8,0xF8F8,0xF8F8,0xF8F8,
  0xF8F8,0xF8F8,0xF8F8,0xF8F8,0xF8F8,0xF8F8,0xF8F8,0xF8F8,0xF8F8,0xF8F8,0xF8F8,0xF8F8,
  0xF8F8,0xF8F8,0xF8F8,0xF8F8,0xF8F8,0xF8F8,0xF8F8,0xF8F8,0xF8F8,0xF8F8,0xF8F8,0xF8F8,
  0xF8F8,0xF8F8,0xF8F8,0xF8F8,0xF8F8,0xF8F8,0xF8F8,0xF8F8,0xF8F8,0xF8F8,0xF8F8,0xF8F8,
  0xF8F8,0xF8F8,0xF8F8,0xF8F8,0xF8F8,0xE7FF,0xEFFF,0xF8F8,0xF8F8,0xF8F8,0xF8F8,0xF8F8,
  0xF8F8,0xF8F8,0xF8F8,0xF8F8,0xF8F8,0xF8F8,0xF8F8,0xF8F8,0xF8F8,0xF8F8,0xF8F8,0xF8F8,
  0xF8F8,0xF8F8,0xF8F8,0xF8F8,0xF8F8,0xF8F8,0xF8F8,0xF8F8,0xF8F8,0xF8F8,0xF8F8,0xF8F8,
  0xF8F8,0xF8F8,0xF8F8,0xF8F8,0xF8F8,0xF8F8,0xF8F8,0xF8F8,0xF8F8,0xF8F8,0xF8F8,0xF8F8,
  0xF8F8,0xF8F8,0xF8F8,0xF8F8,0xF8F8,0xF8F8,0xF8F8,0xE7FF,0xEFFF,0xF8F8,0xF8F8,0xF8F8,
  0xF8F8,0xF8F8,0xF8F8,0xF8F8,0xF8F8,0xF8F8,0xF8F8,0xF8F8,0xF8F8,0xF8F8,0xF8F8,0xF8F8,
  0xF8F8,0xF8F8,0xF8F8,0xF8F8,0xF8F8,0xF8F8,0xF8F8,0xF8F8,0xF8F8,0xF8F8,0xF8F8,0xF8F8,
  0xF8F8,0xF8F8,0xF8F8,0xF8F8,0xF8F8,0xF8F8,0xF8F8,0xF8F8,0xF8F8,0xF8F8,0xF8F8,0xF8F8,
  0xF8F8,0xF8F8,0xF8F8,0xF8F8,0xF8F8,0xF8F8,0xF8F8,0xF8F8,0xF8F8,0xE7FF,0xEFFF,0xF8F8,
  0xF8F8,0xF8F8,0xF8F8,0xF8F8,0xF8F8,0xF8F8,0xF8F8,0xF8F8,0xF8F8,0xF8F8,0xF8F8,0xF8F8,
  0xF8F8,0xF8F8,0xF8F8,0xF8F8,0xF8F8,0xF8F8,0xF8F8,0xF8F8,0xF8F8,0xF8F8,0xF8F8,0xF8F8,
  0xF8F8,0xF8F8,0xF8F8,0xF8F8,0xF8F8,0xF8F8,0xF8F8,0xF8F8,0xF8F8,0xF8F8,0xF8F8,0xF8F8,
  0xF8F8,0xF8F8,0xF8F8,0xF8F8,0xF8F8,0xF8F8,0xF8F8,0xF8F8,0xF8F8,0xF8F8,0xF8F8,0xDFFF,
  0xDFFF,0xF8F8,0xF8F8,0xF8F8,0xF8F8,0xF8F8,0xF8F8,0xF8F8,0xF8F8,0xF8F8,0xF8F8,0xF8F8,
  0xF8F8,0xF8F8,0xF8F8,0xF8F8,0xF8F8,0xF8F8,0xF8F8,0xF8F8,0xF8F8,0xF8F8,0xF8F8,0xF8F8,
  0xF8F8,0xF8F8,0xF8F8,0xF8F8,0xF8F8,0xF8F8,0xF8F8,0xF8F8,0xF8F8,0xF8F8,0xF8F8,0xF8F8,
  0xF8F8,0xF8F8,0xF8F8,0xF8F8,0xF8F8,0xF8F8,0xF8F8,0xF8F8,0xF8F8,0xF8F8,0xF8F8,0xF8F8,
  0xF8F8,0xDFFF,0xDFFF,0xDFFF,0xD7FF,0xDFFF,0xDFFF,0xE7FF,0xE7FF,0xEFFF,0xEFFF,0xE7FF,
  0xE7FF,0xE7FF,0xE7FF,0xE7FF,0xE7FF,0xDFFF,0xDFFF,0xE7FF,0xE7FF,0xE7FF,0xEFFF,0xE7FF,
  0xE7FF,0xE7FF,0xDFFF,0xD7FF,0xDFFF,0xD7FF,0xDFFF,0xD7FF,0xDFFF,0xE7FF,0xE7FF,0xE7FF,
  0xDFFF,0xDFFF,0xD7FF,0xCFFF,0xD7FF,0xD7FF,0xE7FF,0xE7FF,0xE7FF,0xE7FF,0xDFFF,0xDFFF,
  0xDFFF,0xD7FF,0xD7FF,0xD7FF,
};

// 02_bluetooth-removebg-preview (Custom)  (73% transparent)
const uint16_t wh_icon_01[2500] PROGMEM = {
  0xFFFF,0xE7FF,0xDFFF,0xE7FF,0xE7FF,0xEFFF,0xF7FF,0xE7FF,0xD7FF,0xD7FF,0xDFFF,0xDFFF,
  0xDFFF,0xDFFF,0xDFFF,0xE7FF,0xEFFF,0xF7FF,0xEFFF,0xF7FF,0xF7FF,0xEFFF,0xE7FF,0xE7FF,
  0xE7FF,0xEFFF,0xEFFF,0xF7FF,0xF7FF,0xEFFF,0xEFFF,0xE7FF,0xDFFF,0xDFFF,0xDFFF,0xE7FF,
  0xEFFF,0xEFFF,0xEFFF,0xEFFF,0xE7FF,0xE7FF,0xEFFF,0xEFFF,0xEFFF,0xEFFF,0xEFFF,0xE7FF,
  0xDFFF,0xEFFF,0xE7FF,0xFFFF,0xFFFF,0xFFFF,0xFFFF,0xFFFF,0xFFFF,0xFFFF,0xFFFF,0xF7FF,
  0xFFFF,0xFFFF,0xFFFF,0xFFFF,0xFFFF,0xFFFF,0xFFFF,0xFFFF,0xFFFF,0xFFFF,0xFFFF,0xFFFF,
  0xFFFF,0xFFFF,0xFFFF,0xFFFF,0xFFFF,0xFFFF,0xFFFF,0xFFFF,0xFFFF,0xFFFF,0xFFFF,0xFFFF,
  0xFFFF,0xFFFF,0xFFFF,0xFFFF,0xFFFF,0xFFFF,0xFFFF,0xFFFF,0xFFFF,0xFFFF,0xFFFF,0xFFFF,
  0xFFFF,0xFFFF,0xFFFF,0xDFFF,0xE7FF,0xF8F8,0xF8F8,0xF8F8,0xF8F8,0xF8F8,0xF8F8,0xF8F8,
  0xF8F8,0xF8F8,0xF8F8,0xF8F8,0xF8F8,0xF8F8,0xF8F8,0xF8F8,0xF8F8,0xF8F8,0xF8F8,0xF8F8,
  0xF8F8,0xF8F8,0xF8F8,0xF8F8,0xF8F8,0xF8F8,0xF8F8,0xF8F8,0xF8F8,0xF8F8,0xF8F8,0xF8F8,
  0xF8F8,0xF8F8,0xF8F8,0xF8F8,0xF8F8,0xF8F8,0xF8F8,0xF8F8,0xF8F8,0xF8F8,0xF8F8,0xF8F8,
  0xF8F8,0xF8F8,0xF8F8,0xF8F8,0xF8F8,0xDFFF,0xE7FF,0xF8F8,0xF8F8,0xF8F8,0xF8F8,0xF8F8,
  0xF8F8,0xF8F8,0xF8F8,0xF8F8,0xF8F8,0xF8F8,0xF8F8,0xF8F8,0xF8F8,0xF8F8,0xF8F8,0xF8F8,
  0xF8F8,0xF8F8,0xF8F8,0xF8F8,0xF8F8,0xF8F8,0xF8F8,0xF8F8,0xF8F8,0xF8F8,0xF8F8,0xF8F8,
  0xF8F8,0xF8F8,0xF8F8,0xF8F8,0xF8F8,0xF8F8,0xF8F8,0xF8F8,0xF8F8,0xF8F8,0xF8F8,0xF8F8,
  0xF8F8,0xF8F8,0xF8F8,0xF8F8,0xF8F8,0xF8F8,0xF8F8,0xEFFF,0xEFFF,0xF8F8,0xF8F8,0xF8F8,
  0xF8F8,0xF8F8,0xF8F8,0xF8F8,0xF8F8,0xF8F8,0xF8F8,0xF8F8,0xF8F8,0xF8F8,0xF8F8,0xF8F8,
  0xF8F8,0xF8F8,0xF8F8,0xF8F8,0xF8F8,0xF8F8,0xF8F8,0x5392,0xF8F8,0xF8F8,0xF8F8,0xF8F8,
  0xF8F8,0xF8F8,0xF8F8,0xF8F8,0xF8F8,0xF8F8,0xF8F8,0xF8F8,0xF8F8,0xF8F8,0xF8F8,0xF8F8,
  0xF8F8,0xF8F8,0xF8F8,0xF8F8,0xF8F8,0xF8F8,0xF8F8,0xF8F8,0xF8F8,0xEFFF,0xEFFF,0xF8F8,
  0xF8F8,0xF8F8,0xF8F8,0xF8F8,0xF8F8,0xF8F8,0xF8F8,0xF8F8,0xF8F8,0xF8F8,0xF8F8,0xF8F8,
  0xF8F8,0xF8F8,0xF8F8,0xF8F8,0xF8F8,0xF8F8,0xF8F8,0xF8F8,0xF8F8,0x22F3,0x22F2,0xF8F8,
  0xF8F8,0xF8F8,0xF8F8,0xF8F8,0xF8F8,0xF8F8,0xF8F8,0xF8F8,0xF8F8,0xF8F8,0xF8F8,0xF8F8,
  0xF8F8,0xF8F8,0xF8F8,0xF8F8,0xF8F8,0xF8F8,0xF8F8,0xF8F8,0xF8F8,0xF8F8,0xF8F8,0xEFFF,
  0xEFFF,0xF8F8,0xF8F8,0xF8F8,0xF8F8,0xF8F8,0xF8F8,0xF8F8,0xF8F8,0xF8F8,0xF8F8,0xF8F8,
  0xF8F8,0xF8F8,0xF8F8,0xF8F8,0xF8F8,0xF8F8,0xF8F8,0xF8F8,0xF8F8,0xF8F8,0xF8F8,0x1AF4,
  0x2C19,0x22D1,0xF8F8,0xF8F8,0xF8F8,0xF8F8,0xF8F8,0xF8F8,0xF8F8,0xF8F8,0xF8F8,0xF8F8,
  0xF8F8,0xF8F8,0xF8F8,0xF8F8,0xF8F8,0xF8F8,0xF8F8,0xF8F8,0xF8F8,0xF8F8,0xF8F8,0xF8F8,
  0xF8F8,0xEFFF,0xEFFF,0xF8F8,0xF8F8,0xF8F8,0xF8F8,0xF8F8,0xF8F8,0xF8F8,0xF8F8,0xF8F8,
  0xF8F8,0xF8F8,0xF8F8,0xF8F8,0xF8F8,0xF8F8,0xF8F8,0xF8F8,0xF8F8,0xF8F8,0xF8F8,0xF8F8,
  0xF8F8,0x1B14,0x97FF,0x349B,0x2B12,0xF8F8,0xF8F8,0xF8F8,0xF8F8,0xF8F8,0xF8F8,0xF8F8,
  0xF8F8,0xF8F8,0xF8F8,0xF8F8,0xF8F8,0xF8F8,0xF8F8,0xF8F8,0xF8F8,0xF8F8,0xF8F8,0xF8F8,
  0xF8F8,0xF8F8,0xF8F8,0xEFFF,0xEFFF,0xF8F8,0xF8F8,0xF8F8,0xF8F8,0xF8F8,0xF8F8,0xF8F8,
  0xF8F8,0xF8F8,0xF8F8,0xF8F8,0xF8F8,0xF8F8,0xF8F8,0xF8F8,0xF8F8,0xF8F8,0xF8F8,0xF8F8,
  0xF8F8,0xF8F8,0xF8F8,0x2335,0xAFFF,0xA7FF,0x44FD,0x2B33,0xF8F8,0xF8F8,0xF8F8,0xF8F8,
  0xF8F8,0xF8F8,0xF8F8,0xF8F8,0xF8F8,0xF8F8,0xF8F8,0xF8F8,0xF8F8,0xF8F8,0xF8F8,0xF8F8,
  0xF8F8,0xF8F8,0xF8F8,0xF8F8,0xF8F8,0xEFFF,0xEFFF,0xF8F8,0xF8F8,0xF8F8,0xF8F8,0xF8F8,
  0xF8F8,0xF8F8,0xF8F8,0xF8F8,0xF8F8,0xF8F8,0xF8F8,0xF8F8,0xF8F8,0xF8F8,0xF8F8,0xF8F8,
  0xF8F8,0xF8F8,0xF8F8,0xF8F8,0xF8F8,0x2375,0xAFFF,0xA7FF,0xA7FF,0x451E,0x1AF2,0xF8F8,
  0xF8F8,0xF8F8,0xF8F8,0xF8F8,0xF8F8,0xF8F8,0xF8F8,0xF8F8,0xF8F8,0xF8F8,0xF8F8,0xF8F8,
  0xF8F8,0xF8F8,0xF8F8,0xF8F8,0xF8F8,0xF8F8,0xF8F8,0xDFFF,0xEFFF,0xF8F8,0xF8F8,0xF8F8,
  0xF8F8,0xF8F8,0xF8F8,0xF8F8,0xF8F8,0xF8F8,0xF8F8,0xF8F8,0xF8F8,0xF8F8,0xF8F8,0xF8F8,
  0xF8F8,0xF8F8,0xF8F8,0xF8F8,0xF8F8,0xF8F8,0xF8F8,0x2375,0xAFFF,0x9FFF,0x97FF,0x97FF,
  0x451E,0x1A91,0xF8F8,0xF8F8,0xF8F8,0xF8F8,0xF8F8,0xF8F8,0xF8F8,0xF8F8,0xF8F8,0xF8F8,
  0xF8F8,0xF8F8,0xF8F8,0xF8F8,0xF8F8,0xF8F8,0xF8F8,0xF8F8,0xF8F8,0xDFFF,0xEFFF,0xF8F8,
  0xF8F8,0xF8F8,0xF8F8,0xF8F8,0xF8F8,0xF8F8,0xF8F8,0xF8F8,0xF8F8,0xF8F8,0xF8F8,0xF8F8,
  0xF8F8,0xF8F8,0xF8F8,0xF8F8,0xF8F8,0xF8F8,0xF8F8,0xF8F8,0xF8F8,0x1B34,0x9FFF,0x87FF,
  0x3D1E,0x8FFF,0x8FFF,0x457F,0x1AB1,0xF8F8,0xF8F8,0xF8F8,0xF8F8,0xF8F8,0xF8F8,0xF8F8,
  0xF8F8,0xF8F8,0xF8F8,0xF8F8,0xF8F8,0xF8F8,0xF8F8,0xF8F8,0xF8F8,0xF8F8,0xF8F8,0xDFFF,
  0xEFFF,0xF8F8,0xF8F8,0xF8F8,0xF8F8,0xF8F8,0xF8F8,0xF8F8,0xF8F8,0xF8F8,0xF8F8,0xF8F8,
  0xF8F8,0xF8F8,0xF8F8,0xF8F8,0xF8F8,0xF8F8,0xF8F8,0xF8F8,0xF8F8,0xF8F8,0xF8F8,0x1B13,
  0x97FF,0x87FF,0x0A92,0x34DC,0x97FF,0x9FFF,0x5E1F,0x1B13,0xF8F8,0xF8F8,0xF8F8,0xF8F8,
  0xF8F8,0xF8F8,0xF8F8,0xF8F8,0xF8F8,0xF8F8,0xF8F8,0xF8F8,0xF8F8,0xF8F8,0xF8F8,0xF8F8,
  0xF8F8,0xDFFF,0xEFFF,0xF8F8,0xF8F8,0xF8F8,0xF8F8,0xF8F8,0xF8F8,0xF8F8,0xF8F8,0xF8F8,
  0xF8F8,0xF8F8,0xF8F8,0xF8F8,0xF8F8,0xF8F8,0xF8F8,0xF8F8,0xF8F8,0xF8F8,0xF8F8,0xF8F8,
  0xF8F8,0x1313,0x97FF,0x8FFF,0x12F4,0x2313,0x3CBC,0x9FFF,0xA7FF,0x669F,0x1B14,0x3B92,
  0xF8F8,0xF8F8,0xF8F8,0xF8F8,0xF8F8,0xF8F8,0xF8F8,0xF8F8,0xF8F8,0xF8F8,0xF8F8,0xF8F8,
  0xF8F8,0xF8F8,0xF8F8,0xE7FF,0xE7FF,0xF8F8,0xF8F8,0xF8F8,0xF8F8,0xF8F8,0xF8F8,0xF8F8,
  0xF8F8,0xF8F8,0xF8F8,0xF8F8,0xF8F8,0xF8F8,0xF8F8,0x3332,0x1B13,0x3B53,0xF8F8,0xF8F8,
  0xF8F8,0xF8F8,0xF8F8,0x12F3,0x97FF,0x8FFF,0x1AF3,0xF8F8,0x2333,0x343A,0x9FFF,0x9FFF,
  0x6EBF,0x1AD3,0x3B11,0xF8F8,0xF8F8,0xF8F8,0xF8F8,0xF8F8,0xF8F8,0xF8F8,0xF8F8,0xF8F8,
  0xF8F8,0xF8F8,0xF8F8,0xF8F8,0xF8F8,0xE7FF,0xE7FF,0xF8F8,0xF8F8,0xF8F8,0xF8F8,0xF8F8,
  0xF8F8,0xF8F8,0xF8F8,0xF8F8,0xF8F8,0xF8F8,0xF8F8,0xF8F8,0x2B52,0x2C39,0x7F5F,0x1B76,
  0x3374,0xF8F8,0xF8F8,0xF8F8,0xF8F8,0x12F3,0x97FF,0x97FF,0x22F4,0xF8F8,0xF8F8,0x2AF2,
  0x2397,0x87FF,0x97FF,0x6EDF,0x12D3,0x2310,0xF8F8,0xF8F8,0xF8F8,0xF8F8,0xF8F8,0xF8F8,
  0xF8F8,0xF8F8,0xF8F8,0xF8F8,0xF8F8,0xF8F8,0xF8F8,0xEFFF,0xDFFF,0xF8F8,0xF8F8,0xF8F8,
  0xF8F8,0xF8F8,0xF8F8,0xF8F8,0xF8F8,0xF8F8,0xF8F8,0xF8F8,0xF8F8,0xF8F8,0x1AD3,0x7F5F,
  0xA7FF,0x87BF,0x1B55,0x32F3,0xF8F8,0xF8F8,0xF8F8,0x1B14,0xA7FF,0x97FF,0x1AF4,0xF8F8,
  0xF8F8,0xF8F8,0x1AB2,0x2C3A,0x8FFF,0x8FFF,0x5DFF,0x1A91,0xF8F8,0xF8F8,0xF8F8,0xF8F8,
  0xF8F8,0xF8F8,0xF8F8,0xF8F8,0xF8F8,0xF8F8,0xF8F8,0xF8F8,0xF8F8,0xEFFF,0xDFFF,0xF8F8,
  0xF8F8,0xF8F8,0xF8F8,0xF8F8,0xF8F8,0xF8F8,0xF8F8,0xF8F8,0xF8F8,0xF8F8,0xF8F8,0xF8F8,
  0x3354,0x2335,0x7F7F,0x97FF,0x7F7F,0x1B34,0x2AD2,0xF8F8,0xF8F8,0x1B35,0x9FFF,0x8FFF,
  0x1AB2,0xF8F8,0xF8F8,0x2AD0,0x2377,0x8FFF,0x97FF,0x775F,0x12F4,0x3B32,0xF8F8,0xF8F8,
  0xF8F8,0xF8F8,0xF8F8,0xF8F8,0xF8F8,0xF8F8,0xF8F8,0xF8F8,0xF8F8,0xF8F8,0xF8F8,0xEFFF,
  0xEFFF,0xF8F8,0xF8F8,0xF8F8,0xF8F8,0xF8F8,0xF8F8,0xF8F8,0xF8F8,0xF8F8,0xF8F8,0xF8F8,
  0xF8F8,0xF8F8,0xF8F8,0x4331,0x12D3,0x6EFF,0x8FFF,0x7F7F,0x2356,0x2B34,0xF8F8,0x1B14,
  0x97FF,0x87FF,0x1271,0xF8F8,0x22B1,0x2376,0x87FF,0x97FF,0x7F5F,0x1B15,0x3393,0xF8F8,
  0xF8F8,0xF8F8,0xF8F8,0xF8F8,0xF8F8,0xF8F8,0xF8F8,0xF8F8,0xF8F8,0xF8F8,0xF8F8,0xF8F8,
  0xF8F8,0xE7FF,0xEFFF,0xF8F8,0xF8F8,0xF8F8,0xF8F8,0xF8F8,0xF8F8,0xF8F8,0xF8F8,0xF8F8,
  0xF8F8,0xF8F8,0xF8F8,0xF8F8,0xF8F8,0xF8F8,0x2B51,0x1AB3,0x6EFF,0x97FF,0x8FBF,0x2377,
  0x3333,0x1B13,0x97FF,0x7FFF,0x0A71,0x22B2,0x2397,0x87FF,0x8FFF,0x6EFF,0x1AF4,0x3B91,
  0xF8F8,0xF8F8,0xF8F8,0xF8F8,0xF8F8,0xF8F8,0xF8F8,0xF8F8,0xF8F8,0xF8F8,0xF8F8,0xF8F8,
  0xF8F8,0xF8F8,0xF8F8,0xDFFF,0xF7FF,0xF8F8,0xF8F8,0xF8F8,0xF8F8,0xF8F8,0xF8F8,0xF8F8,
  0xF8F8,0xF8F8,0xF8F8,0xF8F8,0xF8F8,0xF8F8,0xF8F8,0xF8F8,0xF8F8,0x3B52,0x22F4,0x771F,
  0x9FFF,0x8FDF,0x2397,0x12F3,0x8FFF,0x7FDF,0x0A52,0x2397,0x8FFF,0x97FF,0x6EFF,0x1AD3,
  0x3353,0xF8F8,0xF8F8,0xF8F8,0xF8F8,0xF8F8,0xF8F8,0xF8F8,0xF8F8,0xF8F8,0xF8F8,0xF8F8,
  0xF8F8,0xF8F8,0xF8F8,0xF8F8,0xF8F8,0xE7FF,0xEFFF,0xF8F8,0xF8F8,0xF8F8,0xF8F8,0xF8F8,
  0xF8F8,0xF8F8,0xF8F8,0xF8F8,0xF8F8,0xF8F8,0xF8F8,0xF8F8,0xF8F8,0xF8F8,0xF8F8,0xF8F8,
  0x3B91,0x1AF3,0x6E9F,0x8FFF,0x7F9F,0x1BB7,0x87FF,0x7FDF,0x1BB7,0x7FDF,0x8FFF,0x6EFF,
  0x1B14,0x3BD2,0xF8F8,0xF8F8,0xF8F8,0xF8F8,0xF8F8,0xF8F8,0xF8F8,0xF8F8,0xF8F8,0xF8F8,
  0xF8F8,0xF8F8,0xF8F8,0xF8F8,0xF8F8,0xF8F8,0xF8F8,0xE7FF,0xEFFF,0xF8F8,0xF8F8,0xF8F8,
  0xF8F8,0xF8F8,0xF8F8,0xF8F8,0xF8F8,0xF8F8,0xF8F8,0xF8F8,0xF8F8,0xF8F8,0xF8F8,0xF8F8,
  0xF8F8,0xF8F8,0xF8F8,0x4B33,0x12B2,0x5E7F,0x87FF,0x7FDF,0x87FF,0x87FF,0x87FF,0x8FFF,
  0x6EBF,0x1B14,0xF8F8,0xF8F8,0xF8F8,0xF8F8,0xF8F8,0xF8F8,0xF8F8,0xF8F8,0xF8F8,0xF8F8,
  0xF8F8,0xF8F8,0xF8F8,0xF8F8,0xF8F8,0xF8F8,0xF8F8,0xF8F8,0xF8F8,0xE7FF,0xE7FF,0xF8F8,
  0xF8F8,0xF8F8,0xF8F8,0xF8F8,0xF8F8,0xF8F8,0xF8F8,0xF8F8,0xF8F8,0xF8F8,0xF8F8,0xF8F8,
  0xF8F8,0xF8F8,0xF8F8,0xF8F8,0xF8F8,0xF8F8,0x42F2,0x12B2,0x5E3F,0x7FFF,0x87FF,0x87FF,
  0x87FF,0x669F,0x1B14,0xF8F8,0xF8F8,0xF8F8,0xF8F8,0xF8F8,0xF8F8,0xF8F8,0xF8F8,0xF8F8,
  0xF8F8,0xF8F8,0xF8F8,0xF8F8,0xF8F8,0xF8F8,0xF8F8,0xF8F8,0xF8F8,0xF8F8,0xF8F8,0xE7FF,
  0xDFFF,0xF8F8,0xF8F8,0xF8F8,0xF8F8,0xF8F8,0xF8F8,0xF8F8,0xF8F8,0xF8F8,0xF8F8,0xF8F8,
  0xF8F8,0xF8F8,0xF8F8,0xF8F8,0xF8F8,0xF8F8,0xF8F8,0xF8F8,0xF8F8,0x2B51,0x12B1,0x66BF,
  0x7FFF,0x7FFF,0x6EBF,0x12F4,0xF8F8,0xF8F8,0xF8F8,0xF8F8,0xF8F8,0xF8F8,0xF8F8,0xF8F8,
  0xF8F8,0xF8F8,0xF8F8,0xF8F8,0xF8F8,0xF8F8,0xF8F8,0xF8F8,0xF8F8,0xF8F8,0xF8F8,0xF8F8,
  0xF8F8,0xEFFF,0xD7FF,0xF8F8,0xF8F8,0xF8F8,0xF8F8,0xF8F8,0xF8F8,0xF8F8,0xF8F8,0xF8F8,
  0xF8F8,0xF8F8,0xF8F8,0xF8F8,0xF8F8,0xF8F8,0xF8F8,0xF8F8,0xF8F8,0xF8F8,0xF8F8,0x22D1,
  0x2C5A,0x7FDF,0x7FFF,0x7FFF,0x7FDF,0x2C5A,0x2AF2,0xF8F8,0xF8F8,0xF8F8,0xF8F8,0xF8F8,
  0xF8F8,0xF8F8,0xF8F8,0xF8F8,0xF8F8,0xF8F8,0xF8F8,0xF8F8,0xF8F8,0xF8F8,0xF8F8,0xF8F8,
  0xF8F8,0xF8F8,0xF8F8,0xEFFF,0xDFFF,0xF8F8,0xF8F8,0xF8F8,0xF8F8,0xF8F8,0xF8F8,0xF8F8,
  0xF8F8,0xF8F8,0xF8F8,0xF8F8,0xF8F8,0xF8F8,0xF8F8,0xF8F8,0xF8F8,0xF8F8,0xF8F8,0xF8F8,
  0x22F2,0x349C,0x87FF,0x7FFF,0x7FFF,0x7FFF,0x87FF,0x87FF,0x349C,0x22F2,0xF8F8,0xF8F8,
  0xF8F8,0xF8F8,0xF8F8,0xF8F8,0xF8F8,0xF8F8,0xF8F8,0xF8F8,0xF8F8,0xF8F8,0xF8F8,0xF8F8,
  0xF8F8,0xF8F8,0xF8F8,0xF8F8,0xF8F8,0xE7FF,0xEFFF,0xF8F8,0xF8F8,0xF8F8,0xF8F8,0xF8F8,
  0xF8F8,0xF8F8,0xF8F8,0xF8F8,0xF8F8,0xF8F8,0xF8F8,0xF8F8,0xF8F8,0xF8F8,0xF8F8,0xF8F8,
  0xF8F8,0x1A90,0x345B,0x7FDF,0x7FFF,0x453F,0x87FF,0x7FBF,0x457F,0x7FFF,0x7FBF,0x2C3A,
  0x2291,0xF8F8,0xF8F8,0xF8F8,0xF8F8,0xF8F8,0xF8F8,0xF8F8,0xF8F8,0xF8F8,0xF8F8,0xF8F8,
  0xF8F8,0xF8F8,0xF8F8,0xF8F8,0xF8F8,0xF8F8,0xF8F8,0xEFFF,0xF7FF,0xF8F8,0xF8F8,0xF8F8,
  0xF8F8,0xF8F8,0xF8F8,0xF8F8,0xF8F8,0xF8F8,0xF8F8,0xF8F8,0xF8F8,0xF8F8,0xF8F8,0xF8F8,
  0xF8F8,0xF8F8,0x22D2,0x2C7B,0x6F7F,0x77BF,0x3D1E,0x1315,0x87FF,0x7F9F,0x12D4,0x451E,
  0x779F,0x6F7F,0x2C3A,0x22B2,0xF8F8,0xF8F8,0xF8F8,0xF8F8,0xF8F8,0xF8F8,0xF8F8,0xF8F8,
  0xF8F8,0xF8F8,0xF8F8,0xF8F8,0xF8F8,0xF8F8,0xF8F8,0xF8F8,0xF8F8,0xE7FF,0xEFFF,0xF8F8,
  0xF8F8,0xF8F8,0xF8F8,0xF8F8,0xF8F8,0xF8F8,0xF8F8,0xF8F8,0xF8F8,0xF8F8,0xF8F8,0xF8F8,
  0xF8F8,0xF8F8,0xF8F8,0x2312,0x3CDD,0x7FBF,0x777F,0x3CBD,0x1AD2,0x1AF4,0x7FDF,0x6F7F,
  0x1AB3,0x1AB1,0x3CBD,0x777F,0x777F,0x3CBC,0x2313,0xF8F8,0xF8F8,0xF8F8,0xF8F8,0xF8F8,
  0xF8F8,0xF8F8,0xF8F8,0xF8F8,0xF8F8,0xF8F8,0xF8F8,0xF8F8,0xF8F8,0xF8F8,0xF8F8,0xE7FF,
  0xE7FF,0xF8F8,0xF8F8,0xF8F8,0xF8F8,0xF8F8,0xF8F8,0xF8F8,0xF8F8,0xF8F8,0xF8F8,0xF8F8,
  0xF8F8,0xF8F8,0xF8F8,0xF8F8,0x22B1,0x3CDD,0x7F9F,0x7F9F,0x3D1F,0x22D2,0xF8F8,0x1AD3,
  0x779F,0x6F1F,0x1291,0xF8F8,0x1AB1,0x3CDD,0x77BF,0x7F9F,0x3CBD,0x2AF1,0xF8F8,0xF8F8,
  0xF8F8,0xF8F8,0xF8F8,0xF8F8,0xF8F8,0xF8F8,0xF8F8,0xF8F8,0xF8F8,0xF8F8,0xF8F8,0xF8F8,
  0xF8F8,0xEFFF,0xE7FF,0xF8F8,0xF8F8,0xF8F8,0xF8F8,0xF8F8,0xF8F8,0xF8F8,0xF8F8,0xF8F8,
  0xF8F8,0xF8F8,0xF8F8,0xF8F8,0xF8F8,0x1AB1,0x34BD,0x6F5F,0x777F,0x3CFE,0x22F3,0xF8F8,
  0xF8F8,0x22F3,0x779F,0x6F1F,0x1292,0xF8F8,0xF8F8,0x22F2,0x3CBD,0x6F7F,0x6F5F,0x347B,
  0x1AB1,0xF8F8,0xF8F8,0xF8F8,0xF8F8,0xF8F8,0xF8F8,0xF8F8,0xF8F8,0xF8F8,0xF8F8,0xF8F8,
  0xF8F8,0xF8F8,0xF8F8,0xEFFF,0xE7FF,0xF8F8,0xF8F8,0xF8F8,0xF8F8,0xF8F8,0xF8F8,0xF8F8,
  0xF8F8,0xF8F8,0xF8F8,0xF8F8,0xF8F8,0xF8F8,0x22F2,0x3CDD,0x673F,0x673F,0x3C9D,0x1AB1,
  0xF8F8,0xF8F8,0xF8F8,0x2334,0x7FBF,0x6F3F,0x1AD3,0xF8F8,0xF8F8,0xF8F8,0x1AD1,0x2C5B,
  0x673F,0x6F3F,0x3CBC,0x2AD2,0xF8F8,0xF8F8,0xF8F8,0xF8F8,0xF8F8,0xF8F8,0xF8F8,0xF8F8,
  0xF8F8,0xF8F8,0xF8F8,0xF8F8,0xF8F8,0xE7FF,0xEFFF,0xF8F8,0xF8F8,0xF8F8,0xF8F8,0xF8F8,
  0xF8F8,0xF8F8,0xF8F8,0xF8F8,0xF8F8,0xF8F8,0xF8F8,0xF8F8,0x2B12,0x451F,0x6F3F,0x3CBD,
  0x22B1,0xF8F8,0xF8F8,0xF8F8,0xF8F8,0x2B34,0x7FBF,0x6F5F,0x22F3,0xF8F8,0xF8F8,0x4B33,
  0x1AB2,0x4D7F,0x673F,0x673F,0x2C3A,0x3353,0xF8F8,0xF8F8,0xF8F8,0xF8F8,0xF8F8,0xF8F8,
  0xF8F8,0xF8F8,0xF8F8,0xF8F8,0xF8F8,0xF8F8,0xF8F8,0xE7FF,0xE7FF,0xF8F8,0xF8F8,0xF8F8,
  0xF8F8,0xF8F8,0xF8F8,0xF8F8,0xF8F8,0xF8F8,0xF8F8,0xF8F8,0xF8F8,0xF8F8,0xF8F8,0x2313,
  0x23D9,0x22F3,0xF8F8,0xF8F8,0xF8F8,0xF8F8,0xF8F8,0x1B13,0x6F7F,0x6F1F,0x1AF2,0xF8F8,
  0x3B53,0x2313,0x55FF,0x673F,0x66BF,0x2377,0x2B13,0xF8F8,0xF8F8,0xF8F8,0xF8F8,0xF8F8,
  0xF8F8,0xF8F8,0xF8F8,0xF8F8,0xF8F8,0xF8F8,0xF8F8,0xF8F8,0xF8F8,0xEFFF,0xDFFF,0xF8F8,
  0xF8F8,0xF8F8,0xF8F8,0xF8F8,0xF8F8,0xF8F8,0xF8F8,0xF8F8,0xF8F8,0xF8F8,0xF8F8,0xF8F8,
  0xF8F8,0xF8F8,0x3332,0xF8F8,0xF8F8,0xF8F8,0xF8F8,0xF8F8,0xF8F8,0x1AF3,0x673F,0x66FF,
  0x1AB2,0x4372,0x2354,0x5E3F,0x6F7F,0x66FF,0x2377,0x2B11,0xF8F8,0xF8F8,0xF8F8,0xF8F8,
  0xF8F8,0xF8F8,0xF8F8,0xF8F8,0xF8F8,0xF8F8,0xF8F8,0xF8F8,0xF8F8,0xF8F8,0xF8F8,0xE7FF,
  0xE7FF,0xF8F8,0xF8F8,0xF8F8,0xF8F8,0xF8F8,0xF8F8,0xF8F8,0xF8F8,0xF8F8,0xF8F8,0xF8F8,
  0xF8F8,0xF8F8,0xF8F8,0xF8F8,0xF8F8,0xF8F8,0xF8F8,0xF8F8,0xF8F8,0xF8F8,0xF8F8,0x1B13,
  0x671F,0x66DF,0x12B2,0x1B35,0x567F,0x6F7F,0x66DF,0x2397,0x2B53,0xF8F8,0xF8F8,0xF8F8,
  0xF8F8,0xF8F8,0xF8F8,0xF8F8,0xF8F8,0xF8F8,0xF8F8,0xF8F8,0xF8F8,0xF8F8,0xF8F8,0xF8F8,
  0xF8F8,0xEFFF,0xE7FF,0xF8F8,0xF8F8,0xF8F8,0xF8F8,0xF8F8,0xF8F8,0xF8F8,0xF8F8,0xF8F8,
  0xF8F8,0xF8F8,0xF8F8,0xF8F8,0xF8F8,0xF8F8,0xF8F8,0xF8F8,0xF8F8,0xF8F8,0xF8F8,0xF8F8,
  0xF8F8,0x2313,0x671F,0x66BF,0x12D3,0x561F,0x671F,0x5E9F,0x2377,0x3B73,0xF8F8,0xF8F8,
  0xF8F8,0xF8F8,0xF8F8,0xF8F8,0xF8F8,0xF8F8,0xF8F8,0xF8F8,0xF8F8,0xF8F8,0xF8F8,0xF8F8,
  0xF8F8,0xF8F8,0xF8F8,0xE7FF,0xEFFF,0xF8F8,0xF8F8,0xF8F8,0xF8F8,0xF8F8,0xF8F8,0xF8F8,
  0xF8F8,0xF8F8,0xF8F8,0xF8F8,0xF8F8,0xF8F8,0xF8F8,0xF8F8,0xF8F8,0xF8F8,0xF8F8,0xF8F8,
  0xF8F8,0xF8F8,0xF8F8,0x2354,0x6F3F,0x66DF,0x565F,0x671F,0x563F,0x1AF4,0x2AF1,0xF8F8,
  0xF8F8,0xF8F8,0xF8F8,0xF8F8,0xF8F8,0xF8F8,0xF8F8,0xF8F8,0xF8F8,0xF8F8,0xF8F8,0xF8F8,
  0xF8F8,0xF8F8,0xF8F8,0xF8F8,0xF8F8,0xE7FF,0xEFFF,0xF8F8,0xF8F8,0xF8F8,0xF8F8,0xF8F8,
  0xF8F8,0xF8F8,0xF8F8,0xF8F8,0xF8F8,0xF8F8,0xF8F8,0xF8F8,0xF8F8,0xF8F8,0xF8F8,0xF8F8,
  0xF8F8,0xF8F8,0xF8F8,0xF8F8,0xF8F8,0x2B54,0x6F5F,0x673F,0x671F,0x561F,0x1AD3,0x32F2,
  0xF8F8,0xF8F8,0xF8F8,0xF8F8,0xF8F8,0xF8F8,0xF8F8,0xF8F8,0xF8F8,0xF8F8,0xF8F8,0xF8F8,
  0xF8F8,0xF8F8,0xF8F8,0xF8F8,0xF8F8,0xF8F8,0xF8F8,0xE7FF,0xF7FF,0xF8F8,0xF8F8,0xF8F8,
  0xF8F8,0xF8F8,0xF8F8,0xF8F8,0xF8F8,0xF8F8,0xF8F8,0xF8F8,0xF8F8,0xF8F8,0xF8F8,0xF8F8,
  0xF8F8,0xF8F8,0xF8F8,0xF8F8,0xF8F8,0xF8F8,0xF8F8,0x2314,0x6F1F,0x6F3F,0x563F,0x2314,
  0x3B30,0xF8F8,0xF8F8,0xF8F8,0xF8F8,0xF8F8,0xF8F8,0xF8F8,0xF8F8,0xF8F8,0xF8F8,0xF8F8,
  0xF8F8,0xF8F8,0xF8F8,0xF8F8,0xF8F8,0xF8F8,0xF8F8,0xF8F8,0xF8F8,0xE7FF,0xF7FF,0xF8F8,
  0xF8F8,0xF8F8,0xF8F8,0xF8F8,0xF8F8,0xF8F8,0xF8F8,0xF8F8,0xF8F8,0xF8F8,0xF8F8,0xF8F8,
  0xF8F8,0xF8F8,0xF8F8,0xF8F8,0xF8F8,0xF8F8,0xF8F8,0xF8F8,0xF8F8,0x22D2,0x66FF,0x55FF,
  0x2314,0x4B92,0xF8F8,0xF8F8,0xF8F8,0xF8F8,0xF8F8,0xF8F8,0xF8F8,0xF8F8,0xF8F8,0xF8F8,
  0xF8F8,0xF8F8,0xF8F8,0xF8F8,0xF8F8,0xF8F8,0xF8F8,0xF8F8,0xF8F8,0xF8F8,0xF8F8,0xE7FF,
  0xF7FF,0xF8F8,0xF8F8,0xF8F8,0xF8F8,0xF8F8,0xF8F8,0xF8F8,0xF8F8,0xF8F8,0xF8F8,0xF8F8,
  0xF8F8,0xF8F8,0xF8F8,0xF8F8,0xF8F8,0xF8F8,0xF8F8,0xF8F8,0xF8F8,0xF8F8,0xF8F8,0x22F3,
  0x4D7F,0x1AB2,0x4373,0xF8F8,0xF8F8,0xF8F8,0xF8F8,0xF8F8,0xF8F8,0xF8F8,0xF8F8,0xF8F8,
  0xF8F8,0xF8F8,0xF8F8,0xF8F8,0xF8F8,0xF8F8,0xF8F8,0xF8F8,0xF8F8,0xF8F8,0xF8F8,0xF8F8,
  0xF8F8,0xE7FF,0xEFFF,0xF8F8,0xF8F8,0xF8F8,0xF8F8,0xF8F8,0xF8F8,0xF8F8,0xF8F8,0xF8F8,
  0xF8F8,0xF8F8,0xF8F8,0xF8F8,0xF8F8,0xF8F8,0xF8F8,0xF8F8,0xF8F8,0xF8F8,0xF8F8,0xF8F8,
  0xF8F8,0x2B34,0x22D2,0x3374,0xF8F8,0xF8F8,0xF8F8,0xF8F8,0xF8F8,0xF8F8,0xF8F8,0xF8F8,
  0xF8F8,0xF8F8,0xF8F8,0xF8F8,0xF8F8,0xF8F8,0xF8F8,0xF8F8,0xF8F8,0xF8F8,0xF8F8,0xF8F8,
  0xF8F8,0xF8F8,0xF8F8,0xF7FF,0xE7FF,0xF8F8,0xF8F8,0xF8F8,0xF8F8,0xF8F8,0xF8F8,0xF8F8,
  0xF8F8,0xF8F8,0xF8F8,0xF8F8,0xF8F8,0xF8F8,0xF8F8,0xF8F8,0xF8F8,0xF8F8,0xF8F8,0xF8F8,
  0xF8F8,0xF8F8,0xF8F8,0x3332,0xF8F8,0xF8F8,0xF8F8,0xF8F8,0xF8F8,0xF8F8,0xF8F8,0xF8F8,
  0xF8F8,0xF8F8,0xF8F8,0xF8F8,0xF8F8,0xF8F8,0xF8F8,0xF8F8,0xF8F8,0xF8F8,0xF8F8,0xF8F8,
  0xF8F8,0xF8F8,0xF8F8,0xF8F8,0xF8F8,0xF7FF,0xE7FF,0xF8F8,0xF8F8,0xF8F8,0xF8F8,0xF8F8,
  0xF8F8,0xF8F8,0xF8F8,0xF8F8,0xF8F8,0xF8F8,0xF8F8,0xF8F8,0xF8F8,0xF8F8,0xF8F8,0xF8F8,
  0xF8F8,0xF8F8,0xF8F8,0xF8F8,0xF8F8,0xF8F8,0xF8F8,0xF8F8,0xF8F8,0xF8F8,0xF8F8,0xF8F8,
  0xF8F8,0xF8F8,0xF8F8,0xF8F8,0xF8F8,0xF8F8,0xF8F8,0xF8F8,0xF8F8,0xF8F8,0xF8F8,0xF8F8,
  0xF8F8,0xF8F8,0xF8F8,0xF8F8,0xF8F8,0xF8F8,0xF8F8,0xEFFF,0xE7FF,0xF8F8,0xF8F8,0xF8F8,
  0xF8F8,0xF8F8,0xF8F8,0xF8F8,0xF8F8,0xF8F8,0xF8F8,0xF8F8,0xF8F8,0xF8F8,0xF8F8,0xF8F8,
  0xF8F8,0xF8F8,0xF8F8,0xF8F8,0xF8F8,0xF8F8,0xF8F8,0xF8F8,0xF8F8,0xF8F8,0xF8F8,0xF8F8,
  0xF8F8,0xF8F8,0xF8F8,0xF8F8,0xF8F8,0xF8F8,0xF8F8,0xF8F8,0xF8F8,0xF8F8,0xF8F8,0xF8F8,
  0xF8F8,0xF8F8,0xF8F8,0xF8F8,0xF8F8,0xF8F8,0xF8F8,0xF8F8,0xF8F8,0xE7FF,0xEFFF,0xF8F8,
  0xF8F8,0xF8F8,0xF8F8,0xF8F8,0xF8F8,0xF8F8,0xF8F8,0xF8F8,0xF8F8,0xF8F8,0xF8F8,0xF8F8,
  0xF8F8,0xF8F8,0xF8F8,0xF8F8,0xF8F8,0xF8F8,0xF8F8,0xF8F8,0xF8F8,0xF8F8,0xF8F8,0xF8F8,
  0xF8F8,0xF8F8,0xF8F8,0xF8F8,0xF8F8,0xF8F8,0xF8F8,0xF8F8,0xF8F8,0xF8F8,0xF8F8,0xF8F8,
  0xF8F8,0xF8F8,0xF8F8,0xF8F8,0xF8F8,0xF8F8,0xF8F8,0xF8F8,0xF8F8,0xF8F8,0xF8F8,0xE7FF,
  0xEFFF,0xF8F8,0xF8F8,0xF8F8,0xF8F8,0xF8F8,0xF8F8,0xF8F8,0xF8F8,0xF8F8,0xF8F8,0xF8F8,
  0xF8F8,0xF8F8,0xF8F8,0xF8F8,0xF8F8,0xF8F8,0xF8F8,0xF8F8,0xF8F8,0xF8F8,0xF8F8,0xF8F8,
  0xF8F8,0xF8F8,0xF8F8,0xF8F8,0xF8F8,0xF8F8,0xF8F8,0xF8F8,0xF8F8,0xF8F8,0xF8F8,0xF8F8,
  0xF8F8,0xF8F8,0xF8F8,0xF8F8,0xF8F8,0xF8F8,0xF8F8,0xF8F8,0xF8F8,0xF8F8,0xF8F8,0xF8F8,
  0xF8F8,0xDFFF,0xFFFF,0xEFFF,0xEFFF,0xEFFF,0xEFFF,0xE7FF,0xE7FF,0xE7FF,0xE7FF,0xE7FF,
  0xE7FF,0xEFFF,0xE7FF,0xEFFF,0xEFFF,0xEFFF,0xEFFF,0xF7FF,0xF7FF,0xF7FF,0xF7FF,0xF7FF,
  0xE7FF,0xE7FF,0xDFFF,0xDFFF,0xDFFF,0xDFFF,0xDFFF,0xE7FF,0xE7FF,0xE7FF,0xE7FF,0xEFFF,
  0xEFFF,0xEFFF,0xEFFF,0xF7FF,0xF7FF,0xF7FF,0xF7FF,0xF7FF,0xF7FF,0xF7FF,0xEFFF,0xDFFF,
  0xDFFF,0xDFFF,0xDFFF,0xDFFF,
};

// 03_2_4ghz_satellite-removebg-preview (Custom)  (57% transparent)
const uint16_t wh_icon_02[2500] PROGMEM = {
  0xE7FF,0xC7FF,0xD7FF,0xDFFF,0xE7FF,0xE7FF,0xE7FF,0xE7FF,0xE7FF,0xE7FF,0xD7FF,0xCFFF,
  0xCFFF,0xCFFF,0xCFFF,0xCFFF,0xCFFF,0xDFFF,0xE7FF,0xE7FF,0xE7FF,0xDFFF,0xDFFF,0xDFFF,
  0xDFFF,0xD7FF,0xD7FF,0xD7FF,0xDFFF,0xDFFF,0xE7FF,0xDFFF,0xCFFF,0xCFFF,0xCFFF,0xCFFF,
  0xCFFF,0xCFFF,0xD7FF,0xDFFF,0xDFFF,0xE7FF,0xDFFF,0xE7FF,0xE7FF,0xE7FF,0xDFFF,0xCFFF,
  0xCFFF,0xD7FF,0xCFFF,0xAFFF,0xC7FF,0xDFFF,0xE7FF,0xF7FF,0xEFFF,0xEFFF,0xE7FF,0xEFFF,
  0xE7FF,0xDFFF,0xCFFF,0xD7FF,0xCFFF,0xDFFF,0xDFFF,0xDFFF,0xEFFF,0xE7FF,0xE7FF,0xE7FF,
  0xDFFF,0xE7FF,0xE7FF,0xD7FF,0xDFFF,0xCFFF,0xDFFF,0xE7FF,0xF7FF,0xEFFF,0xDFFF,0xCFFF,
  0xDFFF,0xCFFF,0xD7FF,0xD7FF,0xDFFF,0xEFFF,0xEFFF,0xF7FF,0xEFFF,0xE7FF,0xEFFF,0xDFFF,
  0xD7FF,0xC7FF,0xD7FF,0xCFFF,0xCFFF,0xF8F8,0xF8F8,0xF8F8,0xF8F8,0xF8F8,0xF8F8,0xF8F8,
  0xF8F8,0xF8F8,0xF8F8,0xF8F8,0xF8F8,0xF8F8,0xF8F8,0xF8F8,0xF8F8,0xF8F8,0xF8F8,0xF8F8,
  0xF8F8,0xF8F8,0xF8F8,0xF8F8,0xF8F8,0xF8F8,0xF8F8,0xF8F8,0xF8F8,0xF8F8,0xF8F8,0xF8F8,
  0xF8F8,0xF8F8,0xF8F8,0xF8F8,0xF8F8,0xF8F8,0xF8F8,0xF8F8,0xF8F8,0xF8F8,0xF8F8,0xF8F8,
  0xF8F8,0xF8F8,0xF8F8,0xF8F8,0xF8F8,0xD7FF,0xCFFF,0xF8F8,0xF8F8,0xF8F8,0xF8F8,0xF8F8,
  0xF8F8,0xF8F8,0xF8F8,0xF8F8,0xF8F8,0xF8F8,0xF8F8,0xF8F8,0xF8F8,0xF8F8,0xF8F8,0xF8F8,
  0xF8F8,0xF8F8,0xF8F8,0xF8F8,0xF8F8,0xF8F8,0xF8F8,0xF8F8,0xF8F8,0xF8F8,0xF8F8,0xF8F8,
  0xF8F8,0xF8F8,0xF8F8,0xF8F8,0xF8F8,0xF8F8,0xF8F8,0xF8F8,0xF8F8,0xF8F8,0xF8F8,0xF8F8,
  0xF8F8,0xF8F8,0xF8F8,0xF8F8,0xF8F8,0xF8F8,0xF8F8,0xCFFF,0xD7FF,0xF8F8,0xF8F8,0xF8F8,
  0xF8F8,0xF8F8,0xF8F8,0xF8F8,0xF8F8,0xF8F8,0xF8F8,0xF8F8,0xF8F8,0xF8F8,0xF8F8,0xF8F8,
  0xF8F8,0xF8F8,0xF8F8,0xF8F8,0xF8F8,0xF8F8,0xF8F8,0xF8F8,0xF8F8,0xF8F8,0xF8F8,0xF8F8,
  0xF8F8,0xF8F8,0xF8F8,0xF8F8,0xF8F8,0xF8F8,0xF8F8,0xF8F8,0xF8F8,0xF8F8,0xF8F8,0xF8F8,
  0xF8F8,0xF8F8,0xF8F8,0xF8F8,0xF8F8,0xF8F8,0xF8F8,0xF8F8,0xF8F8,0xD7FF,0xD7FF,0xF8F8,
  0xF8F8,0xF8F8,0xF8F8,0xF8F8,0xF8F8,0xF8F8,0xF8F8,0xF8F8,0xF8F8,0xEFFF,0xF8F8,0xF8F8,
  0xF8F8,0xF8F8,0xF8F8,0xF8F8,0xF8F8,0xF8F8,0xF8F8,0xF8F8,0xF8F8,0xF8F8,0xF8F8,0xF8F8,
  0x561F,0x563F,0x563F,0x5DDF,0xF8F8,0xF8F8,0xF8F8,0xF8F8,0xF8F8,0xF8F8,0xF8F8,0xF8F8,
  0xF8F8,0xF8F8,0xF8F8,0xF8F8,0xF8F8,0xF8F8,0xF8F8,0xF8F8,0xF8F8,0xF8F8,0xF8F8,0xD7FF,
  0xD7FF,0xF8F8,0xF8F8,0xF8F8,0xF8F8,0xF8F8,0xF8F8,0xF8F8,0xF8F8,0xF8F8,0xF8F8,0xEFFF,
  0xF8F8,0xF8F8,0xF8F8,0xF8F8,0xF8F8,0xF8F8,0xF8F8,0xF8F8,0xF8F8,0xF8F8,0xF8F8,0xF8F8,
  0xF8F8,0x565F,0x4E9F,0x56BF,0x56BF,0x56DF,0x56DF,0x5E9F,0x5E7F,0x561F,0xF8F8,0xF8F8,
  0xF8F8,0xF8F8,0xF8F8,0xF8F8,0xF8F8,0xF8F8,0xC71F,0xDFDF,0xF8F8,0xF8F8,0xF8F8,0xF8F8,
  0xF8F8,0xD7FF,0xDFFF,0xF8F8,0xF8F8,0xF8F8,0xF8F8,0xF8F8,0xF8F8,0xF8F8,0xDFFF,0xF8F8,
  0xE7FF,0xEFFF,0xE7FF,0xF8F8,0xF8F8,0xF8F8,0xF8F8,0xF8F8,0xF8F8,0xF8F8,0x124E,0x1271,
  0x1291,0x19EE,0xF8F8,0x561F,0x569F,0x56BF,0x56DF,0x56DF,0x56DF,0x56BF,0x569F,0x567F,
  0x565F,0x663F,0xF8F8,0xF8F8,0xF8F8,0xDFFF,0xDFFF,0xCFBF,0xD7FF,0xBFDF,0xF8F8,0xF8F8,
  0xF8F8,0xF8F8,0xF8F8,0xD7FF,0xDFFF,0xF8F8,0xF8F8,0xF8F8,0xF8F8,0xF8F8,0xF8F8,0xF8F8,
  0xE7FF,0xE7FF,0xEFFF,0xE7FF,0xEFFF,0xF8F8,0xF8F8,0xF8F8,0xF8F8,0xF8F8,0x1AB1,0x1AF3,
  0x1B13,0x1AB2,0x1A2F,0xF8F8,0xF8F8,0xF8F8,0x65DF,0x5DFF,0x663F,0x665F,0x5E5F,0x565F,
  0x567F,0x569F,0x56DF,0x5EBF,0x5E7F,0xF8F8,0xF8F8,0xE7FF,0xDFBF,0xDFFF,0xE7FF,0xF8F8,
  0xF8F8,0xF8F8,0xF8F8,0xF8F8,0xF8F8,0xD7FF,0xD7FF,0xF8F8,0xF8F8,0xF8F8,0xF8F8,0xFFFF,
  0xF7FF,0xE7FF,0xE7FF,0xE7FF,0xE7FF,0xF8F8,0xEFFF,0xEFFF,0xEFFF,0xEFFF,0x6CD8,0x1AB1,
  0x1AB2,0x1A91,0xF8F8,0xF8F8,0xF8F8,0xF8F8,0xF8F8,0xF8F8,0xF8F8,0xF8F8,0xF8F8,0xF8F8,
  0xF8F8,0xF8F8,0x5DFF,0x5E5F,0x5EDF,0x56DF,0x56BF,0x4E7F,0x4DDF,0xF8F8,0xF8F8,0xEFFF,
  0xF8F8,0xF8F8,0xF8F8,0xF8F8,0xF8F8,0xF8F8,0xF8F8,0xCFFF,0xCFFF,0xF8F8,0xF8F8,0xF8F8,
  0xF8F8,0xF8F8,0xF8F8,0xF8F8,0xF8F8,0xE7FF,0xE7FF,0xF8F8,0xE7FF,0xEFFF,0xF8F8,0x1AB1,
  0x1AB2,0x1A4F,0xF8F8,0xF8F8,0xF8F8,0xF8F8,0xF8F8,0xF8F8,0xF8F8,0xF8F8,0x97DF,0x97FF,
  0x8FFF,0x8F7F,0xF8F8,0xF8F8,0xF8F8,0xF8F8,0x661F,0x565F,0x569F,0x569F,0x565F,0x4DDF,
  0xF8F8,0xEFFF,0xF8F8,0xF8F8,0xF8F8,0xF8F8,0xF8F8,0xF8F8,0xF8F8,0xCFFF,0xCFFF,0xF8F8,
  0xF8F8,0xF8F8,0xF8F8,0xF8F8,0xF8F8,0xF8F8,0xF8F8,0xEFFF,0xE7FF,0xF8F8,0xE79F,0xF8F8,
  0x1270,0x1AB2,0x1A90,0xF8F8,0xF8F8,0xF8F8,0xF8F8,0xD7DF,0xF8F8,0xF8F8,0xF8F8,0x9FFF,
  0x8FFF,0x8FFF,0x87FF,0x87FF,0x87FF,0x97FF,0x8FFF,0xF8F8,0xF8F8,0xF8F8,0x55FF,0x569F,
  0x569F,0x569F,0x661F,0xF8F8,0xF8F8,0xF8F8,0xF8F8,0xF8F8,0xF8F8,0xF8F8,0xF8F8,0xCFFF,
  0xD7FF,0xF8F8,0xF8F8,0xF8F8,0xF8F8,0xF8F8,0xF8F8,0xF8F8,0xF8F8,0xF8F8,0xF8F8,0xF8F8,
  0xF8F8,0x1270,0x1250,0xF8F8,0xF8F8,0xF8F8,0xF8F8,0xF8F8,0xF8F8,0xDFFF,0xF8F8,0xF8F8,
  0xF8F8,0x97DF,0x8FFF,0x87FF,0x87FF,0x8FFF,0x8FFF,0x87FF,0x87FF,0x7FDF,0x779F,0xF8F8,
  0xF8F8,0x5E1F,0x56DF,0x56DF,0x669F,0xF8F8,0xF8F8,0xF8F8,0xF8F8,0xF8F8,0xF8F8,0xF8F8,
  0xF8F8,0xCFFF,0xCFFF,0xF8F8,0xF8F8,0xF8F8,0xF8F8,0xF8F8,0xF8F8,0xF8F8,0xF8F8,0xF8F8,
  0xF8F8,0xF8F8,0x1AB1,0x1291,0xF8F8,0xF8F8,0xF8F8,0xF8F8,0xF8F8,0xEFFF,0xE7FF,0xE7FF,
  0xDFFF,0xF8F8,0xF8F8,0xF8F8,0xF8F8,0x7FFF,0x97BF,0x97FF,0x8FFF,0x7FFF,0x7FFF,0x7FFF,
  0x87FF,0x977F,0xF8F8,0xF8F8,0x5E7F,0x5EDF,0x56DF,0x5E5F,0xF8F8,0xF8F8,0xF8F8,0xF8F8,
  0xF8F8,0xF8F8,0xF8F8,0xC7FF,0xD7FF,0xF8F8,0xF8F8,0xF8F8,0xF8F8,0xF8F8,0xF8F8,0xF8F8,
  0xF8F8,0xF8F8,0xF8F8,0x1AB1,0x2314,0x859B,0xF8F8,0xDFBF,0xCF7F,0xDFFF,0xEFFF,0xF7FF,
  0xF7FF,0xEFFF,0xEFFF,0xCF3F,0xF8F8,0xF8F8,0xF8F8,0xF8F8,0xF8F8,0xF8F8,0xF8F8,0x873F,
  0x7FFF,0x87FF,0x8FFF,0x8FFF,0x9FBF,0xF8F8,0xF8F8,0x5EBF,0x56DF,0x567F,0x4DBF,0xF8F8,
  0xF8F8,0xF8F8,0xF8F8,0xF8F8,0xF8F8,0xD7FF,0xD7FF,0xF8F8,0xF8F8,0xF8F8,0xF8F8,0xF8F8,
  0xF8F8,0xF8F8,0xE7FF,0xEFFF,0x9E5D,0x22F3,0xA67E,0xFFFF,0xF7FF,0xE7FF,0xE7FF,0xE7FF,
  0xE7FF,0xE7FF,0xEFFF,0xEFFF,0xEFFF,0xE7FF,0xE7FF,0xF8F8,0x97FF,0x97FF,0x97FF,0x9FFF,
  0xF8F8,0xF8F8,0xF8F8,0x97FF,0x97FF,0x8FFF,0x8FFF,0xF8F8,0xF8F8,0x561F,0x569F,0x567F,
  0x561F,0xF8F8,0xF8F8,0xF8F8,0xF8F8,0xF8F8,0xF8F8,0xDFFF,0xDFFF,0xF8F8,0xF8F8,0xF8F8,
  0xF8F8,0xF8F8,0xF8F8,0xF8F8,0xF8F8,0xF8F8,0x1AB2,0x1AB1,0xF8F8,0xF8F8,0xF8F8,0xF8F8,
  0xF8F8,0xF8F8,0xDFFF,0xE7FF,0xEFFF,0xF8F8,0xEFFF,0xF8F8,0xF8F8,0xF8F8,0x97FF,0x97FF,
  0x97FF,0x9FFF,0xA7FF,0xAFFF,0xF8F8,0xF8F8,0x8FDF,0x87FF,0x7FFF,0x7F9F,0xF8F8,0xF8F8,
  0x563F,0x567F,0x4E5F,0xF8F8,0xF8F8,0xF8F8,0xF8F8,0xF8F8,0xF8F8,0xDFFF,0xD7FF,0xF8F8,
  0xF8F8,0xF8F8,0xF8F8,0xF8F8,0xDFFF,0xDFFF,0xD7DF,0x0A2F,0x1270,0xF8F8,0xF8F8,0xF8F8,
  0xF8F8,0xF8F8,0xF8F8,0xF8F8,0xF8F8,0xD7FF,0xEFFF,0xF8F8,0xF8F8,0xF8F8,0xF8F8,0xF8F8,
  0x9FFF,0x97FF,0x9FFF,0xA7FF,0xA7FF,0xA7FF,0xA7FF,0xF8F8,0xF8F8,0x7FDF,0x77FF,0x7FDF,
  0x869F,0xF8F8,0x563F,0x569F,0x569F,0x55FF,0xF8F8,0xF8F8,0xF8F8,0xF8F8,0xF8F8,0xDFFF,
  0xCFFF,0xF8F8,0xF8F8,0xF8F8,0xF8F8,0xF8F8,0xF8F8,0xF8F8,0xF8F8,0x0A30,0x0A2E,0xF8F8,
  0xF8F8,0xF8F8,0x11CB,0x09EC,0xF8F8,0xF8F8,0xF8F8,0xF8F8,0xF7FF,0xF8F8,0xF8F8,0xF8F8,
  0xF8F8,0xF8F8,0xF8F8,0xF8F8,0xB7FF,0xAFFF,0xA7FF,0x9FFF,0x97FF,0x9FFF,0xF8F8,0x877F,
  0x87FF,0x7FFF,0x7F7F,0xF8F8,0xF8F8,0x567F,0x569F,0x567F,0xF8F8,0xF8F8,0xF8F8,0xF8F8,
  0xF8F8,0xDFFF,0xDFFF,0xF8F8,0xF8F8,0xF8F8,0xF8F8,0xF8F8,0xF8F8,0xF8F8,0x09EE,0x1250,
  0xF8F8,0xF8F8,0xF8F8,0xF8F8,0x0A2F,0x1290,0x0A50,0x120F,0xF8F8,0xF8F8,0xF8F8,0xF8F8,
  0xF8F8,0xF8F8,0xF8F8,0xF8F8,0xF8F8,0xF8F8,0xF8F8,0xF8F8,0x9FFF,0x97FF,0x97FF,0xA7FF,
  0xF8F8,0xF8F8,0x7FFF,0x77FF,0x77BF,0xF8F8,0xF8F8,0x5E7F,0x5EDF,0x5EBF,0xF8F8,0xF8F8,
  0xF8F8,0xF8F8,0xF8F8,0xD7FF,0xE7FF,0xF8F8,0xF8F8,0xF8F8,0xF8F8,0xF8F8,0xF8F8,0xF8F8,
  0x1270,0x1270,0xF8F8,0xF8F8,0xF8F8,0x09ED,0x1AD2,0x2B13,0x753B,0x22F3,0x126F,0xF8F8,
  0xF8F8,0xF8F8,0xF8F8,0xF8F8,0xF8F8,0x122E,0x1A91,0x1270,0x1A0E,0xF8F8,0xF8F8,0x97FF,
  0x9FFF,0xA7FF,0xF8F8,0xF8F8,0x7F9F,0x77FF,0x7FBF,0xF8F8,0xF8F8,0x669F,0x5EFF,0x66BF,
  0xF8F8,0xF8F8,0xF8F8,0xF8F8,0xF8F8,0xCFFF,0xDFFF,0xF8F8,0xF8F8,0xF8F8,0xF8F8,0xF8F8,
  0xF8F8,0xF8F8,0x1AB2,0x1A50,0xF8F8,0xF8F8,0xF8F8,0x0A4F,0x8DFC,0xA65E,0x4C37,0x9E7F,
  0x3354,0x122E,0xF8F8,0xF8F8,0xF8F8,0xF8F8,0xF8F8,0x1AB2,0x7D7C,0x9E5D,0x22D2,0x1A2D,
  0xF8F8,0x9FFF,0x97FF,0x97FF,0x9FFF,0xF8F8,0x7F9F,0x7FFF,0x87FF,0x7F7F,0xF8F8,0x667F,
  0x5EDF,0x5E9F,0xF8F8,0xF8F8,0xF8F8,0xF8F8,0xF8F8,0xC7FF,0xD7FF,0xF8F8,0xF8F8,0xF8F8,
  0xF8F8,0xF8F8,0xF8F8,0x118C,0x1AD2,0xF8F8,0xF8F8,0xF8F8,0xF8F8,0x1AB1,0xE7FF,0xFFFF,
  0x3BB4,0x6CF9,0xA6DF,0x43B5,0x0A4E,0xF8F8,0xF8F8,0xF8F8,0xF8F8,0x22D2,0xEFFF,0xEFFF,
  0x64B9,0x1A91,0xF8F8,0x9FFF,0x97FF,0x97FF,0x9FFF,0xF8F8,0x7F9F,0x87FF,0x8FFF,0x7EDF,
  0xF8F8,0x669F,0x5EDF,0x5E9F,0xF8F8,0xF8F8,0xF8F8,0xF8F8,0xF8F8,0xC7FF,0xCFFF,0xF8F8,
  0xF8F8,0xF8F8,0xF8F8,0xF8F8,0xF8F8,0x1A0E,0x1AB2,0xF8F8,0xF8F8,0xF8F8,0xF8F8,0x1AD2,
  0xFFFF,0xFFFF,0xC77F,0x1AB1,0x85BC,0xAF1F,0x5C98,0x1AB1,0x122E,0x11EE,0x0A2F,0x1AD2,
  0x64F9,0x8DFC,0x22F3,0x124F,0xF8F8,0x97FF,0x97FF,0x9FFF,0x9FFF,0xF8F8,0x7FDF,0x7FFF,
  0x7FFF,0xF8F8,0xF8F8,0x667F,0x5EDF,0x5EBF,0xF8F8,0xF8F8,0xF8F8,0xF8F8,0xF8F8,0xC7FF,
  0xCFFF,0xF8F8,0xF8F8,0xF8F8,0xF8F8,0xF8F8,0xF8F8,0x1230,0x1AB1,0xF8F8,0xF8F8,0xF8F8,
  0xF8F8,0x1AB1,0xFFFF,0xFFFF,0xE7FF,0xAEDF,0x22D2,0xA67F,0xC73F,0x64D9,0x1AB2,0x3354,
  0x9E3D,0x9E5D,0x0A50,0x0A70,0x0A4D,0xF8F8,0xF8F8,0x97FF,0x97FF,0xAFFF,0xF8F8,0xF8F8,
  0x87DF,0x7FFF,0x77BF,0xF8F8,0xF8F8,0x567F,0x56BF,0x5E9F,0xF8F8,0xF8F8,0xF8F8,0xF8F8,
  0xF8F8,0xCFFF,0xCFFF,0xF8F8,0xF8F8,0xF8F8,0xF8F8,0xF8F8,0xF8F8,0x1270,0x1AB1,0xF8F8,
  0xF8F8,0xF8F8,0xF8F8,0x1A91,0xFFFF,0xFFFF,0xE7FF,0xEFFF,0x963D,0x2B33,0x755B,0x2B34,
  0x961D,0xFFFF,0xEFFF,0x4C36,0x122F,0xF8F8,0xF8F8,0xF8F8,0xF8F8,0xA7FF,0xA7FF,0xB7FF,
  0xF8F8,0xF8F8,0x8FDF,0x87FF,0x87BF,0xF8F8,0xF8F8,0x567F,0x569F,0x565F,0xF8F8,0xF8F8,
  0xF8F8,0xF8F8,0xF8F8,0xD7FF,0xCFFF,0xF8F8,0xF8F8,0xF8F8,0xF8F8,0xF8F8,0xF8F8,0x1291,
  0x1AB1,0xF8F8,0xF8F8,0xF8F8,0xF8F8,0x1291,0xDFFF,0xFFFF,0xEFFF,0xEFFF,0xEFFF,0x85BB,
  0x12B2,0xDFDF,0xFFFF,0xE7FF,0xA69F,0x1291,0xF8F8,0xF8F8,0xF8F8,0xF8F8,0xF8F8,0xF8F8,
  0xF8F8,0xF8F8,0xF8F8,0x8F7F,0x87FF,0x87FF,0x87BF,0xF8F8,0x65FF,0x569F,0x56BF,0x5E3F,
  0xF8F8,0xF8F8,0xF8F8,0xF8F8,0xF8F8,0xDFFF,0xCFFF,0xF8F8,0xF8F8,0xF8F8,0xF8F8,0xF8F8,
  0xF8F8,0x1250,0x1291,0xF8F8,0xF8F8,0xF8F8,0xF8F8,0x122F,0x961C,0xFFFF,0xEFFF,0xEFFF,
  0xF7FF,0xF7FF,0x757A,0x43F5,0xCFBF,0xD7FF,0x2B32,0x0A2F,0xF8F8,0xF8F8,0xF8F8,0xF8F8,
  0xF8F8,0xF8F8,0xF8F8,0xF8F8,0xF8F8,0x873F,0x77BF,0x7F7F,0xF8F8,0xF8F8,0x669F,0x5EFF,
  0x5EDF,0x5DFF,0xF8F8,0xF8F8,0xF8F8,0xF8F8,0xF8F8,0xD7FF,0xDFFF,0xF8F8,0xF8F8,0xF8F8,
  0xF8F8,0xF8F8,0xF8F8,0x2250,0x1AB1,0xF8F8,0xF8F8,0xF8F8,0xF8F8,0x122E,0x3BB4,0xFFFF,
  0xFFFF,0xF7FF,0xF7FF,0xF7FF,0xF7FF,0x751A,0x3BB4,0x6D19,0x43B5,0x5457,0x124F,0xF8F8,
  0xF8F8,0xF8F8,0xF8F8,0xF7FF,0xEFFF,0xE7FF,0xE7FF,0xF8F8,0xF8F8,0xF8F8,0xF8F8,0xF8F8,
  0x66BF,0x5EFF,0x66DF,0xF8F8,0xF8F8,0xF8F8,0xF8F8,0xF8F8,0xF8F8,0xCFFF,0xE7FF,0xF8F8,
  0xF8F8,0xF8F8,0xF8F8,0xF8F8,0xF8F8,0x1A2E,0x1270,0xF8F8,0xF8F8,0xF8F8,0xF8F8,0xF8F8,
  0x1AB2,0xFFFF,0xFFFF,0xF7FF,0xF7FF,0xF7FF,0xEFFF,0xEFFF,0x64B8,0x1270,0x85DC,0xB71F,
  0x4C16,0x1290,0xF8F8,0xF8F8,0xF8F8,0xF8F8,0xEFFF,0xE7FF,0xF8F8,0xF8F8,0xF8F8,0xF8F8,
  0xF8F8,0xF8F8,0x66BF,0x5F1F,0x669F,0xF8F8,0xF8F8,0xF8F8,0xF8F8,0xF8F8,0xF8F8,0xD7FF,
  0xE7FF,0xF8F8,0xF8F8,0xF8F8,0xF8F8,0xF8F8,0xF8F8,0xF8F8,0x1250,0x19EC,0xF8F8,0xF8F8,
  0xF8F8,0xF8F8,0x1A91,0x64B9,0xFFFF,0xF7FF,0xEFFF,0xEFFF,0xEFFF,0xEFFF,0xEFFF,0x7519,
  0x2B33,0xA69F,0xBF1F,0x3BB5,0x1A70,0xF8F8,0xF8F8,0xEFFF,0xEFFF,0xDFDF,0xDF7F,0xF8F8,
  0xF8F8,0xF8F8,0xF8F8,0xF8F8,0xF8F8,0x6E7F,0xF8F8,0xF8F8,0xF8F8,0xF8F8,0xF8F8,0xF8F8,
  0xF8F8,0xCFFF,0xE7FF,0xF8F8,0xF8F8,0xF8F8,0xF8F8,0xF8F8,0xF8F8,0xF8F8,0x1250,0x126F,
  0xF8F8,0xF8F8,0xF8F8,0xF8F8,0xF8F8,0x126F,0xBEFF,0xFFFF,0xEFFF,0xEFFF,0xEFFF,0xEFFF,
  0xEFFF,0xF7FF,0x8DFC,0x2B33,0x9E5E,0xAEDF,0x22F2,0x120D,0xF8F8,0xEFFF,0xF7FF,0xEFFF,
  0xEFFF,0xE7FF,0xF8F8,0xF8F8,0xF8F8,0xF8F8,0xF8F8,0xF8F8,0xF8F8,0xF8F8,0xF8F8,0xF8F8,
  0xF8F8,0xF8F8,0xF8F8,0xCFFF,0xDFFF,0xF8F8,0xF8F8,0xF8F8,0xF8F8,0xF8F8,0xF8F8,0xF8F8,
  0x1A70,0x1AB1,0xF8F8,0xF8F8,0xF8F8,0xF8F8,0xF8F8,0x0A2F,0x1A90,0xDFFF,0xF7FF,0xEFFF,
  0xEFFF,0xEFFF,0xF7FF,0xF7FF,0xF7FF,0xAEBF,0x22F2,0x859B,0x8DFC,0x124F,0x0A0B,0xF8F8,
  0xF8F8,0xF8F8,0xF8F8,0xEFFF,0xF8F8,0xF8F8,0xF8F8,0xF8F8,0xF8F8,0x0A0E,0xF8F8,0xF8F8,
  0xF8F8,0xF8F8,0xF8F8,0xF8F8,0xF8F8,0xCFFF,0xCFFF,0xF8F8,0xF8F8,0xF8F8,0xF8F8,0xF8F8,
  0xF8F8,0xF8F8,0xF8F8,0x1AD2,0x1A2E,0xF8F8,0xF8F8,0xF8F8,0x09CC,0x1AB1,0x961D,0x1AB0,
  0xC75F,0xFFFF,0xF7FF,0xF7FF,0xF7FF,0xF7FF,0xEFFF,0xEFFF,0xBF5F,0x2B12,0x5C97,0x6498,
  0x0A2F,0xF8F8,0xF8F8,0xF8F8,0xF8F8,0xEFFF,0xF7FF,0xEFFF,0xF8F8,0xF8F8,0x09EE,0x0A50,
  0xF8F8,0xF8F8,0xF8F8,0xF8F8,0xF8F8,0xF8F8,0xF8F8,0xCFFF,0xD7FF,0xF8F8,0xF8F8,0xF8F8,
  0xF8F8,0xF8F8,0xF8F8,0xF8F8,0xF8F8,0x1270,0x1250,0xF8F8,0xF8F8,0xF8F8,0x1A6F,0x6CFA,
  0xEFFF,0xA69F,0x2B33,0x859B,0xF7FF,0xFFFF,0xF7FF,0xEFFF,0xEFFF,0xEFFF,0xEFFF,0xDFFF,
  0x5C76,0x3332,0x1270,0x11CC,0xF8F8,0xF8F8,0xF8F8,0xF8F8,0xF8F8,0xF8F8,0xF8F8,0x19EC,
  0x1291,0x122E,0xF8F8,0xF8F8,0xF8F8,0xF8F8,0xF8F8,0xF8F8,0xF8F8,0xD7FF,0xDFFF,0xF8F8,
  0xF8F8,0xF8F8,0xF8F8,0xF8F8,0xF8F8,0xF8F8,0xF8F8,0x11CE,0x122E,0xF8F8,0xF8F8,0xF8F8,
  0x1A70,0xAEDF,0xE7FF,0xE7FF,0xDFFF,0x3BD6,0x2333,0x7519,0xAEDE,0xD7FF,0xE7FF,0xEFFF,
  0xEFFF,0xDFFF,0x9E5D,0x2B34,0x124F,0xF8F8,0xF8F8,0xF8F8,0xF8F8,0xF7FF,0xF7BF,0xF8F8,
  0xF8F8,0x1AB1,0x1A90,0xF7FF,0xEFFF,0xEFFF,0xF8F8,0xF8F8,0xF8F8,0xF8F8,0xF8F8,0xD7FF,
  0xDFFF,0xF8F8,0xF8F8,0xF8F8,0xF8F8,0xF8F8,0xF8F8,0xF8F8,0xF8F8,0xF8F8,0xF8F8,0xF8F8,
  0xF8F8,0xF8F8,0xF8F8,0xF8F8,0xF8F8,0xF8F8,0xEFFF,0x859B,0x1291,0x122F,0x124F,0x124F,
  0x1AB0,0x2311,0x22F2,0x1AD2,0x1AB1,0x1A4F,0xF8F8,0xF8F8,0xF8F8,0xF8F8,0xF8F8,0xE7FF,
  0xE7FF,0xF8F8,0x1290,0x1292,0xF8F8,0xF8F8,0xF8F8,0xF8F8,0xF8F8,0xF8F8,0xF8F8,0xF8F8,
  0xF8F8,0xDFFF,0xDFFF,0xF8F8,0xF8F8,0xF8F8,0xF8F8,0xF8F8,0x09EE,0x0A2F,0x124F,0x0A0C,
  0xF8F8,0xF8F8,0xF8F8,0xF8F8,0xF8F8,0x1A70,0x1A90,0xF8F8,0xE7FF,0xB6FF,0x1A50,0xF8F8,
  0xF8F8,0xF8F8,0x11CC,0x1A2E,0x0A2E,0xF8F8,0xF8F8,0xF8F8,0xF8F8,0xF8F8,0xF8F8,0xDFFF,
  0xE7DF,0xEFFF,0xC71F,0x0A2E,0x122F,0xB65E,0xF8F8,0xF8F8,0xF8F8,0xF8F8,0xF8F8,0xF8F8,
  0xF8F8,0xF8F8,0xF8F8,0xDFFF,0xD7FF,0xF8F8,0xF8F8,0xF8F8,0xF8F8,0xF8F8,0x0A4F,0x0A2F,
  0x122F,0x1291,0xF8F8,0xF8F8,0xF8F8,0xF8F8,0x1A30,0x1AB3,0x1AB2,0xF8F8,0xF8F8,0xE7FF,
  0x1AB0,0x09CC,0xF8F8,0xF8F8,0xF8F8,0xF8F8,0xF8F8,0xF8F8,0xF8F8,0xF8F8,0xF8F8,0xF8F8,
  0xEFFF,0xEFFF,0xE7FF,0x4B93,0x0A50,0x0A2F,0xF8F8,0xEFFF,0xE7FF,0xF8F8,0xF8F8,0xF8F8,
  0xF8F8,0xF8F8,0xF8F8,0xF8F8,0xF8F8,0xCFFF,0xDFFF,0xF8F8,0xF8F8,0xF8F8,0xF8F8,0xF8F8,
  0x120E,0x020C,0x120D,0x1AB2,0x124C,0xF8F8,0xF8F8,0xF8F8,0x1250,0x1270,0x1291,0xF8F8,
  0xF8F8,0xE7FF,0x64B8,0x1A6F,0xF8F8,0xF8F8,0xF8F8,0xF8F8,0xF8F8,0xF8F8,0xF8F8,0xF8F8,
  0xEFFF,0xF7FF,0xEFFF,0x128E,0x1A90,0x1A91,0x3332,0xD7DF,0xDFDF,0xE7FF,0xE7FF,0xEFFF,
  0xEFFF,0xEFFF,0xFFDF,0xF8F8,0xF8F8,0xF8F8,0xF8F8,0xCFFF,0xDFFF,0xF8F8,0xF8F8,0xF8F8,
  0xF8F8,0xF8F8,0xF8F8,0xF8F8,0x1A90,0x1230,0xF8F8,0xF8F8,0xF8F8,0x0A2E,0x122F,0x1A2E,
  0x1250,0xF8F8,0xF8F8,0xEFFF,0xAEDF,0x1AB1,0xF8F8,0xF8F8,0xF8F8,0xF8F8,0xF8F8,0xF8F8,
  0xF8F8,0xF8F8,0xF8F8,0x1A2E,0x1291,0x1AB2,0x1AB2,0x1A2E,0xF8F8,0xE7FF,0xDFFF,0xD7DF,
  0xDFFF,0xE7FF,0xE7FF,0xE7FF,0xF8F8,0xF8F8,0xF8F8,0xF8F8,0xF8F8,0xDFFF,0xD7FF,0xF8F8,
  0xF8F8,0xF8F8,0xF8F8,0xF8F8,0xF8F8,0x1A90,0x1AB2,0xF8F8,0xF8F8,0xF8F8,0xF8F8,0x1A71,
  0x1271,0x1A4F,0x1250,0x1A2E,0xF8F8,0xEFFF,0xE7FF,0x1AB1,0xF8F8,0xF8F8,0x1A90,0x1A50,
  0x1A6F,0x124F,0x122F,0x122F,0x122F,0x124F,0x1230,0x1A2E,0xF8F8,0xF8F8,0xF8F8,0xEFFF,
  0xE7FF,0xF8F8,0xF8F8,0xF8F8,0xF8F8,0xF8F8,0xF8F8,0xF8F8,0xF8F8,0xF8F8,0xF8F8,0xDFFF,
  0xCFFF,0xF8F8,0xF8F8,0xF8F8,0xF8F8,0xF8F8,0x1A70,0x1AB2,0x1A2F,0x220E,0xF8F8,0x1A2F,
  0x120D,0x1A4F,0x1A6E,0x122F,0x1250,0x19EC,0xF8F8,0xD7DF,0xE7FF,0x2B32,0x11CC,0x19EE,
  0x1A91,0x1A90,0x1A91,0x1270,0x122F,0x0A0E,0x09CC,0xF8F8,0xF8F8,0xF8F8,0xF8F8,0xF8F8,
  0xF8F8,0xEFFF,0xEFFF,0xF8F8,0xF8F8,0xF8F8,0xF8F8,0xF8F8,0xF8F8,0xF8F8,0xF8F8,0xF8F8,
  0xF8F8,0xCFFF,0xDFFF,0xF8F8,0xF8F8,0xF8F8,0xF8F8,0xF8F8,0x1AB0,0x1AB1,0x1A91,0x1270,
  0x1A2D,0x1250,0x122E,0xF8F8,0xF8F8,0x11EE,0x1250,0xF8F8,0xF8F8,0x1250,0x1250,0x124F,
  0x19EE,0xF8F8,0xF8F8,0xF8F8,0xF8F8,0xF8F8,0xF8F8,0xF8F8,0xF8F8,0xF8F8,0xF8F8,0xF8F8,
  0xF8F8,0xF8F8,0xF8F8,0xE7FF,0xF7FF,0xF8F8,0xF8F8,0xF8F8,0xF8F8,0xF8F8,0xF8F8,0xF8F8,
  0xF8F8,0xF8F8,0xF8F8,0xCFFF,0xEFFF,0xF8F8,0xF8F8,0xF8F8,0xF8F8,0xF8F8,0xF8F8,0xF8F8,
  0xF8F8,0xF8F8,0xF8F8,0xF8F8,0xF8F8,0xF8F8,0xF8F8,0xF8F8,0xF8F8,0xF8F8,0xF8F8,0xF8F8,
  0xF8F8,0xF8F8,0xF8F8,0xF8F8,0xF8F8,0xF8F8,0xF8F8,0xF8F8,0xF8F8,0xF8F8,0xF8F8,0xF8F8,
  0xF8F8,0xF8F8,0xF8F8,0xF8F8,0xF8F8,0xF8F8,0xF8F8,0xF8F8,0xF8F8,0xF8F8,0xF8F8,0xF8F8,
  0xF8F8,0xF8F8,0xF8F8,0xF8F8,0xF8F8,0xDFFF,0xE7FF,0xF8F8,0xF8F8,0xF8F8,0xF8F8,0xF8F8,
  0xF8F8,0xF8F8,0xF8F8,0xF8F8,0xF8F8,0xF8F8,0xF8F8,0xF8F8,0xF8F8,0xF8F8,0xF8F8,0xF8F8,
  0xF8F8,0xF8F8,0xF8F8,0xF8F8,0xF8F8,0xF8F8,0xF8F8,0xF8F8,0xF8F8,0xF8F8,0xF8F8,0xF8F8,
  0xF8F8,0xF8F8,0xF8F8,0xF8F8,0xF8F8,0xF8F8,0xF8F8,0xF8F8,0xF8F8,0xF8F8,0xF8F8,0xF8F8,
  0xF8F8,0xF8F8,0xF8F8,0xF8F8,0xF8F8,0xF8F8,0xF8F8,0xDFFF,0xEFFF,0xF8F8,0xF8F8,0xF8F8,
  0xF8F8,0xF8F8,0xF8F8,0xF8F8,0xF8F8,0xF8F8,0xF8F8,0xF8F8,0xF8F8,0xF8F8,0xF8F8,0xF8F8,
  0xF8F8,0xF8F8,0xF8F8,0xF8F8,0xF8F8,0xF8F8,0xF8F8,0xF8F8,0xF8F8,0xF8F8,0xF8F8,0xF8F8,
  0xF8F8,0xF8F8,0xF8F8,0xF8F8,0xF8F8,0xF8F8,0xF8F8,0xF8F8,0xF8F8,0xF8F8,0xF8F8,0xF8F8,
  0xF8F8,0xF8F8,0xF8F8,0xF8F8,0xF8F8,0xF8F8,0xF8F8,0xF8F8,0xF8F8,0xCFFF,0xDFFF,0xF8F8,
  0xF8F8,0xF8F8,0xF8F8,0xF8F8,0xF8F8,0xF8F8,0xF8F8,0xF8F8,0xF8F8,0xF8F8,0xF8F8,0xF8F8,
  0xF8F8,0xF8F8,0xF8F8,0xF8F8,0xF8F8,0xF8F8,0xF8F8,0xF8F8,0xF8F8,0xF8F8,0xF8F8,0xF8F8,
  0xF8F8,0xF8F8,0xF8F8,0xF8F8,0xF8F8,0xF8F8,0xF8F8,0xF8F8,0xF8F8,0xF8F8,0xF8F8,0xF8F8,
  0xF8F8,0xF8F8,0xF8F8,0xF8F8,0xF8F8,0xF8F8,0xF8F8,0xF8F8,0xF8F8,0xF8F8,0xF8F8,0xD7FF,
  0xD7FF,0xF8F8,0xF8F8,0xF8F8,0xF8F8,0xF8F8,0xF8F8,0xF8F8,0xF8F8,0xF8F8,0xF8F8,0xF8F8,
  0xF8F8,0xF8F8,0xF8F8,0xF8F8,0xF8F8,0xF8F8,0xF8F8,0xF8F8,0xF8F8,0xF8F8,0xF8F8,0xF8F8,
  0xF8F8,0xF8F8,0xF8F8,0xF8F8,0xF8F8,0xF8F8,0xF8F8,0xF8F8,0xF8F8,0xF8F8,0xF8F8,0xF8F8,
  0xF8F8,0xF8F8,0xF8F8,0xF8F8,0xF8F8,0xF8F8,0xF8F8,0xF8F8,0xF8F8,0xF8F8,0xF8F8,0xF8F8,
  0xF8F8,0xD7FF,0xD7FF,0xD7FF,0xD7FF,0xDFFF,0xDFFF,0xDFFF,0xDFFF,0xD7FF,0xD7FF,0xDFFF,
  0xDFFF,0xE7FF,0xE7FF,0xDFFF,0xD7FF,0xCFFF,0xCFFF,0xCFFF,0xCFFF,0xD7FF,0xE7FF,0xE7FF,
  0xE7FF,0xE7FF,0xE7FF,0xDFFF,0xCFFF,0xCFFF,0xCFFF,0xC7FF,0xDFFF,0xE7FF,0xE7FF,0xE7FF,
  0xE7FF,0xDFFF,0xD7FF,0xCFFF,0xCFFF,0xCFFF,0xD7FF,0xDFFF,0xDFFF,0xDFFF,0xD7FF,0xD7FF,
  0xDFFF,0xDFFF,0xDFFF,0xDFFF,
};

// 04_433mhz_antenna-removebg-preview (Custom)  (60% transparent)
const uint16_t wh_icon_03[2500] PROGMEM = {
  0xEFFF,0xD7FF,0xDFFF,0xDFFF,0xE7FF,0xDFFF,0xDFFF,0xDFFF,0xDFFF,0xDFFF,0xE7FF,0xDFFF,
  0xDFFF,0xD7FF,0xD7FF,0xCFFF,0xC7FF,0xC7FF,0xC7FF,0xC7FF,0xC7FF,0xD7FF,0xD7FF,0xDFFF,
  0xE7FF,0xE7FF,0xE7FF,0xDFFF,0xD7FF,0xCFFF,0xC7FF,0xC7FF,0xCFFF,0xD7FF,0xDFFF,0xDFFF,
  0xE7FF,0xE7FF,0xDFFF,0xCFFF,0xCFFF,0xCFFF,0xCFFF,0xCFFF,0xCFFF,0xD7FF,0xD7FF,0xDFFF,
  0xE7FF,0xDFFF,0xCFFF,0xC7FF,0xDFFF,0xDFFF,0xE7FF,0xEFFF,0xEFFF,0xDFFF,0xEFFF,0xDFFF,
  0xF7FF,0xF7FF,0xF7FF,0xE7FF,0xE7FF,0xE7FF,0xDFFF,0xD7FF,0xD7FF,0xDFFF,0xD7FF,0xDFFF,
  0xF7FF,0xF7FF,0xEFFF,0xE7FF,0xFFFF,0xEFFF,0xDFFF,0xDFFF,0xD7FF,0xD7FF,0xDFFF,0xDFFF,
  0xDFFF,0xEFFF,0xF7FF,0xE7FF,0xE7FF,0xCFFF,0xD7FF,0xC7FF,0xCFFF,0xCFFF,0xD7FF,0xE7FF,
  0xDFFF,0xDFFF,0xDFFF,0xDFFF,0xC7FF,0xF8F8,0xF8F8,0xF8F8,0xF8F8,0xF8F8,0xF8F8,0xF8F8,
  0xF8F8,0xF8F8,0xF8F8,0xF8F8,0xF8F8,0xF8F8,0xF8F8,0xF8F8,0xF8F8,0xF8F8,0xF8F8,0xF8F8,
  0xF8F8,0xF8F8,0xF8F8,0xF8F8,0xF8F8,0xF8F8,0xF8F8,0xF8F8,0xF8F8,0xF8F8,0xF8F8,0xF8F8,
  0xF8F8,0xF8F8,0xF8F8,0xF8F8,0xF8F8,0xF8F8,0xF8F8,0xF8F8,0xF8F8,0xF8F8,0xF8F8,0xF8F8,
  0xF8F8,0xF8F8,0xF8F8,0xF8F8,0xF8F8,0xDFFF,0xD7FF,0xF8F8,0xF8F8,0xF8F8,0xF8F8,0xF8F8,
  0xF8F8,0xF8F8,0xF8F8,0xF8F8,0xF8F8,0xF8F8,0xF8F8,0xF8F8,0xF8F8,0xF8F8,0xF8F8,0xF8F8,
  0xF8F8,0xF8F8,0xF8F8,0xF8F8,0xF8F8,0xF8F8,0xF8F8,0xF8F8,0xF8F8,0xF8F8,0xF8F8,0xF8F8,
  0xF8F8,0xF8F8,0xF8F8,0xF8F8,0xF8F8,0xF8F8,0xF8F8,0xF8F8,0xF8F8,0xF8F8,0xF8F8,0xF8F8,
  0xF8F8,0xF8F8,0xF8F8,0xF8F8,0xF8F8,0xF8F8,0xF8F8,0xD7FF,0xD7FF,0xF8F8,0xF8F8,0xF8F8,
  0xF8F8,0xF8F8,0xF8F8,0xF8F8,0xF8F8,0xF8F8,0xF8F8,0xF8F8,0xF8F8,0xF8F8,0xF8F8,0xF8F8,
  0xF8F8,0xF8F8,0xF8F8,0xF8F8,0xF8F8,0xF8F8,0xF8F8,0xF8F8,0xF8F8,0xF8F8,0xF8F8,0xF8F8,
  0xF8F8,0xF8F8,0xF8F8,0xF8F8,0xF8F8,0xF8F8,0xF8F8,0xF8F8,0xF8F8,0xF8F8,0xF8F8,0xF8F8,
  0xF8F8,0xF8F8,0xF8F8,0xF8F8,0xF8F8,0xF8F8,0xF8F8,0xF8F8,0xF8F8,0xCFFF,0xDFFF,0xF8F8,
  0xF8F8,0xF8F8,0xF8F8,0xF8F8,0xF8F8,0xF8F8,0xF8F8,0xF8F8,0xF8F8,0xF8F8,0xF8F8,0xF8F8,
  0xF8F8,0xF8F8,0xF8F8,0xF8F8,0xF8F8,0xF8F8,0xF8F8,0x55BE,0x5DDF,0x561F,0x561F,0x4E1F,
  0x5DFF,0x55BF,0x6D1E,0xF8F8,0xF8F8,0xF8F8,0xF8F8,0xF8F8,0xF8F8,0xF8F8,0xF8F8,0xF8F8,
  0xF8F8,0xF8F8,0xF8F8,0xF8F8,0xF8F8,0xF8F8,0xF8F8,0xF8F8,0xF8F8,0xF8F8,0xF8F8,0xCFFF,
  0xDFFF,0xF8F8,0xF8F8,0xF8F8,0xF8F8,0xF8F8,0xF8F8,0xF8F8,0xF8F8,0xF8F8,0xF8F8,0xF8F8,
  0xF8F8,0xF8F8,0xF8F8,0xF8F8,0xF8F8,0xF8F8,0x5DDF,0x5E5F,0x5E7F,0x5EBF,0x56BF,0x569F,
  0x569F,0x4E9F,0x4EBF,0x56BF,0x5E9F,0x567F,0x565F,0x55DF,0xF8F8,0xF8F8,0xF8F8,0xF8F8,
  0xF8F8,0xF8F8,0xF8F8,0xF8F8,0xF8F8,0xF8F8,0xF8F8,0xF8F8,0xF8F8,0xF8F8,0xF8F8,0xF8F8,
  0xF8F8,0xCFFF,0xDFFF,0xF8F8,0xF8F8,0xF8F8,0xF8F8,0xF8F8,0xF8F8,0xF8F8,0xF8F8,0xF8F8,
  0xF8F8,0xF8F8,0xF8F8,0xF8F8,0xF8F8,0xF8F8,0x5E5F,0x563F,0x567F,0x567F,0x569F,0x56BF,
  0x56BF,0x5EBF,0x56BF,0x5EBF,0x56DF,0x5EBF,0x56BF,0x569F,0x4E9F,0x4E7F,0x4E3F,0x55FF,
  0xF8F8,0xF8F8,0xF8F8,0xF8F8,0xF8F8,0xF8F8,0xF8F8,0xF8F8,0xF8F8,0xF8F8,0xF8F8,0xF8F8,
  0xF8F8,0xF8F8,0xF8F8,0xD7FF,0xDFFF,0xF8F8,0xF8F8,0xF8F8,0xF8F8,0xF8F8,0xF8F8,0xF8F8,
  0xF8F8,0xF8F8,0xF8F8,0xF8F8,0xF8F8,0xF8F8,0x5E3F,0x5E9F,0x5EBF,0x5E9F,0x569F,0x4E5F,
  0x4E3F,0x563F,0x4E5F,0x661F,0x65BF,0x6DDF,0x5DFF,0x5E1F,0x5E3F,0x4E1F,0x4E7F,0x4E9F,
  0x569F,0x5E9F,0x5E9F,0x663F,0xF8F8,0xF8F8,0xF8F8,0xF8F8,0xF8F8,0xF8F8,0xF8F8,0xF8F8,
  0xF8F8,0xF8F8,0xF8F8,0xF8F8,0xF8F8,0xD7FF,0xD7FF,0xF8F8,0xF8F8,0xF8F8,0xF8F8,0xF8F8,
  0xF8F8,0xF8F8,0xF8F8,0xF8F8,0xF8F8,0xF8F8,0xF8F8,0x5E1F,0x5E9F,0x5E9F,0x5EBF,0x5E9F,
  0x5E5F,0x555F,0xF8F8,0xF8F8,0xF8F8,0xF8F8,0xF8F8,0xF8F8,0xF8F8,0xF8F8,0xF8F8,0xF8F8,
  0x555F,0x5E1F,0x5E7F,0x5EBF,0x5E9F,0x5EBF,0x5E5F,0x55BF,0xF8F8,0xF8F8,0xF8F8,0xF8F8,
  0xF8F8,0xF8F8,0xF8F8,0xF8F8,0xF8F8,0xF8F8,0xF8F8,0xDFFF,0xCFFF,0xF8F8,0xF8F8,0xF8F8,
  0xF8F8,0xF8F8,0xF8F8,0xF8F8,0xF8F8,0xF8F8,0xF8F8,0xF8F8,0x561F,0x569F,0x569F,0x567F,
  0x5E3F,0xF8F8,0xF8F8,0xF8F8,0xF8F8,0xF8F8,0xF8F8,0xF8F8,0xF8F8,0xF8F8,0xF8F8,0xF8F8,
  0xF8F8,0xF8F8,0xF8F8,0xF8F8,0xF8F8,0x5E1F,0x5E7F,0x569F,0x569F,0x561F,0xF8F8,0xF8F8,
  0xF8F8,0xF8F8,0xF8F8,0xF8F8,0xF8F8,0xF8F8,0xF8F8,0xF8F8,0xF8F8,0xDFFF,0xCFFF,0xF8F8,
  0xF8F8,0xF8F8,0xF8F8,0xF8F8,0xF8F8,0xF8F8,0xF8F8,0xF8F8,0xF8F8,0xF8F8,0x5DDF,0x4E5F,
  0x4E1F,0x453F,0xF8F8,0xF8F8,0xF8F8,0xF8F8,0xAEDF,0xB79F,0xB7BF,0xAF7F,0xA77F,0xA77F,
  0xA75F,0xAF7F,0xB77F,0xB73F,0xF8F8,0xF8F8,0xF8F8,0xF8F8,0x45DE,0x561F,0x565F,0x4DDF,
  0xF8F8,0xF8F8,0xF8F8,0xF8F8,0xF8F8,0xF8F8,0xF8F8,0xF8F8,0xF8F8,0xF8F8,0xF8F8,0xD7FF,
  0xCFFF,0xF8F8,0xF8F8,0xF8F8,0xF8F8,0xF8F8,0xF8F8,0xF8F8,0xF8F8,0xF8F8,0xF8F8,0xF8F8,
  0xF8F8,0xF8F8,0xF8F8,0xF8F8,0xF8F8,0xF8F8,0xA71F,0xAF7F,0xB7BF,0xB7DF,0xB7DF,0xAFBF,
  0xAFBF,0xAFBF,0xAFBF,0xB7DF,0xB7DF,0xB7DF,0xAF9F,0xA6FF,0xF8F8,0xF8F8,0xF8F8,0xF8F8,
  0xF8F8,0xF8F8,0xF8F8,0xF8F8,0xF8F8,0xF8F8,0xF8F8,0xF8F8,0xF8F8,0xF8F8,0xF8F8,0xF8F8,
  0xF8F8,0xD7FF,0xD7FF,0xF8F8,0xF8F8,0xF8F8,0xF8F8,0xF8F8,0xF8F8,0xF8F8,0xF8F8,0xF8F8,
  0x6E1F,0xF8F8,0xF8F8,0xF8F8,0xF8F8,0xF8F8,0x9EBF,0xA75F,0xA79F,0xA7BF,0xAFBF,0xAFBF,
  0xAFBF,0xB7BF,0xB7BF,0xB7BF,0xB7BF,0xB7DF,0xAFDF,0xAFDF,0xAFBF,0xA7BF,0xA77F,0xAEFF,
  0xF8F8,0xF8F8,0xF8F8,0xF8F8,0xF8F8,0x661F,0xF8F8,0xF8F8,0xF8F8,0xF8F8,0xF8F8,0xF8F8,
  0xF8F8,0xF8F8,0xF8F8,0xCFFF,0xDFFF,0xF8F8,0xF8F8,0xF8F8,0xF8F8,0xF8F8,0xF8F8,0xF8F8,
  0xF8F8,0x5E9F,0x5EFF,0x669F,0xF8F8,0xF8F8,0xF8F8,0xF8F8,0xB79F,0xB7BF,0xAFBF,0xAF9F,
  0xA75F,0xA6FF,0xF8F8,0xF8F8,0xF8F8,0xF8F8,0xF8F8,0xF8F8,0xA6FF,0xA75F,0xA7BF,0xAFDF,
  0xAFDF,0xB79F,0xF8F8,0xF8F8,0xF8F8,0xF8F8,0x5E5F,0x5EDF,0x5E7F,0xF8F8,0xF8F8,0xF8F8,
  0xF8F8,0xF8F8,0xF8F8,0xF8F8,0xF8F8,0xC7FF,0xDFFF,0xF8F8,0xF8F8,0xF8F8,0xF8F8,0xF8F8,
  0xF8F8,0xF8F8,0x561F,0x5EBF,0x5EDF,0x5E9F,0xF8F8,0xF8F8,0xF8F8,0xF8F8,0xBF7F,0xB7BF,
  0xB7BF,0xAEDF,0xF8F8,0xF8F8,0xF8F8,0xF8F8,0xF8F8,0xF8F8,0xF8F8,0xF8F8,0xF8F8,0xF8F8,
  0xB6FF,0xB79F,0xB7FF,0xB79F,0xF8F8,0xF8F8,0xF8F8,0xF8F8,0x5E5F,0x56BF,0x569F,0x55FF,
  0xF8F8,0xF8F8,0xF8F8,0xF8F8,0xF8F8,0xF8F8,0xF8F8,0xC7FF,0xD7FF,0xF8F8,0xF8F8,0xF8F8,
  0xF8F8,0xF8F8,0xF8F8,0x4D3F,0x567F,0x569F,0x567F,0x5DBE,0xF8F8,0xF8F8,0xF8F8,0xF8F8,
  0xF8F8,0xB69F,0xF8F8,0xF8F8,0xF8F8,0xF8F8,0xF8F8,0xFE3C,0xFE5C,0xFE5D,0xFE3B,0xF8F8,
  0xF8F8,0xF8F8,0xF8F8,0xF8F8,0xAE9F,0xF8F8,0xF8F8,0xF8F8,0xF8F8,0xF8F8,0x459F,0x4E7F,
  0x569F,0x5E7F,0xF8F8,0xF8F8,0xF8F8,0xF8F8,0xF8F8,0xF8F8,0xF8F8,0xC7FF,0xD7FF,0xF8F8,
  0xF8F8,0xF8F8,0xF8F8,0xF8F8,0xF8F8,0x565F,0x56BF,0x569F,0x55FF,0xF8F8,0xF8F8,0x9E7F,
  0xA75F,0xA6DF,0xF8F8,0xF8F8,0xF8F8,0xF8F8,0xF65C,0xFE9E,0xFE9E,0xFE9E,0xFE9E,0xFEBE,
  0xFEBE,0xFEBD,0xFEDE,0xFE9C,0xF8F8,0xF8F8,0xF8F8,0xF8F8,0xA6FF,0xA73F,0x9EFF,0xF8F8,
  0xF8F8,0x561F,0x5E9F,0x5EBF,0x5E5F,0xF8F8,0xF8F8,0xF8F8,0xF8F8,0xF8F8,0xF8F8,0xC7FF,
  0xCFFF,0xF8F8,0xF8F8,0xF8F8,0xF8F8,0xF8F8,0xF8F8,0x5E9F,0x5EBF,0x5E7F,0xF8F8,0xF8F8,
  0xF8F8,0xA77F,0xA7BF,0xA77F,0xF8F8,0xF8F8,0xF8F8,0xF8F8,0xFEFF,0xFEDF,0xFEDF,0xFEDE,
  0xFEBE,0xFEDE,0xFEDF,0xFEFE,0xFEFF,0xFEFE,0xF8F8,0xF8F8,0xF8F8,0xF8F8,0xAF3F,0xAF9F,
  0xA77F,0xF8F8,0xF8F8,0xF8F8,0x5E9F,0x5EDF,0x5E7F,0xF8F8,0xF8F8,0xF8F8,0xF8F8,0xF8F8,
  0xF8F8,0xD7FF,0xCFFF,0xF8F8,0xF8F8,0xF8F8,0xF8F8,0xF8F8,0x663F,0x5EDF,0x5EDF,0x661F,
  0xF8F8,0xF8F8,0xAF3F,0xA7BF,0xAFBF,0xA77F,0xF8F8,0xF8F8,0xF8F8,0xF8F8,0xFEFE,0xFEFF,
  0xFEDE,0xFEBE,0xFE9C,0xFE7D,0xFE9E,0xFEDE,0xFEFF,0xFEDE,0xF8F8,0xF8F8,0xF8F8,0xF8F8,
  0xA73F,0xAF9F,0xAF9F,0xAF7F,0xF8F8,0xF8F8,0x5E3F,0x56BF,0x569F,0x55BF,0xF8F8,0xF8F8,
  0xF8F8,0xF8F8,0xF8F8,0xDFFF,0xCFFF,0xF8F8,0xF8F8,0xF8F8,0xF8F8,0xF8F8,0x5E9F,0x5EDF,
  0x5E9F,0xF8F8,0xF8F8,0xF8F8,0xAFBF,0xAFBF,0xA7BF,0x9EBF,0xF8F8,0xF8F8,0xF8F8,0xF8F8,
  0xF8F8,0xFDDC,0xF8F8,0xF8F8,0xF8F8,0xF8F8,0xF8F8,0xF8F8,0xEDFD,0xF8F8,0xF8F8,0xF8F8,
  0xF8F8,0xF8F8,0xF8F8,0xAFBF,0xB7BF,0xBFBF,0xF8F8,0xF8F8,0x5D5E,0x565F,0x567F,0x561F,
  0xF8F8,0xF8F8,0xF8F8,0xF8F8,0xF8F8,0xDFFF,0xCFFF,0xF8F8,0xF8F8,0xF8F8,0xF8F8,0xF8F8,
  0x567F,0x5EDF,0x5E7F,0xF8F8,0xF8F8,0xB77F,0xB7FF,0xAFDF,0xB77F,0xF8F8,0xF8F8,0xEDDA,
  0xFE5D,0xF61B,0xF8F8,0xF8F8,0xF8F8,0xF8F8,0xF8F8,0xF8F8,0xF8F8,0xF8F8,0xF8F8,0xF8F8,
  0xFE5C,0xFE5C,0xF61B,0xF8F8,0xF8F8,0xB79F,0xBFFF,0xB7DF,0xAEFF,0xF8F8,0xF8F8,0x4E5F,
  0x569F,0x5E7F,0xF8F8,0xF8F8,0xF8F8,0xF8F8,0xF8F8,0xDFFF,0xD7FF,0xF8F8,0xF8F8,0xF8F8,
  0xF8F8,0x54FF,0x567F,0x569F,0x5E3F,0xF8F8,0xF8F8,0xB7BF,0xB7FF,0xB7FF,0xB71F,0xF8F8,
  0xF8F8,0xFE5C,0xFE9E,0xFE5D,0xF8F8,0xF8F8,0xF8F8,0xF8F8,0xF8F8,0xF8F8,0xF8F8,0xF8F8,
  0xF8F8,0xF8F8,0xFE7D,0xFEBD,0xFE7D,0xF8F8,0xF8F8,0xB75F,0xB7DF,0xAFDF,0xA77F,0xF8F8,
  0xF8F8,0x567F,0x5EDF,0x66BF,0xF8F8,0xF8F8,0xF8F8,0xF8F8,0xF8F8,0xDFFF,0xDFFF,0xF8F8,
  0xF8F8,0xF8F8,0xF8F8,0x5DDF,0x569F,0x569F,0x55FF,0xF8F8,0xF8F8,0xAFBF,0xAFDF,0xB7DF,
  0xF8F8,0xF8F8,0xF8F8,0xFEBD,0xFEBE,0xFE7C,0xF8F8,0xF8F8,0xF8F8,0x1A71,0x1AD2,0x1AB2,
  0x1A70,0xF8F8,0xF8F8,0xF8F8,0xFE9D,0xFEFE,0xFEFE,0xF8F8,0xF8F8,0xF8F8,0xAF9F,0xAFBF,
  0xAF9F,0xF8F8,0xF8F8,0x667F,0x5EDF,0x5EBF,0x559F,0xF8F8,0xF8F8,0xF8F8,0xF8F8,0xD7FF,
  0xE7FF,0xF8F8,0xF8F8,0xF8F8,0xF8F8,0x5DFF,0x569F,0x569F,0x5DDF,0xF8F8,0xF8F8,0xA77F,
  0xAFBF,0xA79F,0xF8F8,0xF8F8,0xFEBE,0xFEFF,0xFEFE,0xFE9E,0xF8F8,0xF8F8,0x1A6F,0x2B13,
  0xA6BF,0xA6BF,0x22F3,0x19EF,0xF8F8,0xF8F8,0xFEBE,0xFF1F,0xFF1F,0xFE9D,0xF8F8,0xF8F8,
  0xA79F,0xAFBF,0xA79F,0xF8F8,0xF8F8,0x6E3F,0x66BF,0x5EBF,0x5E1F,0xF8F8,0xF8F8,0xF8F8,
  0xF8F8,0xBFFF,0xDFFF,0xF8F8,0xF8F8,0xF8F8,0xF8F8,0x561F,0x569F,0x56BF,0x55DF,0xF8F8,
  0xF8F8,0xA77F,0xAFBF,0xA77F,0xF8F8,0xF8F8,0xFE9D,0xFEFF,0xFEFF,0xFE9E,0xF8F8,0xF8F8,
  0x1A71,0x5C98,0xE7FF,0xE7FF,0x5457,0x122F,0xF8F8,0xF8F8,0xFEFE,0xFF1F,0xFEFF,0xFEBE,
  0xF8F8,0xF8F8,0xAF9F,0xAFBF,0xA79F,0xF8F8,0xF8F8,0x6E1F,0x5EDF,0x5EDF,0x5E1F,0xF8F8,
  0xF8F8,0xF8F8,0xF8F8,0xBFFF,0xE7FF,0xF8F8,0xF8F8,0xF8F8,0xF8F8,0x561F,0x569F,0x56BF,
  0x5DBF,0xF8F8,0xF8F8,0xA77F,0xA7BF,0xA77F,0xF8F8,0xF8F8,0xFEBE,0xFEFF,0xFEFF,0xFEBE,
  0xF8F8,0xF8F8,0x122E,0x22F2,0xB71F,0xAEFF,0x22D2,0x0A0E,0xF8F8,0xF8F8,0xFE9D,0xFEFF,
  0xFEFF,0xFEBD,0xF8F8,0xF8F8,0xB7BF,0xB7DF,0xAF9F,0xF8F8,0xF8F8,0x5E1F,0x5EDF,0x5EDF,
  0x5E1F,0xF8F8,0xF8F8,0xF8F8,0xF8F8,0xBFFF,0xDFFF,0xF8F8,0xF8F8,0xF8F8,0xF8F8,0x5DDF,
  0x569F,0x56BF,0x5E1F,0xF8F8,0xF8F8,0xAF9F,0xAFBF,0xAF7F,0xF8F8,0xF8F8,0xEE9A,0xFEDF,
  0xFEDE,0xFE9D,0xF8F8,0xF8F8,0xF8F8,0x120E,0x1270,0x1270,0x122E,0xF8F8,0xF8F8,0xF8F8,
  0xFE7D,0xFEBE,0xFEDE,0xFE5C,0xF8F8,0xF8F8,0xBFDF,0xB7FF,0xB79F,0xF8F8,0xF8F8,0x5E1F,
  0x5EBF,0x5E9F,0x5DFF,0xF8F8,0xF8F8,0xF8F8,0xF8F8,0xC7FF,0xD7FF,0xF8F8,0xF8F8,0xF8F8,
  0xF8F8,0x5D9F,0x56BF,0x5EBF,0x667F,0xF8F8,0xF8F8,0xB79F,0xBFDF,0xB7BF,0xF8F8,0xF8F8,
  0xF8F8,0xFE9D,0xFE9E,0xFE9D,0xFDDA,0xF8F8,0xF8F8,0xF8F8,0x1291,0x1A91,0xF8F8,0xF8F8,
  0xF8F8,0xEEBD,0xFE7E,0xFE9E,0xFE9D,0xF8F8,0xF8F8,0xB73F,0xBFDF,0xBFDF,0xB7BF,0xF8F8,
  0xF8F8,0x5E1F,0x567F,0x567F,0x4CFF,0xF8F8,0xF8F8,0xF8F8,0xF8F8,0xD7FF,0xD7FF,0xF8F8,
  0xF8F8,0xF8F8,0xF8F8,0xF8F8,0x5E9F,0x66BF,0x667F,0xF8F8,0xF8F8,0xB79F,0xB7DF,0xB7DF,
  0xAF5F,0xF8F8,0xF8F8,0xFE5D,0xFE9E,0xFEBE,0xFE9E,0xF8F8,0xF8F8,0x19AA,0x1AD2,0x1AD2,
  0xF8F8,0xF8F8,0xF8F8,0xFEDE,0xFEBF,0xFEBE,0xFE5C,0xF8F8,0xF8F8,0xAF7F,0xB7BF,0xB7BF,
  0xB75F,0xF8F8,0xF8F8,0x665F,0x5E9F,0x5E5F,0xF8F8,0xF8F8,0xF8F8,0xF8F8,0xF8F8,0xDFFF,
  0xCFFF,0xF8F8,0xF8F8,0xF8F8,0xF8F8,0xF8F8,0x669F,0x66BF,0x669F,0xF8F8,0xF8F8,0xF8F8,
  0xAF9F,0xAFBF,0xA77F,0xF8F8,0xF8F8,0xF8F8,0xFEBE,0xFEFF,0xFEFE,0xF8F8,0xF8F8,0x0A2E,
  0x2313,0x22F2,0x124D,0xF8F8,0xF8F8,0xFEDE,0xFEFF,0xFEBE,0xF8F8,0xF8F8,0xF8F8,0xA77F,
  0xAFBF,0xA79F,0xF8F8,0xF8F8,0xF8F8,0x669F,0x5EBF,0x5E5F,0xF8F8,0xF8F8,0xF8F8,0xF8F8,
  0xF8F8,0xDFFF,0xC7FF,0xF8F8,0xF8F8,0xF8F8,0xF8F8,0xF8F8,0x667F,0x66DF,0x66BF,0x55FF,
  0xF8F8,0xF8F8,0xA75F,0xA79F,0xA79F,0xA71F,0xF8F8,0xF8F8,0xF8F8,0xFEDE,0xFEFE,0xF8F8,
  0xF8F8,0x0A2D,0x43D5,0x3B94,0x122E,0xF8F8,0xF8F8,0xFE7E,0xFEBE,0xF8F8,0xF8F8,0xF8F8,
  0xA73F,0xA7BF,0xA7BF,0xA77F,0xF8F8,0xF8F8,0x55FF,0x5EBF,0x5EDF,0x5E5F,0xF8F8,0xF8F8,
  0xF8F8,0xF8F8,0xF8F8,0xD7FF,0xCFFF,0xF8F8,0xF8F8,0xF8F8,0xF8F8,0xF8F8,0x6DDF,0x669F,
  0x5E9F,0x5E1F,0xF8F8,0xF8F8,0xAF3F,0xAF9F,0xAFBF,0xB79F,0x9F3F,0xF8F8,0xF8F8,0xF8F8,
  0xF8F8,0xF8F8,0xF8F8,0x124F,0x64B8,0x5C78,0x122F,0xF8F8,0xF8F8,0xF8F8,0xF8F8,0xF8F8,
  0xF8F8,0xB71F,0xB7BF,0xB7DF,0xAFBF,0xA6FF,0xF8F8,0xF8F8,0x563F,0x56BF,0x569F,0x4DBF,
  0xF8F8,0xF8F8,0xF8F8,0xF8F8,0xF8F8,0xD7FF,0xD7FF,0xF8F8,0xF8F8,0xF8F8,0xF8F8,0xF8F8,
  0xF8F8,0x5E3F,0x5E7F,0x565F,0x5D9F,0xF8F8,0xF8F8,0xB75F,0xB7DF,0xB7DF,0xB79F,0xF8F8,
  0xF8F8,0xF8F8,0xF8F8,0xF8F8,0xF8F8,0x1AB1,0x8DDC,0x859B,0x1230,0xF8F8,0xF8F8,0xF8F8,
  0xF8F8,0xF8F8,0xF8F8,0xBFBF,0xBFDF,0xB7DF,0xB77F,0xF8F8,0xF8F8,0x4DBF,0x567F,0x569F,
  0x563F,0xF8F8,0xF8F8,0xF8F8,0xF8F8,0xF8F8,0xF8F8,0xDFFF,0xDFFF,0xF8F8,0xF8F8,0xF8F8,
  0xF8F8,0xF8F8,0xF8F8,0x5DBF,0x5E7F,0x5E9F,0x5E1F,0xF8F8,0xF8F8,0xF8F8,0xB77F,0xB7DF,
  0xA7BF,0xA67F,0xF8F8,0xF8F8,0xF8F8,0xF8F8,0xF8F8,0x1AB1,0xAEFF,0xA6BF,0x1A91,0xF8F8,
  0xF8F8,0xF8F8,0xF8F8,0xF8F8,0xA6BF,0xAF7F,0xB7DF,0xB77F,0xF8F8,0xF8F8,0xF8F8,0x5E5F,
  0x56BF,0x569F,0x55BF,0xF8F8,0xF8F8,0xF8F8,0xF8F8,0xF8F8,0xF8F8,0xCFFF,0xDFFF,0xF8F8,
  0xF8F8,0xF8F8,0xF8F8,0xF8F8,0xF8F8,0xF8F8,0x561F,0x5E9F,0x5EBF,0x663F,0xF8F8,0xF8F8,
  0xF8F8,0xA73F,0xA71F,0xF8F8,0xF8F8,0xF8F8,0xF8F8,0xF8F8,0xF8F8,0x1A91,0xCFBF,0xC79F,
  0x1AB2,0xF8F8,0xF8F8,0xF8F8,0xF8F8,0xF8F8,0xF8F8,0x9EFF,0xA71F,0xF8F8,0xF8F8,0xF8F8,
  0x665F,0x5EFF,0x5EDF,0x5E7F,0xF8F8,0xF8F8,0xF8F8,0xF8F8,0xF8F8,0xF8F8,0xF8F8,0xD7FF,
  0xDFFF,0xF8F8,0xF8F8,0xF8F8,0xF8F8,0xF8F8,0xF8F8,0xF8F8,0x5DBF,0x669F,0x5EDF,0x5EBF,
  0x661F,0xF8F8,0xF8F8,0xF8F8,0xF8F8,0xF8F8,0xF8F8,0xF8F8,0xF8F8,0xF8F8,0x01AD,0x1270,
  0xE7FF,0xE7FF,0x1AB1,0xF8F8,0xF8F8,0xF8F8,0xF8F8,0xF8F8,0xF8F8,0xF8F8,0xF8F8,0xF8F8,
  0xF8F8,0x5DFF,0x5EBF,0x5EDF,0x5EBF,0x5DBF,0xF8F8,0xF8F8,0xF8F8,0xF8F8,0xF8F8,0xF8F8,
  0xF8F8,0xC7FF,0xD7FF,0xF8F8,0xF8F8,0xF8F8,0xF8F8,0xF8F8,0xF8F8,0xF8F8,0xF8F8,0x5E1F,
  0x5E9F,0x5EBF,0x5E9F,0xF8F8,0xF8F8,0xF8F8,0xF8F8,0xF8F8,0xF8F8,0xF8F8,0xF8F8,0xF8F8,
  0x11AC,0x1AB0,0xEFFF,0xEFFF,0x1A91,0x098D,0xF8F8,0xF8F8,0xF8F8,0xF8F8,0xF8F8,0xF8F8,
  0xF8F8,0xF8F8,0xF8F8,0x5E3F,0x5E9F,0x5EBF,0x661F,0xF8F8,0xF8F8,0xF8F8,0xF8F8,0xF8F8,
  0xF8F8,0xF8F8,0xF8F8,0xC7FF,0xCFFF,0xF8F8,0xF8F8,0xF8F8,0xF8F8,0xF8F8,0xF8F8,0xF8F8,
  0xF8F8,0xF8F8,0x561F,0x5E9F,0x5E9F,0xF8F8,0xF8F8,0xF8F8,0xF8F8,0xF8F8,0xF8F8,0xF8F8,
  0xF8F8,0xF8F8,0x122E,0x3B94,0xF7FF,0xEFFF,0x3353,0x0A0E,0xF8F8,0xF8F8,0xF8F8,0xF8F8,
  0xF8F8,0xF8F8,0xF8F8,0xF8F8,0xF8F8,0x565F,0x567F,0x55FF,0xF8F8,0xF8F8,0xF8F8,0xF8F8,
  0xF8F8,0xF8F8,0xF8F8,0xF8F8,0xF8F8,0xCFFF,0xCFFF,0xF8F8,0xF8F8,0xF8F8,0xF8F8,0xF8F8,
  0xF8F8,0xF8F8,0xF8F8,0xF8F8,0xF8F8,0x657F,0xF8F8,0xF8F8,0xF8F8,0xF8F8,0xF8F8,0xF8F8,
  0xF8F8,0xF8F8,0xF8F8,0xF8F8,0x1A70,0x5C97,0xF7FF,0xF7FF,0x5436,0x0A4F,0xF8F8,0xF8F8,
  0xF8F8,0xF8F8,0xF8F8,0xF8F8,0xF8F8,0xF8F8,0xF8F8,0x6D1E,0x5D5F,0xF8F8,0xF8F8,0xF8F8,
  0xF8F8,0xF8F8,0xF8F8,0xF8F8,0xF8F8,0xF8F8,0xF8F8,0xDFFF,0xCFFF,0xF8F8,0xF8F8,0xF8F8,
  0xF8F8,0xF8F8,0xF8F8,0xF8F8,0xF8F8,0xF8F8,0xF8F8,0xF8F8,0xF8F8,0xF8F8,0xF8F8,0xF8F8,
  0xF8F8,0xF8F8,0xF8F8,0xF8F8,0xF8F8,0xF8F8,0x1271,0x7D9B,0xFFFF,0xFFFF,0x755B,0x1AB1,
  0xF8F8,0xF8F8,0xF8F8,0xF8F8,0x020C,0xF8F8,0xF8F8,0xF8F8,0xF8F8,0xF8F8,0xF8F8,0xF8F8,
  0xF8F8,0xF8F8,0xF8F8,0xF8F8,0xF8F8,0xF8F8,0xF8F8,0xF8F8,0xF8F8,0xE7FF,0xCFFF,0xF8F8,
  0xF8F8,0xF8F8,0xF8F8,0xF8F8,0xF8F8,0xF8F8,0xF8F8,0xF8F8,0xF8F8,0xF8F8,0xF8F8,0xF8F8,
  0xF8F8,0xF8F8,0xF8F8,0xF8F8,0xF8F8,0xF8F8,0xF8F8,0xF8F8,0x1250,0x961D,0xFFFF,0xFFFF,
  0x9E3D,0x1AB1,0xF8F8,0xF8F8,0x1230,0x09ED,0x0A0E,0x124E,0x1A4E,0x1AB1,0xF8F8,0x1B12,
  0x2334,0x1270,0x1AF3,0x0A6F,0xF8F8,0x0A0E,0x120F,0x1230,0xF8F8,0xF8F8,0xF8F8,0xE7FF,
  0xCFFF,0xF8F8,0xF8F8,0xF8F8,0xF8F8,0xF8F8,0xF8F8,0xF8F8,0xF8F8,0xF8F8,0xF8F8,0xF8F8,
  0xF8F8,0xF8F8,0xF8F8,0xF8F8,0xF8F8,0xF8F8,0xF8F8,0xF8F8,0xF8F8,0xF8F8,0x1250,0x9E9E,
  0xE7FF,0xEFFF,0xB6DF,0x1AB1,0xF8F8,0x1A71,0x1A50,0x0A2F,0x122C,0x0A70,0xF8F8,0x1A91,
  0xF8F8,0x1AD2,0x1AB0,0x1290,0x1270,0x0A6F,0x0A2E,0x0A4F,0x01CC,0x022E,0xF8F8,0xF8F8,
  0xF8F8,0xEFFF,0xD7FF,0xF8F8,0xF8F8,0xF8F8,0xF8F8,0xF8F8,0xF8F8,0xF8F8,0xF8F8,0xF8F8,
  0xF8F8,0xF8F8,0xF8F8,0xF8F8,0xF8F8,0xF8F8,0xF8F8,0xF8F8,0xF8F8,0xF8F8,0xF8F8,0xF8F8,
  0x122F,0x1A70,0x1A90,0x1AB1,0x1AD2,0x1A91,0xF8F8,0x1A4E,0x1A91,0x122F,0x1A70,0x0A6F,
  0x11ED,0x0A4F,0xF8F8,0x1270,0x120C,0x026F,0x0A2F,0x0A4E,0xF8F8,0x022E,0x0A2E,0x09EE,
  0xF8F8,0xF8F8,0xF8F8,0xD7FF,0xDFFF,0xF8F8,0xF8F8,0xF8F8,0xF8F8,0xF8F8,0xF8F8,0xF8F8,
  0xF8F8,0xF8F8,0xF8F8,0xF8F8,0xF8F8,0xF8F8,0xF8F8,0xF8F8,0xF8F8,0xF8F8,0xF8F8,0xF8F8,
  0xF8F8,0xF8F8,0xF8F8,0x116B,0x09CD,0x21AC,0x09CD,0xF8F8,0xF8F8,0xF8F8,0xF8F8,0xF8F8,
  0xF8F8,0xF8F8,0xF8F8,0xF8F8,0xF8F8,0xF8F8,0xF8F8,0xF8F8,0xF8F8,0xF8F8,0xF8F8,0xF8F8,
  0xF8F8,0xF8F8,0xF8F8,0xF8F8,0xF8F8,0xCFFF,0xE7FF,0xF8F8,0xF8F8,0xF8F8,0xF8F8,0xF8F8,
  0xF8F8,0xF8F8,0xF8F8,0xF8F8,0xF8F8,0xF8F8,0xF8F8,0xF8F8,0xF8F8,0xF8F8,0xF8F8,0xF8F8,
  0xF8F8,0xF8F8,0xF8F8,0xF8F8,0xF8F8,0xF8F8,0xF8F8,0xF8F8,0xF8F8,0xF8F8,0xF8F8,0xF8F8,
  0xF8F8,0xF8F8,0xF8F8,0xF8F8,0xF8F8,0xF8F8,0xF8F8,0xF8F8,0xF8F8,0xF8F8,0xF8F8,0xF8F8,
  0xF8F8,0xF8F8,0xF8F8,0xF8F8,0xF8F8,0xF8F8,0xF8F8,0xCFFF,0xE7FF,0xF8F8,0xF8F8,0xF8F8,
  0xF8F8,0xF8F8,0xF8F8,0xF8F8,0xF8F8,0xF8F8,0xF8F8,0xF8F8,0xF8F8,0xF8F8,0xF8F8,0xF8F8,
  0xF8F8,0xF8F8,0xF8F8,0xF8F8,0xF8F8,0xF8F8,0xF8F8,0xF8F8,0xF8F8,0xF8F8,0xF8F8,0xF8F8,
  0xF8F8,0xF8F8,0xF8F8,0xF8F8,0xF8F8,0xF8F8,0xF8F8,0xF8F8,0xF8F8,0xF8F8,0xF8F8,0xF8F8,
  0xF8F8,0xF8F8,0xF8F8,0xF8F8,0xF8F8,0xF8F8,0xF8F8,0xF8F8,0xF8F8,0xC7FF,0xDFFF,0xF8F8,
  0xF8F8,0xF8F8,0xF8F8,0xF8F8,0xF8F8,0xF8F8,0xF8F8,0xF8F8,0xF8F8,0xF8F8,0xF8F8,0xF8F8,
  0xF8F8,0xF8F8,0xF8F8,0xF8F8,0xF8F8,0xF8F8,0xF8F8,0xF8F8,0xF8F8,0xF8F8,0xF8F8,0xF8F8,
  0xF8F8,0xF8F8,0xF8F8,0xF8F8,0xF8F8,0xF8F8,0xF8F8,0xF8F8,0xF8F8,0xF8F8,0xF8F8,0xF8F8,
  0xF8F8,0xF8F8,0xF8F8,0xF8F8,0xF8F8,0xF8F8,0xF8F8,0xF8F8,0xF8F8,0xF8F8,0xF8F8,0xCFFF,
  0xCFFF,0xF8F8,0xF8F8,0xF8F8,0xF8F8,0xF8F8,0xF8F8,0xF8F8,0xF8F8,0xF8F8,0xF8F8,0xF8F8,
  0xF8F8,0xF8F8,0xF8F8,0xF8F8,0xF8F8,0xF8F8,0xF8F8,0xF8F8,0xF8F8,0xF8F8,0xF8F8,0xF8F8,
  0xF8F8,0xF8F8,0xF8F8,0xF8F8,0xF8F8,0xF8F8,0xF8F8,0xF8F8,0xF8F8,0xF8F8,0xF8F8,0xF8F8,
  0xF8F8,0xF8F8,0xF8F8,0xF8F8,0xF8F8,0xF8F8,0xF8F8,0xF8F8,0xF8F8,0xF8F8,0xF8F8,0xF8F8,
  0xF8F8,0xD7FF,0xD7FF,0xCFFF,0xCFFF,0xCFFF,0xDFFF,0xE7FF,0xEFFF,0xE7FF,0xE7FF,0xDFFF,
  0xD7FF,0xD7FF,0xD7FF,0xCFFF,0xCFFF,0xCFFF,0xD7FF,0xD7FF,0xD7FF,0xD7FF,0xD7FF,0xDFFF,
  0xDFFF,0xDFFF,0xDFFF,0xDFFF,0xE7FF,0xE7FF,0xE7FF,0xE7FF,0xDFFF,0xCFFF,0xC7FF,0xC7FF,
  0xCFFF,0xDFFF,0xE7FF,0xDFFF,0xDFFF,0xDFFF,0xD7FF,0xD7FF,0xCFFF,0xCFFF,0xCFFF,0xCFFF,
  0xDFFF,0xEFFF,0xE7FF,0xEFFF,
};

// 05_router_signal-removebg-preview (Custom)  (53% transparent)
const uint16_t wh_icon_04[2500] PROGMEM = {
  0xDFFF,0xDFFF,0xD7FF,0xCFFF,0xD7FF,0xCFFF,0xCFFF,0xCFFF,0xD7FF,0xE7FF,0xE7FF,0xE7FF,
  0xDFFF,0xDFFF,0xDFFF,0xDFFF,0xD7FF,0xCFFF,0xCFFF,0xCFFF,0xCFFF,0xC7FF,0xC7FF,0xD7FF,
  0xE7FF,0xE7FF,0xDFFF,0xE7FF,0xDFFF,0xE7FF,0xDFFF,0xDFFF,0xD7FF,0xD7FF,0xCFFF,0xCFFF,
  0xC7FF,0xCFFF,0xCFFF,0xDFFF,0xE7FF,0xE7FF,0xE7FF,0xEFFF,0xE7FF,0xE7FF,0xE7FF,0xD7FF,
  0xCFFF,0xD7FF,0xE7FF,0xFFFF,0xEFFF,0xF7FF,0xF7FF,0xF7FF,0xFFFF,0xF7FF,0xFFFF,0xFFFF,
  0xFFFF,0xFFFF,0xFFFF,0xF8F8,0xFFFF,0xFFFF,0xFFFF,0xEFFF,0xFFFF,0xF7FF,0xFFFF,0xEFFF,
  0xFFFF,0xF7FF,0xFFFF,0xFFFF,0xF8F8,0xF8F8,0xF8F8,0xF8F8,0xF8F8,0xFFFF,0xFFFF,0xFFFF,
  0xFFFF,0xEFFF,0xFFFF,0xF7FF,0xFFFF,0xFFFF,0xFFFF,0xFFFF,0xFFFF,0xFFFF,0xFFFF,0xFFFF,
  0xFFFF,0xFFFF,0xF7FF,0xD7FF,0xE7FF,0xF8F8,0xF8F8,0xF8F8,0xF8F8,0xF8F8,0xF8F8,0xF8F8,
  0xF8F8,0xF8F8,0xF8F8,0xF8F8,0xF8F8,0xF8F8,0xF8F8,0xF8F8,0xF8F8,0xF8F8,0xF8F8,0xF8F8,
  0xF8F8,0xF8F8,0xF8F8,0xF8F8,0xF8F8,0xF8F8,0xF8F8,0xF8F8,0xF8F8,0xF8F8,0xF8F8,0xF8F8,
  0xF8F8,0xF8F8,0xF8F8,0xF8F8,0xF8F8,0xF8F8,0xF8F8,0xF8F8,0xF8F8,0xF8F8,0xF8F8,0xF8F8,
  0xF8F8,0xF8F8,0xF8F8,0xF8F8,0xF8F8,0xD7FF,0xE7FF,0xF8F8,0xF8F8,0xF8F8,0xF8F8,0xF8F8,
  0xF8F8,0xF8F8,0xF8F8,0xF8F8,0xF8F8,0xF8F8,0xF8F8,0xF8F8,0xF8F8,0xF8F8,0xF8F8,0xF8F8,
  0xF8F8,0xF8F8,0xF8F8,0xF8F8,0xF8F8,0xF8F8,0xF8F8,0xF8F8,0xF8F8,0xF8F8,0xF8F8,0xF8F8,
  0xF8F8,0xF8F8,0xF8F8,0xF8F8,0xF8F8,0xF8F8,0xF8F8,0xF8F8,0xF8F8,0xF8F8,0xF8F8,0xF8F8,
  0xF8F8,0xF8F8,0xF8F8,0xF8F8,0xF8F8,0xF8F8,0xF8F8,0xDFFF,0xDFFF,0xF8F8,0xF8F8,0xF8F8,
  0xF8F8,0xF8F8,0xF8F8,0xF8F8,0xF8F8,0xF8F8,0xF8F8,0xF8F8,0xF8F8,0xF8F8,0xF8F8,0xF8F8,
  0xF8F8,0xF8F8,0xF8F8,0xF8F8,0xF8F8,0xF8F8,0xF8F8,0xF8F8,0xF8F8,0xF8F8,0xF8F8,0xF8F8,
  0xF8F8,0xF8F8,0xF8F8,0xF8F8,0xF8F8,0xF8F8,0xF8F8,0xF8F8,0xF8F8,0xF8F8,0xF8F8,0xF8F8,
  0xF8F8,0xF8F8,0xF8F8,0xF8F8,0xF8F8,0xF8F8,0xF8F8,0xF8F8,0xF8F8,0xDFFF,0xDFFF,0xF8F8,
  0xF8F8,0xF8F8,0xF8F8,0xF8F8,0xF8F8,0xF8F8,0xF8F8,0xF8F8,0xF8F8,0xF8F8,0xF8F8,0xF8F8,
  0xF8F8,0xF8F8,0xF8F8,0xF8F8,0xF8F8,0xF8F8,0xF8F8,0x7EDF,0x6EBF,0x66BF,0x669F,0x5E9F,
  0x567F,0x5E7F,0x6E5F,0xF8F8,0xF8F8,0xF8F8,0xF8F8,0xF8F8,0xF8F8,0xF8F8,0xF8F8,0xF8F8,
  0xF8F8,0xF8F8,0xF8F8,0xF8F8,0xF8F8,0xF8F8,0xF8F8,0xF8F8,0xF8F8,0xF8F8,0xF8F8,0xE7FF,
  0xDFFF,0xF8F8,0xF8F8,0xF8F8,0xF8F8,0xF8F8,0xF8F8,0xF8F8,0xF8F8,0xF8F8,0xF8F8,0xF8F8,
  0xF8F8,0xF8F8,0xF8F8,0xF8F8,0xF8F8,0xF8F8,0xF8F8,0x6EBF,0x5EBF,0x5EBF,0x5EBF,0x5EBF,
  0x5EBF,0x5E9F,0x569F,0x567F,0x4E9F,0x569F,0x5E9F,0x671F,0xF8F8,0xF8F8,0xF8F8,0xF8F8,
  0xF8F8,0xF8F8,0xF8F8,0xF8F8,0xF8F8,0xF8F8,0xF8F8,0xF8F8,0xF8F8,0xF8F8,0xF8F8,0xF8F8,
  0xF8F8,0xE7FF,0xDFFF,0xF8F8,0xF8F8,0xF8F8,0xF8F8,0xF8F8,0xF8F8,0xF8F8,0xF8F8,0xF8F8,
  0xF8F8,0xF8F8,0xF8F8,0xF8F8,0xF8F8,0xF8F8,0xF8F8,0x663F,0x565F,0x569F,0x569F,0x6EBF,
  0x86BF,0xF8F8,0xF8F8,0xF8F8,0xF8F8,0x86FF,0x665F,0x5E9F,0x5EBF,0x5EDF,0x6EBF,0xF8F8,
  0xF8F8,0xF8F8,0xF8F8,0xF8F8,0xF8F8,0xF8F8,0xF8F8,0xF8F8,0xF8F8,0xF8F8,0xF8F8,0xF8F8,
  0xF8F8,0xF8F8,0xF8F8,0xE7FF,0xDFFF,0xF8F8,0xF8F8,0xF8F8,0xF8F8,0xF8F8,0xF8F8,0xF8F8,
  0xF8F8,0xF8F8,0xF8F8,0xF8F8,0xF8F8,0xF8F8,0xF8F8,0xF8F8,0x665F,0x4E5F,0x4E3F,0x5E3F,
  0xF8F8,0xF8F8,0xF8F8,0x867F,0x76BF,0x769F,0x86BF,0xF8F8,0xF8F8,0xF8F8,0x7EDF,0x5EBF,
  0x5EDF,0x6E9F,0xF8F8,0xF8F8,0xF8F8,0xF8F8,0xF8F8,0xF8F8,0xF8F8,0xF8F8,0xF8F8,0xF8F8,
  0xF8F8,0xF8F8,0xF8F8,0xF8F8,0xF8F8,0xE7FF,0xE7FF,0xF8F8,0xF8F8,0xF8F8,0xF8F8,0xF8F8,
  0xF8F8,0xF8F8,0xF8F8,0xF8F8,0xF8F8,0xF8F8,0xF8F8,0xF8F8,0xF8F8,0x6E9F,0x567F,0x5E3F,
  0x75BF,0xF8F8,0x765F,0x5EBF,0x5E9F,0x56BF,0x5EDF,0x571F,0x5EFF,0x66FF,0x6EFF,0x7EDF,
  0xF8F8,0xF8F8,0x66BF,0x569F,0x5E5F,0xF8F8,0xF8F8,0xF8F8,0xF8F8,0xF8F8,0xF8F8,0xF8F8,
  0xF8F8,0xF8F8,0xF8F8,0xF8F8,0xF8F8,0xF8F8,0xF8F8,0xD7FF,0xE7FF,0xF8F8,0xF8F8,0xF8F8,
  0xF8F8,0xF8F8,0xF8F8,0xF8F8,0xF8F8,0xF8F8,0xF8F8,0xF8F8,0xF8F8,0xF8F8,0x6E9F,0x56BF,
  0x5E9F,0xF8F8,0xF8F8,0x669F,0x567F,0x56BF,0x5E9F,0x5E9F,0x6EBF,0x7EDF,0x6EFF,0x6EFF,
  0x66FF,0x5F1F,0x76FF,0xF8F8,0xF8F8,0x5E3F,0x4E3F,0x661F,0xF8F8,0xF8F8,0xF8F8,0xF8F8,
  0xF8F8,0xF8F8,0xF8F8,0xF8F8,0xF8F8,0xF8F8,0xF8F8,0xF8F8,0xF8F8,0xD7FF,0xE7FF,0xF8F8,
  0xF8F8,0xF8F8,0xF8F8,0xF8F8,0xF8F8,0xF8F8,0xF8F8,0xF8F8,0xF8F8,0xF8F8,0xF8F8,0xF8F8,
  0x5E9F,0x569F,0x769F,0xF8F8,0x6EFF,0x5EDF,0x5E9F,0x6E9F,0xF8F8,0xF8F8,0xF8F8,0xF8F8,
  0xF8F8,0xF8F8,0xF8F8,0x76DF,0x5EDF,0x5E9F,0xF8F8,0xF8F8,0x563F,0x4E3F,0x763F,0xF8F8,
  0xF8F8,0xF8F8,0xF8F8,0xF8F8,0xF8F8,0xF8F8,0xF8F8,0xF8F8,0xF8F8,0xF8F8,0xF8F8,0xD7FF,
  0xE7FF,0xF8F8,0xF8F8,0xF8F8,0xF8F8,0xF8F8,0xF8F8,0xF8F8,0xF8F8,0xF8F8,0xF8F8,0xF8F8,
  0xF8F8,0x5E5F,0x4E7F,0x5E7F,0xF8F8,0x6EFF,0x5EFF,0x6EDF,0xF8F8,0xF8F8,0x97FF,0x87FF,
  0x87FF,0x8FFF,0x97FF,0x97FF,0xF8F8,0xF8F8,0x66BF,0x56BF,0x5E7F,0xF8F8,0x663F,0x4E5F,
  0x5E5F,0xF8F8,0xF8F8,0xF8F8,0xF8F8,0xF8F8,0xF8F8,0xF8F8,0xF8F8,0xF8F8,0xF8F8,0xF8F8,
  0xF8F8,0xD7FF,0xE7FF,0xF8F8,0xF8F8,0xF8F8,0xF8F8,0xF8F8,0xF8F8,0xF8F8,0xF8F8,0xF8F8,
  0xF8F8,0xF8F8,0xF8F8,0x563F,0x4E3F,0xF8F8,0xF8F8,0x5EBF,0x66DF,0xF8F8,0xF8F8,0x9FFF,
  0x8FFF,0x8FFF,0x8FFF,0x8FFF,0x87FF,0x7FFF,0x87FF,0x9FDF,0xF8F8,0x5E9F,0x56BF,0x6E7F,
  0xF8F8,0x5E9F,0x56BF,0xF8F8,0xF8F8,0xF8F8,0xF8F8,0xF8F8,0xF8F8,0xF8F8,0xF8F8,0xF8F8,
  0xF8F8,0xF8F8,0xF8F8,0xDFFF,0xE7FF,0xF8F8,0xF8F8,0xF8F8,0xF8F8,0xF8F8,0xF8F8,0xF8F8,
  0xF8F8,0xF8F8,0xF8F8,0xF8F8,0x767F,0x465F,0x563F,0xF8F8,0x5E7F,0x567F,0x669F,0xF8F8,
  0xA7FF,0x97FF,0x9FFF,0xF8F8,0xF8F8,0xF8F8,0xF8F8,0x8FFF,0x77FF,0x7FFF,0xF8F8,0xF8F8,
  0x5EBF,0x66FF,0xF8F8,0x6E9F,0x56BF,0x6E7F,0xF8F8,0xF8F8,0xF8F8,0xF8F8,0xF8F8,0xF8F8,
  0xF8F8,0xF8F8,0xF8F8,0xF8F8,0xF8F8,0xE7FF,0xD7FF,0xF8F8,0xF8F8,0xF8F8,0xF8F8,0xF8F8,
  0xF8F8,0xF8F8,0xF8F8,0xF8F8,0xF8F8,0xF8F8,0x6E7F,0x567F,0x6E3F,0xF8F8,0x5E7F,0x5E5F,
  0xF8F8,0x9FFF,0x87FF,0x97FF,0xF8F8,0xF8F8,0x6E7F,0x767F,0xF8F8,0xF8F8,0x8FFF,0x7FFF,
  0x87FF,0xF8F8,0x6EFF,0x5F1F,0x877F,0xF8F8,0x567F,0x5E7F,0xF8F8,0xF8F8,0xF8F8,0xF8F8,
  0xF8F8,0xF8F8,0xF8F8,0xF8F8,0xF8F8,0xF8F8,0xF8F8,0xE7FF,0xD7FF,0xF8F8,0xF8F8,0xF8F8,
  0xF8F8,0xF8F8,0xF8F8,0xF8F8,0xF8F8,0xF8F8,0xF8F8,0xF8F8,0x5E7F,0x567F,0x85FF,0xF8F8,
  0x567F,0x5E9F,0xF8F8,0x87BF,0x7FDF,0x9FDF,0xF8F8,0x669F,0x56BF,0x56DF,0x66FF,0xF8F8,
  0xF8F8,0x87FF,0x87FF,0xF8F8,0x7EFF,0x5F1F,0x7EDF,0xF8F8,0x5E7F,0x563F,0xF8F8,0xF8F8,
  0xF8F8,0xF8F8,0xF8F8,0xF8F8,0xF8F8,0xF8F8,0xF8F8,0xF8F8,0xF8F8,0xE7FF,0xDFFF,0xF8F8,
  0xF8F8,0xF8F8,0xF8F8,0xF8F8,0xF8F8,0xF8F8,0xF8F8,0xF8F8,0xF8F8,0xF8F8,0x5E3F,0x4E3F,
  0xF8F8,0xF8F8,0x569F,0x669F,0xF8F8,0x87FF,0x87FF,0xF8F8,0x669F,0x569F,0x56BF,0x56BF,
  0x5EDF,0x6EDF,0xF8F8,0x97FF,0x97FF,0xF8F8,0x7EDF,0x5EDF,0x66BF,0xF8F8,0x563F,0x4E3F,
  0xF8F8,0xF8F8,0xF8F8,0xF8F8,0xF8F8,0xF8F8,0xF8F8,0xF8F8,0xF8F8,0xF8F8,0xF8F8,0xDFFF,
  0xDFFF,0xF8F8,0xF8F8,0xF8F8,0xF8F8,0xF8F8,0xF8F8,0xF8F8,0xF8F8,0xF8F8,0xF8F8,0xF8F8,
  0x563F,0x4E1F,0xF8F8,0xF8F8,0x569F,0x6EBF,0xF8F8,0x97FF,0x97FF,0xF8F8,0x7E5F,0x56BF,
  0x56BF,0x56BF,0x5EDF,0x6EBF,0xF8F8,0x97FF,0x8FFF,0xF8F8,0x86BF,0x569F,0x5E5F,0xF8F8,
  0x4E1F,0x4E1F,0xF8F8,0xF8F8,0xF8F8,0xF8F8,0xF8F8,0xF8F8,0xF8F8,0xF8F8,0xF8F8,0xF8F8,
  0xF8F8,0xDFFF,0xE7FF,0xF8F8,0xF8F8,0xF8F8,0xF8F8,0xF8F8,0xF8F8,0xF8F8,0xF8F8,0xF8F8,
  0xF8F8,0xF8F8,0x563F,0x4E3F,0x661F,0xF8F8,0x669F,0x6EDF,0xF8F8,0x97FF,0x8FFF,0xA7FF,
  0xF8F8,0x66BF,0x5EDF,0x56DF,0x5EBF,0xF8F8,0xF8F8,0x8FFF,0x8FFF,0xF8F8,0x6E7F,0x569F,
  0x6E3F,0xF8F8,0x4E1F,0x4E1F,0xF8F8,0xF8F8,0xF8F8,0xF8F8,0xF8F8,0xF8F8,0xF8F8,0xF8F8,
  0xF8F8,0xF8F8,0xF8F8,0xDFFF,0xDFFF,0xF8F8,0xF8F8,0xF8F8,0xF8F8,0xF8F8,0xF8F8,0xF8F8,
  0xF8F8,0xF8F8,0xF8F8,0xF8F8,0x667F,0x567F,0x6E5F,0xF8F8,0x6EDF,0x5EBF,0xF8F8,0x9FFF,
  0x87FF,0x97FF,0xF8F8,0xF8F8,0x76BF,0x6EBF,0xF8F8,0xF8F8,0x877F,0x77BF,0x877F,0xF8F8,
  0x5E7F,0x4E7F,0x7E5F,0xF8F8,0x4E1F,0x563F,0xF8F8,0xF8F8,0xF8F8,0xF8F8,0xF8F8,0xF8F8,
  0xF8F8,0xF8F8,0xF8F8,0xF8F8,0xF8F8,0xCFFF,0xDFFF,0xF8F8,0xF8F8,0xF8F8,0xF8F8,0xF8F8,
  0xF8F8,0xF8F8,0x22D1,0x1A92,0x1AB1,0x22F0,0xF8F8,0x567F,0x669F,0xF8F8,0x669F,0x569F,
  0x6E5F,0xF8F8,0x9FFF,0x97FF,0xAFFF,0xF8F8,0xF8F8,0xF8F8,0xF8F8,0xF8F8,0x7F9F,0x7F9F,
  0xF8F8,0xF8F8,0x565F,0x567F,0xF8F8,0x6E5F,0x569F,0x6E5F,0xF8F8,0x22B1,0x1AD1,0x2AD2,
  0xF8F8,0xF8F8,0xF8F8,0xF8F8,0xF8F8,0xF8F8,0xF8F8,0xCFFF,0xDFFF,0xF8F8,0xF8F8,0xF8F8,
  0xF8F8,0xF8F8,0xF8F8,0x32D1,0x1AF3,0x859B,0xC73F,0xDFBF,0xF8F8,0x5E7F,0x5E5F,0xF8F8,
  0xF8F8,0x567F,0x5EBF,0xF8F8,0xF8F8,0xF8F8,0xF8F8,0xF8F8,0xF8F8,0xF8F8,0xF8F8,0xF8F8,
  0xF8F8,0xF8F8,0xF8F8,0x5E5F,0x567F,0x6E7F,0xF8F8,0x667F,0x567F,0xF8F8,0xAE7D,0x85DC,
  0x755A,0x22F3,0x22F2,0xF8F8,0xF8F8,0xF8F8,0xF8F8,0xF8F8,0xF8F8,0xCFFF,0xE7FF,0xF8F8,
  0xF8F8,0xF8F8,0xF8F8,0xF8F8,0xF8F8,0x22F1,0x64B8,0xFFFF,0xFFFF,0xFFFF,0xF8F8,0x6E3F,
  0x4E3F,0x5E1F,0xF8F8,0x6E9F,0x5EDF,0x6EDF,0xF8F8,0xF8F8,0xF8F8,0xF8F8,0xF8F8,0xF8F8,
  0xF8F8,0xF8F8,0xF8F8,0xF8F8,0x7E9F,0x56DF,0x6EBF,0xF8F8,0x661F,0x4E3F,0x563F,0xF8F8,
  0xEFFF,0xEFFF,0xF7FF,0x7D9B,0x1AF2,0xF8F8,0xF8F8,0xF8F8,0xF8F8,0xF8F8,0xF8F8,0xD7FF,
  0xE7FF,0xF8F8,0xF8F8,0xF8F8,0xF8F8,0xF8F8,0xF8F8,0x1A91,0x859B,0xFFFF,0xF7FF,0xEFFF,
  0xEFFF,0xF8F8,0x563F,0x4E3F,0x6E3F,0xF8F8,0x76BF,0x76DF,0xF8F8,0xF8F8,0xF8F8,0xF8F8,
  0xF8F8,0xF8F8,0xF8F8,0xF8F8,0xF8F8,0xF8F8,0x7EBF,0x6E9F,0xF8F8,0xF8F8,0x55FF,0x4E1F,
  0xF8F8,0xF7FF,0xEFFF,0xF7FF,0xF7FF,0x963C,0x1AD1,0xF8F8,0xF8F8,0xF8F8,0xF8F8,0xF8F8,
  0xF8F8,0xE7FF,0xDFFF,0xF8F8,0xF8F8,0xF8F8,0xF8F8,0xF8F8,0xF8F8,0x1A91,0x7D5A,0xFFFF,
  0xEFFF,0xEFFF,0xE7FF,0xF8F8,0x5E3F,0x567F,0x5E7F,0x7E7F,0xF8F8,0xF8F8,0xF8F8,0xF8F8,
  0xF8F8,0xF8F8,0xF8F8,0xF8F8,0xF8F8,0xF8F8,0xF8F8,0xF8F8,0xF8F8,0xF8F8,0xF8F8,0x5E7F,
  0x4E5F,0x563F,0xF8F8,0xEFFF,0xF7FF,0xF7FF,0xEFFF,0x8DDC,0x1270,0xF8F8,0xF8F8,0xF8F8,
  0xF8F8,0xF8F8,0xF8F8,0xEFFF,0xCFFF,0xF8F8,0xF8F8,0xF8F8,0xF8F8,0xF8F8,0xF8F8,0x1AB1,
  0x7D5A,0xFFFF,0xEFFF,0xEFFF,0xE7FF,0xEFFF,0xF8F8,0x6EBF,0x667F,0x767F,0xF8F8,0xF8F8,
  0xF8F8,0xF8F8,0xF8F8,0xF8F8,0xF8F8,0xF8F8,0xF8F8,0xF8F8,0xF8F8,0xF8F8,0xF8F8,0xF8F8,
  0xF8F8,0x5E3F,0x5E3F,0xF8F8,0xF7FF,0xF7FF,0xEFFF,0xEFFF,0xEFFF,0x85DB,0x126F,0xF8F8,
  0xF8F8,0xF8F8,0xF8F8,0xF8F8,0xF8F8,0xEFFF,0xDFFF,0xF8F8,0xF8F8,0xF8F8,0xF8F8,0xF8F8,
  0xF8F8,0x1AB0,0x7D5A,0xFFFF,0xEFFF,0xEFFF,0xEFFF,0xF7FF,0xF7FF,0xF8F8,0xF8F8,0xF8F8,
  0xF8F8,0xF8F8,0xF8F8,0xF8F8,0xF8F8,0xF8F8,0xF8F8,0xF8F8,0xF8F8,0xF8F8,0xF8F8,0xF8F8,
  0xF8F8,0xF8F8,0xF8F8,0xF8F8,0xF8F8,0xF7FF,0xF7FF,0xF7FF,0xEFFF,0xEFFF,0xEFFF,0x85DC,
  0x1270,0xF8F8,0xF8F8,0xF8F8,0xF8F8,0xF8F8,0xF8F8,0xE7FF,0xE7FF,0xF8F8,0xF8F8,0xF8F8,
  0xF8F8,0xF8F8,0xF8F8,0x1A90,0x7D5A,0xFFFF,0xEFFF,0xEFFF,0xEFFF,0xF7FF,0xF7FF,0xF7FF,
  0xF8F8,0xF8F8,0xF8F8,0xF8F8,0xF8F8,0xF8F8,0xF8F8,0xF8F8,0xF8F8,0xF8F8,0xF8F8,0xF8F8,
  0xF8F8,0xF8F8,0xF8F8,0xF8F8,0xF8F8,0xF8F8,0xEFFF,0xEFFF,0xF7FF,0xEFFF,0xEFFF,0xEFFF,
  0xEFFF,0x85DC,0x1270,0xF8F8,0xF8F8,0xF8F8,0xF8F8,0xF8F8,0xF8F8,0xDFFF,0xE7FF,0xF8F8,
  0xF8F8,0xF8F8,0xF8F8,0xF8F8,0xF8F8,0x1A91,0x857A,0xFFFF,0xEFFF,0xEFFF,0xEFFF,0xEFFF,
  0xEFFF,0xEFFF,0xEFFF,0xF8F8,0xF8F8,0xF8F8,0xF8F8,0xF8F8,0xF8F8,0xF8F8,0xF8F8,0xF8F8,
  0xF8F8,0xF8F8,0xF8F8,0xF8F8,0xF8F8,0xF8F8,0xF8F8,0xE7FF,0xEFFF,0xEFFF,0xEFFF,0xEFFF,
  0xEFFF,0xEFFF,0xEFFF,0x95FC,0x1A91,0xF8F8,0xF8F8,0xF8F8,0xF8F8,0xF8F8,0xF8F8,0xDFFF,
  0xE7FF,0xF8F8,0xF8F8,0xF8F8,0xF8F8,0xF8F8,0xF8F8,0x1AB2,0x857B,0xFFFF,0xEFFF,0xEFFF,
  0xEFFF,0xEFFF,0xEFFF,0xEFFF,0xEFFF,0xEFFF,0xF7FF,0xF8F8,0xF8F8,0xF8F8,0xF8F8,0xF8F8,
  0xF8F8,0xF8F8,0xF8F8,0xF8F8,0xF8F8,0xF8F8,0xF8F8,0xFFFF,0xF7FF,0xEFFF,0xEFFF,0xEFFF,
  0xEFFF,0xEFFF,0xEFFF,0xEFFF,0xF7FF,0x961C,0x1AD2,0xF8F8,0xF8F8,0xF8F8,0xF8F8,0xF8F8,
  0xF8F8,0xD7FF,0xDFFF,0xF8F8,0xF8F8,0xF8F8,0xF8F8,0xF8F8,0xF8F8,0x1AF2,0x857B,0xFFFF,
  0xEFFF,0xEFFF,0xEFFF,0xEFFF,0xEFFF,0xEFFF,0xEFFF,0xEFFF,0xEFFF,0xF7FF,0xEFFF,0xF7FF,
  0xF8F8,0xF8F8,0xF8F8,0xF8F8,0xF8F8,0xF8F8,0xFFFF,0xF7FF,0xF7FF,0xF7FF,0xF7FF,0xEFFF,
  0xEFFF,0xEFFF,0xEFFF,0xEFFF,0xEFFF,0xEFFF,0xF7FF,0x961D,0x1AD2,0xF8F8,0xF8F8,0xF8F8,
  0xF8F8,0xF8F8,0xF8F8,0xD7FF,0xDFFF,0xF8F8,0xF8F8,0xF8F8,0xF8F8,0xF8F8,0xF8F8,0x1AF2,
  0x857A,0xFFFF,0xEFFF,0xEFFF,0xEFFF,0xEFFF,0xEFFF,0xEFFF,0xEFFF,0xEFFF,0xEFFF,0xEFFF,
  0xEFFF,0xEFFF,0xEFFF,0xE7FF,0xEFFF,0xEFFF,0xEFFF,0xEFFF,0xEFFF,0xF7FF,0xEFFF,0xEFFF,
  0xEFFF,0xEFFF,0xEFFF,0xEFFF,0xEFFF,0xEFFF,0xEFFF,0xEFFF,0xEFFF,0x8E1C,0x1AD2,0xF8F8,
  0xF8F8,0xF8F8,0xF8F8,0xF8F8,0xF8F8,0xD7FF,0xDFFF,0xF8F8,0xF8F8,0xF8F8,0xF8F8,0xF8F8,
  0xF8F8,0x1AB2,0x857B,0xFFFF,0xEFFF,0xEFFF,0xEFFF,0xEFFF,0xEFFF,0xEFFF,0xEFFF,0xEFFF,
  0xEFFF,0xEFFF,0xEFFF,0xEFFF,0xEFFF,0xEFFF,0xEFFF,0xEFFF,0xEFFF,0xEFFF,0xEFFF,0xEFFF,
  0xEFFF,0xEFFF,0xEFFF,0xEFFF,0xEFFF,0xEFFF,0xEFFF,0xEFFF,0xEFFF,0xEFFF,0xEFFF,0x8DFC,
  0x1AD2,0xF8F8,0xF8F8,0xF8F8,0xF8F8,0xF8F8,0xF8F8,0xDFFF,0xDFFF,0xF8F8,0xF8F8,0xF8F8,
  0xF8F8,0xF8F8,0xF8F8,0x1291,0x857A,0xFFFF,0xEFFF,0xEFFF,0xEFFF,0xEFFF,0xEFFF,0xEFFF,
  0xEFFF,0xEFFF,0xEFFF,0xEFFF,0xEFFF,0xEFFF,0xEFFF,0xEFFF,0xEFFF,0xEFFF,0xEFFF,0xEFFF,
  0xEFFF,0xEFFF,0xEFFF,0xEFFF,0xEFFF,0xEFFF,0xEFFF,0xEFFF,0xEFFF,0xEFFF,0xEFFF,0xEFFF,
  0xEFFF,0x85DC,0x1A91,0xF8F8,0xF8F8,0xF8F8,0xF8F8,0xF8F8,0xF8F8,0xE7FF,0xE7FF,0xF8F8,
  0xF8F8,0xF8F8,0xF8F8,0xF8F8,0xF8F8,0x1290,0x7D7A,0xFFFF,0xEFFF,0xEFFF,0xEFFF,0xEFFF,
  0xEFFF,0xEFFF,0xEFFF,0xEFFF,0xEFFF,0xEFFF,0xEFFF,0xEFFF,0xEFFF,0xEFFF,0xEFFF,0xEFFF,
  0xEFFF,0xEFFF,0xEFFF,0xEFFF,0xEFFF,0xEFFF,0xEFFF,0xEFFF,0xEFFF,0xEFFF,0xEFFF,0xEFFF,
  0xEFFF,0xEFFF,0xEFFF,0x85BB,0x126F,0xF8F8,0xF8F8,0xF8F8,0xF8F8,0xF8F8,0xF8F8,0xEFFF,
  0xDFFF,0xF8F8,0xF8F8,0xF8F8,0xF8F8,0xF8F8,0xF8F8,0x1A90,0x1AB1,0x22F2,0x1AF1,0x22F2,
  0x1AF2,0x1AF2,0x22F1,0x1AF1,0x1AF1,0x1AF2,0x1AD2,0x1AD1,0x1AD2,0x1AD2,0x22D1,0x22D1,
  0x22D1,0x22D2,0x22D2,0x22D2,0x1AD2,0x1AD2,0x1AD2,0x22D2,0x1AD2,0x1AD2,0x1AD1,0x1AD2,
  0x1AF1,0x22F2,0x22F2,0x22F2,0x22D1,0x1A90,0x1A70,0xF8F8,0xF8F8,0xF8F8,0xF8F8,0xF8F8,
  0xF8F8,0xEFFF,0xE7FF,0xF8F8,0xF8F8,0xF8F8,0xF8F8,0xF8F8,0xF8F8,0x1A91,0x1291,0x1291,
  0x1AB1,0x1AB1,0x12B2,0x1AD1,0x1AB1,0x1AB1,0x1AB1,0x1AB1,0x1AB1,0x1AB1,0x1AB1,0x1AB1,
  0x1AB1,0x1AB1,0x1AB1,0x1AB1,0x1AB1,0x1AB1,0x1AB1,0x1AB1,0x1AB1,0x1AB1,0x1AB1,0x1AB1,
  0x1AB1,0x1AB1,0x12D1,0x1AB1,0x1AB1,0x1AB1,0x1291,0x1291,0x1A90,0xF8F8,0xF8F8,0xF8F8,
  0xF8F8,0xF8F8,0xF8F8,0xE7FF,0xE7FF,0xF8F8,0xF8F8,0xF8F8,0xF8F8,0xF8F8,0xF8F8,0x22D1,
  0x1AD1,0x12B1,0x12B1,0x1AB1,0x1AB1,0x1AB1,0x1AB1,0x1AB1,0x1AB1,0x1AB2,0x1AB1,0x1AB1,
  0x1AB1,0x1AB1,0x1AB1,0x1AB1,0x1AB1,0x1AB1,0x12B1,0x1AB1,0x1AB1,0x1AB1,0x1AB1,0x1AB1,
  0x1AB1,0x1AB1,0x1AB1,0x1AB1,0x1AB1,0x1AB1,0x12B1,0x1291,0x1291,0x1AD1,0x1AD2,0xF8F8,
  0xF8F8,0xF8F8,0xF8F8,0xF8F8,0xF8F8,0xDFFF,0xE7FF,0xF8F8,0xF8F8,0xF8F8,0xF8F8,0xF8F8,
  0xF8F8,0x1AB1,0x1AD2,0x1AD2,0x1AB2,0x1AB1,0x1AB1,0x1AB1,0x1AB1,0x1AB1,0x1A91,0x1AB1,
  0x1AB1,0x1AB1,0x1AB1,0x1A91,0x1AB1,0x1AB1,0x1AB1,0x1AB1,0x1AB1,0x1AB1,0x1AB1,0x1AB1,
  0x1AB1,0x1AB1,0x12B1,0x12B1,0x12B1,0x1291,0x1291,0x1291,0x1291,0x1291,0x1AB2,0x1AF2,
  0x1AD2,0xF8F8,0xF8F8,0xF8F8,0xF8F8,0xF8F8,0xF8F8,0xDFFF,0xE7FF,0xF8F8,0xF8F8,0xF8F8,
  0xF8F8,0xF8F8,0xF8F8,0x1AB1,0x7D7A,0xFFFF,0xDFFF,0xD7DF,0xD7FF,0xD7DF,0xD7DF,0xD7DF,
  0xD7BF,0xD7DF,0xD7BF,0xD7BF,0xD7BF,0xD7BF,0xD7BF,0xD7BF,0xD7BF,0xD7DF,0xCFDF,0xCFDF,
  0xD7DF,0xD7DF,0xD7DF,0xD7DF,0xD7DF,0xD7DF,0xD7BF,0xD7BF,0xD7DF,0xD7BF,0xD7DF,0xDFDF,
  0xDFFF,0x8DFC,0x1AD2,0xF8F8,0xF8F8,0xF8F8,0xF8F8,0xF8F8,0xF8F8,0xDFFF,0xE7FF,0xF8F8,
  0xF8F8,0xF8F8,0xF8F8,0xF8F8,0xF8F8,0x1AF2,0x7D5A,0xFFFF,0xF7FF,0xF7FF,0xFFFF,0xFFFF,
  0xF7FF,0xF7FF,0xF7FF,0xF7FF,0xF7FF,0xF7FF,0xF7FF,0xF7FF,0xF7FF,0xF7FF,0xF7FF,0xF7FF,
  0xF7FF,0xF7FF,0xF7FF,0xF7FF,0xF7FF,0xF7FF,0xF7FF,0xF7FF,0xF7FF,0xF7FF,0xF7FF,0xF7FF,
  0xFFFF,0xFFFF,0xFFFF,0x95FC,0x1AD2,0xF8F8,0xF8F8,0xF8F8,0xF8F8,0xF8F8,0xF8F8,0xDFFF,
  0xDFFF,0xF8F8,0xF8F8,0xF8F8,0xF8F8,0xF8F8,0xF8F8,0x22D1,0x1AB2,0xA65E,0xAEBF,0xA67E,
  0xAE9E,0xAE9E,0xAEBE,0xAEBE,0xAEBE,0xAEBE,0xAE9E,0xAEBE,0xAE9E,0xA69E,0xAE9E,0xAE9E,
  0xAE9E,0xA6BE,0xAEBE,0xAEBE,0xAEBF,0xAEBF,0xAEBE,0xAEBE,0xAEBE,0xAEBE,0xAE9E,0xAE9F,
  0xAE9E,0xAE7E,0xAE7E,0xAE7E,0x9DFC,0x2B12,0x22D1,0xF8F8,0xF8F8,0xF8F8,0xF8F8,0xF8F8,
  0xF8F8,0xDFFF,0xDFFF,0xF8F8,0xF8F8,0xF8F8,0xF8F8,0xF8F8,0xF8F8,0xF8F8,0x1A6E,0x126F,
  0x1250,0x1270,0x1A91,0x1AB1,0x1AB1,0x1AB1,0x1AB1,0x1AB1,0x1A90,0x1A70,0x1270,0x1270,
  0x1A6F,0x1A6F,0x1270,0x1A70,0x1A91,0x1A91,0x1AB1,0x1AB2,0x1AB1,0x1AB0,0x1A91,0x1A91,
  0x1AB1,0x1AB2,0x1AB1,0x1AB0,0x1270,0x126F,0x1A4F,0x1A6F,0xF8F8,0xF8F8,0xF8F8,0xF8F8,
  0xF8F8,0xF8F8,0xF8F8,0xDFFF,0xDFFF,0xF8F8,0xF8F8,0xF8F8,0xF8F8,0xF8F8,0xF8F8,0xF8F8,
  0xF8F8,0xF8F8,0xF8F8,0xF8F8,0xF8F8,0xF8F8,0xF8F8,0xF8F8,0xF8F8,0xF8F8,0xF8F8,0xF8F8,
  0xF8F8,0xF8F8,0xF8F8,0xF8F8,0xF8F8,0xF8F8,0xF8F8,0xF8F8,0xF8F8,0xF8F8,0xF8F8,0xF8F8,
  0xF8F8,0xF8F8,0xF8F8,0xF8F8,0xF8F8,0xF8F8,0xF8F8,0xF8F8,0xF8F8,0xF8F8,0xF8F8,0xF8F8,
  0xF8F8,0xF8F8,0xF8F8,0xF8F8,0xF8F8,0xEFFF,0xE7FF,0xF8F8,0xF8F8,0xF8F8,0xF8F8,0xF8F8,
  0xF8F8,0xF8F8,0xF8F8,0xF8F8,0xF8F8,0xF8F8,0xF8F8,0xF8F8,0xF8F8,0xF8F8,0xF8F8,0xF8F8,
  0xF8F8,0xF8F8,0xF8F8,0xF8F8,0xF8F8,0xF8F8,0xF8F8,0xF8F8,0xF8F8,0xF8F8,0xF8F8,0xF8F8,
  0xF8F8,0xF8F8,0xF8F8,0xF8F8,0xF8F8,0xF8F8,0xF8F8,0xF8F8,0xF8F8,0xF8F8,0xF8F8,0xF8F8,
  0xF8F8,0xF8F8,0xF8F8,0xF8F8,0xF8F8,0xF8F8,0xF8F8,0xEFFF,0xE7FF,0xF8F8,0xF8F8,0xF8F8,
  0xF8F8,0xF8F8,0xF8F8,0xF8F8,0xF8F8,0xF8F8,0xF8F8,0xF8F8,0xF8F8,0xF8F8,0xF8F8,0xF8F8,
  0xF8F8,0xF8F8,0xF8F8,0xF8F8,0xF8F8,0xF8F8,0xF8F8,0xF8F8,0xF8F8,0xF8F8,0xF8F8,0xF8F8,
  0xF8F8,0xF8F8,0xF8F8,0xF8F8,0xF8F8,0xF8F8,0xF8F8,0xF8F8,0xF8F8,0xF8F8,0xF8F8,0xF8F8,
  0xF8F8,0xF8F8,0xF8F8,0xF8F8,0xF8F8,0xF8F8,0xF8F8,0xF8F8,0xF8F8,0xF7FF,0xE7FF,0xF8F8,
  0xF8F8,0xF8F8,0xF8F8,0xF8F8,0xF8F8,0xF8F8,0xF8F8,0xF8F8,0xF8F8,0xF8F8,0xF8F8,0xF8F8,
  0xF8F8,0xF8F8,0xF8F8,0xF8F8,0xF8F8,0xF8F8,0xF8F8,0xF8F8,0xF8F8,0xF8F8,0xF8F8,0xF8F8,
  0xF8F8,0xF8F8,0xF8F8,0xF8F8,0xF8F8,0xF8F8,0xF8F8,0xF8F8,0xF8F8,0xF8F8,0xF8F8,0xF8F8,
  0xF8F8,0xF8F8,0xF8F8,0xF8F8,0xF8F8,0xF8F8,0xF8F8,0xF8F8,0xF8F8,0xF8F8,0xF8F8,0xE7FF,
  0xDFFF,0xF8F8,0xF8F8,0xF8F8,0xF8F8,0xF8F8,0xF8F8,0xF8F8,0xF8F8,0xF8F8,0xF8F8,0xF8F8,
  0xF8F8,0xF8F8,0xF8F8,0xF8F8,0xF8F8,0xF8F8,0xF8F8,0xF8F8,0xF8F8,0xF8F8,0xF8F8,0xF8F8,
  0xF8F8,0xF8F8,0xF8F8,0xF8F8,0xF8F8,0xF8F8,0xF8F8,0xF8F8,0xF8F8,0xF8F8,0xF8F8,0xF8F8,
  0xF8F8,0xF8F8,0xF8F8,0xF8F8,0xF8F8,0xF8F8,0xF8F8,0xF8F8,0xF8F8,0xF8F8,0xF8F8,0xF8F8,
  0xF8F8,0xDFFF,0xDFFF,0xE7FF,0xE7FF,0xE7FF,0xE7FF,0xEFFF,0xEFFF,0xEFFF,0xE7FF,0xDFFF,
  0xD7FF,0xD7FF,0xD7FF,0xD7FF,0xDFFF,0xE7FF,0xE7FF,0xE7FF,0xE7FF,0xDFFF,0xD7FF,0xD7FF,
  0xDFFF,0xE7FF,0xE7FF,0xE7FF,0xE7FF,0xDFFF,0xDFFF,0xDFFF,0xDFFF,0xDFFF,0xDFFF,0xDFFF,
  0xD7FF,0xD7FF,0xCFFF,0xD7FF,0xD7FF,0xDFFF,0xE7FF,0xEFFF,0xE7FF,0xE7FF,0xE7FF,0xDFFF,
  0xD7FF,0xD7FF,0xD7FF,0xD7FF,
};

// 06_radar_shield-removebg-preview (Custom)  (47% transparent)
const uint16_t wh_icon_05[2500] PROGMEM = {
  0xF8F8,0xF8F8,0xF8F8,0xF8F8,0xF8F8,0xF8F8,0xF8F8,0xF8F8,0xF8F8,0xF8F8,0xF8F8,0xF8F8,
  0xF8F8,0xF8F8,0xF8F8,0xF8F8,0xF8F8,0xF8F8,0xF8F8,0xF8F8,0xF8F8,0xF8F8,0xF8F8,0xF8F8,
  0xF8F8,0xF8F8,0xF8F8,0xF8F8,0xF8F8,0xF8F8,0xF8F8,0xF8F8,0xF8F8,0xF8F8,0xF8F8,0xF8F8,
  0xF8F8,0xF8F8,0xF8F8,0xF8F8,0xF8F8,0xF8F8,0xF8F8,0xF8F8,0xF8F8,0xF8F8,0xF8F8,0xF8F8,
  0xF8F8,0xF8F8,0xF8F8,0xF8F8,0xF8F8,0xF8F8,0xF8F8,0xF8F8,0xF8F8,0xF8F8,0xF8F8,0xF8F8,
  0xF8F8,0xF8F8,0xF8F8,0xF8F8,0xF8F8,0xF8F8,0xF8F8,0xF8F8,0xF8F8,0xF8F8,0xF8F8,0xF8F8,
  0xF8F8,0xF8F8,0xF8F8,0xF8F8,0xF8F8,0xF8F8,0xF8F8,0xF8F8,0xF8F8,0xF8F8,0xF8F8,0xF8F8,
  0xF8F8,0xF8F8,0xF8F8,0xF8F8,0xF8F8,0xF8F8,0xF8F8,0xF8F8,0xF8F8,0xF8F8,0xF8F8,0xF8F8,
  0xF8F8,0xF8F8,0xF8F8,0xF8F8,0xF8F8,0xF8F8,0xF8F8,0xF8F8,0xF8F8,0xF8F8,0xF8F8,0xF8F8,
  0xF8F8,0xF8F8,0xF8F8,0xF8F8,0xF8F8,0xF8F8,0xF8F8,0xF8F8,0xF8F8,0xF8F8,0xF8F8,0xF8F8,
  0xF8F8,0xF8F8,0xF8F8,0xF8F8,0xF8F8,0xF8F8,0xF8F8,0xF8F8,0xF8F8,0xF8F8,0xF8F8,0xF8F8,
  0xF8F8,0xF8F8,0xF8F8,0xF8F8,0xF8F8,0xF8F8,0xF8F8,0xF8F8,0xF8F8,0xF8F8,0xF8F8,0xF8F8,
  0xF8F8,0xF8F8,0xF8F8,0xF8F8,0xF8F8,0xF8F8,0xF8F8,0xF8F8,0xF8F8,0xF8F8,0xF8F8,0xF8F8,
  0xF8F8,0xF8F8,0xF8F8,0xF8F8,0xF8F8,0xF8F8,0xF8F8,0xF8F8,0xF8F8,0xF8F8,0xF8F8,0xF8F8,
  0xF8F8,0xF8F8,0xF8F8,0xF8F8,0xF8F8,0xF8F8,0xF8F8,0xF8F8,0xF8F8,0xF8F8,0xF8F8,0xF8F8,
  0xF8F8,0xF8F8,0xF8F8,0xF8F8,0xF8F8,0xF8F8,0xF8F8,0xF8F8,0xF8F8,0xF8F8,0xF8F8,0xF8F8,
  0xF8F8,0xF8F8,0xF8F8,0xF8F8,0xF8F8,0xF8F8,0xF8F8,0xF8F8,0xF8F8,0xF8F8,0xF8F8,0xF8F8,
  0xF8F8,0xF8F8,0xF8F8,0xF8F8,0xF8F8,0xF8F8,0xF8F8,0xF8F8,0xF8F8,0xF8F8,0xF8F8,0xF8F8,
  0xF8F8,0xF8F8,0xF8F8,0xF8F8,0xF8F8,0xF8F8,0xF8F8,0xF8F8,0xF8F8,0xF8F8,0xF8F8,0xF8F8,
  0xF8F8,0xF8F8,0xF8F8,0xF8F8,0xF8F8,0xF8F8,0xF8F8,0xF8F8,0xF8F8,0xF8F8,0xF8F8,0xF8F8,
  0xF8F8,0xF8F8,0xF8F8,0xF8F8,0xF8F8,0xF8F8,0xF8F8,0xF8F8,0xF8F8,0xF8F8,0xF8F8,0xF8F8,
  0xF8F8,0xF8F8,0xF8F8,0xF8F8,0xF8F8,0xF8F8,0xF8F8,0xF8F8,0xF8F8,0xF8F8,0xF8F8,0xF8F8,
  0xF8F8,0xF8F8,0xF8F8,0xF8F8,0xF8F8,0x11EC,0x1A4E,0x228F,0x22B0,0x1A90,0x1A90,0x1AB0,
  0x22D0,0x22D0,0x1AAF,0x1A2B,0xF8F8,0xF8F8,0xF8F8,0xF8F8,0xF8F8,0xF8F8,0xF8F8,0xF8F8,
  0xF8F8,0xF8F8,0xF8F8,0xF8F8,0xF8F8,0xF8F8,0xF8F8,0xF8F8,0xF8F8,0xF8F8,0xF8F8,0xF8F8,
  0xF8F8,0xF8F8,0xF8F8,0xF8F8,0xF8F8,0xF8F8,0xF8F8,0xF8F8,0xF8F8,0xF8F8,0xF8F8,0xF8F8,
  0xF8F8,0xF8F8,0xF8F8,0xF8F8,0xF8F8,0x2291,0x1A90,0x1A90,0x22F2,0x3436,0x4CFA,0x557C,
  0x5DBE,0x55BD,0x555B,0x3C78,0x2312,0x1A90,0x126F,0x1A4F,0xF8F8,0xF8F8,0xF8F8,0xF8F8,
  0xF8F8,0xF8F8,0xF8F8,0xF8F8,0xF8F8,0xF8F8,0xF8F8,0xF8F8,0xF8F8,0xF8F8,0xF8F8,0xF8F8,
  0xF8F8,0xF8F8,0xF8F8,0xF8F8,0xF8F8,0xF8F8,0xF8F8,0xF8F8,0xF8F8,0xF8F8,0xF8F8,0xF8F8,
  0xF8F8,0xF8F8,0xF8F8,0xF8F8,0xF8F8,0x2290,0x22F1,0x2B74,0x4D3B,0x6EBF,0x7F9F,0x77BF,
  0x87DF,0x8FFF,0x97FF,0x8FFF,0x8FFF,0x8FFF,0x8FFF,0x7FBF,0x55BC,0x2373,0x22D1,0x1A90,
  0xF8F8,0xF8F8,0xF8F8,0xF8F8,0xF8F8,0xF8F8,0xF8F8,0xF8F8,0xF8F8,0xF8F8,0xF8F8,0xF8F8,
  0xF8F8,0xF8F8,0xF8F8,0xF8F8,0xF8F8,0xF8F8,0xF8F8,0xF8F8,0xF8F8,0xF8F8,0xF8F8,0xF8F8,
  0xF8F8,0xF8F8,0xF8F8,0xF8F8,0xF8F8,0x19ED,0x1A6F,0x22F1,0x455C,0x6F1F,0x775F,0x777F,
  0x7F9F,0x7FBF,0x7FBF,0x87FF,0xAFFF,0x7FFF,0x8FFF,0x8FFF,0x97FF,0x9FFF,0xA7FF,0xA7FF,
  0x6EBF,0x2332,0x1A6F,0x124D,0xF8F8,0xF8F8,0xF8F8,0xF8F8,0xF8F8,0xF8F8,0xF8F8,0xF8F8,
  0xF8F8,0xF8F8,0xF8F8,0xF8F8,0xF8F8,0xF8F8,0xF8F8,0xF8F8,0xF8F8,0xF8F8,0xF8F8,0xF8F8,
  0xF8F8,0xF8F8,0xF8F8,0xF8F8,0xF8F8,0xF8F8,0x1A4F,0x1A70,0x2BB5,0x5E3F,0x5EDF,0x671F,
  0x6F3F,0x775F,0x7F9F,0x7FBF,0x7FDF,0x7FFF,0x77FF,0x87FF,0x8FFF,0x97FF,0x9FFF,0x9FFF,
  0x9FFF,0x9FFF,0xA7FF,0x97FF,0x44F9,0x22B1,0x22AF,0xF8F8,0xF8F8,0xF8F8,0xF8F8,0xF8F8,
  0xF8F8,0xF8F8,0xF8F8,0xF8F8,0xF8F8,0xF8F8,0xF8F8,0xF8F8,0xF8F8,0xF8F8,0xF8F8,0xF8F8,
  0xF8F8,0xF8F8,0xF8F8,0xF8F8,0xF8F8,0xF8F8,0xF8F8,0x22AF,0x22D1,0x3CBA,0x5E3F,0x665F,
  0x66BF,0x66FF,0x6F1F,0x6F7F,0x87FF,0x97FF,0x9FFF,0xAFFF,0xAFFF,0xAFFF,0xAFFF,0xA7FF,
  0x9FFF,0x97FF,0x97FF,0x9FFF,0x9FFF,0xA7FF,0xAFFF,0x877F,0x22D1,0x1A6F,0xF8F8,0xF8F8,
  0xF8F8,0xF8F8,0xF8F8,0xF8F8,0xF8F8,0xF8F8,0xF8F8,0xF8F8,0xF8F8,0xF8F8,0xF8F8,0xF8F8,
  0xF8F8,0xF8F8,0xF8F8,0xF8F8,0xF8F8,0xF8F8,0xF8F8,0xF8F8,0x22AF,0x22F2,0x44DB,0x563F,
  0x5E5F,0x5E7F,0x669F,0x673F,0x8FFF,0x9FFF,0x8FFF,0x87FF,0x7FFF,0x7FDF,0x87FF,0x8FFF,
  0x97FF,0x9FFF,0xA7FF,0xAFFF,0x9FFF,0x9FFF,0xA7FF,0xA7FF,0xC7FF,0xC7FF,0x2BF7,0x1A90,
  0x122E,0xF8F8,0xF8F8,0xF8F8,0xF8F8,0xF8F8,0xF8F8,0xF8F8,0xF8F8,0xF8F8,0xF8F8,0xF8F8,
  0xF8F8,0xF8F8,0xF8F8,0xF8F8,0xF8F8,0xF8F8,0xF8F8,0xF8F8,0xF8F8,0x220D,0x22B1,0x3C79,
  0x55FF,0x55FF,0x5E3F,0x5E7F,0x7FFF,0xA7FF,0x8FFF,0x6F5F,0x771F,0x7F5F,0x7F7F,0x7FFF,
  0x9FFF,0x87FF,0x8FFF,0x97FF,0x9FFF,0xA7FF,0xAFFF,0xAFFF,0xAFFF,0xD7FF,0xC7FF,0x3CFD,
  0x347C,0x2375,0x1A6F,0x1A0D,0xF8F8,0xF8F8,0xF8F8,0xF8F8,0xF8F8,0xF8F8,0xF8F8,0xF8F8,
  0xF8F8,0xF8F8,0xF8F8,0xF8F8,0xF8F8,0xF8F8,0xF8F8,0xF8F8,0xF8F8,0xF8F8,0xF8F8,0x1A90,
  0x2B95,0x4D7F,0x55BF,0x55DF,0x561F,0x87FF,0x9FFF,0x6F3F,0x66BF,0x6EFF,0x773F,0x777F,
  0x7F9F,0x7FDF,0x8FFF,0x87FF,0x8FFF,0x97FF,0x9FFF,0xA7FF,0xAFFF,0xB7FF,0xDFFF,0xE7FF,
  0x455F,0x3CBD,0x3C7C,0x347C,0x22F2,0x1A4F,0xF8F8,0xF8F8,0xF8F8,0xF8F8,0xF8F8,0xF8F8,
  0xF8F8,0xF8F8,0xF8F8,0xF8F8,0xF8F8,0xF8F8,0xF8F8,0xF8F8,0xF8F8,0xF8F8,0xF8F8,0xF8F8,
  0x1A4F,0x1AD1,0x44FD,0x4D7F,0x4D9F,0x55BF,0x7FFF,0x8FFF,0x5E3F,0x5E3F,0x669F,0x6EDF,
  0x771F,0x777F,0x7FFF,0x8FFF,0x8FFF,0x87FF,0x8FFF,0x97FF,0x97FF,0x9FFF,0xAFFF,0xD7FF,
  0xE7FF,0x9FFF,0x671F,0x34BD,0x3C7D,0x3C9C,0x345A,0x22D2,0x1A6E,0xF8F8,0xF8F8,0xF8F8,
  0xF8F8,0xF8F8,0xF8F8,0xF8F8,0xF8F8,0xF8F8,0xF8F8,0xF8F8,0xF8F8,0xF8F8,0xF8F8,0xF8F8,
  0xF8F8,0xF8F8,0x1A4F,0x2BB6,0x451E,0x455F,0x4D7F,0x6F9F,0x97FF,0x4DFF,0x55DF,0x5E1F,
  0x5E3F,0x66BF,0x7FFF,0x9FFF,0x9FFF,0x97FF,0x97FF,0x97FF,0x9FFF,0x9FFF,0x97FF,0x9FFF,
  0xBFFF,0xD7FF,0x4D9F,0x3CDD,0x8FFF,0x4DBF,0x3C9C,0x3CBD,0x3CBD,0x2BD7,0x22D1,0xF8F8,
  0xF8F8,0xF8F8,0xF8F8,0xF8F8,0xF8F8,0xF8F8,0xF8F8,0xF8F8,0xF8F8,0xF8F8,0xF8F8,0xF8F8,
  0xF8F8,0xF8F8,0xF8F8,0x1A4F,0x1A91,0x3C7C,0x3CDD,0x453E,0x4DDF,0x9FFF,0x5E5F,0x4DBF,
  0x55DF,0x55FF,0x5E7F,0x87FF,0x87FF,0x775F,0x773F,0x7FBF,0x8FFF,0x8FFF,0x97FF,0x9FFF,
  0x9FFF,0xB7FF,0xCFFF,0x4DDF,0x347B,0x347C,0x45BF,0x8FFF,0x34DD,0x3CBD,0x3CBD,0x34BC,
  0x1AF2,0x1A4F,0xF8F8,0xF8F8,0xF8F8,0xF8F8,0xF8F8,0xF8F8,0xF8F8,0xF8F8,0xF8F8,0xF8F8,
  0xF8F8,0xF8F8,0xF8F8,0xF8F8,0xF8F8,0x22B1,0x2B95,0x34BD,0x3CBC,0x3CDD,0x6FDF,0x77BF,
  0x4D5E,0x4D7E,0x4DBF,0x563F,0x7FFF,0x6F3F,0x665F,0x6EBF,0x6F1F,0x7FDF,0xB7FF,0x8FFF,
  0x97FF,0xA7FF,0xBFFF,0xE7FF,0x7FFF,0x3C9C,0x3C7C,0x3C7C,0x347C,0x77FF,0x66DF,0x34BD,
  0x34BD,0x3CBD,0x2375,0x1A6F,0xF8F8,0xF8F8,0xF8F8,0xF8F8,0xF8F8,0xF8F8,0xF8F8,0xF8F8,
  0xF8F8,0xF8F8,0xF8F8,0xF8F8,0xF8F8,0xF8F8,0x122F,0x22D1,0x345B,0x3CBD,0x34BC,0x3CDD,
  0x8FFF,0x3D3C,0x44FD,0x455E,0x4DBF,0x7FFF,0x671F,0x55FF,0x5E3F,0x6E9F,0x6EFF,0x773F,
  0x7FFF,0x8FFF,0x97FF,0xB7FF,0xEFFF,0x669F,0x5E9F,0x677F,0x3C7C,0x3C7C,0x347C,0x455E,
  0x8FFF,0x34BC,0x3CBC,0x34BC,0x2BF8,0x1A6F,0xF8F8,0xF8F8,0xF8F8,0xF8F8,0xF8F8,0xF8F8,
  0xF8F8,0xF8F8,0xF8F8,0xF8F8,0xF8F8,0xF8F8,0xF8F8,0xF8F8,0x1A8F,0x22F2,0x3CDD,0x34DD,
  0x34DD,0x3439,0x2BD5,0x2B95,0x44BA,0x44FC,0x5E3F,0x6F5F,0x55BF,0x55DF,0x5E3F,0x669F,
  0x771F,0x7FFF,0x87FF,0x8FFF,0x97FF,0xD7FF,0x6EDF,0x3CBC,0x34BE,0x77FF,0x4DDF,0x3CBD,
  0x34BC,0x349C,0x87FF,0x457F,0x3C9C,0x3C9C,0x345A,0x1A90,0x220D,0xF8F8,0xF8F8,0xF8F8,
  0xF8F8,0xF8F8,0xF8F8,0xF8F8,0xF8F8,0xF8F8,0xF8F8,0xF8F8,0xF8F8,0xF8F8,0x1A4F,0x22F3,
  0x3CBD,0x34BE,0x2C3A,0x1AB1,0x5455,0x3B72,0x1290,0x2BD5,0x5E7F,0x4D5D,0x4D5D,0x4D9F,
  0x55FF,0x6F1F,0x7FFF,0x779F,0x779F,0x8FFF,0xC7FF,0x66DF,0x347B,0x349C,0x34BD,0x561F,
  0x6FBF,0x3CBD,0x3CBD,0x34BD,0x675F,0x5EDF,0x347C,0x349C,0x347C,0x1AF2,0x1A4F,0xF8F8,
  0xF8F8,0xF8F8,0xF8F8,0xF8F8,0xF8F8,0xF8F8,0xF8F8,0xF8F8,0xF8F8,0xF8F8,0xF8F8,0xF8F8,
  0x124F,0x2333,0x3C7C,0x3CBC,0x1AD2,0x3373,0x5C76,0xE7FF,0x95DB,0x2290,0x2353,0x447A,
  0x44FD,0x4D5E,0x563F,0x6F5F,0x44FB,0x1AD1,0x1A90,0x44FA,0x6F1F,0x4D9F,0x3CBC,0x347B,
  0x349C,0x34DD,0x87FF,0x34DE,0x3CBD,0x3CBC,0x563F,0x6FBF,0x3C7C,0x349C,0x349C,0x2334,
  0x1A70,0xF8F8,0xF8F8,0xF8F8,0xF8F8,0xF8F8,0xF8F8,0xF8F8,0xF8F8,0xF8F8,0xF8F8,0xF8F8,
  0xF8F8,0xF8F8,0x1A4F,0x2375,0x347B,0x2BB7,0x3352,0xFFFF,0x1A90,0x961C,0xD7BF,0xC77F,
  0x3B93,0x1AD2,0x3C9B,0x451E,0x563F,0x5E1F,0x1AD1,0xC73F,0xF7FF,0x4BD4,0x2B96,0x453E,
  0x455F,0x3C5B,0x3C7C,0x347C,0x6FFF,0x453E,0x3CBD,0x3CBD,0x4DBF,0x87FF,0x347D,0x3C7C,
  0x347D,0x2B55,0x1A90,0xF8F8,0xF8F8,0xF8F8,0xF8F8,0xF8F8,0xF8F8,0xF8F8,0xF8F8,0xF8F8,
  0xF8F8,0xF8F8,0xF8F8,0xF8F8,0x1A70,0x2B97,0x347C,0x2313,0x95DA,0xFFFF,0x74F8,0x22F1,
  0xB6FF,0xC77F,0xDFFF,0x6CB8,0x1AD3,0x347A,0x4D7F,0x3C79,0x2AF1,0xFFFF,0xFFFF,0x7D7A,
  0x2376,0x453F,0x4DBF,0x3C7C,0x3C7C,0x345B,0x679F,0x453F,0x34BD,0x34BD,0x455F,0x8FFF,
  0x3C9C,0x3C7D,0x3C9D,0x2B75,0x1A70,0xF8F8,0xF8F8,0xF8F8,0xF8F8,0xF8F8,0xF8F8,0xF8F8,
  0xF8F8,0xF8F8,0xF8F8,0xF8F8,0xF8F8,0xF8F8,0x1A90,0x2BD7,0x3CBC,0x1AB1,0xDFBF,0xFFFF,
  0xE7FF,0x3B72,0x4BF4,0xC75F,0xCF9F,0xE7FF,0x8DDC,0x1AB2,0x2333,0x22B1,0x3311,0x5415,
  0x8D9A,0x22B1,0x2BF9,0x45BF,0x457F,0x3C9C,0x347C,0x345B,0x6FBF,0x3CDE,0x347C,0x3C7C,
  0x4D9F,0x87FF,0x3C7D,0x34BD,0x34BD,0x2375,0x1A8F,0xF8F8,0xF8F8,0xF8F8,0xF8F8,0xF8F8,
  0xF8F8,0xF8F8,0xF8F8,0xF8F8,0xF8F8,0xF8F8,0xF8F8,0xF8F8,0x1A90,0x2375,0x3CBC,0x1A90,
  0xFFFF,0xFFFF,0xFFFF,0xDFDF,0x2B12,0x7519,0xC77F,0xC77F,0xB6FF,0x2AF1,0x4392,0xD7DF,
  0x7D38,0x1A90,0x1AF2,0x2B96,0x34BC,0x4E1F,0x3CDE,0x3C7C,0x3C7C,0x347D,0x7FFF,0x347C,
  0x3C7C,0x3C7D,0x5E1F,0x7FFF,0x3C7C,0x3C9C,0x349C,0x2354,0x228F,0xF8F8,0xF8F8,0xF8F8,
  0xF8F8,0xF8F8,0xF8F8,0xF8F8,0xF8F8,0xF8F8,0xF8F8,0xF8F8,0xF8F8,0xF8F8,0x124F,0x22F3,
  0x3C9C,0x1A91,0xFFFF,0xFFFF,0xFFFF,0xFFFF,0xBF1F,0x1AD1,0x85BB,0x7538,0x1A90,0x7D39,
  0xFFFF,0xCF9F,0x1A6F,0x3459,0x3CFD,0x453F,0x4DBF,0x3CFD,0x347C,0x3C7C,0x3C7D,0x55FF,
  0x673F,0x3CBE,0x3CBD,0x343A,0x1AF3,0x3459,0x347B,0x3C7C,0x347C,0x1AD1,0x1A4F,0xF8F8,
  0xF8F8,0xF8F8,0xF8F8,0xF8F8,0xF8F8,0xF8F8,0xF8F8,0xF8F8,0xF8F8,0xF8F8,0xF8F8,0xF8F8,
  0x1A2E,0x1AB1,0x3CBC,0x22F3,0xFFFF,0xFFFF,0xFFFF,0xFFFF,0xFFFF,0x9E1C,0x1A90,0x22D0,
  0xB6FF,0xFFFF,0xF7FF,0x3331,0x1A6F,0x2BD7,0x455F,0x3D3F,0x34BD,0x347C,0x347C,0x347D,
  0x34BD,0x77BF,0x4D5F,0x3C7C,0x2397,0x1AD1,0x859A,0x2B12,0x1AD2,0x33D8,0x345A,0x1A70,
  0x1A0D,0xF8F8,0xF8F8,0xF8F8,0xF8F8,0xF8F8,0xF8F8,0xF8F8,0xF8F8,0xF8F8,0xF8F8,0xF8F8,
  0xF8F8,0xF8F8,0x1A0C,0x22B1,0x347B,0x2354,0xDFDF,0xFFFF,0xFFFF,0xFFFF,0xFFFF,0xF7FF,
  0x7D59,0x22D0,0xCFDF,0xFFFF,0x6CD7,0x3B92,0x963C,0x1AD1,0x343A,0x347D,0x347D,0x349D,
  0x347D,0x3C5C,0x5E1F,0x55BF,0x2333,0x1AB1,0x5C56,0xFFFF,0xFFFF,0xFFFF,0x7D39,0x1A90,
  0x1AD1,0x1A90,0x096A,0xF8F8,0xF8F8,0xF8F8,0xF8F8,0xF8F8,0xF8F8,0xF8F8,0xF8F8,0xF8F8,
  0xF8F8,0xF8F8,0xF8F8,0xF8F8,0xF8F8,0x22B1,0x2BD7,0x2BB7,0x8DDB,0xFFFF,0xF7FF,0xFFFF,
  0xF7FF,0xFFFF,0xF7FF,0x6CF8,0x22D1,0x8DBB,0x22D0,0xA69E,0xF7FF,0x8DDB,0x1AF3,0x347C,
  0x349D,0x347D,0x2356,0x22F3,0x1A90,0x2B11,0x8579,0xF7FF,0xFFFF,0xCF7F,0x5C77,0x5456,
  0xDFFF,0xF7FF,0x961C,0x43B3,0x1A6F,0x122F,0x122E,0x21CC,0xF8F8,0xF8F8,0xF8F8,0xF8F8,
  0xF8F8,0xF8F8,0xF8F8,0xF8F8,0xF8F8,0xF8F8,0xF8F8,0x2291,0x2313,0x3439,0x2B12,0xFFFF,
  0xFFFF,0xF7FF,0xFFFF,0xFFFF,0xF7FF,0xF7FF,0x7518,0x1A90,0x6CF8,0xC75F,0xCF7F,0xFFFF,
  0x5C77,0x2335,0x34BE,0x3CBD,0x22D2,0xE7FF,0xFFFF,0xFFFF,0xFFFF,0xC71F,0x7539,0x7519,
  0x5C57,0x22F3,0x22F3,0x5C78,0xAEDF,0xEFFF,0xEFFF,0xBEFF,0x43D4,0x1A0E,0xF8F8,0xF8F8,
  0xF8F8,0xF8F8,0xF8F8,0xF8F8,0xF8F8,0xF8F8,0xF8F8,0xF8F8,0xF8F8,0xF8F8,0x22B1,0x2BB7,
  0x1AD2,0xAE9D,0xFFFF,0xF7FF,0xFFFF,0xFFFF,0xFFFF,0xFFFF,0xFFFF,0x8DBB,0x22F1,0x8DDC,
  0xC75F,0xDFFF,0xEFFF,0x22B1,0x44FC,0x4D9F,0x3333,0xFFFF,0xAE9E,0x7D59,0x6CF8,0x6CF8,
  0x6CF9,0x6CF9,0x5436,0x22D2,0x22F2,0x22F2,0x22D2,0x22B1,0x3B73,0xC77F,0x7D5A,0x124F,
  0xF8F8,0xF8F8,0xF8F8,0xF8F8,0xF8F8,0xF8F8,0xF8F8,0xF8F8,0xF8F8,0xF8F8,0xF8F8,0xF8F8,
  0x1A6F,0x1AB1,0x2395,0x22D0,0xFFFF,0xFFFF,0xF7FF,0xFFFF,0xFFFF,0xFFFF,0xFFFF,0xFFFF,
  0xA67E,0x22F1,0x6D18,0xB71F,0xF7FF,0x95FC,0x1A91,0x3419,0x3332,0xFFFF,0x7539,0x7519,
  0x7CF9,0x7D19,0x6D19,0x6CF9,0x5416,0x2AD1,0x22B2,0x22B2,0x42D1,0x22F2,0x22F3,0xC71F,
  0x8DBB,0x1A90,0xF8F8,0xF8F8,0xF8F8,0xF8F8,0xF8F8,0xF8F8,0xF8F8,0xF8F8,0xF8F8,0xF8F8,
  0xF8F8,0xF8F8,0xF8F8,0x1A4F,0x1B13,0x22F3,0x5415,0xFFFF,0xFFFF,0xFFFF,0xFFFF,0xFFFF,
  0xFFFF,0xFFFF,0xFFFF,0xC73F,0x2B11,0x4C15,0xC77F,0xFFFF,0x22D0,0x2B75,0x2AF1,0xFFFF,
  0x6CF8,0x74F9,0xFDF4,0xDD77,0x7539,0x6D19,0x8C74,0xA371,0x1A90,0x326F,0xFD30,0x6B11,
  0x2AF3,0xC71F,0x8DBB,0x1AB0,0xF8F8,0xF8F8,0xF8F8,0xF8F8,0xF8F8,0xF8F8,0xF8F8,0xF8F8,
  0xF8F8,0xF8F8,0xF8F8,0xF8F8,0xF8F8,0x19ED,0x1A70,0x22F3,0x1A91,0x64B7,0xFFFF,0xFFFF,
  0xFFFF,0xFFFF,0xFFFF,0xFFFF,0xFFFF,0xFFFF,0xE7FF,0x5416,0x22F1,0xAE9E,0x6476,0x22F2,
  0x1A8F,0xFFFF,0x7D39,0xB4F7,0xFDF3,0xDD35,0xFD95,0x7CF9,0xFD51,0x5A8F,0x7AEF,0xFC4E,
  0xDB6D,0xFC0F,0x2AF3,0xC77F,0x7D5A,0x2291,0xF8F8,0xF8F8,0xF8F8,0xF8F8,0xF8F8,0xF8F8,
  0xF8F8,0xF8F8,0xF8F8,0xF8F8,0xF8F8,0xF8F8,0xF8F8,0xF8F8,0x2230,0x22D2,0x6CF8,0x43D4,
  0x4BD5,0xE7FF,0xFFFF,0xFFFF,0xFFFF,0xFFFF,0xF7FF,0xF7FF,0xF7FF,0xF7FF,0xA65D,0x3332,
  0x1A70,0x33D5,0x1A6F,0xFFFF,0x8DFC,0xF4F3,0xFCF2,0xFD51,0xC4F5,0xFCD2,0xFCEA,0xF38D,
  0x528F,0xFD4E,0x828C,0xFC6C,0x2A90,0xD7BF,0x5C56,0x1A50,0xF8F8,0xF8F8,0xF8F8,0xF8F8,
  0xF8F8,0xF8F8,0xF8F8,0xF8F8,0xF8F8,0xF8F8,0xF8F8,0xF8F8,0xF8F8,0xF8F8,0x228E,0x3353,
  0xFFFF,0xBEFF,0x64B7,0x22F2,0x6CF8,0xC75F,0xFFFF,0xFFFF,0xF7FF,0xF7FF,0xF7FF,0xDFFF,
  0x857A,0x22F2,0x3438,0x6EFF,0x1AD1,0xFFFF,0xBEFF,0xFCB2,0xFC90,0xFCF0,0xC4B4,0xFCB1,
  0xFCCB,0xFCCB,0x426F,0xFD4F,0x92AD,0xFC8D,0x2A90,0xF7FF,0x3331,0x1A2E,0xF8F8,0xF8F8,
  0xF8F8,0xF8F8,0xF8F8,0xF8F8,0xF8F8,0xF8F8,0xF8F8,0xF8F8,0xF8F8,0xF8F8,0xF8F8,0xF8F8,
  0x1A90,0xA67D,0xFFFF,0xDFFF,0xBF3F,0x9E1C,0x3353,0x22F2,0x2B11,0x5415,0x6497,0x5C76,
  0x3373,0x1AB1,0x2355,0x343A,0x3CBE,0x3CDE,0x2375,0xBF1F,0xEFFF,0xAC74,0xFCEE,0xCC72,
  0xFCF2,0x74B7,0xFD90,0x934F,0x5B11,0xFCEF,0xE38E,0xFC0D,0x5435,0xE7FF,0x1A6F,0x09AB,
  0xF8F8,0xF8F8,0xF8F8,0xF8F8,0xF8F8,0xF8F8,0xF8F8,0xF8F8,0xF8F8,0xF8F8,0xF8F8,0xF8F8,
  0xF8F8,0x19ED,0x22B0,0xFFFF,0xFFFF,0xFFFF,0xEFFF,0xCF9F,0x7539,0x1AD1,0x2BD7,0x2375,
  0x2374,0x2374,0x2BB7,0x345A,0x34BC,0x34BC,0x34BD,0x34BD,0x2BF8,0x5C77,0xFFFF,0x74F8,
  0xFD11,0xE4F5,0x64B8,0x84B7,0xF535,0x22B1,0x22D1,0x3AB0,0xFD91,0x6330,0xA63D,0xAE9E,
  0x1A90,0xF8F8,0xF8F8,0xF8F8,0xF8F8,0xF8F8,0xF8F8,0xF8F8,0xF8F8,0xF8F8,0xF8F8,0xF8F8,
  0xF8F8,0xF8F8,0xF8F8,0x2290,0x7D5A,0xFFFF,0xFFFF,0xF7FF,0xF7FF,0xF7FF,0xD7DF,0x22B0,
  0x2354,0x2C38,0x349C,0x3C9C,0x349C,0x349C,0x347C,0x347C,0x349C,0x34BD,0x347C,0x22F2,
  0xFFFF,0xBF3F,0x74F8,0x74F8,0x64F9,0x7D39,0x5414,0x1A90,0x22D1,0x22D1,0x32D0,0x2B52,
  0xF7FF,0x5456,0x22B1,0xF8F8,0xF8F8,0xF8F8,0xF8F8,0xF8F8,0xF8F8,0xF8F8,0xF8F8,0xF8F8,
  0xF8F8,0xF8F8,0xF8F8,0xF8F8,0xF8F8,0x22D1,0xFFFF,0xFFFF,0xF7FF,0xEFFF,0xF7FF,0xEFFF,
  0xEFFF,0x64B7,0x1AD1,0x22F2,0x2313,0x2375,0x2B95,0x2B95,0x2B75,0x2375,0x2354,0x1B33,
  0x1B13,0x22D2,0x7539,0xFFFF,0x7539,0x6D1A,0x6519,0x6CF9,0x4C15,0x1AB0,0x1AB0,0x1AB0,
  0x1AB1,0x961C,0xC77F,0x22D1,0xF8F8,0xF8F8,0xF8F8,0xF8F8,0xF8F8,0xF8F8,0xF8F8,0xF8F8,
  0xF8F8,0xF8F8,0xF8F8,0xF8F8,0xF8F8,0xF8F8,0x22B0,0x5C76,0xFFFF,0xFFFF,0xF7FF,0xEFFF,
  0xF7FF,0xF7FF,0xF7FF,0xC75F,0x22D2,0x220C,0x2A8F,0x22B0,0x22B0,0x22D0,0x1A90,0x1A8F,
  0x1A6F,0x1A2F,0x1A2F,0x11EC,0x22D1,0xDFDF,0xEFFF,0x6D19,0x6D19,0x6D19,0x5457,0x1AD1,
  0x1AD0,0x1A90,0x5435,0xEFFF,0x3B73,0x1A4E,0xF8F8,0xF8F8,0xF8F8,0xF8F8,0xF8F8,0xF8F8,
  0xF8F8,0xF8F8,0xF8F8,0xF8F8,0xF8F8,0xF8F8,0xF8F8,0xF8F8,0x2290,0xDFDF,0xFFFF,0xFFFF,
  0xF7FF,0xEFFF,0xEFFF,0xEFFF,0xF7FF,0xF7FF,0x43D5,0x1A70,0xF8F8,0xF8F8,0xF8F8,0xF8F8,
  0xF8F8,0xF8F8,0xF8F8,0xF8F8,0xF8F8,0xF8F8,0x224F,0x2AF1,0xFFFF,0xD79F,0x6CF9,0x6D19,
  0x5457,0x22F2,0x1AF1,0x5456,0xEFFF,0x5C76,0x122E,0xF8F8,0xF8F8,0xF8F8,0xF8F8,0xF8F8,
  0xF8F8,0xF8F8,0xF8F8,0xF8F8,0xF8F8,0xF8F8,0xF8F8,0xF8F8,0xF8F8,0x122D,0x1A90,0x3B72,
  0x3B72,0x3352,0x3B73,0x3353,0x3352,0x3332,0x3332,0x3331,0x22D1,0x1A4F,0xF8F8,0xF8F8,
  0xF8F8,0xF8F8,0xF8F8,0xF8F8,0xF8F8,0xF8F8,0xF8F8,0xF8F8,0xF8F8,0x1A0D,0x3311,0xEFFF,
  0xE7FF,0x755A,0x5457,0x22F2,0x7D7A,0xFFFF,0x6CF8,0x1A8F,0xF8F8,0xF8F8,0xF8F8,0xF8F8,
  0xF8F8,0xF8F8,0xF8F8,0xF8F8,0xF8F8,0xF8F8,0xF8F8,0xF8F8,0xF8F8,0xF8F8,0xF8F8,0x122C,
  0x120D,0x1A0D,0x120D,0x1A2F,0x1A4F,0x1A4F,0x1A4F,0x1A4F,0x1A0E,0x120D,0x120D,0x19CE,
  0xF8F8,0xF8F8,0xF8F8,0xF8F8,0xF8F8,0xF8F8,0xF8F8,0xF8F8,0xF8F8,0xF8F8,0xF8F8,0xF8F8,
  0x1A0D,0x22F0,0xB6FF,0xFFFF,0xAEBF,0xD7DF,0xE7FF,0x5436,0x22B1,0xF8F8,0xF8F8,0xF8F8,
  0xF8F8,0xF8F8,0xF8F8,0xF8F8,0xF8F8,0xF8F8,0xF8F8,0xF8F8,0xF8F8,0xF8F8,0xF8F8,0xF8F8,
  0xF8F8,0xF8F8,0xF8F8,0xF8F8,0xF8F8,0xF8F8,0xF8F8,0xF8F8,0xF8F8,0xF8F8,0xF8F8,0xF8F8,
  0xF8F8,0xF8F8,0xF8F8,0xF8F8,0xF8F8,0xF8F8,0xF8F8,0xF8F8,0xF8F8,0xF8F8,0xF8F8,0xF8F8,
  0xF8F8,0xF8F8,0xF8F8,0x1A8F,0x22B1,0x4BF5,0xBF1F,0x857A,0x22B1,0x2250,0xF8F8,0xF8F8,
  0xF8F8,0xF8F8,0xF8F8,0xF8F8,0xF8F8,0xF8F8,0xF8F8,0xF8F8,0xF8F8,0xF8F8,0xF8F8,0xF8F8,
  0xF8F8,0xF8F8,0xF8F8,0xF8F8,0xF8F8,0xF8F8,0xF8F8,0xF8F8,0xF8F8,0xF8F8,0xF8F8,0xF8F8,
  0xF8F8,0xF8F8,0xF8F8,0xF8F8,0xF8F8,0xF8F8,0xF8F8,0xF8F8,0xF8F8,0xF8F8,0xF8F8,0xF8F8,
  0xF8F8,0xF8F8,0xF8F8,0xF8F8,0xF8F8,0xF8F8,0xF8F8,0x1A2E,0x1A6F,0x1A4F,0x19ED,0xF8F8,
  0xF8F8,0xF8F8,0xF8F8,0xF8F8,0xF8F8,0xF8F8,0xF8F8,0xF8F8,0xF8F8,0xF8F8,0xF8F8,0xF8F8,
  0xF8F8,0xF8F8,0xF8F8,0xF8F8,0xF8F8,0xF8F8,0xF8F8,0xF8F8,0xF8F8,0xF8F8,0xF8F8,0xF8F8,
  0xF8F8,0xF8F8,0xF8F8,0xF8F8,0xF8F8,0xF8F8,0xF8F8,0xF8F8,0xF8F8,0xF8F8,0xF8F8,0xF8F8,
  0xF8F8,0xF8F8,0xF8F8,0xF8F8,0xF8F8,0xF8F8,0xF8F8,0xF8F8,0xF8F8,0xF8F8,0xF8F8,0xF8F8,
  0xF8F8,0xF8F8,0xF8F8,0xF8F8,0xF8F8,0xF8F8,0xF8F8,0xF8F8,0xF8F8,0xF8F8,0xF8F8,0xF8F8,
  0xF8F8,0xF8F8,0xF8F8,0xF8F8,0xF8F8,0xF8F8,0xF8F8,0xF8F8,0xF8F8,0xF8F8,0xF8F8,0xF8F8,
  0xF8F8,0xF8F8,0xF8F8,0xF8F8,0xF8F8,0xF8F8,0xF8F8,0xF8F8,0xF8F8,0xF8F8,0xF8F8,0xF8F8,
  0xF8F8,0xF8F8,0xF8F8,0xF8F8,0xF8F8,0xF8F8,0xF8F8,0xF8F8,0xF8F8,0xF8F8,0xF8F8,0xF8F8,
  0xF8F8,0xF8F8,0xF8F8,0xF8F8,0xF8F8,0xF8F8,0xF8F8,0xF8F8,0xF8F8,0xF8F8,0xF8F8,0xF8F8,
  0xF8F8,0xF8F8,0xF8F8,0xF8F8,0xF8F8,0xF8F8,0xF8F8,0xF8F8,0xF8F8,0xF8F8,0xF8F8,0xF8F8,
  0xF8F8,0xF8F8,0xF8F8,0xF8F8,0xF8F8,0xF8F8,0xF8F8,0xF8F8,0xF8F8,0xF8F8,0xF8F8,0xF8F8,
  0xF8F8,0xF8F8,0xF8F8,0xF8F8,0xF8F8,0xF8F8,0xF8F8,0xF8F8,0xF8F8,0xF8F8,0xF8F8,0xF8F8,
  0xF8F8,0xF8F8,0xF8F8,0xF8F8,0xF8F8,0xF8F8,0xF8F8,0xF8F8,0xF8F8,0xF8F8,0xF8F8,0xF8F8,
  0xF8F8,0xF8F8,0xF8F8,0xF8F8,
};

// 07_sigint_chart-removebg-preview (Custom)  (0% transparent)
const uint16_t wh_icon_06[2500] PROGMEM = {
  0xCFFF,0xCFFF,0xD7FF,0xD7FF,0xD7FF,0xD7FF,0xD7FF,0xDFFF,0xDFFF,0xDFFF,0xD7FF,0xD7FF,
  0xC7FF,0xC7FF,0xCFFF,0xDFFF,0xDFFF,0xD7FF,0xD7FF,0xCFFF,0xC7FF,0xCFFF,0xCFFF,0xD7FF,
  0xDFFF,0xDFFF,0xDFFF,0xE7FF,0xE7FF,0xDFFF,0xCFFF,0xCFFF,0xC7FF,0xC7FF,0xC7FF,0xCFFF,
  0xD7FF,0xDFFF,0xDFFF,0xDFFF,0xDFFF,0xDFFF,0xE7FF,0xE7FF,0xE7FF,0xDFFF,0xD7FF,0xCFFF,
  0xCFFF,0xCFFF,0xB7FF,0x12B2,0x1AD2,0x1AF2,0x1AF2,0x1B12,0x1AF2,0x1AF2,0x1AF2,0x1AF2,
  0x1AF3,0x1AD2,0x1AF2,0x1AF2,0x1AD2,0x1AD2,0x1AF3,0x1AD2,0x1AD2,0x1AD2,0x1AD2,0x12F2,
  0x1AD2,0x1AF2,0x1B13,0x1B13,0x1B13,0x1B13,0x1B13,0x1B12,0x1AF2,0x12D2,0x12D1,0x12D2,
  0x12B2,0x12B2,0x1AD2,0x1AF2,0x1AF3,0x1B13,0x1B13,0x1B13,0x1B13,0x22F3,0x1AF2,0x1AD2,
  0x12D2,0x12B2,0x12B1,0xC7FF,0xBFFF,0x1AB2,0x1AD2,0x1AD2,0x1AD2,0x1AD2,0x1AD2,0x1AD2,
  0x1AD2,0x1AB2,0x1AD2,0x1AD2,0x1AD2,0x1AD2,0x1AD2,0x1AD2,0x1AD2,0x1AD2,0x1AD2,0x1AD2,
  0x1AD2,0x1AD2,0x1AD2,0x1AD2,0x1AD2,0x1AD2,0x1AD2,0x1AD2,0x1AD2,0x1AD2,0x1AD1,0x1AB2,
  0x1AD1,0x1AD1,0x1AD2,0x1AD2,0x1AD2,0x1AD2,0x1AD2,0x1AD2,0x1AD2,0x1AD2,0x1AD2,0x1AD2,
  0x1AD2,0x1AD2,0x1AD2,0x1AB1,0x12B1,0xCFFF,0xC7FF,0x1B13,0x1B12,0x1AF2,0x1AD2,0x1AD2,
  0x1AD2,0x1AD2,0x1AD2,0x1AD2,0x1AD2,0x1AD2,0x1AD2,0x1AD2,0x1AD2,0x1AD2,0x1AD2,0x1AF2,
  0x1AD2,0x1AD2,0x1AD2,0x1AD2,0x1AF2,0x1AD2,0x1AD2,0x1AD2,0x1AD2,0x1AD2,0x1AD2,0x1AD2,
  0x1AF2,0x1AD2,0x1AD2,0x1AD2,0x1AD2,0x1AD2,0x1AD2,0x1AD2,0x1AD2,0x1AD2,0x1AD2,0x1AD1,
  0x1AD2,0x1AD2,0x1AD2,0x1AD2,0x1AD2,0x1AD2,0x1AD3,0xD7FF,0xC7FF,0x1B13,0x1B12,0x1AF2,
  0x1AD2,0x1AD2,0x1AD2,0x1AD2,0x1AD2,0x1AD2,0x1AD2,0x1AD2,0x1AD2,0x1AD2,0x1AD2,0x1AD2,
  0x1AD2,0x1AD2,0x1AD2,0x1AD2,0x1AD2,0x1AD2,0x1AF2,0x1AD2,0x1AD2,0x1AD2,0x1AD2,0x1AD2,
  0x1AD2,0x1AD2,0x1AD2,0x1AF2,0x1AD2,0x1AD2,0x1AD3,0x1AD2,0x1AD2,0x1AD2,0x1AD2,0x1AD2,
  0x1AD2,0x1AD2,0x1AD2,0x1AD2,0x1AD2,0x1AD2,0x1AD2,0x1AD2,0x1AD3,0xD7FF,0xC7FF,0x1AF2,
  0x1AD2,0x1AD2,0x12B2,0x1AF2,0x1AB2,0x1AD2,0x1AD2,0x1AD2,0x1AD2,0x1AD2,0x1AD2,0x1AD2,
  0x1AD2,0x1AD2,0x1AD2,0x1AD2,0x1AD2,0x1AD2,0x1AD2,0x1AD2,0x1AF2,0x1AD2,0x1AD1,0x1AF2,
  0x1AD1,0x1AD1,0x1AD1,0x1AD2,0x1AF2,0x1AF2,0x1AD3,0x1AD2,0x1AD3,0x1AF3,0x1AD2,0x1AD2,
  0x1AD2,0x1AD2,0x1AB2,0x1AD2,0x1AD2,0x1AD2,0x1AD2,0x1AD1,0x1AD2,0x1AD2,0x1AD2,0xCFFF,
  0xBFFF,0x1AF1,0x1AB1,0x1AB1,0x12B1,0x579F,0x1313,0x1AD2,0x1AB2,0x1AB2,0x1AD2,0x1AD2,
  0x1AD2,0x1AD2,0x2BD7,0x1AD2,0x1AD2,0x1AD2,0x1AD2,0x1AD2,0x1AD2,0x1AD2,0x1AB2,0x1AB1,
  0x4F5F,0x5FFF,0x1AB1,0x1AD1,0x1AD1,0x1AD2,0x1AD2,0x1AD3,0x1AD3,0x1AD3,0x1AD3,0x2BB7,
  0x1AF2,0x1AB2,0x1AD2,0x1AD1,0x1AD2,0x1AD2,0x1AD2,0x1AD2,0x1AD2,0x1AD2,0x1AD2,0x1AD2,
  0x1AD2,0xCFFF,0xB7FF,0x1AB1,0x1AB1,0x1AD1,0x12D2,0x4FBF,0x1B14,0x1AD2,0x1AD2,0x1AD2,
  0x1AD2,0x1AD3,0x1AD2,0x1AD2,0x2BD7,0x1AD1,0x1AD1,0x1AD2,0x1AD2,0x1AD2,0x1AD2,0x1AD2,
  0x1AB1,0x1AB0,0x67FF,0x7FFF,0x12D2,0x1AD2,0x1AD2,0x1AD3,0x1AD3,0x12F3,0x1AD3,0x1AF3,
  0x1AF2,0x2BB6,0x1AD2,0x1AB1,0x1AD1,0x1AD1,0x1AD1,0x1AD2,0x1AD2,0x1AD2,0x1AD2,0x1AD2,
  0x1AD2,0x1AD2,0x1AD2,0xCFFF,0xAFFF,0x1AB0,0x1AB1,0x1AB1,0x12D2,0x57BF,0x1314,0x1AD3,
  0x1AD3,0x1AD2,0x1AD2,0x1AD2,0x1AD2,0x12B2,0x2BD7,0x1AF2,0x1AD2,0x1AB1,0x1AB1,0x1AD1,
  0x1AB2,0x1AD1,0x1AB1,0x12B0,0x77FF,0x77FF,0x1B95,0x1AF3,0x1AD3,0x1AD3,0x1AD2,0x1AF2,
  0x1AF2,0x1AD2,0x1AF2,0x2396,0x1AD2,0x1AB1,0x1AB1,0x1AD1,0x1AD2,0x1AD2,0x1AD2,0x1AD2,
  0x1AD2,0x1AD2,0x1AD2,0x1AD2,0x1AB2,0xCFFF,0xAFFF,0x12B1,0x1AB2,0x1AB2,0x12F3,0x5FFF,
  0x1315,0x1AD3,0x1AD2,0x1AD3,0x1AD2,0x1AD2,0x1AD2,0x1AB2,0x2BB7,0x1AD2,0x1AD2,0x1AB1,
  0x1AB1,0x1AB1,0x1AB2,0x1AD2,0x1AD2,0x12F2,0x87FF,0x6FFF,0x3479,0x1AD3,0x1AD3,0x1AD3,
  0x1AF2,0x1AD2,0x1AF2,0x1AB2,0x1AB1,0x2B96,0x1AD2,0x1AB1,0x1AB1,0x1AD2,0x1AD2,0x1AD2,
  0x1AD2,0x1AD2,0x1AD2,0x1AD2,0x1AD2,0x1AD2,0x1AD2,0xD7FF,0xAFFF,0x12B1,0x1AB2,0x1AB2,
  0x1AF3,0x5FFF,0x1315,0x1AD3,0x1AD3,0x1AD2,0x1AD1,0x1AB1,0x1AB0,0x1A91,0x2B96,0x1AB1,
  0x1AB1,0x1AB1,0x1AB1,0x1AB1,0x1AB1,0x1AB1,0x1AD2,0x23D6,0x8FFF,0x77FF,0x3D7D,0x1AF2,
  0x1AD1,0x1AD2,0x1AD2,0x1AD1,0x1AB1,0x1AB1,0x1AB1,0x2355,0x1AB1,0x1AD0,0x1AB1,0x1AB1,
  0x1AB2,0x1AB1,0x1AB2,0x1AB2,0x1AD2,0x1AD2,0x1AD2,0x1AD2,0x1AD3,0xD7FF,0xBFFF,0x1AD2,
  0x1AD2,0x1AD2,0x1AD2,0x57DF,0x23B8,0x2BB6,0x2B96,0x2396,0x2375,0x2355,0x2355,0x2375,
  0x2BF7,0x2375,0x2395,0x2396,0x2BB7,0x23B7,0x2397,0x2396,0x2BB7,0x453D,0x87FF,0x6FFF,
  0x56BF,0x2B96,0x2B76,0x2376,0x2B75,0x2B96,0x2B96,0x2B96,0x2B95,0x33D7,0x2B96,0x2375,
  0x2B96,0x2396,0x23B7,0x2BB7,0x2B96,0x2B96,0x2B96,0x1AD2,0x1AD2,0x1AD3,0x1AF3,0xD7FF,
  0xC7FF,0x22F3,0x1AF3,0x1AD2,0x1AB2,0x4F7F,0x12D3,0x1AB1,0x1AB1,0x1AB0,0x1AB1,0x1AB1,
  0x1AB0,0x12B1,0x2B96,0x1AB1,0x1AD2,0x1AF3,0x1AF3,0x1AF3,0x1B13,0x1B13,0x1AF3,0x457D,
  0x77FF,0x57FF,0x4EDF,0x1AB2,0x1AB1,0x1AB1,0x1AB1,0x1AB1,0x1AB2,0x1AB2,0x1AB1,0x2B55,
  0x1AB2,0x1AB2,0x1AD2,0x1AD3,0x1B13,0x1B13,0x1AF3,0x1AD3,0x1AD2,0x1AD2,0x1AD2,0x1AD2,
  0x1AF2,0xCFFF,0xC7FF,0x1AF3,0x1AD3,0x1AD2,0x12B2,0x4F9F,0x12D2,0x1AB1,0x1AB1,0x1AB0,
  0x1AB1,0x1AB1,0x1AB1,0x12B2,0x2BD7,0x1AD2,0x1AD2,0x1AD2,0x1AD2,0x1AD2,0x1AD2,0x1AD2,
  0x12D3,0x465F,0x67FF,0x4FFF,0x4F5F,0x1AB0,0x1AB0,0x1AB1,0x1AB1,0x1AB1,0x1AB1,0x1AB1,
  0x1AB1,0x2376,0x1AF3,0x1AD2,0x1AD2,0x1AD2,0x1AD3,0x1AD2,0x1AD2,0x1AD2,0x1AD3,0x1AD2,
  0x1AD1,0x1AB1,0x12B1,0xBFFF,0xC7FF,0x1AF3,0x1AD2,0x1AD2,0x12F2,0x4F9F,0x12D2,0x1AB1,
  0x1AB0,0x1AB0,0x1AB1,0x1AB2,0x1AD2,0x1AD3,0x2BF8,0x1AD2,0x1AD2,0x1AD2,0x1AD2,0x1AD2,
  0x1AD2,0x1AD2,0x1AD2,0x573F,0x57FF,0x47DF,0x57FF,0x1AB0,0x1AB1,0x1AB1,0x1AB1,0x1AB1,
  0x1AB1,0x1AB1,0x1AB1,0x2B96,0x1B14,0x1AD2,0x1AD2,0x1AD3,0x1AD3,0x1AD2,0x1AD3,0x1AD3,
  0x1AD2,0x1AD2,0x1AB1,0x1AB1,0x12B1,0xC7FF,0xB7FF,0x1AD2,0x1AD2,0x1AD2,0x1AF2,0x4F9F,
  0x12F2,0x1AB1,0x1AB1,0x1AB0,0x1AB1,0x1AD2,0x1AD3,0x12F3,0x2BD8,0x1AD2,0x1AD2,0x12B2,
  0x1AB2,0x1AB2,0x1AB1,0x1AD1,0x1AD2,0x67FF,0x57FF,0x3F7F,0x67FF,0x12B0,0x1AB0,0x1AB1,
  0x1AB1,0x1AB1,0x3DBF,0x3DBE,0x1AB2,0x2B96,0x1AF3,0x1AD2,0x1AD2,0x1AD2,0x1AD2,0x1AD2,
  0x1AD2,0x1AD2,0x1AD1,0x1AB1,0x1AB1,0x1AB0,0x12B0,0xC7FF,0xAFFF,0x12B1,0x1AB2,0x1AD2,
  0x12F2,0x57DF,0x1B14,0x1AD2,0x1AD2,0x12B2,0x1AD2,0x1AD2,0x1AD2,0x1AF2,0x2BD8,0x1AB1,
  0x12B0,0x7E7B,0x1AB0,0x1AB0,0x1AB0,0x1AB0,0x1A90,0x67FF,0x475F,0x36DF,0x6FFF,0x12B0,
  0x1AB1,0x1AB1,0x1AB0,0x12B0,0x67FF,0x6FFF,0x12B2,0x2376,0x1AD2,0x1AD2,0x1AD2,0x1AD2,
  0x1AD2,0x1AB2,0x1AB1,0x1AB1,0x1AB1,0x1AB1,0x1AB1,0x1AB1,0x12B1,0xCFFF,0xAFFF,0x12B1,
  0x1AB1,0x1AB1,0x1AF2,0x57FF,0x23D8,0x2B97,0x2397,0x2397,0x2396,0x2396,0x2355,0x2334,
  0x33D8,0x2354,0x33D4,0xD7FF,0x44B7,0x2354,0x2354,0x2354,0x2334,0x6FFF,0x3EDF,0x2E9F,
  0x77FF,0x2396,0x2B96,0x2B97,0x2396,0x1B74,0x77FF,0x77FF,0x1B34,0x2BD8,0x2BB7,0x2B96,
  0x2375,0x2354,0x2354,0x2354,0x2354,0x2354,0x2334,0x1AB0,0x1AD2,0x1AD2,0x1AD2,0xD7FF,
  0xAFFF,0x12B1,0x1AB1,0x1AB1,0x12D2,0x5FBF,0x1B96,0x2355,0x1B34,0x1B35,0x1B34,0x1B14,
  0x1AD2,0x1AD2,0x2BB7,0x1AD1,0x5495,0xDFFF,0x5DFA,0x1AF2,0x1AF2,0x1AD2,0x12D2,0x7FFF,
  0x363F,0x3E5F,0x7FFF,0x1396,0x1B54,0x1B34,0x1B54,0x1355,0x87FF,0x77FF,0x1354,0x2B97,
  0x1B34,0x1AF4,0x1AF2,0x1AF2,0x1AF2,0x1AF2,0x1AF2,0x1AF2,0x1AF2,0x1AB1,0x1AD2,0x1AD3,
  0x1AF3,0xDFFF,0xAFFF,0x1AB1,0x1AB1,0x1AB1,0x12B2,0x5F9F,0x1314,0x1AD3,0x1AD2,0x1AD2,
  0x1AD2,0x1AB2,0x1AB1,0x1290,0x2B96,0x1AB0,0x7D36,0xC7FF,0x773E,0x1AD2,0x1AB0,0x1AB0,
  0x12B1,0x87FF,0x35FF,0x3E5F,0x7FFF,0x23F7,0x1AD2,0x1AF2,0x1AD2,0x23D6,0x87FF,0x77FF,
  0x2C38,0x2B96,0x1AD2,0x1AB1,0x1AB1,0x1AB1,0x1AB1,0x1AB1,0x1AB2,0x1AB2,0x1AD1,0x1AD1,
  0x1AF2,0x1AD2,0x1AF3,0xD7FF,0xBFFF,0x1AF2,0x1AD1,0x1AB2,0x12B2,0x577F,0x12F3,0x1AB2,
  0x1AD2,0x1AB2,0x1AD2,0x1AD2,0x1AB2,0x12B2,0x23B7,0x1AD2,0xA5F8,0xA7FF,0x87FF,0x1AF2,
  0x12D1,0x12B1,0x1B33,0x87FF,0x3DFF,0x3E3F,0x77FF,0x34FB,0x1AD2,0x1AF2,0x1AF2,0x34BB,
  0x77FF,0x6FFF,0x3CFC,0x2355,0x1AB1,0x1AB0,0x1AB1,0x1AB1,0x1AB2,0x1AD2,0x1AD2,0x1AD2,
  0x1AD2,0x1AD2,0x1AD2,0x1AD3,0x1AD3,0xD7FF,0xC7FF,0x1AF2,0x1AD2,0x1AD2,0x12D2,0x577F,
  0x12D2,0x1AB1,0x1AB1,0x1AB1,0x1AB2,0x1AD2,0x1AD3,0x12D3,0x2BD8,0x1AD2,0xC699,0x873F,
  0x8FFF,0x1B73,0x77BF,0x12B1,0x2C38,0x87FF,0x3DFF,0x3DFF,0x67FF,0x3D9E,0x1AD2,0x1AD2,
  0x1AD2,0x3DBF,0x6FFF,0x5FFF,0x3D9E,0x2334,0x1AB1,0x1AB1,0x1AB2,0x1AF2,0x1B13,0x1B13,
  0x1AD3,0x1AD3,0x1AD2,0x1AD3,0x1AD3,0x1AD3,0x1AD3,0xC7FF,0xBFFF,0x1AF2,0x1AD3,0x1AD2,
  0x1AD2,0x577F,0x1AD2,0x1AB1,0x1AB1,0x1AB1,0x1AB2,0x1AD2,0x1AD3,0x12F3,0x2BF8,0x12D2,
  0xDEFB,0x663D,0x8FFF,0x34B7,0x97FF,0x1B12,0x3D3C,0x7FFF,0x3DFF,0x3DFF,0x57FF,0x4E7F,
  0x1AD1,0x1AB1,0x1AB2,0x467F,0x57FF,0x47BF,0x467F,0x2B34,0x1AB1,0x1AB1,0x1AB1,0x1AD2,
  0x5F7F,0x5F7F,0x1AD2,0x1AB2,0x1AB2,0x1AD2,0x1AD3,0x1AD2,0x12D3,0xC7FF,0xC7FF,0x1AD3,
  0x1AD2,0x1AD2,0x1AD3,0x577F,0x1B35,0x2314,0x1B14,0x1B14,0x2335,0x2375,0x2376,0x1B76,
  0x2BF9,0x1B14,0xEF5B,0x4DBD,0x8FFF,0x463D,0x87FF,0x3478,0x567F,0x77FF,0x3E5F,0x465F,
  0x57BF,0x5FBF,0x2354,0x1B14,0x2313,0x4F5F,0x47BF,0x3F3F,0x57BF,0x2BB7,0x2355,0x2355,
  0x1B55,0x1B34,0x67FF,0x6FFF,0x1B14,0x1B34,0x2335,0x1AD3,0x1AD2,0x1AB2,0x12B1,0xBFFF,
  0xBFFF,0x1AB2,0x1AD2,0x1AD2,0x1AD2,0x5F7F,0x1B35,0x1B13,0x1B13,0x2313,0x1B34,0x1B14,
  0x1B13,0x1AF3,0x2BB6,0x1AB2,0xFF9C,0x453D,0x87FF,0x67FF,0x7FFF,0x455B,0x673F,0x67DF,
  0x3DFF,0x3E1F,0x46BF,0x6FFF,0x1AF2,0x22D2,0x1AD1,0x57FF,0x46FF,0x3E7F,0x67FF,0x2BF9,
  0x2375,0x1B34,0x1B34,0x1314,0x6FFF,0x7FFF,0x12F3,0x2313,0x2314,0x1AD2,0x1AB2,0x1A91,
  0x1291,0xBFFF,0xBFFF,0x1AB1,0x1AB1,0x1AB1,0x12F2,0x679F,0x1314,0x1AF2,0x1AF2,0xFDB4,
  0xACB2,0x1A90,0x1AB0,0x1290,0x2396,0x126F,0xFFFC,0x451E,0x87FF,0x97FF,0x77FF,0x4E1D,
  0x6FFF,0x56DF,0x3D9F,0x45BF,0x3DBF,0x87FF,0x0A90,0x1B74,0x126F,0x67FF,0x463F,0x3DBF,
  0x7FFF,0x23D8,0x1B14,0x1AD2,0x1AD2,0x1BB6,0x6FFF,0x7FFF,0x1354,0x1AD2,0x1AF2,0x1AD2,
  0x1AB2,0x1AB1,0x1291,0xBFFF,0xBFFF,0x1AB1,0x1AB1,0x1AB1,0x1AF2,0x5FBF,0x1334,0x1AF2,
  0x3B31,0xFED4,0xFE74,0x1A8F,0x1290,0x1A90,0x2B76,0x2AD0,0xFFDD,0x553F,0x7FDF,0xA7FF,
  0x675F,0x66FF,0x87FF,0x459F,0x3D5F,0x457F,0x3D1E,0x87FF,0x2CDC,0x87FF,0x0AB1,0x87FF,
  0x3DBF,0x355F,0x87FF,0x23B7,0x1AF3,0x1AB2,0x1AD2,0x353D,0x77FF,0x7FFF,0x2CBA,0x1AD2,
  0x1AD2,0x1AD1,0x1AB1,0x1AB1,0x12B1,0xC7FF,0xBFFF,0x1AB1,0x1AB1,0x1AD1,0x12F2,0x67BF,
  0x1314,0x1AF2,0x8452,0xFDD4,0xFE75,0x3B10,0x32B0,0xFE53,0x3B75,0x4B92,0xFF5D,0x4D1F,
  0x5DFF,0x7FFF,0x5EDF,0x67FF,0x8FFF,0x3CDD,0x3D1F,0x455F,0x44DD,0x6FFF,0x5FFF,0x8FFF,
  0x2C7A,0x9FFF,0x3D1F,0x3D1F,0x77FF,0x1BB7,0x1AB1,0x12B1,0x1AB2,0x4E7F,0x6FFF,0x77FF,
  0x45FF,0x1AD3,0x1AD2,0x1AD1,0x1AB1,0x1AD0,0x12B1,0xCFFF,0xB7FF,0x1AB1,0x1AB2,0x1AD2,
  0x1AF3,0x5F9F,0x1B14,0x1AB1,0xD512,0xACF5,0xEDD6,0x8C73,0x8C32,0xFED2,0x8C75,0x7475,
  0xEEDD,0x4CDE,0x4CBF,0x44DE,0x55DF,0x87FF,0x7FFF,0x3CBD,0x3D1F,0x453F,0x44DD,0x675F,
  0x97FF,0x8FFF,0x5F3F,0x87FF,0x44FE,0x3CBE,0x6FFF,0x34BD,0x1AB2,0x12B0,0x12B0,0x579F,
  0x5EBF,0x677F,0x573F,0x1AD2,0x1AB2,0x1AB1,0x1AB1,0x1AB1,0x12B2,0xCFFF,0xB7FF,0x1AF2,
  0x1AD2,0x1AD2,0x12F3,0x5F7F,0x1335,0x1AD2,0xFE55,0x5C37,0xAD57,0xCD75,0xDD54,0xFE74,
  0xDD74,0xAD36,0xB61D,0x4CDF,0x4CDF,0x4CDF,0x44FF,0x97FF,0x6FDF,0x451F,0x3D3F,0x455F,
  0x451F,0x4DBF,0x87FF,0x67DF,0x7FFF,0x6FFF,0x44BF,0x44DE,0x6FFF,0x4E3F,0x6FFF,0x4EDF,
  0x12B2,0x6FFF,0x3D3F,0x4E3F,0x5FFF,0x1AF2,0x1AF2,0x1AB1,0x1AD2,0x1AD2,0x1AF3,0xCFFF,
  0xB7FF,0x1AD2,0x1AF2,0x1AD2,0x12D2,0x575F,0x1B56,0x4B94,0xFE77,0x4C5C,0x74DB,0xFE97,
  0xFE54,0xBD38,0xFE56,0xEE38,0x7D3D,0x44DF,0x4CDF,0x44DF,0x4CDF,0x5E1F,0x4D7F,0x4D1F,
  0x455F,0x457F,0x451F,0x4D1F,0x44FF,0x4DFF,0x9FFF,0x4D9F,0x44DF,0x451F,0x6F9F,0x5FDF,
  0x9FFF,0x87FF,0x355F,0x77FF,0x4C9E,0x44BF,0x7FFF,0x67FF,0x2419,0x1AB2,0x1AD2,0x1AD3,
  0x1AF3,0xCFFF,0xAFFF,0x1AB2,0x1AD1,0x1AB2,0x12B1,0x575F,0x12B2,0xCCF3,0xC559,0x4C1D,
  0x543C,0xFE76,0xFE74,0x53D9,0xFEB6,0xFED7,0x4C3C,0x4C3D,0x4C3D,0x4C5E,0x4C5E,0x4C7F,
  0x4C5F,0x4C5F,0x44BF,0x4CDF,0x4C5D,0x4C3E,0x543E,0x445D,0x551F,0x4C1D,0x4C3E,0x4C5E,
  0x5DFF,0x87FF,0x8FFF,0x77FF,0x87FF,0x555F,0x4C3C,0x4C3C,0x553F,0x5F7F,0x6FFF,0x12B2,
  0x1AD3,0x1AD3,0x1AD3,0xC7FF,0xAFFF,0x12B1,0x1AB0,0x1AB1,0x12B1,0x575F,0x5BD3,0xFEF9,
  0x643C,0x541D,0x4C3D,0x7C5A,0x8C99,0x43FC,0x8D5C,0xA51A,0x4C3E,0x543E,0x543E,0x4C3E,
  0x4C3E,0x4C3F,0x4C3E,0x4C3E,0x4C9F,0x54BF,0x541D,0x541D,0x4C1D,0x4C1D,0x4C1D,0x4C1D,
  0x543E,0x543E,0x4C7E,0x8FFF,0x6F1F,0x4C3C,0x447E,0x4C3D,0x541D,0x4C1D,0x4C3C,0x4C1C,
  0x77FF,0x1314,0x1AD3,0x1AD3,0x1AD3,0xC7FF,0xB7FF,0x1AB1,0x1AB1,0x1AB1,0x12B1,0x671F,
  0xFE39,0x7C5B,0x541C,0x541D,0x4C1D,0x4BFD,0x4BFC,0x4BFD,0x4CDF,0x4BFD,0x541D,0x4C1E,
  0x541D,0x541D,0x541D,0x541D,0x541D,0x541D,0x4C7E,0x549F,0x541D,0x541D,0x4C1D,0x541E,
  0x4C1E,0x4C1E,0x541D,0x541D,0x53FC,0x4CBF,0x4C1B,0x53FC,0x4C1D,0x4C1D,0x4C1D,0x4C1D,
  0x541D,0x541D,0x4C3D,0x1AF3,0x1AD3,0x1AD3,0x1AD2,0xBFFF,0xC7FF,0x1AD2,0x22B2,0x1AB2,
  0x12B1,0x571F,0x449E,0x4C7F,0x549F,0x549F,0x4CBF,0x4C9F,0x4C9F,0x4C9F,0x555F,0x54BF,
  0x54DF,0x54DF,0x54DF,0x54BF,0x54BF,0x549F,0x549F,0x549F,0x4CDF,0x4CFF,0x54BF,0x54BF,
  0x54DF,0x54DF,0x4CDF,0x4CDF,0x54BF,0x54BF,0x4CBE,0x4CFF,0x4C9F,0x4C9F,0x4CBF,0x54BF,
  0x54BF,0x54BF,0x54DF,0x54DF,0x54FF,0x1AF4,0x1AD2,0x1AB2,0x12B1,0xB7FF,0xCFFF,0x22F3,
  0x1AD3,0x1AD2,0x1AB2,0x4E7F,0x4EFF,0x4EDF,0x4EFF,0x4EFF,0x56FF,0x56FF,0x571F,0x5F1F,
  0x571F,0x571F,0x571F,0x5F1F,0x571F,0x5EFF,0x5EFF,0x56FF,0x56DF,0x56DF,0x56DF,0x56DF,
  0x5F1F,0x5F3F,0x673F,0x5F3F,0x5F3F,0x5F3F,0x5EFF,0x56FF,0x4EFF,0x4EDF,0x4EDF,0x4EFF,
  0x571F,0x5F3F,0x5F3F,0x673F,0x675F,0x675F,0x673F,0x1B14,0x1AD3,0x1AB2,0x12B1,0xB7FF,
  0xCFFF,0x22F2,0x1AF2,0x1AD2,0x1AD2,0x1AD2,0x1AB1,0x1AB1,0x1AB1,0x1AB1,0x12B2,0x1AB2,
  0x1AB2,0x1AB2,0x12B2,0x1AB2,0x1AB2,0x1AB1,0x1AB1,0x1AB1,0x1AB1,0x1AB2,0x1AB2,0x1AB2,
  0x1AB2,0x1AB2,0x1AD2,0x1AF2,0x1AF2,0x1AD2,0x1AD2,0x1AD2,0x1AD2,0x1AB2,0x1AB1,0x1AB1,
  0x1AB1,0x1AB1,0x1AB2,0x12D2,0x1AD2,0x1AD3,0x1AD2,0x1AD2,0x1AD3,0x1AD2,0x1AD2,0x1AD2,
  0x12B2,0xBFFF,0xC7FF,0x1AF2,0x1AD2,0x1AD2,0x1AD2,0x1AD2,0x1AD1,0x1AD1,0x1AD1,0x1AD2,
  0x1AD2,0x1AD2,0x1AF2,0x1AD1,0x1AB1,0x1AB0,0x1AB1,0x1AB1,0x1AB1,0x1AB1,0x1AB1,0x1AD2,
  0x1AF2,0x1AD2,0x1AD3,0x1AD2,0x1AD2,0x1AD2,0x1AB1,0x1AB1,0x1AB1,0x1AB1,0x1AB1,0x1AD2,
  0x1AF2,0x1AD2,0x1AD2,0x1AD2,0x1AB2,0x1AB2,0x1AB2,0x1AB2,0x1AB2,0x1AB2,0x1AB2,0x1AB2,
  0x1AD1,0x1AD2,0x1AD2,0xC7FF,0xBFFF,0x1AD2,0x1AD2,0x1AD2,0x1AD2,0x1AD2,0x1AD2,0x1AD2,
  0x1AD2,0x1AD2,0x1AD2,0x1AD2,0x1AB2,0x1AB1,0x1AB0,0x1AB0,0x1AB0,0x1AB0,0x1AB0,0x1AB0,
  0x1AD2,0x1AF2,0x1AF3,0x1AD3,0x1AD3,0x1AF2,0x1AD2,0x1AB1,0x1AB0,0x1AB0,0x1AB0,0x1AB0,
  0x1AB1,0x1AD2,0x1AD3,0x1AD3,0x1AD3,0x1AD3,0x1AD2,0x1AB2,0x1AB2,0x1AB2,0x1AB2,0x1AB2,
  0x1AB2,0x1AB2,0x1AB2,0x1AD2,0x1AD2,0xC7FF,0xBFFF,0x1AD1,0x1AB1,0x1AD1,0x1AD1,0x1AD2,
  0x1AD2,0x1AD2,0x1AD2,0x1AD2,0x1AB2,0x1AB1,0x1291,0x4CFC,0x877F,0x7EFF,0x2B74,0x2B95,
  0x7EFF,0x12B1,0x2334,0x871F,0x9FFF,0x767F,0x1B13,0x3C79,0x7EDF,0x1B12,0x7F1F,0x33F7,
  0x1A90,0x553D,0x555E,0x6E5F,0x877F,0x877F,0x8F7F,0x76BF,0x1AF2,0x1AD2,0x1AD2,0x1AB2,
  0x1AB2,0x1AB2,0x1AB2,0x1AB2,0x1AD2,0x1AB1,0x12B2,0xC7FF,0xB7FF,0x12D1,0x1AB1,0x1AB1,
  0x1AD1,0x1AD2,0x1AD2,0x1AD2,0x1AD2,0x1AD1,0x1AD1,0x1AB2,0x3C18,0xD7FF,0x5DDF,0x97FF,
  0xB7FF,0x4C9A,0xE7FF,0x12B1,0x9FFF,0xAFFF,0x6E1F,0xD7FF,0x765F,0x5D9F,0xC7FF,0x1B34,
  0xCFFF,0xAFFF,0x1AD1,0x979F,0x97DF,0x557E,0x7EDF,0xDFFF,0x7EBF,0x65DF,0x1B12,0x1AF2,
  0x1AD2,0x1AD2,0x1AB2,0x1AB2,0x1AB2,0x1AB2,0x1AB2,0x1AB1,0x12B2,0xCFFF,0xBFFF,0x1AD1,
  0x1AD1,0x1AD1,0x1AD2,0x1AD2,0x1AD2,0x1AD2,0x1AD1,0x1AD1,0x1AD2,0x1AD2,0x449B,0xDFFF,
  0x659E,0x2B94,0x3C78,0x4CFB,0xEFFF,0x1313,0xD7FF,0x33F7,0x1290,0x33F7,0x3C17,0x555D,
  0xB7FF,0x1B34,0xDFFF,0xCFFF,0x65FF,0x97DF,0x9FFF,0x1AD2,0x33D6,0xDFFF,0x2354,0x1AD2,
  0x1AD2,0x1AD2,0x1AD1,0x1AD1,0x1AD2,0x1AD2,0x1AD2,0x1AD2,0x1AB2,0x1AB2,0x12B2,0xCFFF,
  0xBFFF,0x1AD2,0x1AD1,0x1AD1,0x1AD2,0x1AD2,0x1AD2,0x1AD2,0x1AD1,0x1AD1,0x1AD2,0x1AD2,
  0x1AD2,0x65FF,0xD7FF,0xE7FF,0x5D7E,0x4CDB,0xEFFF,0x2BB6,0xDFFF,0x1B13,0x663F,0xA7FF,
  0x6E5F,0x553D,0xBFFF,0x2354,0xEFFF,0x6E1F,0xDFFF,0x9FFF,0x9FFF,0x1AD2,0x33D6,0xDFFF,
  0x2334,0x1AB0,0x1AB1,0x1AD1,0x1AD1,0x1AD1,0x1AD2,0x1AD2,0x1AD2,0x1AD2,0x1AD2,0x1AB2,
  0x12B2,0xCFFF,0xC7FF,0x1AD1,0x1AD1,0x1AB2,0x1AD2,0x1AD2,0x1AD2,0x1AD2,0x1AD2,0x1AD2,
  0x1AD2,0x1AD2,0x54FC,0x6E1F,0x1AF2,0x7EBF,0xD7FF,0x4CFB,0xF7FF,0x1B34,0xE7FF,0x4CDB,
  0x2375,0x879F,0x8FBF,0x4D3D,0xBFFF,0x2375,0xEFFF,0x3C18,0xA7FF,0xEFFF,0x9FFF,0x1AD1,
  0x33D6,0xDFFF,0x2334,0x1AD0,0x1AB1,0x1AD1,0x1AD1,0x1AD2,0x1AD2,0x1AD2,0x1AD2,0x1AD2,
  0x1AD2,0x1AB2,0x12B2,0xCFFF,0xC7FF,0x1AF2,0x1AD1,0x1AD1,0x1AD2,0x1AD2,0x1AD2,0x1AD2,
  0x1AD2,0x1AD2,0x1AD1,0x1AD2,0x4CDB,0xE7FF,0x8F7F,0xA7FF,0xAFFF,0x4CBB,0xEFFF,0x1B13,
  0x873F,0xDFFF,0x97BF,0xCFFF,0x873F,0x553D,0xBFFF,0x1B34,0xE7FF,0x33F7,0x2B95,0xDFFF,
  0x9FFF,0x1AF2,0x3417,0xEFFF,0x2B74,0x1AB1,0x1AB1,0x1AB2,0x1AD1,0x1AD1,0x1AD2,0x1AD2,
  0x1AB2,0x1AD2,0x1AD2,0x1AD2,0x1AD2,0xCFFF,0xCFFF,0x1AD2,0x22D1,0x1AD1,0x1AD1,0x1AD1,
  0x1AD1,0x1AB2,0x1AD1,0x1AB2,0x1AD1,0x1AD1,0x1AD2,0x33F7,0x661F,0x5DBF,0x22F2,0x2B54,
  0x65DF,0x1AF2,0x1AD2,0x551D,0x7E9F,0x5D7F,0x1AF4,0x33B7,0x5D5E,0x1AB1,0x659F,0x2312,
  0x1A90,0x4499,0x44BA,0x1AD2,0x2374,0x6E1F,0x2333,0x1AD2,0x1AD2,0x1AD1,0x1AD1,0x1AD1,
  0x1AB2,0x1AB2,0x1AB2,0x1AD2,0x1AD2,0x1AD2,0x1AD3,0xCFFF,0xCFFF,0x1AF2,0x1AD2,0x1AD1,
  0x1AD1,0x1AD1,0x1AD1,0x1AD1,0x1AD1,0x1AD1,0x1AD1,0x1AD1,0x1AB1,0x1AB1,0x1AB0,0x1AB0,
  0x1AB0,0x1AB1,0x1AD1,0x1AD2,0x1AD2,0x1AD3,0x1AD3,0x1AD2,0x1AD2,0x1AD2,0x1AD2,0x1AB0,
  0x1AB0,0x1AB1,0x1AB0,0x1AB0,0x1AB1,0x1AD1,0x1AD2,0x1AF2,0x1AF2,0x1AD2,0x1AD2,0x1AB1,
  0x1AB1,0x1AB1,0x1AB1,0x1AB1,0x1AD1,0x1AB2,0x1AB2,0x1AD2,0x1AD3,0xCFFF,0xC7FF,0x1AD2,
  0x1AD2,0x1AD1,0x1AB2,0x1AD1,0x1AD1,0x1AD1,0x1AD1,0x1AD1,0x1AD1,0x1AD1,0x1AD1,0x1AB1,
  0x1AB1,0x1AB1,0x1AB1,0x1AD1,0x1AD1,0x1AD2,0x1AD2,0x1AD2,0x1AD2,0x1AD2,0x1AD2,0x1AD2,
  0x1AF2,0x1AD2,0x1AB2,0x1AB1,0x1AB1,0x1AB0,0x1AB1,0x1AD1,0x1AD1,0x1AD2,0x1AD2,0x1AD2,
  0x1AD2,0x1AD2,0x1AD1,0x1AD1,0x1AB1,0x1AB1,0x1AB1,0x1AB2,0x1AB2,0x1AB2,0x1AD2,0xCFFF,
  0xBFFF,0x1AB1,0x1AB1,0x1AD2,0x1AD2,0x1AD2,0x1AD2,0x1AD1,0x1AF1,0x1AF1,0x1AD1,0x1AD1,
  0x1AD2,0x1AD2,0x1AD1,0x1AD2,0x1AB2,0x1AB1,0x1AB1,0x1AB1,0x1AB0,0x1AB0,0x1AB1,0x1AB2,
  0x1AD2,0x1AD2,0x1AD2,0x1AD2,0x1AD2,0x1AD2,0x1AD2,0x1AD1,0x1AB1,0x1AB0,0x1AB0,0x1AB1,
  0x1AB2,0x1AB2,0x1AD2,0x1AD2,0x1AD2,0x1AD2,0x1AD2,0x1AD2,0x1AD2,0x1AB2,0x1AB1,0x1AB1,
  0x12B2,0xC7FF,0xBFFF,0x7F1F,0x7F3F,0x875F,0x875F,0x875F,0x875F,0x875F,0x875F,0x875F,
  0x7F5F,0x7F5F,0x875F,0x875F,0x875F,0x873F,0x873F,0x7F3F,0x7F3F,0x7F1F,0x771F,0x7F1F,
  0x7F1F,0x7F1F,0x7F3F,0x7F3F,0x875F,0x877F,0x8F7F,0x8F7F,0x8F7F,0x877F,0x875F,0x7F3F,
  0x7F1F,0x7F1F,0x7F1F,0x7F3F,0x7F3F,0x875F,0x875F,0x875F,0x877F,0x8F7F,0x8F7F,0x8F5F,
  0x873F,0x7F3F,0x7F3F,0xCFFF,
};

// 08_tools-removebg-preview (Custom)  (68% transparent)
const uint16_t wh_icon_07[2500] PROGMEM = {
  0xF8F8,0xF8F8,0xF8F8,0xF8F8,0xF8F8,0xF8F8,0xF8F8,0xF8F8,0xF8F8,0xF8F8,0xF8F8,0xF8F8,
  0xF8F8,0xF8F8,0xF8F8,0xF8F8,0xF8F8,0xF8F8,0xF8F8,0xF8F8,0xF8F8,0xF8F8,0xF8F8,0xF8F8,
  0xF8F8,0xF8F8,0xF8F8,0xF8F8,0xF8F8,0xF8F8,0xF8F8,0xF8F8,0xF8F8,0xF8F8,0xF8F8,0xF8F8,
  0xF8F8,0xF8F8,0xF8F8,0xF8F8,0xF8F8,0xF8F8,0xF8F8,0xF8F8,0xF8F8,0xF8F8,0xF8F8,0xF8F8,
  0xF8F8,0xF8F8,0xF8F8,0xF8F8,0xF8F8,0xF8F8,0xF8F8,0xF8F8,0xF8F8,0xF8F8,0xF8F8,0xF8F8,
  0xF8F8,0xF8F8,0xF8F8,0xF8F8,0xF8F8,0xF8F8,0xF8F8,0xF8F8,0xF8F8,0xF8F8,0xF8F8,0xF8F8,
  0xF8F8,0xF8F8,0xF8F8,0xF8F8,0xF8F8,0xF8F8,0xF8F8,0xF8F8,0xF8F8,0xF8F8,0xF8F8,0xF8F8,
  0xF8F8,0xF8F8,0xF8F8,0xF8F8,0xF8F8,0xF8F8,0xF8F8,0xF8F8,0xF8F8,0xF8F8,0xF8F8,0xF8F8,
  0xF8F8,0xF8F8,0xF8F8,0xF8F8,0xF8F8,0xF8F8,0xF8F8,0xF8F8,0xF8F8,0xF8F8,0xF8F8,0xF8F8,
  0xF8F8,0xF8F8,0xF8F8,0xF8F8,0xF8F8,0xF8F8,0xF8F8,0xF8F8,0xF8F8,0xF8F8,0xF8F8,0xF8F8,
  0xF8F8,0xF8F8,0xF8F8,0xF8F8,0xF8F8,0xF8F8,0xF8F8,0xF8F8,0xF8F8,0xF8F8,0xF8F8,0xF8F8,
  0xF8F8,0xF8F8,0xF8F8,0xF8F8,0xF8F8,0xF8F8,0xF8F8,0xF8F8,0xF8F8,0xF8F8,0xF8F8,0xF8F8,
  0xF8F8,0xF8F8,0xF8F8,0xF8F8,0xF8F8,0xF8F8,0xF8F8,0xF8F8,0xF8F8,0xF8F8,0xF8F8,0xF8F8,
  0xF8F8,0xF8F8,0xF8F8,0xF8F8,0xF8F8,0xF8F8,0xF8F8,0xF8F8,0xF8F8,0xF8F8,0xF8F8,0xF8F8,
  0xF8F8,0xF8F8,0xF8F8,0xF8F8,0xF8F8,0xF8F8,0xF8F8,0xF8F8,0xF8F8,0xF8F8,0xF8F8,0xF8F8,
  0xF8F8,0xF8F8,0xF8F8,0xF8F8,0xF8F8,0xF8F8,0xF8F8,0xF8F8,0xF8F8,0xF8F8,0xF8F8,0xF8F8,
  0xF8F8,0xF8F8,0xF8F8,0xF8F8,0xF8F8,0xF8F8,0xF8F8,0xF8F8,0xF8F8,0xF8F8,0xF8F8,0xF8F8,
  0xF8F8,0xF8F8,0xF8F8,0xF8F8,0xF8F8,0xF8F8,0xF8F8,0xF8F8,0xF8F8,0xF8F8,0xF8F8,0xF8F8,
  0xF8F8,0xF8F8,0xF8F8,0xF8F8,0xF8F8,0xF8F8,0xF8F8,0xF8F8,0xF8F8,0xF8F8,0xF8F8,0xF8F8,
  0xF8F8,0xF8F8,0xF8F8,0xF8F8,0xF8F8,0xF8F8,0xF8F8,0xF8F8,0xF8F8,0xF8F8,0xF8F8,0xF8F8,
  0xF8F8,0xF8F8,0xF8F8,0xF8F8,0xF8F8,0xF8F8,0xF8F8,0xF8F8,0xF8F8,0xF8F8,0xF8F8,0xF8F8,
  0xF8F8,0xF8F8,0xF8F8,0xF8F8,0xF8F8,0xF8F8,0xF8F8,0xF8F8,0xF8F8,0xF8F8,0xF8F8,0xF8F8,
  0xF8F8,0xF8F8,0xF8F8,0xF8F8,0xF8F8,0xF8F8,0xF8F8,0xF8F8,0xF8F8,0xF8F8,0xF8F8,0xF8F8,
  0xF8F8,0xF8F8,0xF8F8,0xF8F8,0xF8F8,0xF8F8,0xF8F8,0xF8F8,0xF8F8,0xF8F8,0xF8F8,0xF8F8,
  0xF8F8,0xF8F8,0xF8F8,0xF8F8,0xF8F8,0xF8F8,0xF8F8,0xF8F8,0xF8F8,0xF8F8,0xF8F8,0xF8F8,
  0xF8F8,0xF8F8,0xF8F8,0xF8F8,0xF8F8,0xF8F8,0xF8F8,0xF8F8,0xF8F8,0xF8F8,0xF8F8,0x3351,
  0x3332,0x2AF2,0x2AF1,0x2AF1,0x2AD0,0x334F,0xF8F8,0xF8F8,0xF8F8,0xF8F8,0xF8F8,0xF8F8,
  0xF8F8,0xF8F8,0xF8F8,0xF8F8,0xF8F8,0xF8F8,0xF8F8,0xF8F8,0xF8F8,0xF8F8,0xF8F8,0xF8F8,
  0xF8F8,0xF8F8,0xF8F8,0x4351,0x3312,0x3351,0xF8F8,0xF8F8,0xF8F8,0xF8F8,0xF8F8,0xF8F8,
  0xF8F8,0xF8F8,0xF8F8,0xF8F8,0xF8F8,0xF8F8,0xF8F8,0xF8F8,0xF8F8,0xF8F8,0xF8F8,0xF8F8,
  0xF8F8,0x2B32,0x3373,0xE7FF,0xF7FF,0xC75F,0x6497,0x22D1,0x3331,0xF8F8,0xF8F8,0xF8F8,
  0xF8F8,0xF8F8,0xF8F8,0xF8F8,0xF8F8,0xF8F8,0xF8F8,0xF8F8,0xF8F8,0xF8F8,0xF8F8,0xF8F8,
  0xF8F8,0xF8F8,0xF8F8,0xF8F8,0x2AB0,0x22B0,0x64B7,0x2B12,0x3352,0xF8F8,0xF8F8,0xF8F8,
  0xF8F8,0xF8F8,0xF8F8,0xF8F8,0xF8F8,0xF8F8,0xF8F8,0xF8F8,0xF8F8,0xF8F8,0xF8F8,0xF8F8,
  0xF8F8,0xF8F8,0xF8F8,0x5BD3,0x22B1,0x5C55,0xFFFF,0xFFFF,0xFFFF,0xF7FF,0x3BB4,0x3332,
  0xF8F8,0xF8F8,0xF8F8,0xF8F8,0xF8F8,0xF8F8,0xF8F8,0xF8F8,0xF8F8,0xF8F8,0xF8F8,0xF8F8,
  0xF8F8,0xF8F8,0xF8F8,0xF8F8,0x5332,0x2AF1,0x3373,0xE7FF,0xFFFF,0xC73F,0x2B32,0x4351,
  0xF8F8,0xF8F8,0xF8F8,0xF8F8,0xF8F8,0xF8F8,0xF8F8,0xF8F8,0xF8F8,0xF8F8,0xF8F8,0xF8F8,
  0xF8F8,0xF8F8,0xF8F8,0xF8F8,0xF8F8,0xF8F8,0x4B50,0x2291,0x6497,0xFFFF,0xFFFF,0xFFFF,
  0xFFFF,0x3312,0x3331,0xF8F8,0xF8F8,0xF8F8,0xF8F8,0xF8F8,0xF8F8,0xF8F8,0xF8F8,0xF8F8,
  0xF8F8,0xF8F8,0xF8F8,0xF8F8,0xF8F8,0x4331,0x2B12,0x8559,0xFFFF,0xFFFF,0xFFFF,0xE7FF,
  0x22D1,0x4331,0xF8F8,0xF8F8,0xF8F8,0xF8F8,0xF8F8,0xF8F8,0xF8F8,0xF8F8,0xF8F8,0xF8F8,
  0xF8F8,0xF8F8,0xF8F8,0x2AEF,0xF8F8,0xF8F8,0xF8F8,0xF8F8,0xF8F8,0x3B71,0x2B11,0x6CF8,
  0xFFFF,0xFFFF,0xFFFF,0xAE5D,0x22B0,0xF8F8,0xF8F8,0xF8F8,0xF8F8,0xF8F8,0xF8F8,0xF8F8,
  0xF8F8,0xF8F8,0xF8F8,0xF8F8,0xF8F8,0xF8F8,0xF8F8,0x22D1,0xBEFF,0xFFFF,0xFFFF,0xFFFF,
  0xFFFF,0x5C55,0x22D0,0xF8F8,0xF8F8,0xF8F8,0xF8F8,0xF8F8,0xF8F8,0xF8F8,0xF8F8,0xF8F8,
  0xF8F8,0xF8F8,0xF8F8,0xF8F8,0x3B31,0x22D1,0x22D1,0xF8F8,0xF8F8,0xF8F8,0xF8F8,0xF8F8,
  0x4B92,0x22D1,0xDFDF,0xFFFF,0xFFFF,0xFFFF,0x22B0,0x3B50,0xF8F8,0xF8F8,0xF8F8,0xF8F8,
  0xF8F8,0xF8F8,0xF8F8,0xF8F8,0xF8F8,0xF8F8,0xF8F8,0xF8F8,0x4AF0,0x228F,0xFFFF,0xFFFF,
  0xFFFF,0xFFFF,0xC73F,0x2B11,0x4BD1,0xF8F8,0xF8F8,0xF8F8,0xF8F8,0xF8F8,0xF8F8,0xF8F8,
  0xF8F8,0xF8F8,0xF8F8,0xF8F8,0xF8F8,0xF8F8,0x3B52,0x5416,0x5435,0x3311,0xF8F8,0xF8F8,
  0xF8F8,0xF8F8,0x32D1,0x22D0,0xFFFF,0xFFFF,0xFFFF,0xFFFF,0x43D4,0x3B51,0xF8F8,0xF8F8,
  0xF8F8,0xF8F8,0xF8F8,0xF8F8,0xF8F8,0xF8F8,0xF8F8,0xF8F8,0xF8F8,0xF8F8,0x2A90,0x4393,
  0xFFFF,0xFFFF,0xFFFF,0xFFFF,0x3B93,0x3B32,0xF8F8,0xF8F8,0xF8F8,0xF8F8,0xF8F8,0xF8F8,
  0xF8F8,0xF8F8,0xF8F8,0xF8F8,0xF8F8,0xF8F8,0xF8F8,0xF8F8,0x3352,0x7519,0xFFFF,0x4BD4,
  0x2AD0,0xF8F8,0xF8F8,0xF8F8,0x22B0,0x6CF8,0xFFFF,0xFFFF,0xFFFF,0xFFFF,0x6CD8,0x3351,
  0xF8F8,0xF8F8,0xF8F8,0xF8F8,0xF8F8,0xF8F8,0xF8F8,0xF8F8,0xF8F8,0xF8F8,0xF8F8,0x3311,
  0x22D1,0xEFFF,0xFFFF,0xFFFF,0xE7FF,0x7D18,0x22D1,0xF8F8,0xF8F8,0xF8F8,0xF8F8,0xF8F8,
  0xF8F8,0xF8F8,0xF8F8,0xF8F8,0xF8F8,0xF8F8,0xF8F8,0xF8F8,0xF8F8,0xF8F8,0x3331,0x64B7,
  0xFFFF,0xF7FF,0x3B72,0x22AF,0x2B11,0x2AF1,0x22D1,0xD7DF,0xFFFF,0xFFFF,0xFFFF,0xFFFF,
  0x5C56,0x4332,0xF8F8,0xF8F8,0xF8F8,0xF8F8,0xF8F8,0xF8F8,0xF8F8,0xF8F8,0xF8F8,0xF8F8,
  0x3B72,0x2B12,0xEFFF,0xFFFF,0xCF9F,0x3B72,0x1A8F,0x2AF0,0x3B51,0xF8F8,0xF8F8,0xF8F8,
  0xF8F8,0xF8F8,0xF8F8,0xF8F8,0xF8F8,0xF8F8,0xF8F8,0xF8F8,0xF8F8,0xF8F8,0xF8F8,0xF8F8,
  0x3351,0x3331,0xFFFF,0xFFFF,0xF7FF,0x5C76,0x74D8,0xB6BE,0xF7FF,0xFFFF,0xFFFF,0xFFFF,
  0xFFFF,0xFFFF,0x3B73,0x3311,0xF8F8,0xF8F8,0xF8F8,0xF8F8,0xF8F8,0xF8F8,0xF8F8,0xF8F8,
  0xF8F8,0x4372,0x2B33,0xE7FF,0xFFFF,0xD7DF,0x22D1,0x22D0,0xF8F8,0xF8F8,0xF8F8,0xF8F8,
  0xF8F8,0xF8F8,0xF8F8,0xF8F8,0xF8F8,0xF8F8,0xF8F8,0xF8F8,0xF8F8,0xF8F8,0xF8F8,0xF8F8,
  0xF8F8,0xF8F8,0xF8F8,0x22B0,0xB6BE,0xFFFF,0xFFFF,0xFFFF,0xFFFF,0xFFFF,0xFFFF,0xFFFF,
  0xFFFF,0xFFFF,0xFFFF,0xFFFF,0xE7FF,0x22B1,0x32F0,0xF8F8,0xF8F8,0xF8F8,0xF8F8,0xF8F8,
  0xF8F8,0xF8F8,0x3B51,0x22F1,0xDFFF,0xFFFF,0xE7FF,0x2B32,0x3331,0xF8F8,0xF8F8,0xF8F8,
  0xF8F8,0xF8F8,0xF8F8,0xF8F8,0xF8F8,0xF8F8,0xF8F8,0xF8F8,0xF8F8,0xF8F8,0xF8F8,0xF8F8,
  0xF8F8,0xF8F8,0xF8F8,0xF8F8,0xF8F8,0x32D0,0x3331,0xF7FF,0xFFFF,0xFFFF,0xFFFF,0xFFFF,
  0xFFFF,0xFFFF,0xFFFF,0xFFFF,0xFFFF,0xFFFF,0xFFFF,0xDFBF,0x22D1,0x3331,0xF8F8,0xF8F8,
  0xF8F8,0xF8F8,0xF8F8,0x3B10,0x22B1,0xCF7F,0xFFFF,0xE7FF,0x2B54,0x3351,0xF8F8,0xF8F8,
  0xF8F8,0xF8F8,0xF8F8,0xF8F8,0xF8F8,0xF8F8,0xF8F8,0xF8F8,0xF8F8,0xF8F8,0xF8F8,0xF8F8,
  0xF8F8,0xF8F8,0xF8F8,0xF8F8,0xF8F8,0xF8F8,0xF8F8,0xF8F8,0x2AF1,0x4BD5,0xF7FF,0xFFFF,
  0xFFFF,0xFFFF,0xFFFF,0xFFFF,0xFFFF,0xFFFF,0xFFFF,0xAE7D,0xAEBD,0xFFFF,0xE7FF,0x2B12,
  0x3B72,0xF8F8,0xF8F8,0xF8F8,0x3B31,0x1AD1,0xC73F,0xFFFF,0xDFFF,0x22F1,0x3311,0xF8F8,
  0xF8F8,0xF8F8,0xF8F8,0xF8F8,0xF8F8,0xF8F8,0xF8F8,0xF8F8,0xF8F8,0xF8F8,0xF8F8,0xF8F8,
  0xF8F8,0xF8F8,0xF8F8,0xF8F8,0xF8F8,0xF8F8,0xF8F8,0xF8F8,0xF8F8,0xF8F8,0xF8F8,0x3332,
  0x2B33,0x8D7A,0xCF7F,0xEFFF,0xEFFF,0xD7BF,0xFFFF,0xFFFF,0xB6BD,0xBEFF,0xBF1F,0xA63C,
  0xFFFF,0xDFFF,0x2B32,0x4373,0xF8F8,0x4393,0x2313,0xC75F,0xFFFF,0xE7FF,0x22F1,0x22D0,
  0xF8F8,0xF8F8,0xF8F8,0xF8F8,0xF8F8,0xF8F8,0xF8F8,0xF8F8,0xF8F8,0xF8F8,0xF8F8,0xF8F8,
  0xF8F8,0xF8F8,0xF8F8,0xF8F8,0xF8F8,0xF8F8,0xF8F8,0xF8F8,0xF8F8,0xF8F8,0xF8F8,0xF8F8,
  0xF8F8,0xF8F8,0x3B91,0x3311,0x22B1,0x228F,0x228F,0x2290,0x5C76,0xFFFF,0xD79F,0xAEBD,
  0xC73F,0xBF1F,0xA63B,0xFFFF,0xDFBF,0x2312,0x3B72,0x2B12,0xC75F,0xFFFF,0xF7FF,0x2B32,
  0x2AD1,0xF8F8,0xF8F8,0xF8F8,0xF8F8,0xF8F8,0xF8F8,0xF8F8,0xF8F8,0xF8F8,0xF8F8,0xF8F8,
  0xF8F8,0xF8F8,0xF8F8,0xF8F8,0xF8F8,0xF8F8,0xF8F8,0xF8F8,0xF8F8,0xF8F8,0xF8F8,0xF8F8,
  0xF8F8,0xF8F8,0xF8F8,0xF8F8,0xF8F8,0xF8F8,0xF8F8,0x7475,0x5CB6,0x4BB3,0x22D0,0x6CD7,
  0xFFFF,0xBF1F,0xAEBD,0xBF3F,0xB6FE,0x9E1B,0xFFFF,0xA67E,0x22D1,0xB6DF,0xFFFF,0xFFFF,
  0x3B73,0x3311,0xF8F8,0xF8F8,0xF8F8,0xF8F8,0xF8F8,0xF8F8,0xF8F8,0xF8F8,0xF8F8,0xF8F8,
  0xF8F8,0xF8F8,0xF8F8,0xF8F8,0xF8F8,0xF8F8,0xF8F8,0xF8F8,0xF8F8,0xF8F8,0xF8F8,0xF8F8,
  0xF8F8,0xF8F8,0xF8F8,0xF8F8,0xF8F8,0xF8F8,0xF8F8,0xF8F8,0xF8F8,0xF8F8,0xF8F8,0xF8F8,
  0x3BD1,0x2B12,0x6CF8,0xFFFF,0xC6FE,0xAE7C,0xB6BE,0xB6BE,0x8DBA,0x32F2,0xA67D,0xFFFF,
  0xFFFF,0x3352,0x3311,0xF8F8,0xF8F8,0xF8F8,0xF8F8,0xF8F8,0xF8F8,0xF8F8,0xF8F8,0xF8F8,
  0xF8F8,0xF8F8,0xF8F8,0xF8F8,0xF8F8,0xF8F8,0xF8F8,0xF8F8,0xF8F8,0xF8F8,0xF8F8,0xF8F8,
  0xF8F8,0xF8F8,0xF8F8,0xF8F8,0xF8F8,0xF8F8,0xF8F8,0xF8F8,0xF8F8,0xF8F8,0xF8F8,0xF8F8,
  0xF8F8,0xF8F8,0xF8F8,0x4372,0x2B11,0x7D19,0xFFFF,0x8559,0x228F,0x22D0,0x22B1,0x9E1C,
  0xFFFF,0xFFFF,0x3374,0x2B12,0xF8F8,0xF8F8,0xF8F8,0xF8F8,0xF8F8,0xF8F8,0xF8F8,0xF8F8,
  0xF8F8,0xF8F8,0xF8F8,0xF8F8,0xF8F8,0xF8F8,0xF8F8,0xF8F8,0xF8F8,0xF8F8,0xF8F8,0xF8F8,
  0xF8F8,0xF8F8,0xF8F8,0xF8F8,0xF8F8,0xF8F8,0xF8F8,0xF8F8,0xF8F8,0xF8F8,0xF8F8,0xF8F8,
  0xF8F8,0xF8F8,0xF8F8,0xF8F8,0xF8F8,0xF8F8,0x4B71,0x22B0,0x5455,0x1A90,0x5EDF,0x34BB,
  0x2290,0xFFFF,0xFFFF,0x3B94,0x4C36,0x2B33,0x4373,0xF8F8,0xF8F8,0xF8F8,0xF8F8,0xF8F8,
  0xF8F8,0xF8F8,0xF8F8,0xF8F8,0xF8F8,0xF8F8,0xF8F8,0xF8F8,0xF8F8,0xF8F8,0xF8F8,0xF8F8,
  0xF8F8,0xF8F8,0xF8F8,0xF8F8,0xF8F8,0xF8F8,0xF8F8,0xF8F8,0xF8F8,0xF8F8,0xF8F8,0xF8F8,
  0xF8F8,0xF8F8,0xF8F8,0xF8F8,0xF8F8,0xF8F8,0xF8F8,0xF8F8,0xF8F8,0x2AEE,0x1A90,0x5E9F,
  0x77FF,0x5EFF,0x347B,0x2B54,0x3395,0x3394,0xFFFF,0xBF1F,0x2B13,0x3B11,0xF8F8,0xF8F8,
  0xF8F8,0xF8F8,0xF8F8,0xF8F8,0xF8F8,0xF8F8,0xF8F8,0xF8F8,0xF8F8,0xF8F8,0xF8F8,0xF8F8,
  0xF8F8,0xF8F8,0xF8F8,0xF8F8,0xF8F8,0xF8F8,0xF8F8,0xF8F8,0xF8F8,0xF8F8,0xF8F8,0xF8F8,
  0xF8F8,0xF8F8,0xF8F8,0xF8F8,0xF8F8,0xF8F8,0xF8F8,0xF8F8,0xF8F8,0xF8F8,0x32D1,0x1A90,
  0x5E9F,0x7FFF,0x34DD,0x5F3F,0x673F,0x34BC,0x1B13,0x7D9A,0xA63C,0xFFFF,0xB6BE,0x2AD1,
  0x3AF1,0xF8F8,0xF8F8,0xF8F8,0xF8F8,0xF8F8,0xF8F8,0xF8F8,0xF8F8,0xF8F8,0xF8F8,0xF8F8,
  0xF8F8,0xF8F8,0xF8F8,0xF8F8,0xF8F8,0xF8F8,0xF8F8,0xF8F8,0xF8F8,0xF8F8,0xF8F8,0xF8F8,
  0xF8F8,0xF8F8,0xF8F8,0xF8F8,0xF8F8,0xF8F8,0xF8F8,0xF8F8,0xF8F8,0xF8F8,0xF8F8,0x3AF0,
  0x1AAF,0x563F,0x87FF,0x34DD,0x671F,0x5EFF,0x3D3F,0x5F3F,0x2BD6,0x5455,0xA69C,0x95FA,
  0xFFFF,0xAEBE,0x2AF1,0x4332,0xF8F8,0xF8F8,0xF8F8,0xF8F8,0xF8F8,0xF8F8,0xF8F8,0xF8F8,
  0xF8F8,0xF8F8,0xF8F8,0xF8F8,0xF8F8,0xF8F8,0xF8F8,0xF8F8,0xF8F8,0xF8F8,0xF8F8,0xF8F8,
  0xF8F8,0xF8F8,0xF8F8,0xF8F8,0xF8F8,0xF8F8,0xF8F8,0xF8F8,0xF8F8,0xF8F8,0xF8F8,0xF8F8,
  0x3351,0x22B1,0x4DFF,0x77FF,0x347B,0x5EBF,0x5EFF,0x34FD,0x56BF,0x457F,0x1AF1,0x7D59,
  0xAEDE,0xAE7D,0x961B,0xFFFF,0xB6BE,0x3353,0x4373,0xF8F8,0xF8F8,0xF8F8,0xF8F8,0xF8F8,
  0xF8F8,0xF8F8,0xF8F8,0xF8F8,0xF8F8,0xF8F8,0xF8F8,0xF8F8,0xF8F8,0xF8F8,0xF8F8,0xF8F8,
  0xF8F8,0xF8F8,0xF8F8,0xF8F8,0xF8F8,0xF8F8,0xF8F8,0xF8F8,0xF8F8,0xF8F8,0xF8F8,0xF8F8,
  0xF8F8,0x4391,0x2AF2,0x561F,0x87FF,0x349C,0x5E7F,0x5E9F,0x347B,0x565F,0x455F,0x1AF1,
  0x9E7D,0x9E3B,0xAE7D,0xB6DE,0xB6BE,0xA67C,0xFFFF,0xBEFF,0x3353,0x3B72,0xF8F8,0xF8F8,
  0xF8F8,0xF8F8,0xF8F8,0xF8F8,0xF8F8,0xF8F8,0xF8F8,0xF8F8,0xF8F8,0xF8F8,0xF8F8,0xF8F8,
  0xF8F8,0xF8F8,0xF8F8,0xF8F8,0xF8F8,0xF8F8,0xF8F8,0xF8F8,0xF8F8,0xF8F8,0xF8F8,0x3351,
  0x2B11,0x2B11,0x2AF1,0x22F1,0x55DF,0x8FFF,0x34FE,0x5EFF,0x5EDF,0x347B,0x561F,0x451E,
  0x22D1,0x1AB0,0x8DDB,0xFFFF,0x9E1B,0xB6BE,0xBF1F,0xB6DE,0xAE7D,0xFFFF,0xB6BE,0x2AF2,
  0x3B11,0xF8F8,0xF8F8,0xF8F8,0xF8F8,0xF8F8,0xF8F8,0xF8F8,0xF8F8,0xF8F8,0xF8F8,0xF8F8,
  0xF8F8,0xF8F8,0xF8F8,0xF8F8,0xF8F8,0xF8F8,0xF8F8,0xF8F8,0xF8F8,0xF8F8,0xF8F8,0x3B31,
  0x2AF2,0x3418,0x5DFF,0x66BF,0x669F,0x66FF,0x97FF,0x3D3E,0x5EDF,0x5EFF,0x34DD,0x565F,
  0x455F,0x1AD1,0x3331,0x3310,0x22B0,0x9E3C,0xFFFF,0xA65C,0xB6DE,0xBF1F,0xAEBE,0xA63B,
  0xFFFF,0xAE7D,0x2AF1,0x3331,0xF8F8,0xF8F8,0xF8F8,0xF8F8,0xF8F8,0xF8F8,0xF8F8,0xF8F8,
  0xF8F8,0xF8F8,0xF8F8,0xF8F8,0xF8F8,0xF8F8,0xF8F8,0xF8F8,0xF8F8,0xF8F8,0xF8F8,0xF8F8,
  0x2AF0,0x2313,0x6EDF,0x9FFF,0x97FF,0x97FF,0x8FFF,0x8FFF,0x87FF,0x3D9F,0x5EBF,0x349B,
  0x563F,0x4D9F,0x2334,0x3352,0xF8F8,0xF8F8,0x3B11,0x2AF2,0xB6BF,0xFFFF,0x9E1C,0xAEBD,
  0xB6DE,0xA67C,0x9E1B,0xFFFF,0xAE9E,0x2B32,0x4B73,0xF8F8,0xF8F8,0xF8F8,0xF8F8,0xF8F8,
  0xF8F8,0xF8F8,0xF8F8,0xF8F8,0xF8F8,0xF8F8,0xF8F8,0xF8F8,0xF8F8,0xF8F8,0xF8F8,0xF8F8,
  0xF8F8,0x3B11,0x22F3,0x7FDF,0x87FF,0x87FF,0x8FFF,0x8FFF,0x8FFF,0x8FFF,0x8FFF,0x5EBF,
  0x3D3F,0x55FF,0x455F,0x22F2,0x3B73,0xF8F8,0xF8F8,0xF8F8,0xF8F8,0x4371,0x2B12,0xBEFF,
  0xF7FF,0x95DA,0xAE7D,0xB6DE,0xAE9D,0xA65C,0xFFFF,0xB6DE,0x3353,0x4393,0xF8F8,0xF8F8,
  0xF8F8,0xF8F8,0xF8F8,0xF8F8,0xF8F8,0xF8F8,0xF8F8,0xF8F8,0xF8F8,0xF8F8,0xF8F8,0xF8F8,
  0xF8F8,0xF8F8,0xF8F8,0x2B13,0x6E7F,0x8FFF,0x87FF,0x87FF,0x87FF,0x87FF,0x87FF,0x87FF,
  0x87FF,0x779F,0x777F,0x4D7F,0x1AD1,0x3311,0xF8F8,0xF8F8,0xF8F8,0xF8F8,0xF8F8,0xF8F8,
  0x3311,0x22D1,0xBEFF,0xF7FF,0x95FA,0xAEBE,0xBF1F,0xB6DE,0xAEBD,0xFFFF,0xB6BE,0x2B12,
  0x4372,0xF8F8,0xF8F8,0xF8F8,0xF8F8,0xF8F8,0xF8F8,0xF8F8,0xF8F8,0xF8F8,0xF8F8,0xF8F8,
  0xF8F8,0xF8F8,0xF8F8,0xF8F8,0x4392,0x2B54,0x97FF,0x8FFF,0x87BF,0x3C59,0x4CFC,0x771F,
  0x87FF,0x87FF,0x777F,0x7F7F,0x7F9F,0x3459,0x2AF2,0xF8F8,0xF8F8,0xF8F8,0xF8F8,0xF8F8,
  0xF8F8,0xF8F8,0xF8F8,0x32D0,0x2AD1,0xC73F,0xFFFF,0xA63C,0xB6DE,0xBF1F,0x9E5C,0xF7FF,
  0xFFFF,0xAEBE,0x2B12,0x3B51,0xF8F8,0xF8F8,0xF8F8,0xF8F8,0xF8F8,0xF8F8,0xF8F8,0xF8F8,
  0xF8F8,0xF8F8,0xF8F8,0xF8F8,0xF8F8,0xF8F8,0x3372,0x4459,0x97FF,0x8FFF,0x3438,0x2AF1,
  0x2AF1,0x1AD0,0x3C59,0x775F,0x775F,0x7F3F,0x7F5F,0x4D1E,0x3312,0xF8F8,0xF8F8,0xF8F8,
  0xF8F8,0xF8F8,0xF8F8,0xF8F8,0xF8F8,0xF8F8,0x3311,0x3353,0xD7BF,0xFFFF,0xA65C,0xAE9E,
  0x9E1B,0xFFFF,0xFFFF,0xFFFF,0xA63D,0x2AF1,0x3B32,0xF8F8,0xF8F8,0xF8F8,0xF8F8,0xF8F8,
  0xF8F8,0xF8F8,0xF8F8,0xF8F8,0xF8F8,0xF8F8,0xF8F8,0xF8F8,0x2B11,0x4479,0x8FFF,0x3C58,
  0x2B12,0xF8F8,0xF8F8,0x4B71,0x1AD1,0x6E9F,0x7F5F,0x775F,0x7F5F,0x555F,0x2B12,0xF8F8,
  0xF8F8,0xF8F8,0xF8F8,0xF8F8,0xF8F8,0xF8F8,0xF8F8,0xF8F8,0xF8F8,0x3351,0x3373,0xDFFF,
  0xFFFF,0xDFDF,0xF7FF,0xFFFF,0x9E3C,0x95DB,0xEFFF,0x9E1C,0x3333,0xF8F8,0xF8F8,0xF8F8,
  0xF8F8,0xF8F8,0xF8F8,0xF8F8,0xF8F8,0xF8F8,0xF8F8,0xF8F8,0xF8F8,0xF8F8,0x2B11,0x2B74,
  0x3C38,0x2AF1,0xF8F8,0xF8F8,0xF8F8,0xF8F8,0x2B11,0x553E,0x7F7F,0x7F5F,0x7F5F,0x4CDC,
  0x2AF1,0xF8F8,0xF8F8,0xF8F8,0xF8F8,0xF8F8,0xF8F8,0xF8F8,0xF8F8,0xF8F8,0xF8F8,0xF8F8,
  0x3B52,0x3BB4,0xE7FF,0xFFFF,0xFFFF,0x7D39,0x2AF1,0x3B31,0x5C35,0xFFFF,0x5416,0x3B52,
  0xF8F8,0xF8F8,0xF8F8,0xF8F8,0xF8F8,0xF8F8,0xF8F8,0xF8F8,0xF8F8,0xF8F8,0xF8F8,0xF8F8,
  0x3B51,0x1AB1,0x22B0,0x4330,0xF8F8,0xF8F8,0xF8F8,0xF8F8,0x2AF1,0x3C39,0x877F,0x877F,
  0x7F7F,0x33D7,0x2B11,0xF8F8,0xF8F8,0xF8F8,0xF8F8,0xF8F8,0xF8F8,0xF8F8,0xF8F8,0xF8F8,
  0xF8F8,0xF8F8,0xF8F8,0x3B51,0x3B94,0xDFFF,0xFFFF,0x5C35,0x4373,0xF8F8,0x3352,0xFFFF,
  0x7539,0x3353,0xF8F8,0xF8F8,0xF8F8,0xF8F8,0xF8F8,0xF8F8,0xF8F8,0xF8F8,0xF8F8,0xF8F8,
  0xF8F8,0xF8F8,0xF8F8,0x2AEF,0x3BB2,0xF8F8,0xF8F8,0xF8F8,0xF8F8,0x22D0,0x22D1,0x665F,
  0x7F3F,0x7F7F,0x6E3F,0x2B12,0x5B94,0xF8F8,0xF8F8,0xF8F8,0xF8F8,0xF8F8,0xF8F8,0xF8F8,
  0xF8F8,0xF8F8,0xF8F8,0xF8F8,0xF8F8,0xF8F8,0x2AF0,0x3B73,0xE7FF,0xB6DF,0x3311,0x3332,
  0x95DC,0xFFFF,0x4BF5,0x3B72,0xF8F8,0xF8F8,0xF8F8,0xF8F8,0xF8F8,0xF8F8,0xF8F8,0xF8F8,
  0xF8F8,0xF8F8,0xF8F8,0xF8F8,0xF8F8,0xF8F8,0xF8F8,0xF8F8,0xF8F8,0xF8F8,0x3311,0x2B33,
  0x6E7F,0x7F5F,0x775F,0x665F,0x22F3,0x2AF1,0xF8F8,0xF8F8,0xF8F8,0xF8F8,0xF8F8,0xF8F8,
  0xF8F8,0xF8F8,0xF8F8,0xF8F8,0xF8F8,0xF8F8,0xF8F8,0xF8F8,0xF8F8,0x32D0,0x4BD4,0xEFFF,
  0xF7FF,0xEFFF,0xFFFF,0x9E5D,0x22D1,0x4BF2,0xF8F8,0xF8F8,0xF8F8,0xF8F8,0xF8F8,0xF8F8,
  0xF8F8,0xF8F8,0xF8F8,0xF8F8,0xF8F8,0xF8F8,0xF8F8,0xF8F8,0xF8F8,0xF8F8,0xF8F8,0x2AF0,
  0x2313,0x6E7F,0x877F,0x875F,0x559F,0x22F1,0x22AF,0xF8F8,0xF8F8,0xF8F8,0xF8F8,0xF8F8,
  0xF8F8,0xF8F8,0xF8F8,0xF8F8,0xF8F8,0xF8F8,0xF8F8,0xF8F8,0xF8F8,0xF8F8,0xF8F8,0xF8F8,
  0x3332,0x3B94,0x95DC,0xB6DF,0x7539,0x2AF2,0x3B31,0xF8F8,0xF8F8,0xF8F8,0xF8F8,0xF8F8,
  0xF8F8,0xF8F8,0xF8F8,0xF8F8,0xF8F8,0xF8F8,0xF8F8,0xF8F8,0xF8F8,0xF8F8,0xF8F8,0xF8F8,
  0x3B31,0x2290,0x2B33,0x3C59,0x3C18,0x2B54,0x22F2,0x3331,0xF8F8,0xF8F8,0xF8F8,0xF8F8,
  0xF8F8,0xF8F8,0xF8F8,0xF8F8,0xF8F8,0xF8F8,0xF8F8,0xF8F8,0xF8F8,0xF8F8,0xF8F8,0xF8F8,
  0xF8F8,0xF8F8,0xF8F8,0x4351,0x2B31,0x2B11,0x3331,0x4BB3,0xF8F8,0xF8F8,0xF8F8,0xF8F8,
  0xF8F8,0xF8F8,0xF8F8,0xF8F8,0xF8F8,0xF8F8,0xF8F8,0xF8F8,0xF8F8,0xF8F8,0xF8F8,0xF8F8,
  0xF8F8,0xF8F8,0xF8F8,0x4BB1,0x2AF0,0x2AF1,0x2AF1,0x3B11,0xF8F8,0xF8F8,0xF8F8,0xF8F8,
  0xF8F8,0xF8F8,0xF8F8,0xF8F8,0xF8F8,0xF8F8,0xF8F8,0xF8F8,0xF8F8,0xF8F8,0xF8F8,0xF8F8,
  0xF8F8,0xF8F8,0xF8F8,0xF8F8,0xF8F8,0xF8F8,0xF8F8,0xF8F8,0xF8F8,0xF8F8,0xF8F8,0xF8F8,
  0xF8F8,0xF8F8,0xF8F8,0xF8F8,0xF8F8,0xF8F8,0xF8F8,0xF8F8,0xF8F8,0xF8F8,0xF8F8,0xF8F8,
  0xF8F8,0xF8F8,0xF8F8,0xF8F8,0xF8F8,0xF8F8,0xF8F8,0xF8F8,0xF8F8,0xF8F8,0xF8F8,0xF8F8,
  0xF8F8,0xF8F8,0xF8F8,0xF8F8,0xF8F8,0xF8F8,0xF8F8,0xF8F8,0xF8F8,0xF8F8,0xF8F8,0xF8F8,
  0xF8F8,0xF8F8,0xF8F8,0xF8F8,0xF8F8,0xF8F8,0xF8F8,0xF8F8,0xF8F8,0xF8F8,0xF8F8,0xF8F8,
  0xF8F8,0xF8F8,0xF8F8,0xF8F8,0xF8F8,0xF8F8,0xF8F8,0xF8F8,0xF8F8,0xF8F8,0xF8F8,0xF8F8,
  0xF8F8,0xF8F8,0xF8F8,0xF8F8,0xF8F8,0xF8F8,0xF8F8,0xF8F8,0xF8F8,0xF8F8,0xF8F8,0xF8F8,
  0xF8F8,0xF8F8,0xF8F8,0xF8F8,0xF8F8,0xF8F8,0xF8F8,0xF8F8,0xF8F8,0xF8F8,0xF8F8,0xF8F8,
  0xF8F8,0xF8F8,0xF8F8,0xF8F8,0xF8F8,0xF8F8,0xF8F8,0xF8F8,0xF8F8,0xF8F8,0xF8F8,0xF8F8,
  0xF8F8,0xF8F8,0xF8F8,0xF8F8,0xF8F8,0xF8F8,0xF8F8,0xF8F8,0xF8F8,0xF8F8,0xF8F8,0xF8F8,
  0xF8F8,0xF8F8,0xF8F8,0xF8F8,0xF8F8,0xF8F8,0xF8F8,0xF8F8,0xF8F8,0xF8F8,0xF8F8,0xF8F8,
  0xF8F8,0xF8F8,0xF8F8,0xF8F8,0xF8F8,0xF8F8,0xF8F8,0xF8F8,0xF8F8,0xF8F8,0xF8F8,0xF8F8,
  0xF8F8,0xF8F8,0xF8F8,0xF8F8,0xF8F8,0xF8F8,0xF8F8,0xF8F8,0xF8F8,0xF8F8,0xF8F8,0xF8F8,
  0xF8F8,0xF8F8,0xF8F8,0xF8F8,0xF8F8,0xF8F8,0xF8F8,0xF8F8,0xF8F8,0xF8F8,0xF8F8,0xF8F8,
  0xF8F8,0xF8F8,0xF8F8,0xF8F8,0xF8F8,0xF8F8,0xF8F8,0xF8F8,0xF8F8,0xF8F8,0xF8F8,0xF8F8,
  0xF8F8,0xF8F8,0xF8F8,0xF8F8,0xF8F8,0xF8F8,0xF8F8,0xF8F8,0xF8F8,0xF8F8,0xF8F8,0xF8F8,
  0xF8F8,0xF8F8,0xF8F8,0xF8F8,0xF8F8,0xF8F8,0xF8F8,0xF8F8,0xF8F8,0xF8F8,0xF8F8,0xF8F8,
  0xF8F8,0xF8F8,0xF8F8,0xF8F8,0xF8F8,0xF8F8,0xF8F8,0xF8F8,0xF8F8,0xF8F8,0xF8F8,0xF8F8,
  0xF8F8,0xF8F8,0xF8F8,0xF8F8,0xF8F8,0xF8F8,0xF8F8,0xF8F8,0xF8F8,0xF8F8,0xF8F8,0xF8F8,
  0xF8F8,0xF8F8,0xF8F8,0xF8F8,0xF8F8,0xF8F8,0xF8F8,0xF8F8,0xF8F8,0xF8F8,0xF8F8,0xF8F8,
  0xF8F8,0xF8F8,0xF8F8,0xF8F8,0xF8F8,0xF8F8,0xF8F8,0xF8F8,0xF8F8,0xF8F8,0xF8F8,0xF8F8,
  0xF8F8,0xF8F8,0xF8F8,0xF8F8,0xF8F8,0xF8F8,0xF8F8,0xF8F8,0xF8F8,0xF8F8,0xF8F8,0xF8F8,
  0xF8F8,0xF8F8,0xF8F8,0xF8F8,
};

// 09_settings_gear-removebg-preview (Custom)  (58% transparent)
const uint16_t wh_icon_08[2500] PROGMEM = {
  0xF8F8,0xF8F8,0xF8F8,0xF8F8,0xF8F8,0xF8F8,0xF8F8,0xF8F8,0xF8F8,0xF8F8,0xF8F8,0xF8F8,
  0xF8F8,0xF8F8,0xF8F8,0xF8F8,0xF8F8,0xF8F8,0xF8F8,0xF8F8,0xF8F8,0xF8F8,0xF8F8,0xF8F8,
  0xF8F8,0xF8F8,0xF8F8,0xF8F8,0xF8F8,0xF8F8,0xF8F8,0xF8F8,0xF8F8,0xF8F8,0xF8F8,0xF8F8,
  0xF8F8,0xF8F8,0xF8F8,0xF8F8,0xF8F8,0xF8F8,0xF8F8,0xF8F8,0xF8F8,0xF8F8,0xF8F8,0xF8F8,
  0xF8F8,0xF8F8,0xF8F8,0xF8F8,0xF8F8,0xF8F8,0xF8F8,0xF8F8,0xF8F8,0xF8F8,0xF8F8,0xF8F8,
  0xF8F8,0xF8F8,0xF8F8,0xF8F8,0xF8F8,0xF8F8,0xF8F8,0xF8F8,0xF8F8,0xF8F8,0xF8F8,0xF8F8,
  0xF8F8,0xF8F8,0xF8F8,0xF8F8,0xF8F8,0xF8F8,0xF8F8,0xF8F8,0xF8F8,0xF8F8,0xF8F8,0xF8F8,
  0xF8F8,0xF8F8,0xF8F8,0xF8F8,0xF8F8,0xF8F8,0xF8F8,0xF8F8,0xF8F8,0xF8F8,0xF8F8,0xF8F8,
  0xF8F8,0xF8F8,0xF8F8,0xF8F8,0xF8F8,0xF8F8,0xF8F8,0xF8F8,0xF8F8,0xF8F8,0xF8F8,0xF8F8,
  0xF8F8,0xF8F8,0xF8F8,0xF8F8,0xF8F8,0xF8F8,0xF8F8,0xF8F8,0xF8F8,0xF8F8,0xF8F8,0xF8F8,
  0xF8F8,0xF8F8,0xF8F8,0xF8F8,0xF8F8,0xF8F8,0xF8F8,0xF8F8,0xF8F8,0xF8F8,0xF8F8,0xF8F8,
  0xF8F8,0xF8F8,0xF8F8,0xF8F8,0xF8F8,0xF8F8,0xF8F8,0xF8F8,0xF8F8,0xF8F8,0xF8F8,0xF8F8,
  0xF8F8,0xF8F8,0xF8F8,0xF8F8,0xF8F8,0xF8F8,0xF8F8,0xF8F8,0xF8F8,0xF8F8,0xF8F8,0xF8F8,
  0xF8F8,0xF8F8,0xF8F8,0xF8F8,0xF8F8,0xF8F8,0xF8F8,0xF8F8,0xF8F8,0xF8F8,0xF8F8,0xF8F8,
  0xF8F8,0xF8F8,0xF8F8,0xF8F8,0xF8F8,0xF8F8,0xF8F8,0xF8F8,0xF8F8,0xF8F8,0xF8F8,0xF8F8,
  0xF8F8,0xF8F8,0xF8F8,0xF8F8,0xF8F8,0xF8F8,0xF8F8,0xF8F8,0xF8F8,0xF8F8,0xF8F8,0xF8F8,
  0xF8F8,0xF8F8,0xF8F8,0xF8F8,0xF8F8,0xF8F8,0xF8F8,0xF8F8,0xF8F8,0xF8F8,0xF8F8,0xF8F8,
  0xF8F8,0xF8F8,0xF8F8,0xF8F8,0xF8F8,0xF8F8,0xF8F8,0xF8F8,0xF8F8,0xF8F8,0xF8F8,0xF8F8,
  0xF8F8,0xF8F8,0xF8F8,0xF8F8,0xF8F8,0xF8F8,0xF8F8,0xF8F8,0xF8F8,0xF8F8,0xF8F8,0xF8F8,
  0xF8F8,0xF8F8,0xF8F8,0xF8F8,0xF8F8,0xF8F8,0xF8F8,0xF8F8,0xF8F8,0xF8F8,0xF8F8,0xF8F8,
  0xF8F8,0xF8F8,0xF8F8,0xF8F8,0xF8F8,0xF8F8,0xF8F8,0xF8F8,0xF8F8,0xF8F8,0xF8F8,0xF8F8,
  0xF8F8,0xF8F8,0xF8F8,0xF8F8,0xF8F8,0xF8F8,0xF8F8,0xF8F8,0xF8F8,0xF8F8,0xF8F8,0xF8F8,
  0xF8F8,0xF8F8,0xF8F8,0xF8F8,0xF8F8,0xF8F8,0xF8F8,0x42D0,0x2AF0,0x2ACF,0x2B11,0x2AD0,
  0x2AB0,0x32AF,0xF8F8,0xF8F8,0xF8F8,0xF8F8,0xF8F8,0xF8F8,0xF8F8,0xF8F8,0xF8F8,0xF8F8,
  0xF8F8,0xF8F8,0xF8F8,0xF8F8,0xF8F8,0xF8F8,0xF8F8,0xF8F8,0xF8F8,0xF8F8,0xF8F8,0xF8F8,
  0xF8F8,0xF8F8,0xF8F8,0xF8F8,0xF8F8,0xF8F8,0xF8F8,0xF8F8,0xF8F8,0xF8F8,0xF8F8,0xF8F8,
  0xF8F8,0xF8F8,0xF8F8,0xF8F8,0xF8F8,0xF8F8,0xF8F8,0xF8F8,0xF8F8,0x22B0,0x3332,0x5415,
  0x5C76,0x5435,0x4BF4,0x2B11,0x2ACF,0xF8F8,0xF8F8,0xF8F8,0xF8F8,0xF8F8,0xF8F8,0xF8F8,
  0xF8F8,0xF8F8,0xF8F8,0xF8F8,0xF8F8,0xF8F8,0xF8F8,0xF8F8,0xF8F8,0xF8F8,0xF8F8,0xF8F8,
  0xF8F8,0xF8F8,0xF8F8,0xF8F8,0xF8F8,0xF8F8,0xF8F8,0xF8F8,0xF8F8,0xF8F8,0xF8F8,0xF8F8,
  0xF8F8,0xF8F8,0xF8F8,0xF8F8,0xF8F8,0xF8F8,0xF8F8,0xF8F8,0xF8F8,0xF8F8,0xF8F8,0x2AF1,
  0xF7FF,0xFFFF,0xFFFF,0xFFFF,0xFFFF,0x95FC,0x2B11,0xF8F8,0xF8F8,0xF8F8,0xF8F8,0xF8F8,
  0xF8F8,0xF8F8,0xF8F8,0xF8F8,0xF8F8,0xF8F8,0xF8F8,0xF8F8,0xF8F8,0xF8F8,0xF8F8,0xF8F8,
  0xF8F8,0xF8F8,0xF8F8,0xF8F8,0xF8F8,0xF8F8,0xF8F8,0xF8F8,0xF8F8,0xF8F8,0xF8F8,0xF8F8,
  0xF8F8,0xF8F8,0xF8F8,0xF8F8,0xF8F8,0xF8F8,0xF8F8,0xF8F8,0xF8F8,0xF8F8,0xF8F8,0xF8F8,
  0x4310,0x22D1,0xFFFF,0xFFFF,0xFFFF,0xEFFF,0xEFFF,0xBEFF,0x22D1,0xF8F8,0xF8F8,0xF8F8,
  0xF8F8,0xF8F8,0xF8F8,0xF8F8,0xF8F8,0xF8F8,0xF8F8,0xF8F8,0xF8F8,0xF8F8,0xF8F8,0xF8F8,
  0xF8F8,0xF8F8,0xF8F8,0xF8F8,0xF8F8,0xF8F8,0xF8F8,0xF8F8,0xF8F8,0xF8F8,0xF8F8,0xF8F8,
  0xF8F8,0xF8F8,0xF8F8,0xF8F8,0xF8F8,0xF8F8,0x2A8F,0x228F,0x2A6F,0xF8F8,0xF8F8,0xF8F8,
  0xF8F8,0xF8F8,0x2AAF,0x3B73,0xFFFF,0xFFFF,0xFFFF,0xEFFF,0xEFFF,0xE7FF,0x22D1,0x3B11,
  0xF8F8,0xF8F8,0xF8F8,0xF8F8,0xF8F8,0x1A8F,0x226F,0x3271,0xF8F8,0xF8F8,0xF8F8,0xF8F8,
  0xF8F8,0xF8F8,0xF8F8,0xF8F8,0xF8F8,0xF8F8,0xF8F8,0xF8F8,0xF8F8,0xF8F8,0xF8F8,0xF8F8,
  0xF8F8,0xF8F8,0xF8F8,0xF8F8,0xF8F8,0xF8F8,0xF8F8,0x32F1,0x22B1,0x7D39,0x3B52,0x22D1,
  0x3AD0,0x3330,0x22AF,0x1A6E,0x2AD0,0xB6DE,0xFFFF,0xFFFF,0xFFFF,0xF7FF,0xF7FF,0xFFFF,
  0x5C76,0x22D1,0x1A8F,0x226E,0xF8F8,0x2AAE,0x1A8F,0x3B53,0x4BF4,0x1A8F,0x3AAE,0xF8F8,
  0xF8F8,0xF8F8,0xF8F8,0xF8F8,0xF8F8,0xF8F8,0xF8F8,0xF8F8,0xF8F8,0xF8F8,0xF8F8,0xF8F8,
  0xF8F8,0xF8F8,0xF8F8,0xF8F8,0xF8F8,0xF8F8,0xF8F8,0xF8F8,0x2AF0,0x22AF,0xA65D,0xFFFF,
  0xFFFF,0x8DBB,0x22D1,0x22B0,0x4BF4,0xDFBF,0xFFFF,0xFFFF,0xFFFF,0xFFFF,0xFFFF,0xEFFF,
  0xEFFF,0xF7FF,0xFFFF,0xF7FF,0x95FC,0x32F1,0x1A6F,0x228F,0x857A,0xF7FF,0xEFFF,0x5C56,
  0x22D0,0xF8F8,0xF8F8,0xF8F8,0xF8F8,0xF8F8,0xF8F8,0xF8F8,0xF8F8,0xF8F8,0xF8F8,0xF8F8,
  0xF8F8,0xF8F8,0xF8F8,0xF8F8,0xF8F8,0xF8F8,0xF8F8,0xF8F8,0xF8F8,0x42F2,0x22F1,0xAE9E,
  0xFFFF,0xFFFF,0xFFFF,0xFFFF,0xFFFF,0xDFBF,0xFFFF,0xFFFF,0xFFFF,0xFFFF,0xFFFF,0xFFFF,
  0xFFFF,0xEFFF,0xEFFF,0xEFFF,0xEFFF,0xEFFF,0xEFFF,0xEFFF,0x95FB,0xD79F,0xF7FF,0xEFFF,
  0xEFFF,0xF7FF,0x5C77,0x22D1,0xF8F8,0xF8F8,0xF8F8,0xF8F8,0xF8F8,0xF8F8,0xF8F8,0xF8F8,
  0xF8F8,0xF8F8,0xF8F8,0xF8F8,0xF8F8,0xF8F8,0xF8F8,0xF8F8,0xF8F8,0xF8F8,0xF8F8,0x22D1,
  0x8DDB,0xFFFF,0xFFFF,0xFFFF,0xFFFF,0xFFFF,0xFFFF,0xFFFF,0xFFFF,0xFFFF,0xFFFF,0xDFBF,
  0x959B,0x6497,0x5C76,0x5436,0x6476,0x8559,0xB6DE,0xE7FF,0xE7FF,0xEFFF,0xEFFF,0xEFFF,
  0xEFFF,0xEFFF,0xEFFF,0xF7FF,0xEFFF,0x43B4,0x22AF,0xF8F8,0xF8F8,0xF8F8,0xF8F8,0xF8F8,
  0xF8F8,0xF8F8,0xF8F8,0xF8F8,0xF8F8,0xF8F8,0xF8F8,0xF8F8,0xF8F8,0xF8F8,0xF8F8,0xF8F8,
  0xF8F8,0x22B0,0x6CD8,0xFFFF,0xFFFF,0xFFFF,0xFFFF,0xFFFF,0xFFFF,0xFFFF,0xFFFF,0xAEBE,
  0x53F4,0x74F8,0x9E5C,0xB6FF,0xBF1F,0xBF3F,0xB6FF,0x95FC,0x6496,0x4393,0x9E1C,0xE7FF,
  0xEFFF,0xEFFF,0xEFFF,0xEFFF,0xEFFF,0xE7FF,0xDFDF,0x2B11,0x228F,0xF8F8,0xF8F8,0xF8F8,
  0xF8F8,0xF8F8,0xF8F8,0xF8F8,0xF8F8,0xF8F8,0xF8F8,0xF8F8,0xF8F8,0xF8F8,0xF8F8,0xF8F8,
  0xF8F8,0xF8F8,0xF8F8,0x32CF,0x1AB0,0xE7FF,0xFFFF,0xFFFF,0xFFFF,0xFFFF,0xFFFF,0xF7FF,
  0x5415,0x8DDB,0xC75F,0xBF5F,0x961C,0x7539,0x6CB7,0x6CD7,0x7D59,0xA63D,0xBF1F,0xBF1F,
  0x7539,0x5456,0xD7FF,0xEFFF,0xEFFF,0xEFFF,0xEFFF,0xE7FF,0x64D7,0x1A6F,0xF8F8,0xF8F8,
  0xF8F8,0xF8F8,0xF8F8,0xF8F8,0xF8F8,0xF8F8,0xF8F8,0xF8F8,0xF8F8,0xF8F8,0xF8F8,0xF8F8,
  0xF8F8,0xF8F8,0xF8F8,0xF8F8,0xF8F8,0xF8F8,0x22AF,0x3B73,0xFFFF,0xFFFF,0xFFFF,0xFFFF,
  0xDFDF,0x4BD4,0xB6DE,0xC73F,0x7D59,0x2B53,0x22D1,0x43B4,0x5435,0x5415,0x3332,0x1A8F,
  0x4394,0x961C,0xCF7F,0xAEBD,0x43F4,0xCF9F,0xE7FF,0xEFFF,0xE7FF,0xBF1F,0x1A6F,0x228E,
  0xF8F8,0xF8F8,0xF8F8,0xF8F8,0xF8F8,0xF8F8,0xF8F8,0xF8F8,0xF8F8,0xF8F8,0xF8F8,0xF8F8,
  0xF8F8,0xF8F8,0xF8F8,0xF8F8,0xF8F8,0xF8F8,0xF8F8,0xF8F8,0x32EE,0x126F,0xF7FF,0xFFFF,
  0xFFFF,0xF7FF,0x5415,0xC75F,0xAEBE,0x3B73,0x3353,0xA63D,0xEFFF,0xF7FF,0xEFFF,0xEFFF,
  0xEFFF,0xDFDF,0x8D9A,0x2B12,0x5477,0xBF3F,0xAEBD,0x4393,0xCFBF,0xE7FF,0xE7FF,0x7D59,
  0x1A8F,0xF8F8,0xF8F8,0xF8F8,0xF8F8,0xF8F8,0xF8F8,0xF8F8,0xF8F8,0xF8F8,0xF8F8,0xF8F8,
  0xF8F8,0xF8F8,0xF8F8,0xF8F8,0xF8F8,0xF8F8,0xF8F8,0xF8F8,0xF8F8,0xF8F8,0x1A8E,0x4BD4,
  0xFFFF,0xFFFF,0xFFFF,0x4BF5,0xBEFF,0xB6BE,0x3312,0x6497,0xEFFF,0xF7FF,0xF7FF,0xF7FF,
  0xF7FF,0xF7FF,0xF7FF,0xF7FF,0xFFFF,0xDFDF,0x43B3,0x3B93,0xB6DF,0x95FB,0x5435,0xE7FF,
  0xE7FF,0xD7BF,0x22D1,0x32EF,0xF8F8,0xF8F8,0xF8F8,0xF8F8,0xF8F8,0xF8F8,0xF8F8,0xF8F8,
  0xF8F8,0xF8F8,0xF8F8,0xF8F8,0xF8F8,0xF8F8,0xF8F8,0xF8F8,0xF8F8,0xF8F8,0xF8F8,0xF8F8,
  0x22B0,0xDFBF,0xFFFF,0xFFFF,0x95DB,0x8DBB,0xB6DF,0x3352,0x6497,0xF7FF,0xFFFF,0xF7FF,
  0xF7FF,0xC75F,0xAE5D,0xAE9D,0xDFBF,0xF7FF,0xF7FF,0xF7FF,0xDFDF,0x3351,0x5415,0xBF1F,
  0x6476,0xAEBE,0xEFFF,0xF7FF,0x7519,0x2AF1,0xF8F8,0xF8F8,0xF8F8,0xF8F8,0xF8F8,0xF8F8,
  0xF8F8,0xF8F8,0xF8F8,0xF8F8,0xF8F8,0xF8F8,0xF8F8,0xF8F8,0xF8F8,0xF8F8,0xF8F8,0xF8F8,
  0xF8F8,0x32F0,0x3312,0xFFFF,0xFFFF,0xFFFF,0x43B3,0xBEFF,0x64B7,0x3311,0xE7FF,0xF7FF,
  0xFFFF,0xC75F,0x43D4,0x2AF2,0x2AF1,0x2B12,0x22F1,0x5C56,0xD7BF,0xEFFF,0xEFFF,0xC73F,
  0x1A6F,0x961B,0xBF1F,0x5C76,0xEFFF,0xF7FF,0xBF3F,0x22D1,0x3330,0xF8F8,0xF8F8,0xF8F8,
  0xF8F8,0xF8F8,0xF8F8,0xF8F8,0xF8F8,0xF8F8,0xF8F8,0xF8F8,0xF8F8,0xF8F8,0xF8F8,0xF8F8,
  0x2B11,0x2AF2,0x2AF1,0x2AF2,0x9E1D,0xFFFF,0xFFFF,0xCF7F,0x857A,0xBF1F,0x22B1,0xA63C,
  0xEFFF,0xEFFF,0xBEFF,0x2AD1,0x2AF1,0xF8F8,0xF8F8,0xF8F8,0x4AF0,0x2AAF,0x2B11,0xCFBF,
  0xEFFF,0xEFFF,0x7518,0x4C15,0xCF7F,0x6496,0xDFDF,0xF7FF,0xEFFF,0x43B4,0x1A8F,0x1A8F,
  0x228E,0x22AF,0xF8F8,0xF8F8,0xF8F8,0xF8F8,0xF8F8,0xF8F8,0xF8F8,0xF8F8,0xF8F8,0xF8F8,
  0xF8F8,0x22B0,0x3B94,0xC73F,0xFFFF,0xFFFF,0xFFFF,0xFFFF,0xFFFF,0x8D7A,0xBEFF,0x9DFC,
  0x2AF1,0xF7FF,0xF7FF,0xE7FF,0x3332,0x22AF,0xF8F8,0xF8F8,0xF8F8,0xF8F8,0xF8F8,0xF8F8,
  0x228F,0x5C35,0xF7FF,0xF7FF,0xCF7F,0x2AF1,0xBF1F,0x95DB,0x9E1C,0xEFFF,0xEFFF,0xEFFF,
  0xCFBF,0x9E5C,0x7539,0x2AD1,0x3310,0xF8F8,0xF8F8,0xF8F8,0xF8F8,0xF8F8,0xF8F8,0xF8F8,
  0xF8F8,0xF8F8,0xF8F8,0x2291,0x7519,0xFFFF,0xFFFF,0xFFFF,0xFFFF,0xFFFF,0xFFFF,0x6476,
  0xCF7F,0x7518,0x5C76,0xFFFF,0xF7FF,0xAE7D,0x2290,0xF8F8,0xF8F8,0xF8F8,0xF8F8,0xF8F8,
  0xF8F8,0xF8F8,0x32F0,0x22D1,0xDFDF,0xFFFF,0xF7FF,0x3312,0x95FB,0xAE7D,0x74B7,0xE7FF,
  0xE7FF,0xEFFF,0xEFFF,0xEFFF,0xF7FF,0x3B73,0x2B10,0xF8F8,0xF8F8,0xF8F8,0xF8F8,0xF8F8,
  0xF8F8,0xF8F8,0xF8F8,0xF8F8,0xF8F8,0x1A6F,0x859A,0xFFFF,0xFFFF,0xFFFF,0xFFFF,0xFFFF,
  0xFFFF,0x5415,0xC75F,0x5C76,0x7D39,0xF7FF,0xF7FF,0x857A,0x2AD1,0xF8F8,0xF8F8,0xF8F8,
  0xF8F8,0xF8F8,0xF8F8,0xF8F8,0xF8F8,0x2AF2,0xB69E,0xF7FF,0xF7FF,0x4BD4,0x7D39,0xB6FF,
  0x5415,0xE7FF,0xEFFF,0xEFFF,0xEFFF,0xEFFF,0xF7FF,0x3B93,0x2AAF,0xF8F8,0xF8F8,0xF8F8,
  0xF8F8,0xF8F8,0xF8F8,0xF8F8,0xF8F8,0xF8F8,0xF8F8,0x2290,0x8D9A,0xFFFF,0xEFFF,0xEFFF,
  0xEFFF,0xF7FF,0xF7FF,0x4BF4,0xC73F,0x5435,0x7519,0xF7FF,0xF7FF,0x7D79,0x2B11,0xF8F8,
  0xF8F8,0xF8F8,0xF8F8,0xF8F8,0xF8F8,0xF8F8,0xF8F8,0x2AF2,0xAE7D,0xF7FF,0xF7FF,0x4BF5,
  0x7538,0xB6FE,0x4393,0xBEDE,0xC6DF,0xC6FF,0xC71F,0xC73F,0xC75F,0x3B73,0x2ACF,0xF8F8,
  0xF8F8,0xF8F8,0xF8F8,0xF8F8,0xF8F8,0xF8F8,0xF8F8,0xF8F8,0xF8F8,0x2B12,0x8D9A,0xFFFF,
  0xF7FF,0xEFFF,0xEFFF,0xEFFF,0xEFFF,0x4BD4,0xBF3F,0x64B7,0x6497,0xF7FF,0xF7FF,0xA63C,
  0x22F1,0xF8F8,0xF8F8,0xF8F8,0xF8F8,0xF8F8,0xF8F8,0xF8F8,0xF8F8,0x22B0,0xC75F,0xF7FF,
  0xF7FF,0x3B94,0x8DBA,0xB6FF,0x5435,0xBEFE,0xBEDF,0xBEDF,0xBEFF,0xC6FF,0xC73F,0x3B94,
  0x32F0,0xF8F8,0xF8F8,0xF8F8,0xF8F8,0xF8F8,0xF8F8,0xF8F8,0xF8F8,0xF8F8,0xF8F8,0x2B11,
  0x4C16,0xCF7F,0xDFFF,0xEFFF,0xEFFF,0xEFFF,0xE7FF,0x5435,0xBEFF,0x95BA,0x3373,0xF7FF,
  0xF7FF,0xE7FF,0x2B12,0x32F0,0xF8F8,0xF8F8,0xF8F8,0xF8F8,0xF8F8,0xF8F8,0x228F,0x3B93,
  0xEFFF,0xEFFF,0xDFDF,0x22B1,0xAEBE,0xA65D,0x7518,0xC71F,0xC6FF,0xBEFF,0xBEDF,0xAE7D,
  0x8D9A,0x2312,0x2B10,0xF8F8,0xF8F8,0xF8F8,0xF8F8,0xF8F8,0xF8F8,0xF8F8,0xF8F8,0xF8F8,
  0xF8F8,0x3B10,0x22B0,0x22B0,0x1A8F,0x3B72,0x95DB,0xEFFF,0xEFFF,0x8DDA,0x961B,0xC71F,
  0x22F1,0xBF3F,0xF7FF,0xEFFF,0x8DBB,0x1A8F,0x2AAE,0xF8F8,0xF8F8,0xF8F8,0xF8F8,0x2AF0,
  0x22D1,0xB6FF,0xEFFF,0xEFFF,0x8DBA,0x3332,0xC75F,0x7518,0x9E3C,0xC71F,0xC71F,0x6CD7,
  0x3312,0x1A6F,0x1A6F,0x22B0,0x32AE,0xF8F8,0xF8F8,0xF8F8,0xF8F8,0xF8F8,0xF8F8,0xF8F8,
  0xF8F8,0xF8F8,0xF8F8,0xF8F8,0xF8F8,0xF8F8,0x2A6F,0x1A6E,0x3311,0xEFFF,0xF7FF,0xDFDF,
  0x5C76,0xCF9F,0x64B7,0x5415,0xEFFF,0xEFFF,0xEFFF,0x8559,0x22B0,0x22D0,0x2AF1,0x2AF1,
  0x2AF2,0x3373,0xB6FE,0xF7FF,0xEFFF,0xDFFF,0x2B11,0x7D19,0xBF1F,0x4393,0xBEFF,0xBEFF,
  0xB6DE,0x22D1,0x2AD1,0x32CF,0xF8F8,0xF8F8,0xF8F8,0xF8F8,0xF8F8,0xF8F8,0xF8F8,0xF8F8,
  0xF8F8,0xF8F8,0xF8F8,0xF8F8,0xF8F8,0xF8F8,0xF8F8,0xF8F8,0xF8F8,0xF8F8,0x22B0,0xBF1F,
  0xF7FF,0xF7FF,0x5C76,0xAEBE,0xB6DE,0x22B0,0x8D9A,0xEFFF,0xEFFF,0xEFFF,0xD79F,0x8DBA,
  0x64D7,0x6CD7,0x9E1C,0xEFFF,0xF7FF,0xF7FF,0xF7FF,0x6CB7,0x3352,0xB6FF,0x7D79,0x64D7,
  0xB6DE,0xBEDE,0x7D59,0x2AF1,0xF8F8,0xF8F8,0xF8F8,0xF8F8,0xF8F8,0xF8F8,0xF8F8,0xF8F8,
  0xF8F8,0xF8F8,0xF8F8,0xF8F8,0xF8F8,0xF8F8,0xF8F8,0xF8F8,0xF8F8,0xF8F8,0xF8F8,0xF8F8,
  0x2AF0,0x5C97,0xF7FF,0xF7FF,0xCF5F,0x4393,0xBF1F,0x95BB,0x1A6F,0x95FB,0xEFFF,0xF7FF,
  0xF7FF,0xF7FF,0xF7FF,0xEFFF,0xEFFF,0xF7FF,0xF7FF,0xF7FF,0x8559,0x2B12,0xAE9E,0xB6DF,
  0x3B72,0xAEBE,0xB6DE,0xB6DE,0x3332,0x2AB0,0xF8F8,0xF8F8,0xF8F8,0xF8F8,0xF8F8,0xF8F8,
  0xF8F8,0xF8F8,0xF8F8,0xF8F8,0xF8F8,0xF8F8,0xF8F8,0xF8F8,0xF8F8,0xF8F8,0xF8F8,0xF8F8,
  0xF8F8,0xF8F8,0x3B11,0x22D1,0xCF3F,0xF7FF,0xEFFF,0x8D9A,0x6476,0xBF1F,0x8DBB,0x22D1,
  0x64B7,0xD7BF,0xF7FF,0xF7FF,0xEFFF,0xEFFF,0xEFFF,0xEFFF,0xBF1F,0x4C15,0x3333,0xAE7E,
  0xCF5F,0x5415,0x9DFB,0xBEFE,0xB6DE,0x7D59,0x1A6F,0xF8F8,0xF8F8,0xF8F8,0xF8F8,0xF8F8,
  0xF8F8,0xF8F8,0xF8F8,0xF8F8,0xF8F8,0xF8F8,0xF8F8,0xF8F8,0xF8F8,0xF8F8,0xF8F8,0xF8F8,
  0xF8F8,0xF8F8,0xF8F8,0xF8F8,0x2ACE,0x1AB0,0xCF5F,0xEFFF,0xEFFF,0xEFFF,0x74F7,0x64D7,
  0xCF5F,0xB6DE,0x4C35,0x22D1,0x5415,0x8559,0x9DFB,0x95FB,0x7518,0x3B72,0x1A6F,0x5435,
  0xB6DE,0xC71F,0x5456,0x8D9B,0xC6FF,0xBEFF,0xBEDF,0x8579,0x1A90,0x3290,0xF8F8,0xF8F8,
  0xF8F8,0xF8F8,0xF8F8,0xF8F8,0xF8F8,0xF8F8,0xF8F8,0xF8F8,0xF8F8,0xF8F8,0xF8F8,0xF8F8,
  0xF8F8,0xF8F8,0xF8F8,0xF8F8,0xF8F8,0xF8F8,0x228F,0x74F8,0xEFFF,0xEFFF,0xF7FF,0xF7FF,
  0xF7FF,0x95DB,0x5415,0xB6DE,0xCF5F,0xAE7D,0x74D7,0x43D4,0x3B52,0x3B73,0x5415,0x7518,
  0xAE7D,0xC6FF,0x9E1C,0x3B93,0x8D9B,0xC6FF,0xC6FE,0xC6FE,0xC6DF,0xBEFF,0x4394,0x1A90,
  0xF8F8,0xF8F8,0xF8F8,0xF8F8,0xF8F8,0xF8F8,0xF8F8,0xF8F8,0xF8F8,0xF8F8,0xF8F8,0xF8F8,
  0xF8F8,0xF8F8,0xF8F8,0xF8F8,0xF8F8,0xF8F8,0xF8F8,0x228E,0x3B32,0xE7FF,0xEFFF,0xF7FF,
  0xF7FF,0xF7FF,0xF7FF,0xF7FF,0xCF7F,0x5415,0x5C75,0x9E3C,0xBEFF,0xBF1F,0xC71F,0xCF3F,
  0xCF5F,0xCF5F,0x9DFC,0x5415,0x4BB3,0xA63C,0xBEDE,0xBEBE,0xBEDE,0xBEFE,0xBEFF,0xC6DF,
  0xA65C,0x22B0,0x22AE,0xF8F8,0xF8F8,0xF8F8,0xF8F8,0xF8F8,0xF8F8,0xF8F8,0xF8F8,0xF8F8,
  0xF8F8,0xF8F8,0xF8F8,0xF8F8,0xF8F8,0xF8F8,0xF8F8,0xF8F8,0xF8F8,0x1A8F,0x859A,0xF7FF,
  0xF7FF,0xF7FF,0xF7FF,0xF7FF,0xF7FF,0xF7FF,0xF7FF,0xEFFF,0xBF1E,0x6CD7,0x4393,0x43B3,
  0x5435,0x5456,0x4BF5,0x4BF4,0x6CD7,0xA63D,0xBEDE,0xBEDE,0xBEDE,0xBEDE,0xBEDE,0xBEDE,
  0xBEFE,0xBEFE,0xBF1F,0x4C15,0x22AF,0xF8F8,0xF8F8,0xF8F8,0xF8F8,0xF8F8,0xF8F8,0xF8F8,
  0xF8F8,0xF8F8,0xF8F8,0xF8F8,0xF8F8,0xF8F8,0xF8F8,0xF8F8,0xF8F8,0xF8F8,0xF8F8,0x2A8F,
  0x22B0,0xAE9E,0xF7FF,0xF7FF,0xF7FF,0xF7FF,0xE7FF,0xD7BF,0xEFFF,0xEFFF,0xEFFF,0xEFFF,
  0xEFFF,0xEFFF,0xDFDF,0xB6BE,0xC6FF,0xC6DF,0xC6FE,0xC6DF,0xBEDE,0xBEDE,0x9DFB,0xB69E,
  0xBEDE,0xBEBE,0xBEDF,0xBEFF,0x7518,0x22F1,0x3311,0xF8F8,0xF8F8,0xF8F8,0xF8F8,0xF8F8,
  0xF8F8,0xF8F8,0xF8F8,0xF8F8,0xF8F8,0xF8F8,0xF8F8,0xF8F8,0xF8F8,0xF8F8,0xF8F8,0xF8F8,
  0xF8F8,0xF8F8,0x3310,0x22F1,0xB6DE,0xF7FF,0xF7FF,0x9E1B,0x2B12,0x22D0,0x6CD7,0xCF7F,
  0xEFFF,0xF7FF,0xF7FF,0xF7FF,0xEFFF,0xBEDE,0xBEDE,0xBEDE,0xBEFE,0xC6FF,0xA63C,0x5436,
  0x1AB0,0x3332,0x8DDB,0xB6DE,0xB6DE,0x7538,0x22D1,0x32F1,0xF8F8,0xF8F8,0xF8F8,0xF8F8,
  0xF8F8,0xF8F8,0xF8F8,0xF8F8,0xF8F8,0xF8F8,0xF8F8,0xF8F8,0xF8F8,0xF8F8,0xF8F8,0xF8F8,
  0xF8F8,0xF8F8,0xF8F8,0xF8F8,0xF8F8,0x22AF,0x22F1,0xA63C,0x5456,0x22D1,0x2AEF,0x32CE,
  0x1A8F,0x1A8F,0x4C15,0xB6DE,0xF7FF,0xF7FF,0xEFFF,0xBEBE,0xBEBE,0xB6DE,0x6CD7,0x3B73,
  0x22F1,0x2B11,0x4330,0x2AD0,0x22B0,0x5C76,0x6476,0x1A8F,0x228F,0xF8F8,0xF8F8,0xF8F8,
  0xF8F8,0xF8F8,0xF8F8,0xF8F8,0xF8F8,0xF8F8,0xF8F8,0xF8F8,0xF8F8,0xF8F8,0xF8F8,0xF8F8,
  0xF8F8,0xF8F8,0xF8F8,0xF8F8,0xF8F8,0xF8F8,0xF8F8,0xF8F8,0x2AF0,0x22B0,0x228F,0x3AEE,
  0xF8F8,0xF8F8,0xF8F8,0x3AB1,0x2AD0,0x43B4,0xF7FF,0xF7FF,0xE7FF,0xB6BE,0xBEBE,0xAE9D,
  0x1A6E,0x22CF,0x3B91,0xF8F8,0xF8F8,0xF8F8,0x32F0,0x22D1,0x22B0,0x2ACF,0xF8F8,0xF8F8,
  0xF8F8,0xF8F8,0xF8F8,0xF8F8,0xF8F8,0xF8F8,0xF8F8,0xF8F8,0xF8F8,0xF8F8,0xF8F8,0xF8F8,
  0xF8F8,0xF8F8,0xF8F8,0xF8F8,0xF8F8,0xF8F8,0xF8F8,0xF8F8,0xF8F8,0xF8F8,0xF8F8,0xF8F8,
  0xF8F8,0xF8F8,0xF8F8,0xF8F8,0xF8F8,0xF8F8,0x330F,0x1AB0,0xDFDF,0xEFFF,0xE7FF,0xBEDE,
  0xBEDE,0x95DB,0x1A6F,0xF8F8,0xF8F8,0xF8F8,0xF8F8,0xF8F8,0xF8F8,0xF8F8,0xF8F8,0xF8F8,
  0xF8F8,0xF8F8,0xF8F8,0xF8F8,0xF8F8,0xF8F8,0xF8F8,0xF8F8,0xF8F8,0xF8F8,0xF8F8,0xF8F8,
  0xF8F8,0xF8F8,0xF8F8,0xF8F8,0xF8F8,0xF8F8,0xF8F8,0xF8F8,0xF8F8,0xF8F8,0xF8F8,0xF8F8,
  0xF8F8,0xF8F8,0xF8F8,0xF8F8,0xF8F8,0xF8F8,0xF8F8,0xF8F8,0xF8F8,0x1A6F,0xAEBD,0xEFFF,
  0xEFFF,0xC6FE,0xBEFE,0x7D59,0x22D1,0xF8F8,0xF8F8,0xF8F8,0xF8F8,0xF8F8,0xF8F8,0xF8F8,
  0xF8F8,0xF8F8,0xF8F8,0xF8F8,0xF8F8,0xF8F8,0xF8F8,0xF8F8,0xF8F8,0xF8F8,0xF8F8,0xF8F8,
  0xF8F8,0xF8F8,0xF8F8,0xF8F8,0xF8F8,0xF8F8,0xF8F8,0xF8F8,0xF8F8,0xF8F8,0xF8F8,0xF8F8,
  0xF8F8,0xF8F8,0xF8F8,0xF8F8,0xF8F8,0xF8F8,0xF8F8,0xF8F8,0xF8F8,0xF8F8,0xF8F8,0x228F,
  0x4BF5,0x8DDB,0x9E1B,0x8559,0x7D59,0x43F5,0x3311,0xF8F8,0xF8F8,0xF8F8,0xF8F8,0xF8F8,
  0xF8F8,0xF8F8,0xF8F8,0xF8F8,0xF8F8,0xF8F8,0xF8F8,0xF8F8,0xF8F8,0xF8F8,0xF8F8,0xF8F8,
  0xF8F8,0xF8F8,0xF8F8,0xF8F8,0xF8F8,0xF8F8,0xF8F8,0xF8F8,0xF8F8,0xF8F8,0xF8F8,0xF8F8,
  0xF8F8,0xF8F8,0xF8F8,0xF8F8,0xF8F8,0xF8F8,0xF8F8,0xF8F8,0xF8F8,0xF8F8,0xF8F8,0xF8F8,
  0xF8F8,0x2AEF,0x22CF,0x2AF1,0x2AF1,0x2AD1,0x22D1,0x2AD0,0x4310,0xF8F8,0xF8F8,0xF8F8,
  0xF8F8,0xF8F8,0xF8F8,0xF8F8,0xF8F8,0xF8F8,0xF8F8,0xF8F8,0xF8F8,0xF8F8,0xF8F8,0xF8F8,
  0xF8F8,0xF8F8,0xF8F8,0xF8F8,0xF8F8,0xF8F8,0xF8F8,0xF8F8,0xF8F8,0xF8F8,0xF8F8,0xF8F8,
  0xF8F8,0xF8F8,0xF8F8,0xF8F8,0xF8F8,0xF8F8,0xF8F8,0xF8F8,0xF8F8,0xF8F8,0xF8F8,0xF8F8,
  0xF8F8,0xF8F8,0xF8F8,0xF8F8,0xF8F8,0xF8F8,0xF8F8,0xF8F8,0xF8F8,0xF8F8,0xF8F8,0xF8F8,
  0xF8F8,0xF8F8,0xF8F8,0xF8F8,0xF8F8,0xF8F8,0xF8F8,0xF8F8,0xF8F8,0xF8F8,0xF8F8,0xF8F8,
  0xF8F8,0xF8F8,0xF8F8,0xF8F8,0xF8F8,0xF8F8,0xF8F8,0xF8F8,0xF8F8,0xF8F8,0xF8F8,0xF8F8,
  0xF8F8,0xF8F8,0xF8F8,0xF8F8,0xF8F8,0xF8F8,0xF8F8,0xF8F8,0xF8F8,0xF8F8,0xF8F8,0xF8F8,
  0xF8F8,0xF8F8,0xF8F8,0xF8F8,0xF8F8,0xF8F8,0xF8F8,0xF8F8,0xF8F8,0xF8F8,0xF8F8,0xF8F8,
  0xF8F8,0xF8F8,0xF8F8,0xF8F8,0xF8F8,0xF8F8,0xF8F8,0xF8F8,0xF8F8,0xF8F8,0xF8F8,0xF8F8,
  0xF8F8,0xF8F8,0xF8F8,0xF8F8,0xF8F8,0xF8F8,0xF8F8,0xF8F8,0xF8F8,0xF8F8,0xF8F8,0xF8F8,
  0xF8F8,0xF8F8,0xF8F8,0xF8F8,0xF8F8,0xF8F8,0xF8F8,0xF8F8,0xF8F8,0xF8F8,0xF8F8,0xF8F8,
  0xF8F8,0xF8F8,0xF8F8,0xF8F8,0xF8F8,0xF8F8,0xF8F8,0xF8F8,0xF8F8,0xF8F8,0xF8F8,0xF8F8,
  0xF8F8,0xF8F8,0xF8F8,0xF8F8,0xF8F8,0xF8F8,0xF8F8,0xF8F8,0xF8F8,0xF8F8,0xF8F8,0xF8F8,
  0xF8F8,0xF8F8,0xF8F8,0xF8F8,0xF8F8,0xF8F8,0xF8F8,0xF8F8,0xF8F8,0xF8F8,0xF8F8,0xF8F8,
  0xF8F8,0xF8F8,0xF8F8,0xF8F8,0xF8F8,0xF8F8,0xF8F8,0xF8F8,0xF8F8,0xF8F8,0xF8F8,0xF8F8,
  0xF8F8,0xF8F8,0xF8F8,0xF8F8,0xF8F8,0xF8F8,0xF8F8,0xF8F8,0xF8F8,0xF8F8,0xF8F8,0xF8F8,
  0xF8F8,0xF8F8,0xF8F8,0xF8F8,0xF8F8,0xF8F8,0xF8F8,0xF8F8,0xF8F8,0xF8F8,0xF8F8,0xF8F8,
  0xF8F8,0xF8F8,0xF8F8,0xF8F8,0xF8F8,0xF8F8,0xF8F8,0xF8F8,0xF8F8,0xF8F8,0xF8F8,0xF8F8,
  0xF8F8,0xF8F8,0xF8F8,0xF8F8,0xF8F8,0xF8F8,0xF8F8,0xF8F8,0xF8F8,0xF8F8,0xF8F8,0xF8F8,
  0xF8F8,0xF8F8,0xF8F8,0xF8F8,0xF8F8,0xF8F8,0xF8F8,0xF8F8,0xF8F8,0xF8F8,0xF8F8,0xF8F8,
  0xF8F8,0xF8F8,0xF8F8,0xF8F8,0xF8F8,0xF8F8,0xF8F8,0xF8F8,0xF8F8,0xF8F8,0xF8F8,0xF8F8,
  0xF8F8,0xF8F8,0xF8F8,0xF8F8,0xF8F8,0xF8F8,0xF8F8,0xF8F8,0xF8F8,0xF8F8,0xF8F8,0xF8F8,
  0xF8F8,0xF8F8,0xF8F8,0xF8F8,
};

// 10_info-removebg-preview (Custom)  (67% transparent)
const uint16_t wh_icon_09[2500] PROGMEM = {
  0xD7FF,0xDFFF,0xD7FF,0xE7FF,0xEFFF,0xF7FF,0xF7FF,0xF7FF,0xF7FF,0xEFFF,0xDFFF,0xD7FF,
  0xDFFF,0xD7FF,0xDFFF,0xDFFF,0xDFFF,0xE7FF,0xEFFF,0xEFFF,0xEFFF,0xEFFF,0xEFFF,0xE7FF,
  0xE7FF,0xE7FF,0xEFFF,0xEFFF,0xE7FF,0xE7FF,0xE7FF,0xDFFF,0xD7FF,0xD7FF,0xD7FF,0xD7FF,
  0xDFFF,0xE7FF,0xEFFF,0xF7FF,0xF7FF,0xF7FF,0xF7FF,0xF7FF,0xEFFF,0xDFFF,0xDFFF,0xDFFF,
  0xDFFF,0xDFFF,0xF8F8,0xF8F8,0xF8F8,0xF8F8,0xF8F8,0xF8F8,0xF8F8,0xF8F8,0xF8F8,0xF8F8,
  0xF8F8,0xF8F8,0xF8F8,0xF8F8,0xF8F8,0xF8F8,0xF8F8,0xF8F8,0xF8F8,0xF8F8,0xF8F8,0xF8F8,
  0xF8F8,0xF8F8,0xF8F8,0xF8F8,0xF8F8,0xF8F8,0xF8F8,0xF8F8,0xF8F8,0xF8F8,0xF8F8,0xF8F8,
  0xF8F8,0xF8F8,0xF8F8,0xF8F8,0xF8F8,0xF8F8,0xF8F8,0xF8F8,0xF8F8,0xF8F8,0xF8F8,0xF8F8,
  0xF8F8,0xF8F8,0xF7FF,0xDFFF,0xF8F8,0xF8F8,0xF8F8,0xF8F8,0xF8F8,0xF8F8,0xF8F8,0xF8F8,
  0xF8F8,0xF8F8,0xF8F8,0xF8F8,0xF8F8,0xF8F8,0xF8F8,0xF8F8,0xF8F8,0xF8F8,0xF8F8,0xF8F8,
  0xF8F8,0xF8F8,0xF8F8,0xF8F8,0xF8F8,0xF8F8,0xF8F8,0xF8F8,0xF8F8,0xF8F8,0xF8F8,0xF8F8,
  0xF8F8,0xF8F8,0xF8F8,0xF8F8,0xF8F8,0xF8F8,0xF8F8,0xF8F8,0xF8F8,0xF8F8,0xF8F8,0xF8F8,
  0xF8F8,0xF8F8,0xF8F8,0xF8F8,0xF8F8,0xE7FF,0xF8F8,0xF8F8,0xF8F8,0xF8F8,0xF8F8,0xF8F8,
  0xF8F8,0xF8F8,0xF8F8,0xF8F8,0xF8F8,0xF8F8,0xF8F8,0xF8F8,0xF8F8,0xF8F8,0xF8F8,0xF8F8,
  0xF8F8,0xF8F8,0xF8F8,0xF8F8,0xF8F8,0xF8F8,0xF8F8,0xF8F8,0xF8F8,0xF8F8,0xF8F8,0xF8F8,
  0xF8F8,0xF8F8,0xF8F8,0xF8F8,0xF8F8,0xF8F8,0xF8F8,0xF8F8,0xF8F8,0xF8F8,0xF8F8,0xF8F8,
  0xF8F8,0xF8F8,0xF8F8,0xF8F8,0xF8F8,0xF8F8,0xF8F8,0xF7FF,0xF8F8,0xF8F8,0xF8F8,0xF8F8,
  0xF8F8,0xF8F8,0xF8F8,0xF8F8,0xF8F8,0xF8F8,0xF8F8,0xF8F8,0xF8F8,0xF8F8,0xF8F8,0xF8F8,
  0xF8F8,0xF8F8,0xF8F8,0xF8F8,0xF8F8,0xF8F8,0xF8F8,0xF8F8,0xF8F8,0xF8F8,0xF8F8,0xF8F8,
  0xF8F8,0xF8F8,0xF8F8,0xF8F8,0xF8F8,0xF8F8,0xF8F8,0xF8F8,0xF8F8,0xF8F8,0xF8F8,0xF8F8,
  0xF8F8,0xF8F8,0xF8F8,0xF8F8,0xF8F8,0xF8F8,0xF8F8,0xF8F8,0xF8F8,0xEFFF,0xF8F8,0xF8F8,
  0xF8F8,0xF8F8,0xF8F8,0xF8F8,0xF8F8,0xF8F8,0xF8F8,0xF8F8,0xF8F8,0xF8F8,0xF8F8,0xF8F8,
  0xF8F8,0xF8F8,0xF8F8,0xF8F8,0xF8F8,0xF8F8,0xF8F8,0xF8F8,0xF8F8,0x1A4E,0x328E,0x2AAF,
  0xF8F8,0xF8F8,0xF8F8,0xF8F8,0xF8F8,0xF8F8,0xF8F8,0xF8F8,0xF8F8,0xF8F8,0xF8F8,0xF8F8,
  0xF8F8,0xF8F8,0xF8F8,0xF8F8,0xF8F8,0xF8F8,0xF8F8,0xF8F8,0xF8F8,0xF8F8,0xF8F8,0xE7FF,
  0xF8F8,0xF8F8,0xF8F8,0xF8F8,0xF8F8,0xF8F8,0xF8F8,0xF8F8,0xF8F8,0xF8F8,0xF8F8,0xF8F8,
  0xF8F8,0xF8F8,0xF8F8,0xF8F8,0xF8F8,0xF8F8,0x124E,0x228F,0x22B1,0x22F1,0x22D1,0x1AD1,
  0x22D2,0x22F2,0x2B12,0x2AD1,0x22B0,0x228F,0x228D,0xF8F8,0xF8F8,0xF8F8,0xF8F8,0xF8F8,
  0xF8F8,0xF8F8,0xF8F8,0xF8F8,0xF8F8,0xF8F8,0xF8F8,0xF8F8,0xF8F8,0xF8F8,0xF8F8,0xF8F8,
  0xF8F8,0xDFFF,0xF8F8,0xF8F8,0xF8F8,0xF8F8,0xF8F8,0xF8F8,0xF8F8,0xF8F8,0xF8F8,0xF8F8,
  0xF8F8,0xF8F8,0xF8F8,0xF8F8,0xF8F8,0xF8F8,0x2A8F,0x228F,0x22B1,0x33F7,0x5D9F,0x7F1F,
  0x9FFF,0xA7FF,0xAFFF,0xA7FF,0x9FFF,0x875F,0x661F,0x4499,0x2313,0x2B11,0x2AF1,0xF8F8,
  0xF8F8,0xF8F8,0xF8F8,0xF8F8,0xF8F8,0xF8F8,0xF8F8,0xF8F8,0xF8F8,0xF8F8,0xF8F8,0xF8F8,
  0xF8F8,0xF8F8,0xF8F8,0xD7FF,0xF8F8,0xF8F8,0xF8F8,0xF8F8,0xF8F8,0xF8F8,0xF8F8,0xF8F8,
  0xF8F8,0xF8F8,0xF8F8,0xF8F8,0xF8F8,0xF8F8,0x32B0,0x2AF1,0x2B54,0x5D9F,0x97DF,0x9FFF,
  0x9FFF,0x9FFF,0xA7FF,0xAFFF,0xAFFF,0xAFFF,0xA7FF,0xA7FF,0x9FFF,0xA7FF,0xA7FF,0x76BF,
  0x3C18,0x22D1,0x228F,0xF8F8,0xF8F8,0xF8F8,0xF8F8,0xF8F8,0xF8F8,0xF8F8,0xF8F8,0xF8F8,
  0xF8F8,0xF8F8,0xF8F8,0xF8F8,0xF8F8,0xCFFF,0xF8F8,0xF8F8,0xF8F8,0xF8F8,0xF8F8,0xF8F8,
  0xF8F8,0xF8F8,0xF8F8,0xF8F8,0xF8F8,0xF8F8,0xF8F8,0x226F,0x22F2,0x5D7E,0x9FFF,0xAFFF,
  0xAFFF,0xAFFF,0x8F9F,0x661F,0x551D,0x4C7A,0x4459,0x4479,0x4CFC,0x65FF,0x7F5F,0xA7FF,
  0xAFFF,0xA7FF,0x9FFF,0x6E9F,0x2B74,0x228F,0x226D,0xF8F8,0xF8F8,0xF8F8,0xF8F8,0xF8F8,
  0xF8F8,0xF8F8,0xF8F8,0xF8F8,0xF8F8,0xF8F8,0xF8F8,0xCFFF,0xF8F8,0xF8F8,0xF8F8,0xF8F8,
  0xF8F8,0xF8F8,0xF8F8,0xF8F8,0xF8F8,0xF8F8,0xF8F8,0xF8F8,0x226F,0x2B34,0x771F,0x97FF,
  0x9FFF,0x9FFF,0x6E1F,0x33D6,0x22F2,0x22B0,0x228F,0x228F,0x228F,0x2290,0x2AD1,0x2AF1,
  0x2312,0x2B54,0x4CFC,0x7F7F,0x97FF,0x97FF,0x8FFF,0x4CFC,0x22B1,0x22D0,0xF8F8,0xF8F8,
  0xF8F8,0xF8F8,0xF8F8,0xF8F8,0xF8F8,0xF8F8,0xF8F8,0xF8F8,0xF8F8,0xF8F8,0xF8F8,0xF8F8,
  0xF8F8,0xF8F8,0xF8F8,0xF8F8,0xF8F8,0xF8F8,0xF8F8,0xF8F8,0xF8F8,0x228F,0x33D7,0x8FDF,
  0x8FFF,0x8FFF,0x65DF,0x2313,0x2AD1,0x2AD1,0x2A2F,0xF8F8,0xF8F8,0xF8F8,0xF8F8,0xF8F8,
  0xF8F8,0xF8F8,0xF8F8,0x228E,0x2290,0x1A90,0x3C59,0x8FDF,0x9FFF,0x9FFF,0x765F,0x2313,
  0x2AD1,0xF8F8,0xF8F8,0xF8F8,0xF8F8,0xF8F8,0xF8F8,0xF8F8,0xF8F8,0xF8F8,0xF8F8,0xF8F8,
  0xF8F8,0xF8F8,0xF8F8,0xF8F8,0xF8F8,0xF8F8,0xF8F8,0xF8F8,0xF8F8,0xF8F8,0x2AF1,0x3C38,
  0x97FF,0x97FF,0x8FDF,0x33F8,0x1A8F,0x1A4F,0xF8F8,0xF8F8,0xF8F8,0xF8F8,0xF8F8,0xF8F8,
  0xF8F8,0xF8F8,0xF8F8,0xF8F8,0xF8F8,0xF8F8,0xF8F8,0x124D,0x2290,0x2B13,0x7EBF,0xA7FF,
  0xA7FF,0x769F,0x2AF2,0x228F,0xF8F8,0xF8F8,0xF8F8,0xF8F8,0xF8F8,0xF8F8,0xF8F8,0xF8F8,
  0xF8F8,0xF8F8,0xF8F8,0xF8F8,0xF8F8,0xF8F8,0xF8F8,0xF8F8,0xF8F8,0xF8F8,0xF8F8,0x2AB1,
  0x33B6,0x97FF,0x9FFF,0x8FBF,0x2B75,0x1A90,0x1A8D,0xF8F8,0xF8F8,0xF8F8,0xF8F8,0xF8F8,
  0xF8F8,0xF8F8,0xF8F8,0xF8F8,0xF8F8,0xF8F8,0xF8F8,0xF8F8,0xF8F8,0xF8F8,0xF8F8,0x2AD0,
  0x2312,0x65DF,0xA7FF,0xA7FF,0x5D7F,0x2290,0x21ED,0xF8F8,0xF8F8,0xF8F8,0xF8F8,0xF8F8,
  0xF8F8,0xF8F8,0xF8F8,0xF8F8,0xF8F8,0xF8F8,0xF8F8,0xF8F8,0xF8F8,0xF8F8,0xF8F8,0xF8F8,
  0x228F,0x2313,0x8F7F,0xA7FF,0x97FF,0x3395,0x2AD0,0xF8F8,0xF8F8,0xF8F8,0xF8F8,0xF8F8,
  0xF8F8,0xF8F8,0xF8F8,0x2A8F,0x22D0,0x228E,0xF8F8,0xF8F8,0xF8F8,0xF8F8,0xF8F8,0xF8F8,
  0xF8F8,0xF8F8,0x2AB0,0x22F1,0x65DF,0x97FF,0x8FFF,0x3C38,0x1A8F,0xF8F8,0xF8F8,0xF8F8,
  0xF8F8,0xF8F8,0xF8F8,0xF8F8,0xF8F8,0xF8F8,0xF8F8,0xF8F8,0xF8F8,0xF8F8,0xF8F8,0xF8F8,
  0xF8F8,0xF8F8,0x228F,0x553E,0x9FFF,0x9FFF,0x3BF8,0x2AF1,0xF8F8,0xF8F8,0xF8F8,0xF8F8,
  0xF8F8,0xF8F8,0xF8F8,0xF8F8,0x1A6E,0x22D1,0x33F7,0x2B75,0x22B0,0x32AE,0xF8F8,0xF8F8,
  0xF8F8,0xF8F8,0xF8F8,0xF8F8,0xF8F8,0x228F,0x1A90,0x6E7F,0x8FFF,0x87BF,0x22F2,0x1A6F,
  0xF8F8,0xF8F8,0xF8F8,0xF8F8,0xF8F8,0xF8F8,0xF8F8,0xF8F8,0xF8F8,0xF8F8,0xF8F8,0xF8F8,
  0xF8F8,0xF8F8,0xF8F8,0x226E,0x2313,0x87DF,0x8FFF,0x551D,0x22D1,0xF8F8,0xF8F8,0xF8F8,
  0xF8F8,0xF8F8,0xF8F8,0xF8F8,0xF8F8,0xF8F8,0x1A90,0x5DFF,0x6F3F,0x773F,0x3C39,0x22F1,
  0xF8F8,0xF8F8,0xF8F8,0xF8F8,0xF8F8,0xF8F8,0xF8F8,0xF8F8,0x1A6F,0x2312,0x87BF,0x8FFF,
  0x559F,0x1AB1,0xF8F8,0xF8F8,0xF8F8,0xF8F8,0xF8F8,0xF8F8,0xF8F8,0xF8F8,0xF8F8,0xF8F8,
  0xF8F8,0xF8F8,0xF8F8,0xF8F8,0xF8F8,0x1A8F,0x557F,0x87FF,0x7F3F,0x1A90,0x1A6D,0xF8F8,
  0xF8F8,0xF8F8,0xF8F8,0xF8F8,0xF8F8,0xF8F8,0xF8F8,0x228E,0x2B33,0x7F5F,0x7F3F,0x7F5F,
  0x557F,0x2311,0xF8F8,0xF8F8,0xF8F8,0xF8F8,0xF8F8,0xF8F8,0xF8F8,0xF8F8,0xF8F8,0x1A8F,
  0x44BB,0x8FFF,0x8FFF,0x2B75,0x22D0,0xF8F8,0xF8F8,0xF8F8,0xF8F8,0xF8F8,0xF8F8,0xF8F8,
  0xF8F8,0xF8F8,0xF8F8,0xF8F8,0xF8F8,0xF8F8,0x2A8F,0x2B33,0x8FDF,0x8FFF,0x449A,0x1A8F,
  0xF8F8,0xF8F8,0xF8F8,0xF8F8,0xF8F8,0xF8F8,0xF8F8,0xF8F8,0xF8F8,0x2A2F,0x2B13,0x6E5F,
  0x7F5F,0x7F5F,0x33F7,0x22B0,0xF8F8,0xF8F8,0xF8F8,0xF8F8,0xF8F8,0xF8F8,0xF8F8,0xF8F8,
  0xF8F8,0x226E,0x1AB1,0x7F9F,0x8FFF,0x5D7F,0x2AF1,0xF8F8,0xF8F8,0xF8F8,0xF8F8,0xF8F8,
  0xF8F8,0xF8F8,0xF8F8,0xF8F8,0xF8F8,0xF8F8,0xF8F8,0xF8F8,0x2AD0,0x4CFC,0x97FF,0x97DF,
  0x2313,0x228E,0xF8F8,0xF8F8,0xF8F8,0xF8F8,0xF8F8,0xF8F8,0xF8F8,0xF8F8,0xF8F8,0xF8F8,
  0x2AF1,0x2B33,0x4459,0x2B75,0x2290,0x2A0E,0xF8F8,0xF8F8,0xF8F8,0xF8F8,0xF8F8,0xF8F8,
  0xF8F8,0xF8F8,0xF8F8,0xF8F8,0x1A8F,0x557F,0x97FF,0x875F,0x2B12,0x22CE,0xF8F8,0xF8F8,
  0xF8F8,0xF8F8,0xF8F8,0xF8F8,0xF8F8,0xF8F8,0xF8F8,0xF8F8,0xF8F8,0xF8F8,0x2AF1,0x6E5F,
  0x97FF,0x6E5F,0x2AF1,0xF8F8,0xF8F8,0xF8F8,0xF8F8,0xF8F8,0xF8F8,0xF8F8,0xF8F8,0xF8F8,
  0xF8F8,0xF8F8,0xF8F8,0x2A90,0x2290,0x228F,0xF8F8,0xF8F8,0xF8F8,0xF8F8,0xF8F8,0xF8F8,
  0xF8F8,0xF8F8,0xF8F8,0xF8F8,0xF8F8,0xF8F8,0x22AF,0x33D6,0x97FF,0x97FF,0x2B96,0x22CF,
  0xF8F8,0xF8F8,0xF8F8,0xF8F8,0xF8F8,0xF8F8,0xF8F8,0xF8F8,0xF8F8,0xF8F8,0xF8F8,0x224E,
  0x22F2,0x879F,0x8FFF,0x4CDB,0x22D1,0xF8F8,0xF8F8,0xF8F8,0xF8F8,0xF8F8,0xF8F8,0xF8F8,
  0xF8F8,0xF8F8,0x2AAE,0x2A70,0x226F,0x2A70,0x22AF,0x2AD0,0x2311,0xF8F8,0xF8F8,0xF8F8,
  0xF8F8,0xF8F8,0xF8F8,0xF8F8,0xF8F8,0xF8F8,0xF8F8,0xF8F8,0x2AB0,0x2313,0x879F,0x8FFF,
  0x449B,0x228F,0xF8F8,0xF8F8,0xF8F8,0xF8F8,0xF8F8,0xF8F8,0xF8F8,0xF8F8,0xF8F8,0xF8F8,
  0xF8F8,0x22AF,0x2B34,0x8FDF,0x8FFF,0x2B95,0x2290,0xF8F8,0xF8F8,0xF8F8,0xF8F8,0xF8F8,
  0xF8F8,0xF8F8,0xF8F8,0xF8F8,0x22D1,0x3375,0x2B75,0x2B75,0x2B76,0x33B7,0x2B54,0x3311,
  0xF8F8,0xF8F8,0xF8F8,0xF8F8,0xF8F8,0xF8F8,0xF8F8,0xF8F8,0xF8F8,0xF8F8,0xF8F8,0x2AF1,
  0x6E7F,0x87DF,0x559F,0x228F,0xF8F8,0xF8F8,0xF8F8,0xF8F8,0xF8F8,0xF8F8,0xF8F8,0xF8F8,
  0xF8F8,0xF8F8,0xF8F8,0x2A8F,0x33D7,0x87DF,0x8FBF,0x22F2,0x228E,0xF8F8,0xF8F8,0xF8F8,
  0xF8F8,0xF8F8,0xF8F8,0xF8F8,0xF8F8,0x1A8D,0x1AF2,0x7F5F,0x7F5F,0x7F7F,0x7F9F,0x7FBF,
  0x4459,0x3311,0xF8F8,0xF8F8,0xF8F8,0xF8F8,0xF8F8,0xF8F8,0xF8F8,0xF8F8,0xF8F8,0xF8F8,
  0xF8F8,0x2AF1,0x5DBF,0x87DF,0x663F,0x2290,0xF8F8,0xF8F8,0xF8F8,0xF8F8,0xF8F8,0xF8F8,
  0xF8F8,0xF8F8,0xF8F8,0xF8F8,0xF8F8,0x228E,0x3C39,0x8FBF,0x879F,0x22F3,0x2A6E,0xF8F8,
  0xF8F8,0xF8F8,0xF8F8,0xF8F8,0xF8F8,0xF8F8,0xF8F8,0xF8F8,0x22D1,0x2313,0x1B13,0x6EBF,
  0x7F9F,0x7F9F,0x3C19,0x2AF1,0xF8F8,0xF8F8,0xF8F8,0xF8F8,0xF8F8,0xF8F8,0xF8F8,0xF8F8,
  0xF8F8,0xF8F8,0xF8F8,0x2AF1,0x553E,0x87FF,0x6EBF,0x22B0,0xF8F8,0xF8F8,0xF8F8,0xF8F8,
  0xF8F8,0xF8F8,0xF8F8,0xF8F8,0xF8F8,0xF8F8,0xF8F8,0x228F,0x3C38,0x87BF,0x877F,0x2B13,
  0x224E,0xF8F8,0xF8F8,0xF8F8,0xF8F8,0xF8F8,0xF8F8,0xF8F8,0xF8F8,0xF8F8,0x328D,0x22EF,
  0x2B13,0x6E7F,0x7F5F,0x6F5F,0x33D7,0x228F,0xF8F8,0xF8F8,0xF8F8,0xF8F8,0xF8F8,0xF8F8,
  0xF8F8,0xF8F8,0xF8F8,0xF8F8,0xF8F8,0x2AF1,0x4D1E,0x87DF,0x6EBF,0x22F1,0xF8F8,0xF8F8,
  0xF8F8,0xF8F8,0xF8F8,0xF8F8,0xF8F8,0xF8F8,0xF8F8,0xF8F8,0xF8F8,0x2290,0x33F7,0x879F,
  0x879F,0x2313,0x228E,0xF8F8,0xF8F8,0xF8F8,0xF8F8,0xF8F8,0xF8F8,0xF8F8,0xF8F8,0xF8F8,
  0xF8F8,0xF8F8,0x2B13,0x6E7F,0x775F,0x6F3F,0x33D7,0x226F,0xF8F8,0xF8F8,0xF8F8,0xF8F8,
  0xF8F8,0xF8F8,0xF8F8,0xF8F8,0xF8F8,0xF8F8,0xF8F8,0x22B0,0x553E,0x87BF,0x6EBF,0x2B11,
  0xF8F8,0xF8F8,0xF8F8,0xF8F8,0xF8F8,0xF8F8,0xF8F8,0xF8F8,0xF8F8,0xF8F8,0xF8F8,0x2AAF,
  0x3396,0x87BF,0x8F9F,0x2B34,0x22AF,0xF8F8,0xF8F8,0xF8F8,0xF8F8,0xF8F8,0xF8F8,0xF8F8,
  0xF8F8,0xF8F8,0xF8F8,0xF8F8,0x2B12,0x6E7F,0x7F5F,0x773F,0x33D7,0x228F,0xF8F8,0xF8F8,
  0xF8F8,0xF8F8,0xF8F8,0xF8F8,0xF8F8,0xF8F8,0xF8F8,0xF8F8,0xF8F8,0x228F,0x559F,0x87BF,
  0x663F,0x2B11,0xF8F8,0xF8F8,0xF8F8,0xF8F8,0xF8F8,0xF8F8,0xF8F8,0xF8F8,0xF8F8,0xF8F8,
  0xF8F8,0x2AAF,0x2B33,0x8F7F,0x877F,0x33F7,0x1A6E,0xF8F8,0xF8F8,0xF8F8,0xF8F8,0xF8F8,
  0xF8F8,0xF8F8,0xF8F8,0xF8F8,0xF8F8,0xF8F8,0x2B12,0x6E7F,0x7F5F,0x7F5F,0x33F8,0x2A90,
  0xF8F8,0xF8F8,0xF8F8,0xF8F8,0xF8F8,0xF8F8,0xF8F8,0xF8F8,0xF8F8,0xF8F8,0xF8F8,0x1A90,
  0x5E5F,0x7F9F,0x555F,0x2B11,0xF8F8,0xF8F8,0xF8F8,0xF8F8,0xF8F8,0xF8F8,0xF8F8,0xF8F8,
  0xF8F8,0xF8F8,0xF8F8,0xF8F8,0x22F1,0x6E5F,0x775F,0x44DC,0x1A8F,0xF8F8,0xF8F8,0xF8F8,
  0xF8F8,0xF8F8,0xF8F8,0xF8F8,0xF8F8,0xF8F8,0xF8F8,0xF8F8,0x22D1,0x665F,0x7F5F,0x7F5F,
  0x33F8,0x2AD1,0xF8F8,0xF8F8,0xF8F8,0xF8F8,0xF8F8,0xF8F8,0xF8F8,0xF8F8,0xF8F8,0xF8F8,
  0x1A6D,0x22D2,0x775F,0x775F,0x33F7,0x22AF,0xF8F8,0xF8F8,0xF8F8,0xF8F8,0xF8F8,0xF8F8,
  0xF8F8,0xF8F8,0xF8F8,0xF8F8,0xF8F8,0xF8F8,0x2290,0x44DD,0x6F5F,0x665F,0x1A90,0x1A6C,
  0xF8F8,0xF8F8,0xF8F8,0xF8F8,0xF8F8,0xF8F8,0xF8F8,0xF8F8,0xF8F8,0xF8F8,0x2290,0x5E1F,
  0x773F,0x7F3F,0x33D7,0x2AF0,0xF8F8,0xF8F8,0xF8F8,0xF8F8,0xF8F8,0xF8F8,0xF8F8,0xF8F8,
  0xF8F8,0xF8F8,0x1AB0,0x3C59,0x775F,0x6EFF,0x22D1,0x228E,0xF8F8,0xF8F8,0xF8F8,0xF8F8,
  0xF8F8,0xF8F8,0xF8F8,0xF8F8,0xF8F8,0xF8F8,0xF8F8,0xF8F8,0x1A6E,0x2334,0x6F3F,0x775F,
  0x33D7,0x22D0,0xF8F8,0xF8F8,0xF8F8,0xF8F8,0xF8F8,0xF8F8,0xF8F8,0xF8F8,0xF8F8,0xF8F8,
  0x1A90,0x5E1F,0x773F,0x773F,0x33D7,0x2AF0,0xF8F8,0xF8F8,0xF8F8,0xF8F8,0xF8F8,0xF8F8,
  0xF8F8,0xF8F8,0xF8F8,0x1A8D,0x2AF1,0x663F,0x775F,0x557F,0x2290,0xF8F8,0xF8F8,0xF8F8,
  0xF8F8,0xF8F8,0xF8F8,0xF8F8,0xF8F8,0xF8F8,0xF8F8,0xF8F8,0xF8F8,0xF8F8,0x1A8D,0x2290,
  0x5E1F,0x7F7F,0x661F,0x2311,0x22AE,0xF8F8,0xF8F8,0xF8F8,0xF8F8,0xF8F8,0xF8F8,0xF8F8,
  0x1A8F,0x1AB1,0x22B1,0x663F,0x773F,0x775F,0x33F7,0x2B11,0x2B11,0x2AB0,0xF8F8,0xF8F8,
  0xF8F8,0xF8F8,0xF8F8,0xF8F8,0xF8F8,0x1A8F,0x3396,0x7F5F,0x7F7F,0x33D7,0x22B1,0xF8F8,
  0xF8F8,0xF8F8,0xF8F8,0xF8F8,0xF8F8,0xF8F8,0xF8F8,0xF8F8,0xF8F8,0xF8F8,0xF8F8,0xF8F8,
  0xF8F8,0x1ACF,0x3C18,0x7F9F,0x7F7F,0x3C19,0x22D1,0xF8F8,0xF8F8,0xF8F8,0xF8F8,0xF8F8,
  0xF8F8,0x2A6C,0x22F3,0x44DD,0x44FE,0x76FF,0x773F,0x6F3F,0x557F,0x3C9B,0x3395,0x2AD0,
  0xF8F8,0xF8F8,0xF8F8,0xF8F8,0xF8F8,0xF8F8,0x228E,0x22B1,0x661F,0x773F,0x661F,0x22F2,
  0x22AD,0xF8F8,0xF8F8,0xF8F8,0xF8F8,0xF8F8,0xF8F8,0xF8F8,0xF8F8,0xF8F8,0xF8F8,0xF8F8,
  0xF8F8,0xF8F8,0xF8F8,0x2A8F,0x2312,0x661F,0x875F,0x6EBF,0x22F2,0x226E,0xF8F8,0xF8F8,
  0xF8F8,0xF8F8,0xF8F8,0x2A2F,0x2313,0x65FF,0x5E1F,0x5DFF,0x55DF,0x55DF,0x55DF,0x55BF,
  0x33D8,0x1A90,0xF8F8,0xF8F8,0xF8F8,0xF8F8,0xF8F8,0x328E,0x2AF2,0x4CDD,0x7F5F,0x773F,
  0x2B75,0x22B0,0xF8F8,0xF8F8,0xF8F8,0xF8F8,0xF8F8,0xF8F8,0xF8F8,0xF8F8,0xF8F8,0xF8F8,
  0xF8F8,0xF8F8,0xF8F8,0xF8F8,0xF8F8,0xF8F8,0x2AD0,0x2B75,0x76FF,0x773F,0x559F,0x228F,
  0x228E,0xF8F8,0xF8F8,0xF8F8,0xF8F8,0xF8F8,0x2AF1,0x22F1,0x22D0,0x2290,0x2290,0x228F,
  0x228F,0x22AF,0x22AF,0x228E,0xF8F8,0xF8F8,0xF8F8,0xF8F8,0xF8F8,0x2AD1,0x3C18,0x875F,
  0x877F,0x555F,0x22D1,0xF8F8,0xF8F8,0xF8F8,0xF8F8,0xF8F8,0xF8F8,0xF8F8,0xF8F8,0xF8F8,
  0xF8F8,0xF8F8,0xF8F8,0xF8F8,0xF8F8,0xF8F8,0xF8F8,0xF8F8,0xF8F8,0x22B0,0x3418,0x771F,
  0x771F,0x557F,0x22F1,0x2A90,0xF8F8,0xF8F8,0xF8F8,0xF8F8,0xF8F8,0xF8F8,0xF8F8,0xF8F8,
  0xF8F8,0xF8F8,0xF8F8,0xF8F8,0xF8F8,0xF8F8,0xF8F8,0xF8F8,0xF8F8,0x122F,0x1A8F,0x33B6,
  0x771F,0x877F,0x6E7F,0x2B33,0x22F0,0xF8F8,0xF8F8,0xF8F8,0xF8F8,0xF8F8,0xF8F8,0xF8F8,
  0xF8F8,0xF8F8,0xF8F8,0xF8F8,0xF8F8,0xF8F8,0xF8F8,0xF8F8,0xF8F8,0xF8F8,0xF8F8,0x120F,
  0x2290,0x449C,0x773F,0x7F5F,0x5DFF,0x2B33,0x22D0,0xF8F8,0xF8F8,0xF8F8,0xF8F8,0xF8F8,
  0xF8F8,0xF8F8,0xF8F8,0xF8F8,0xF8F8,0xF8F8,0xF8F8,0xF8F8,0xF8F8,0xF8F8,0x1A8E,0x228F,
  0x33D7,0x6EDF,0x773F,0x6EBF,0x2B74,0x2AF0,0xF8F8,0xF8F8,0xF8F8,0xF8F8,0xF8F8,0xF8F8,
  0xF8F8,0xF8F8,0xF8F8,0xF8F8,0xF8F8,0xF8F8,0xF8F8,0xF8F8,0xF8F8,0xF8F8,0xF8F8,0xF8F8,
  0xF8F8,0xF8F8,0x224D,0x22D1,0x4CFE,0x875F,0x7F5F,0x769F,0x33F7,0x22B1,0x1A6F,0xF8F8,
  0xF8F8,0xF8F8,0xF8F8,0xF8F8,0xF8F8,0xF8F8,0xF8F8,0xF8F8,0xF8F8,0xF8F8,0x2AAE,0x2AF1,
  0x2313,0x4CFE,0x771F,0x6F1F,0x665F,0x2B14,0x22B0,0xF8F8,0xF8F8,0xF8F8,0xF8F8,0xF8F8,
  0xF8F8,0xF8F8,0xF8F8,0xF8F8,0xF8F8,0xF8F8,0xF8F8,0xF8F8,0xF8F8,0xF8F8,0xF8F8,0xF8F8,
  0xF8F8,0xF8F8,0xF8F8,0xF8F8,0xF8F8,0x2ACF,0x2B12,0x449B,0x7F1F,0x773F,0x771F,0x4D5F,
  0x2B33,0x1A8F,0x228F,0x228F,0x228E,0x2A2D,0x1AAE,0x2A2F,0x1A4D,0x1A6E,0x1A6F,0x228F,
  0x2313,0x449C,0x76DF,0x7F3F,0x7F3F,0x5DDF,0x22F2,0x1A8E,0xF8F8,0xF8F8,0xF8F8,0xF8F8,
  0xF8F8,0xF8F8,0xF8F8,0xF8F8,0xF8F8,0xF8F8,0xF8F8,0xF8F8,0xF8F8,0xF8F8,0xF8F8,0xF8F8,
  0xF8F8,0xF8F8,0xF8F8,0xF8F8,0xF8F8,0xF8F8,0xF8F8,0xF8F8,0x2A8E,0x2AD0,0x2B75,0x5DFF,
  0x6F3F,0x6F1F,0x6F1F,0x5DDF,0x449C,0x33B7,0x1B13,0x22F2,0x22F2,0x22F1,0x1AD2,0x2313,
  0x33F8,0x4D3F,0x6EBF,0x773F,0x7F5F,0x7F3F,0x4CDD,0x22F1,0x1A8F,0xF8F8,0xF8F8,0xF8F8,
  0xF8F8,0xF8F8,0xF8F8,0xF8F8,0xF8F8,0xF8F8,0xF8F8,0xF8F8,0xF8F8,0xF8F8,0xF8F8,0xF8F8,
  0xF8F8,0xF8F8,0xF8F8,0xF8F8,0xF8F8,0xF8F8,0xF8F8,0xF8F8,0xF8F8,0xF8F8,0xF8F8,0xF8F8,
  0x228F,0x2290,0x3419,0x5E3F,0x773F,0x7F3F,0x7F3F,0x875F,0x7F3F,0x76DF,0x6EBF,0x6EBF,
  0x6EDF,0x771F,0x771F,0x6F1F,0x6F1F,0x6EDF,0x4D5F,0x2B74,0x2312,0x22F1,0xF8F8,0xF8F8,
  0xF8F8,0xF8F8,0xF8F8,0xF8F8,0xF8F8,0xF8F8,0xF8F8,0xF8F8,0xF8F8,0xF8F8,0xF8F8,0xF8F8,
  0xF8F8,0xF8F8,0xF8F8,0xF8F8,0xF8F8,0xF8F8,0xF8F8,0xF8F8,0xF8F8,0xF8F8,0xF8F8,0xF8F8,
  0xF8F8,0xF8F8,0xF8F8,0x2A2E,0x228F,0x22F2,0x3418,0x559F,0x76BF,0x7F3F,0x773F,0x771F,
  0x6F1F,0x771F,0x773F,0x773F,0x76FF,0x5DDF,0x447B,0x22F1,0x1A8F,0x228F,0xF8F8,0xF8F8,
  0xF8F8,0xF8F8,0xF8F8,0xF8F8,0xF8F8,0xF8F8,0xF8F8,0xF8F8,0xF8F8,0xF8F8,0xF8F8,0xF8F8,
  0xF8F8,0xF8F8,0xF8F8,0xF8F8,0xF8F8,0xF8F8,0xF8F8,0xF8F8,0xF8F8,0xF8F8,0xF8F8,0xF8F8,
  0xF8F8,0xF8F8,0xF8F8,0xF8F8,0xF8F8,0xF8F8,0xF8F8,0x2AAF,0x2AD0,0x2AF1,0x22F2,0x2B13,
  0x3396,0x33F8,0x3C39,0x3C19,0x3417,0x2B95,0x2313,0x22F1,0x22B0,0x1A4E,0xF8F8,0xF8F8,
  0xF8F8,0xF8F8,0xF8F8,0xF8F8,0xF8F8,0xF8F8,0xF8F8,0xF8F8,0xF8F8,0xF8F8,0xF8F8,0xF8F8,
  0xF8F8,0xF8F8,0xF8F8,0xF8F8,0xF8F8,0xF8F8,0xF8F8,0xF8F8,0xF8F8,0xF8F8,0xF8F8,0xF8F8,
  0xF8F8,0xF8F8,0xF8F8,0xF8F8,0xF8F8,0xF8F8,0xF8F8,0xF8F8,0xF8F8,0xF8F8,0xF8F8,0xF8F8,
  0x2A4C,0x228F,0x1A8F,0x226F,0x228F,0x1A8F,0x2290,0x22AF,0x228F,0xF8F8,0xF8F8,0xF8F8,
  0xF8F8,0xF8F8,0xF8F8,0xF8F8,0xF8F8,0xF8F8,0xF8F8,0xF8F8,0xF8F8,0xF8F8,0xF8F8,0xF8F8,
  0xF8F8,0xF8F8,0xF8F8,0xF8F8,0xF8F8,0xF8F8,0xF8F8,0xF8F8,0xF8F8,0xF8F8,0xF8F8,0xF8F8,
  0xF8F8,0xF8F8,0xF8F8,0xF8F8,0xF8F8,0xF8F8,0xF8F8,0xF8F8,0xF8F8,0xF8F8,0xF8F8,0xF8F8,
  0xF8F8,0xF8F8,0xF8F8,0xF8F8,0xF8F8,0xF8F8,0xF8F8,0xF8F8,0xF8F8,0xF8F8,0xF8F8,0xF8F8,
  0xF8F8,0xF8F8,0xF8F8,0xF8F8,0xF8F8,0xF8F8,0xF8F8,0xF8F8,0xF8F8,0xF8F8,0xF8F8,0xF8F8,
  0xF8F8,0xF8F8,0xF8F8,0xF8F8,0xF8F8,0xF8F8,0xF8F8,0xF8F8,0xF8F8,0xF8F8,0xF8F8,0xF8F8,
  0xF8F8,0xF8F8,0xF8F8,0xF8F8,0xF8F8,0xF8F8,0xF8F8,0xF8F8,0xF8F8,0xF8F8,0xF8F8,0xF8F8,
  0xF8F8,0xF8F8,0xF8F8,0xF8F8,0xF8F8,0xF8F8,0xF8F8,0xF8F8,0xF8F8,0xF8F8,0xF8F8,0xF8F8,
  0xF8F8,0xF8F8,0xF8F8,0xF8F8,0xF8F8,0xF8F8,0xF8F8,0xF8F8,0xF8F8,0xF8F8,0xF8F8,0xF8F8,
  0xF8F8,0xF8F8,0xF8F8,0xF8F8,0xF8F8,0xF8F8,0xF8F8,0xF8F8,0xF8F8,0xF8F8,0xF8F8,0xF8F8,
  0xF8F8,0xF8F8,0xF8F8,0xF8F8,0xF8F8,0xF8F8,0xF8F8,0xF8F8,0xF8F8,0xF8F8,0xF8F8,0xF8F8,
  0xF8F8,0xF8F8,0xF8F8,0xF8F8,0xF8F8,0xF8F8,0xF8F8,0xF8F8,0xF8F8,0xF8F8,0xF8F8,0xF8F8,
  0xF8F8,0xF8F8,0xF8F8,0xF8F8,0xF8F8,0xF8F8,0xF8F8,0xF8F8,0xF8F8,0xF8F8,0xF8F8,0xF8F8,
  0xF8F8,0xF8F8,0xF8F8,0xF8F8,0xF8F8,0xF8F8,0xF8F8,0xF8F8,0xF8F8,0xF8F8,0xF8F8,0xF8F8,
  0xF8F8,0xF8F8,0xF8F8,0xF8F8,0xF8F8,0xF8F8,0xF8F8,0xF8F8,0xF8F8,0xF8F8,0xF8F8,0xF8F8,
  0xF8F8,0xF8F8,0xF8F8,0xF8F8,0xF8F8,0xF8F8,0xF8F8,0xF8F8,0xF8F8,0xF8F8,0xF8F8,0xF8F8,
  0xF8F8,0xF8F8,0xF8F8,0xF8F8,0xF8F8,0xF8F8,0xF8F8,0xF8F8,0xF8F8,0xF8F8,0xF8F8,0xF8F8,
  0xF8F8,0xF8F8,0xF8F8,0xF8F8,0xF8F8,0xF8F8,0xF8F8,0xF8F8,0xF8F8,0xF8F8,0xF8F8,0xF8F8,
  0xF8F8,0xF8F8,0xF8F8,0xF8F8,0xF8F8,0xF8F8,0xF8F8,0xF8F8,0xF8F8,0xF8F8,0xF8F8,0xF8F8,
  0xF8F8,0xF8F8,0xF8F8,0xF8F8,0xF8F8,0xF8F8,0xF8F8,0xF8F8,0xF8F8,0xF8F8,0xF8F8,0xF8F8,
  0xF8F8,0xF8F8,0xF8F8,0xF8F8,0xF8F8,0xF8F8,0xF8F8,0xF8F8,0xF8F8,0xF8F8,0xF8F8,0xF8F8,
  0xF8F8,0xF8F8,0xF8F8,0xF8F8,0xF8F8,0xF8F8,0xF8F8,0xF8F8,0xF8F8,0xF8F8,0xF8F8,0xF8F8,
  0xF8F8,0xF8F8,0xF8F8,0xF8F8,
};

const uint16_t* const wh_menu_icons[10] = {
  wh_icon_00, wh_icon_01, wh_icon_02, wh_icon_03, wh_icon_04, wh_icon_05, wh_icon_06, wh_icon_07, wh_icon_08, wh_icon_09
};

#endif
