#ifndef WONTHOUND_BG_HEADER_INCLUDED
#define WONTHOUND_BG_HEADER_INCLUDED
#include <pgmspace.h>

#define WONTHOUND_BG_W 240
#define WONTHOUND_BG_H 320

// RGB565, 240x320, dim=1.0. Use: tft.setSwapBytes(true); tft.pushImage(0,0,240,320,wonthound_bg);
const uint16_t wonthound_bg[76800] PROGMEM = {
  0x0000,0x0000,0x0000,0x0000,0x0000,0x0000,0x0000,0x0000,0x0000,0x0000,0x0000,0x0000,
  0x0000,0x0000,0x0000,0x0000,0x0000,0x0000,0x0000,0x0000,0x0000,0x0000,0x0000,0x0000,
  0x0000,0x0000,0x0000,0x0000,0x0000,0x0000,0x0000,0x0000,0x0000,0x0000,0x0000,0x0000,
  0x0000,0x0000,0x0000,0x0000,0x0000,0x0000,0x0000,0x0000,0x0000,0x0000,0x0000,0x0000,
  0x0000,0x0000,0x0000,0x0000,0x0000,0x0000,0x0000,0x0000,0x0000,0x0000,0x0000,0x0000,
  0x0000,0x0000,0x0000,0x0000,0x0000,0x0000,0x0000,0x0000,0x0000,0x0000,0x0000,0x0000,
  0x0000,0x0000,0x0000,0x0000,0x0000,0x0000,0x0000,0x0000,0x0000,0x0000,0x0000,0x0000,
  0x0000,0x0000,0x0000,0x0000,0x0000,0x0000,0x0000,0x0000,0x0000,0x0000,0x0000,0x0000,
  0x0000,0x0000,0x0000,0x0000,0x0000,0x0000,0x0000,0x0000,0x0000,0x0000,0x0000,0x0000,
  0x0000,0x0000,0x0000,0x0000,0x0000,0x0000,0x0000,0x0000,0x0000,0x0000,0x0000,0x0000,
  0x0000,0x0000,0x0000,0x0000,0x0000,0x0000,0x0000,0x0000,0x0000,0x0000,0x0000,0x0000,
  0x0000,0x0000,0x0000,0x0000,0x0000,0x0000,0x0000,0x0000,0x0000,0x0000,0x0000,0x0000,
  0x0000,0x0000,0x0000,0x0000,0x0000,0x0000,0x0000,0x0000,0x0000,0x0000,0x0000,0x0000,
  0x0000,0x0000,0x0000,0x0000,0x0000,0x0000,0x0000,0x0000,0x0000,0x0000,0x0000,0x0000,
  0x0000,0x0000,0x0000,0x0000,0x0000,0x0000,0x0000,0x0000,0x0000,0x0000,0x0000,0x0000,
  0x0000,0x0000,0x0000,0x0000,0x0000,0x0000,0x0000,0x0000,0x0000,0x0000,0x0000,0x0000,
  0x0000,0x0000,0x0000,0x0000,0x0000,0x0000,0x0000,0x0000,0x0000,0x0000,0x0000,0x0000,
  0x0000,0x0000,0x0000,0x0000,0x0000,0x0000,0x0000,0x0000,0x0000,0x0000,0x0000,0x0000,
  0x0000,0x0000,0x0000,0x0000,0x0000,0x0000,0x0000,0x0000,0x0000,0x0000,0x0000,0x0000,
  0x0000,0x0000,0x0000,0x0000,0x0000,0x0000,0x0000,0x0000,0x0000,0x0000,0x0000,0x0000,
  0x0000,0x0000,0x0000,0x0000,0x0000,0x0000,0x0000,0x0000,0x0000,0x0000,0x0000,0x0000,
  0x0000,0x0000,0x0000,0x0000,0x0000,0x0000,0x0000,0x0000,0x0000,0x0000,0x0000,0x0000,
  0x0000,0x0000,0x0000,0x0000,0x0000,0x0000,0x0000,0x0000,0x0000,0x0000,0x0000,0x0000,
  0x0000,0x0000,0x0000,0x0000,0x0000,0x0000,0x0000,0x0000,0x0000,0x0000,0x0000,0x0000,
  0x0000,0x0000,0x0000,0x0000,0x0000,0x0000,0x0000,0x0000,0x0000,0x0000,0x0000,0x0000,
  0x0000,0x0000,0x0000,0x0000,0x0000,0x0000,0x0000,0x0000,0x0000,0x0000,0x0000,0x0000,
  0x0000,0x0000,0x0000,0x0000,0x0000,0x0000,0x0000,0x0000,0x0000,0x0000,0x0000,0x0000,
  0x0000,0x0000,0x0000,0x0000,0x0000,0x0000,0x0000,0x0000,0x0000,0x0000,0x0000,0x0000,
  0x0000,0x0000,0x0000,0x0000,0x0000,0x0000,0x0000,0x0000,0x0000,0x0000,0x0000,0x0000,
  0x0000,0x0000,0x0000,0x0000,0x0000,0x0000,0x0000,0x0000,0x0000,0x0000,0x0000,0x0000,
  0x0000,0x0000,0x0000,0x0000,0x0000,0x0000,0x0000,0x0000,0x0000,0x0000,0x0000,0x0000,
  0x0000,0x0000,0x0000,0x0000,0x0000,0x0000,0x0000,0x0000,0x0000,0x0000,0x0000,0x0000,
  0x0000,0x0000,0x0000,0x0000,0x0000,0x0000,0x0000,0x0000,0x0000,0x0000,0x0000,0x0000,
  0x0000,0x0000,0x0000,0x0000,0x0000,0x0000,0x0000,0x0000,0x0000,0x0000,0x0000,0x0000,
  0x0000,0x0000,0x0000,0x0000,0x0000,0x0000,0x0000,0x0000,0x0000,0x0000,0x0000,0x0000,
  0x0000,0x0000,0x0000,0x0000,0x0000,0x0000,0x0000,0x0000,0x0000,0x0000,0x0000,0x0000,
  0x0000,0x0000,0x0000,0x0000,0x0000,0x0000,0x0000,0x0000,0x0000,0x0000,0x0000,0x0000,
  0x0000,0x0000,0x0000,0x0000,0x0000,0x0000,0x0000,0x0000,0x0000,0x0000,0x0000,0x0000,
  0x0000,0x0000,0x0000,0x0000,0x0000,0x0000,0x0000,0x0000,0x0000,0x0000,0x0000,0x0000,
  0x0000,0x0000,0x0000,0x0000,0x0000,0x0000,0x0000,0x0000,0x0000,0x0000,0x0000,0x0000,
  0x0000,0x0000,0x0000,0x0000,0x0000,0x0000,0x0000,0x0000,0x0000,0x0000,0x0000,0x0000,
  0x0000,0x0000,0x0000,0x0000,0x0000,0x0000,0x0000,0x0000,0x0000,0x0000,0x0000,0x0000,
  0x0000,0x0000,0x0000,0x0000,0x0000,0x0000,0x0000,0x0000,0x0000,0x0000,0x0000,0x0000,
  0x0000,0x0000,0x0000,0x0000,0x0000,0x0000,0x0000,0x0000,0x0000,0x0000,0x0000,0x0000,
  0x0000,0x0000,0x0000,0x0000,0x0000,0x0000,0x0000,0x0000,0x0000,0x0000,0x0000,0x0000,
  0x0000,0x0000,0x0000,0x0000,0x0000,0x0000,0x0000,0x0000,0x0000,0x0000,0x0000,0x0000,
  0x0000,0x0000,0x0000,0x0000,0x0000,0x0000,0x0000,0x0000,0x0000,0x0000,0x0000,0x0000,
  0x0000,0x0000,0x0000,0x0000,0x0000,0x0000,0x0000,0x0000,0x0000,0x0000,0x0000,0x0000,
  0x0000,0x0000,0x0000,0x0000,0x0000,0x0000,0x0000,0x0000,0x0000,0x0000,0x0000,0x0000,
  0x0000,0x0000,0x0000,0x0000,0x0000,0x0000,0x0000,0x0000,0x0000,0x0000,0x0000,0x0000,
  0x0000,0x0000,0x0000,0x0000,0x0000,0x0000,0x0000,0x0000,0x0000,0x0000,0x0000,0x0000,
  0x0000,0x0000,0x0000,0x0000,0x0000,0x0000,0x0000,0x0000,0x0000,0x0000,0x0000,0x0000,
  0x0000,0x0000,0x0000,0x0000,0x0000,0x0000,0x0000,0x0000,0x0000,0x0000,0x0000,0x0000,
  0x0000,0x0000,0x0000,0x0000,0x0000,0x0000,0x0000,0x0000,0x0000,0x0000,0x0000,0x0000,
  0x0000,0x0000,0x0000,0x0000,0x0000,0x0000,0x0000,0x0000,0x0000,0x0000,0x0000,0x0000,
  0x0000,0x0000,0x0000,0x0000,0x0000,0x0000,0x0000,0x0000,0x0000,0x0000,0x0000,0x0000,
  0x0000,0x0000,0x0000,0x0000,0x0000,0x0000,0x0000,0x0000,0x0000,0x0000,0x0000,0x0000,
  0x0000,0x0000,0x0000,0x0000,0x0000,0x0000,0x0000,0x0000,0x0000,0x0000,0x0000,0x0000,
  0x0000,0x0000,0x0000,0x0000,0x0000,0x0000,0x0000,0x0000,0x0000,0x0000,0x0000,0x0000,
  0x0000,0x0000,0x0000,0x0000,0x0000,0x0000,0x0000,0x0000,0x0000,0x0000,0x0000,0x0000,
  0x0000,0x0000,0x0000,0x0000,0x0000,0x0000,0x0000,0x0000,0x0000,0x0000,0x0000,0x0000,
  0x0000,0x0000,0x0000,0x0000,0x0000,0x0000,0x0000,0x0000,0x0000,0x0000,0x0000,0x0000,
  0x0000,0x0000,0x0000,0x0000,0x0000,0x0000,0x0000,0x0000,0x0000,0x0000,0x0000,0x0000,
  0x0000,0x0000,0x0000,0x0000,0x0000,0x0000,0x0000,0x0000,0x0000,0x0000,0x0000,0x0000,
  0x0000,0x0000,0x0000,0x0000,0x0000,0x0000,0x0000,0x0000,0x0000,0x0000,0x0000,0x0000,
  0x0000,0x0000,0x0000,0x0000,0x0000,0x0000,0x0000,0x0000,0x0000,0x0000,0x0000,0x0000,
  0x0000,0x0000,0x0000,0x0000,0x0000,0x0000,0x0000,0x0000,0x0000,0x0000,0x0000,0x0000,
  0x0000,0x0000,0x0000,0x0000,0x0000,0x0000,0x0000,0x0000,0x0000,0x0000,0x0000,0x0000,
  0x0000,0x0000,0x0000,0x0000,0x0000,0x0000,0x0000,0x0000,0x0000,0x0000,0x0000,0x0000,
  0x0000,0x0000,0x0000,0x0000,0x0000,0x0000,0x0000,0x0000,0x0000,0x0000,0x0000,0x0000,
  0x0000,0x0000,0x0000,0x0000,0x0000,0x0000,0x0000,0x0000,0x0000,0x0000,0x0000,0x0000,
  0x0000,0x0000,0x0000,0x0000,0x0000,0x0000,0x0000,0x0000,0x0000,0x0000,0x0000,0x0000,
  0x0000,0x0000,0x0000,0x0000,0x0000,0x0000,0x0000,0x0000,0x0000,0x0000,0x0000,0x0000,
  0x0000,0x0000,0x0000,0x0000,0x0000,0x0000,0x0000,0x0000,0x0000,0x0000,0x0000,0x0000,
  0x0000,0x0000,0x0000,0x0000,0x0000,0x0000,0x0000,0x0000,0x0000,0x0000,0x0000,0x0000,
  0x0000,0x0000,0x0000,0x0000,0x0000,0x0000,0x0000,0x0000,0x0000,0x0000,0x0000,0x0000,
  0x0000,0x0000,0x0000,0x0000,0x0000,0x0000,0x0000,0x0000,0x0000,0x0000,0x0000,0x0000,
  0x0000,0x0000,0x0000,0x0000,0x0000,0x0000,0x0000,0x0000,0x0000,0x0000,0x0000,0x0000,
  0x0000,0x0000,0x0000,0x0000,0x0000,0x0000,0x0000,0x0000,0x0000,0x0000,0x0000,0x0000,
  0x0000,0x0000,0x0000,0x0000,0x0000,0x0000,0x0000,0x0000,0x0000,0x0000,0x0000,0x0000,
  0x0000,0x0000,0x0000,0x0000,0x0000,0x0000,0x0000,0x0000,0x0000,0x0000,0x0000,0x0000,
  0x0000,0x0000,0x0000,0x0000,0x0000,0x0000,0x0000,0x0000,0x0000,0x0000,0x0000,0x0000,
  0x0000,0x0000,0x0000,0x0000,0x0000,0x0000,0x0000,0x0000,0x0000,0x0000,0x0000,0x0000,
  0x0000,0x0000,0x0000,0x0000,0x0000,0x0000,0x0000,0x0000,0x0000,0x0000,0x0000,0x0000,
  0x0000,0x0000,0x0000,0x0000,0x0000,0x0000,0x0000,0x0000,0x0000,0x0000,0x0000,0x0000,
  0x0000,0x0000,0x0000,0x0000,0x0000,0x0000,0x0000,0x0000,0x0000,0x0000,0x0000,0x0000,
  0x0000,0x0000,0x0000,0x0000,0x0000,0x0000,0x0000,0x0000,0x0000,0x0000,0x0000,0x0000,
  0x0000,0x0000,0x0000,0x0000,0x0000,0x0000,0x0000,0x0000,0x0000,0x0000,0x0000,0x0000,
  0x0000,0x0000,0x0000,0x0000,0x0000,0x0000,0x0000,0x0000,0x0000,0x0000,0x0000,0x0000,
  0x0000,0x0000,0x0000,0x0000,0x0000,0x0000,0x0000,0x0000,0x0000,0x0000,0x0000,0x0000,
  0x0000,0x0000,0x0000,0x0000,0x0000,0x0000,0x0000,0x0000,0x0000,0x0000,0x0000,0x0000,
  0x0000,0x0000,0x0000,0x0000,0x0000,0x0000,0x0000,0x0000,0x0000,0x0000,0x0000,0x0000,
  0x0000,0x0000,0x0000,0x0000,0x0000,0x0000,0x0000,0x0000,0x0000,0x0000,0x0000,0x0000,
  0x0000,0x0000,0x0000,0x0000,0x0000,0x0000,0x0000,0x0000,0x0000,0x0000,0x0000,0x0000,
  0x0000,0x0000,0x0000,0x0000,0x0000,0x0000,0x0000,0x0000,0x0000,0x0000,0x0000,0x0000,
  0x0000,0x0000,0x0000,0x0000,0x0000,0x0000,0x0000,0x0000,0x0000,0x0000,0x0000,0x0000,
  0x0000,0x0000,0x0000,0x0000,0x0000,0x0000,0x0000,0x0000,0x0000,0x0000,0x0000,0x0000,
  0x0000,0x0000,0x0000,0x0000,0x0000,0x0000,0x0000,0x0000,0x0000,0x0000,0x0000,0x0000,
  0x0000,0x0000,0x0000,0x0000,0x0000,0x0000,0x0000,0x0000,0x0000,0x0000,0x0000,0x0000,
  0x0000,0x0000,0x0000,0x0000,0x0000,0x0000,0x0000,0x0000,0x0000,0x0000,0x0000,0x0000,
  0x0000,0x0000,0x0000,0x0000,0x0000,0x0000,0x0000,0x0000,0x0000,0x0000,0x0000,0x0000,
  0x0000,0x0000,0x0000,0x0000,0x0000,0x0000,0x0000,0x0000,0x0000,0x0000,0x0000,0x0000,
  0x0000,0x0000,0x0000,0x0000,0x0000,0x0000,0x0000,0x0000,0x0000,0x0000,0x0000,0x0000,
  0x0000,0x0000,0x0000,0x0000,0x0000,0x0000,0x0000,0x0000,0x0000,0x0000,0x0000,0x0000,
  0x0000,0x0000,0x0000,0x0000,0x0000,0x0000,0x0000,0x0000,0x0000,0x0000,0x0000,0x0000,
  0x0000,0x0000,0x0000,0x0000,0x0000,0x0000,0x0000,0x0000,0x0000,0x0000,0x0000,0x0000,
  0x0000,0x0000,0x0000,0x0000,0x0000,0x0000,0x0000,0x0000,0x0000,0x0000,0x0000,0x0000,
  0x0000,0x0000,0x0000,0x0000,0x0000,0x0000,0x0000,0x0000,0x0000,0x0000,0x0000,0x0000,
  0x0000,0x0000,0x0000,0x0000,0x0000,0x0000,0x0000,0x0000,0x0000,0x0000,0x0000,0x0000,
  0x0000,0x0000,0x0000,0x0000,0x0000,0x0000,0x0000,0x0000,0x0000,0x0000,0x0000,0x0000,
  0x0000,0x0000,0x0000,0x0000,0x0000,0x0000,0x0000,0x0000,0x0000,0x0000,0x0000,0x0000,
  0x0000,0x0000,0x0000,0x0000,0x0000,0x0000,0x0000,0x0000,0x0000,0x0000,0x0000,0x0000,
  0x0000,0x0000,0x0000,0x0000,0x0000,0x0000,0x0000,0x0000,0x0000,0x0000,0x0000,0x0000,
  0x0000,0x0000,0x0000,0x0000,0x0000,0x0000,0x0000,0x0000,0x0000,0x0000,0x0000,0x0000,
  0x0000,0x0000,0x0000,0x0000,0x0000,0x0000,0x0000,0x0000,0x0000,0x0000,0x0000,0x0000,
  0x0000,0x0000,0x0000,0x0000,0x0000,0x0000,0x0000,0x0000,0x0000,0x0000,0x0000,0x0000,
  0x0000,0x0000,0x0000,0x0000,0x0000,0x0000,0x0000,0x0000,0x0000,0x0000,0x0000,0x0000,
  0x0000,0x0000,0x0000,0x0000,0x0000,0x0000,0x0000,0x0000,0x0000,0x0000,0x0000,0x0000,
  0x0000,0x0000,0x0000,0x0000,0x0000,0x0000,0x0000,0x0000,0x0000,0x0000,0x0000,0x0000,
  0x0000,0x0000,0x0000,0x0000,0x0000,0x0000,0x0000,0x0000,0x0000,0x0000,0x0000,0x0000,
  0x0000,0x0000,0x0000,0x0000,0x0000,0x0000,0x0000,0x0000,0x0000,0x0000,0x0000,0x0000,
  0x0000,0x0000,0x0000,0x0000,0x0000,0x0000,0x0000,0x0000,0x0000,0x0000,0x0000,0x0000,
  0x0000,0x0000,0x0000,0x0000,0x0000,0x0000,0x0000,0x0000,0x0000,0x0000,0x0000,0x0000,
  0x0000,0x0000,0x0000,0x0000,0x0000,0x0000,0x0000,0x0000,0x0000,0x0000,0x0000,0x0000,
  0x0000,0x0000,0x0000,0x0000,0x0000,0x0000,0x0000,0x0000,0x0000,0x0000,0x0000,0x0000,
  0x0000,0x0000,0x0000,0x0000,0x0000,0x0000,0x0000,0x0000,0x0000,0x0000,0x0000,0x0000,
  0x0000,0x0000,0x0000,0x0000,0x0000,0x0000,0x0000,0x0000,0x0000,0x0000,0x0000,0x0000,
  0x0000,0x0000,0x0000,0x0000,0x0000,0x0000,0x0000,0x0000,0x0000,0x0000,0x0000,0x0000,
  0x0000,0x0000,0x0000,0x0000,0x0000,0x0000,0x0000,0x0000,0x0000,0x0000,0x0000,0x0000,
  0x0000,0x0000,0x0000,0x0000,0x0000,0x0000,0x0000,0x0000,0x0000,0x0000,0x0000,0x0000,
  0x0000,0x0000,0x0000,0x0000,0x0000,0x0000,0x0000,0x0000,0x0000,0x0000,0x0000,0x0000,
  0x0000,0x0000,0x0000,0x0000,0x0000,0x0000,0x0000,0x0000,0x0000,0x0000,0x0000,0x0000,
  0x0000,0x0000,0x0000,0x0000,0x0000,0x0000,0x0000,0x0000,0x0000,0x0000,0x0000,0x0000,
  0x0000,0x0000,0x0000,0x0000,0x0000,0x0000,0x0000,0x0000,0x0000,0x0000,0x0000,0x0000,
  0x0000,0x0000,0x0000,0x0000,0x0000,0x0000,0x0000,0x0000,0x0000,0x0000,0x0000,0x0000,
  0x0000,0x0000,0x0000,0x0000,0x0000,0x0000,0x0000,0x0000,0x0000,0x0000,0x0000,0x0000,
  0x0000,0x0000,0x0000,0x0000,0x0000,0x0000,0x0000,0x0000,0x0000,0x0000,0x0000,0x0000,
  0x0000,0x0000,0x0000,0x0000,0x0000,0x0000,0x0000,0x0000,0x0000,0x0000,0x0000,0x0000,
  0x0000,0x0000,0x0000,0x0000,0x0000,0x0000,0x0000,0x0000,0x0000,0x0000,0x0000,0x0000,
  0x0000,0x0000,0x0000,0x0000,0x0000,0x0000,0x0000,0x0000,0x0000,0x0000,0x0000,0x0000,
  0x0000,0x0000,0x0000,0x0000,0x0000,0x0000,0x0000,0x0000,0x0801,0x0000,0x0000,0x0000,
  0x0000,0x0000,0x0801,0x0000,0x0801,0x0000,0x0000,0x0000,0x0000,0x0000,0x0000,0x0000,
  0x0000,0x0000,0x0000,0x0000,0x0000,0x0000,0x0000,0x0000,0x0000,0x0000,0x0000,0x0000,
  0x0000,0x0000,0x1001,0x0801,0x0000,0x0000,0x0000,0x0000,0x0801,0x0000,0x0000,0x0000,
  0x0000,0x0000,0x0000,0x0000,0x0000,0x0000,0x0000,0x0000,0x0000,0x0000,0x0000,0x0000,
  0x0000,0x0000,0x0000,0x0000,0x0000,0x0000,0x0000,0x0000,0x0000,0x0000,0x0000,0x0000,
  0x0000,0x0000,0x0000,0x0000,0x0000,0x0000,0x0000,0x0000,0x0000,0x0000,0x0000,0x0000,
  0x0000,0x0000,0x0000,0x0000,0x0000,0x0000,0x0000,0x0000,0x0000,0x0000,0x0000,0x0000,
  0x0000,0x0000,0x0000,0x0000,0x0000,0x0000,0x0000,0x0000,0x0000,0x0000,0x0000,0x0000,
  0x0000,0x0000,0x0000,0x0000,0x0000,0x0000,0x0000,0x0000,0x0000,0x0000,0x0000,0x0000,
  0x0000,0x0000,0x0000,0x0000,0x0000,0x0000,0x0000,0x0000,0x0000,0x0000,0x0000,0x0000,
  0x0000,0x0000,0x0000,0x0000,0x0000,0x0000,0x0000,0x0000,0x0000,0x0000,0x0000,0x0000,
  0x0000,0x0000,0x0000,0x0000,0x0000,0x0000,0x0000,0x0000,0x0000,0x0000,0x0000,0x0000,
  0x0000,0x0000,0x0000,0x0000,0x0000,0x0000,0x0000,0x0000,0x0000,0x0000,0x0000,0x0000,
  0x0000,0x0000,0x0000,0x0000,0x0000,0x0801,0x0000,0x0000,0x0801,0x0000,0x0801,0x0801,
  0x0801,0x0000,0x0801,0x0801,0x0000,0x0801,0x0000,0x0000,0x0000,0x0801,0x0000,0x0000,
  0x0000,0x0000,0x0000,0x0000,0x0000,0x0000,0x0000,0x0000,0x0000,0x0000,0x0000,0x0000,
  0x0000,0x0000,0x0000,0x0000,0x0000,0x0000,0x0000,0x0000,0x0000,0x0801,0x0000,0x0001,
  0x0000,0x0000,0x0000,0x0000,0x0000,0x0000,0x0000,0x0000,0x0000,0x0000,0x0801,0x0000,
  0x0000,0x0000,0x0000,0x0000,0x0000,0x0000,0x0000,0x0000,0x0000,0x0000,0x0000,0x0000,
  0x0000,0x0000,0x0000,0x0000,0x0000,0x0000,0x0000,0x0000,0x0801,0x0000,0x0801,0x0801,
  0x0801,0x0000,0x0801,0x0801,0x0801,0x0801,0x0801,0x0801,0x0801,0x0801,0x0801,0x0801,
  0x0801,0x0801,0x0801,0x0801,0x0801,0x0801,0x0801,0x0801,0x0801,0x0000,0x0000,0x0000,
  0x0801,0x0801,0x1022,0x0801,0x0000,0x0000,0x0801,0x0801,0x0801,0x0801,0x0801,0x0801,
  0x0801,0x0801,0x0801,0x0000,0x0000,0x0000,0x0000,0x0000,0x0000,0x0000,0x0000,0x0000,
  0x0000,0x0000,0x0000,0x0000,0x0000,0x0000,0x0000,0x0000,0x0000,0x0000,0x0000,0x0000,
  0x0000,0x0000,0x0000,0x0000,0x0000,0x0000,0x0000,0x0000,0x0000,0x0000,0x0000,0x0000,
  0x0000,0x0000,0x0000,0x0000,0x0000,0x0000,0x0000,0x0000,0x0000,0x0000,0x0000,0x0000,
  0x0000,0x0000,0x0000,0x0000,0x0000,0x0000,0x0000,0x0000,0x0000,0x0000,0x0000,0x0000,
  0x0000,0x0000,0x0000,0x0000,0x0000,0x0000,0x0000,0x0000,0x0000,0x0000,0x0000,0x0000,
  0x0000,0x0000,0x0000,0x0000,0x0000,0x0000,0x0000,0x0000,0x0000,0x0000,0x0000,0x0000,
  0x0000,0x0000,0x0000,0x0000,0x0000,0x0000,0x0000,0x0000,0x0000,0x0000,0x0000,0x0000,
  0x0000,0x0000,0x0000,0x0000,0x0000,0x0000,0x0000,0x0000,0x0000,0x0000,0x0000,0x0000,
  0x0000,0x0000,0x0000,0x0000,0x0000,0x0000,0x0000,0x0000,0x0000,0x0000,0x0000,0x0000,
  0x0000,0x0000,0x0000,0x0000,0x0000,0x0801,0x0000,0x0801,0x0801,0x0800,0x0801,0x0801,
  0x0801,0x0000,0x0801,0x0801,0x0801,0x0801,0x0000,0x0800,0x0000,0x0801,0x0000,0x0000,
  0x0000,0x0000,0x0000,0x0000,0x0000,0x0000,0x0000,0x0801,0x0800,0x0000,0x0000,0x0000,
  0x0000,0x0000,0x0000,0x0000,0x0000,0x0000,0x0000,0x0801,0x0800,0x0000,0x0000,0x0000,
  0x0000,0x0000,0x0000,0x0000,0x0000,0x0000,0x0000,0x0801,0x0801,0x0801,0x0800,0x0000,
  0x0000,0x0801,0x0800,0x0000,0x0000,0x0000,0x0000,0x0000,0x0000,0x0000,0x0000,0x0000,
  0x0000,0x0000,0x0000,0x0000,0x0000,0x0000,0x0000,0x0000,0x0801,0x0000,0x0801,0x0000,
  0x0801,0x0000,0x0801,0x0801,0x0801,0x0801,0x0000,0x0800,0x0800,0x0801,0x0800,0x0801,
  0x0000,0x0801,0x0000,0x0801,0x0000,0x0801,0x0801,0x0801,0x0801,0x0000,0x0801,0x0000,
  0x0000,0x0000,0x0801,0x0000,0x0000,0x0000,0x0801,0x0800,0x0801,0x0801,0x0801,0x0801,
  0x0800,0x0801,0x0800,0x0800,0x0800,0x0000,0x0000,0x0000,0x0000,0x0000,0x0000,0x0000,
  0x0000,0x0000,0x0000,0x0000,0x0000,0x0000,0x0000,0x0000,0x0000,0x0000,0x0000,0x0000,
  0x0000,0x0000,0x0000,0x0000,0x0000,0x0000,0x0000,0x0000,0x0000,0x0000,0x0000,0x0000,
  0x0000,0x0000,0x0000,0x0000,0x0000,0x0000,0x0000,0x0000,0x0000,0x0000,0x0000,0x0000,
  0x0000,0x0000,0x0000,0x0000,0x0000,0x0000,0x0000,0x0000,0x0000,0x0000,0x0000,0x0000,
  0x0000,0x0000,0x0000,0x0000,0x0000,0x0000,0x0000,0x0000,0x0000,0x0000,0x0000,0x0000,
  0x0000,0x0000,0x0000,0x0000,0x0000,0x0000,0x0000,0x0000,0x0000,0x0000,0x0000,0x0000,
  0x0000,0x0000,0x0000,0x0000,0x0000,0x0000,0x0000,0x0000,0x0000,0x0000,0x0000,0x0000,
  0x0000,0x0000,0x0000,0x0000,0x0000,0x0000,0x0000,0x0000,0x0000,0x0000,0x0000,0x0000,
  0x0000,0x0000,0x0000,0x0000,0x0000,0x0000,0x0000,0x0000,0x0000,0x0000,0x0000,0x0000,
  0x0000,0x0000,0x0000,0x0000,0x0000,0x0000,0x0801,0x0801,0x0801,0x0801,0x0801,0x0801,
  0x0801,0x0000,0x0801,0x0801,0x0801,0x0801,0x0801,0x0000,0x0001,0x0001,0x0000,0x0000,
  0x0000,0x0000,0x0000,0x0000,0x0000,0x0000,0x0000,0x0000,0x0001,0x0000,0x0000,0x0000,
  0x0000,0x0001,0x0000,0x0001,0x0000,0x0000,0x0000,0x0000,0x0801,0x0801,0x0000,0x0000,
  0x0000,0x0000,0x0000,0x0000,0x0000,0x0000,0x0000,0x0000,0x0000,0x0000,0x0801,0x0000,
  0x0000,0x0000,0x0000,0x0000,0x0000,0x0000,0x0000,0x0000,0x0000,0x0000,0x0000,0x0000,
  0x0000,0x0000,0x0000,0x0000,0x0000,0x0000,0x0000,0x0000,0x0000,0x0000,0x0000,0x0000,
  0x0000,0x0000,0x0000,0x0000,0x0000,0x0000,0x0000,0x0000,0x0000,0x0000,0x0000,0x0000,
  0x0000,0x0000,0x0000,0x0000,0x0000,0x0000,0x0000,0x0000,0x0000,0x0000,0x0000,0x0000,
  0x0000,0x0000,0x0000,0x0000,0x0000,0x0000,0x0000,0x0000,0x0000,0x0000,0x0000,0x0000,
  0x0000,0x0000,0x0000,0x0000,0x0000,0x0000,0x0000,0x0000,0x0000,0x0000,0x0000,0x0000,
  0x0000,0x0000,0x0000,0x0000,0x0000,0x0000,0x0000,0x0000,0x0000,0x0000,0x0000,0x0000,
  0x0000,0x0000,0x0000,0x0000,0x0000,0x0000,0x0000,0x0000,0x0000,0x0000,0x0000,0x0000,
  0x0000,0x0000,0x0000,0x0000,0x0000,0x0000,0x0000,0x0000,0x0000,0x0000,0x0000,0x0000,
  0x0000,0x0000,0x0000,0x0000,0x0000,0x0000,0x0000,0x0000,0x0000,0x0000,0x0000,0x0000,
  0x0000,0x0000,0x0000,0x0000,0x0000,0x0000,0x0000,0x0000,0x0000,0x0000,0x0000,0x0000,
  0x0000,0x0000,0x0000,0x0000,0x0000,0x0000,0x0000,0x0000,0x0000,0x0000,0x0000,0x0000,
  0x0000,0x0000,0x0000,0x0000,0x0000,0x0000,0x0000,0x0000,0x0000,0x0000,0x0000,0x0000,
  0x0000,0x0000,0x0000,0x0000,0x0000,0x0000,0x0000,0x0000,0x0000,0x0000,0x0000,0x0000,
  0x0000,0x0000,0x0000,0x0000,0x0000,0x0000,0x0000,0x0000,0x0000,0x0000,0x0000,0x0000,
  0x0000,0x0000,0x0000,0x0000,0x0000,0x0000,0x0000,0x0000,0x0000,0x0000,0x0000,0x0000,
  0x0000,0x0000,0x0000,0x0000,0x0000,0x0000,0x0000,0x0000,0x0000,0x0000,0x0000,0x0000,
  0x0000,0x0000,0x0000,0x0000,0x0000,0x0000,0x0000,0x0000,0x0000,0x0000,0x0000,0x0000,
  0x0000,0x0000,0x0000,0x0000,0x0000,0x0000,0x0000,0x0000,0x0000,0x0000,0x0000,0x0000,
  0x0000,0x0000,0x0000,0x0000,0x0000,0x0000,0x0000,0x0000,0x0000,0x0000,0x0000,0x0000,
  0x0000,0x0000,0x0000,0x0000,0x0000,0x0000,0x0000,0x0000,0x0000,0x0000,0x0000,0x0000,
  0x0000,0x0000,0x0000,0x0000,0x0000,0x0000,0x0000,0x0000,0x0000,0x0000,0x0000,0x0000,
  0x0000,0x0000,0x0000,0x0000,0x0000,0x0000,0x0000,0x0000,0x0000,0x0801,0x0000,0x0000,
  0x0000,0x0000,0x0000,0x0000,0x0000,0x0000,0x0000,0x0000,0x0000,0x0000,0x0000,0x0000,
  0x0000,0x0000,0x0000,0x0000,0x0000,0x0000,0x0000,0x0000,0x0000,0x0000,0x0000,0x0000,
  0x0000,0x0000,0x0000,0x0000,0x0000,0x0000,0x0000,0x0000,0x0000,0x0000,0x0000,0x0000,
  0x0000,0x0000,0x0000,0x0000,0x0000,0x0000,0x0000,0x0000,0x0000,0x0000,0x0000,0x0000,
  0x0000,0x0000,0x0000,0x0000,0x0000,0x0000,0x0000,0x0000,0x0000,0x0000,0x0000,0x0000,
  0x0000,0x0000,0x0000,0x0000,0x0000,0x0000,0x0000,0x0000,0x0000,0x0000,0x0000,0x0000,
  0x0000,0x0000,0x0000,0x0000,0x0000,0x0000,0x0000,0x0000,0x0000,0x0000,0x0000,0x0000,
  0x0000,0x0000,0x0000,0x0000,0x0000,0x0000,0x0000,0x0000,0x0000,0x0000,0x0000,0x0000,
  0x0000,0x0000,0x0000,0x0000,0x0000,0x0000,0x0000,0x0000,0x0000,0x0000,0x0000,0x0000,
  0x0000,0x0000,0x0000,0x0000,0x0000,0x0000,0x0000,0x0000,0x0000,0x0000,0x0000,0x0000,
  0x0000,0x0000,0x0000,0x0000,0x0000,0x0000,0x0000,0x0000,0x0000,0x0000,0x0000,0x0000,
  0x0000,0x0000,0x0000,0x0000,0x0000,0x0000,0x0000,0x0000,0x0000,0x0000,0x0000,0x0000,
  0x0000,0x0000,0x0000,0x0000,0x0000,0x0000,0x0000,0x0000,0x0000,0x0000,0x0000,0x0000,
  0x0000,0x0000,0x0000,0x0000,0x0000,0x0000,0x0000,0x0000,0x0000,0x0000,0x0000,0x0000,
  0x0000,0x0000,0x0000,0x0000,0x0000,0x0000,0x0000,0x0000,0x0000,0x0000,0x0000,0x0000,
  0x0000,0x0000,0x0000,0x0000,0x0000,0x0000,0x0000,0x0000,0x0000,0x0000,0x0000,0x0000,
  0x0000,0x0000,0x0000,0x0000,0x0000,0x0000,0x0000,0x0000,0x0000,0x0000,0x0000,0x0000,
  0x0000,0x0000,0x0000,0x0000,0x0000,0x0000,0x0000,0x0000,0x0000,0x0000,0x0000,0x0000,
  0x0000,0x0000,0x0000,0x0000,0x0000,0x0000,0x0000,0x0000,0x0000,0x0000,0x0800,0x0000,
  0x0000,0x0000,0x0000,0x0000,0x0801,0x0801,0x0801,0x0000,0x0000,0x0801,0x0000,0x0801,
  0x0000,0x0801,0x0000,0x0801,0x0000,0x0801,0x0801,0x0000,0x0000,0x0000,0x0000,0x0000,
  0x0000,0x0000,0x0000,0x0000,0x0000,0x0000,0x0000,0x0000,0x0000,0x0000,0x0000,0x0000,
  0x0000,0x0000,0x0000,0x0000,0x0000,0x0000,0x0000,0x0000,0x0000,0x0000,0x0000,0x0000,
  0x0000,0x0000,0x0000,0x0000,0x0000,0x0000,0x0000,0x0000,0x0000,0x0000,0x0000,0x0000,
  0x0000,0x0000,0x0000,0x0000,0x0000,0x0000,0x0000,0x0000,0x0000,0x0000,0x0000,0x0000,
  0x0000,0x0000,0x0000,0x0000,0x0000,0x0000,0x0000,0x0000,0x0000,0x0000,0x0000,0x0000,
  0x0000,0x0000,0x0000,0x0000,0x0000,0x0000,0x0000,0x0000,0x0000,0x0000,0x0000,0x0000,
  0x0000,0x0000,0x0000,0x0000,0x0000,0x0000,0x0000,0x0000,0x0000,0x0000,0x0000,0x0000,
  0x0000,0x0000,0x0000,0x0000,0x0000,0x0000,0x0000,0x0000,0x0000,0x0000,0x0000,0x0000,
  0x0000,0x0000,0x0000,0x0000,0x0000,0x0000,0x0000,0x0000,0x0000,0x0000,0x0000,0x0000,
  0x0000,0x0000,0x0000,0x0000,0x0000,0x0000,0x0000,0x0000,0x0000,0x0000,0x0000,0x0000,
  0x0000,0x0000,0x0000,0x0000,0x0000,0x0000,0x0000,0x0000,0x0000,0x0000,0x0000,0x0000,
  0x0000,0x0000,0x0000,0x0000,0x0000,0x0000,0x0000,0x0000,0x0000,0x0000,0x0000,0x0000,
  0x0000,0x0000,0x0000,0x0000,0x0000,0x0000,0x0000,0x0000,0x0000,0x0000,0x0000,0x0000,
  0x0000,0x0000,0x0000,0x0000,0x0000,0x0000,0x0000,0x0000,0x0000,0x0000,0x0000,0x0000,
  0x0000,0x0000,0x0000,0x0000,0x0000,0x0000,0x0000,0x0000,0x0000,0x0000,0x0000,0x0000,
  0x0000,0x0000,0x0000,0x0000,0x0000,0x0000,0x0000,0x0000,0x0000,0x0000,0x0000,0x0000,
  0x0000,0x0000,0x0000,0x0000,0x0000,0x0000,0x0000,0x0000,0x0000,0x0000,0x0000,0x0000,
  0x0000,0x0000,0x0000,0x0000,0x0000,0x0000,0x0000,0x0000,0x1001,0x0801,0x1001,0x0000,
  0x0000,0x0000,0x0821,0x0801,0x0821,0x0801,0x0801,0x0000,0x0000,0x0000,0x0000,0x1001,
  0x0801,0x0801,0x0800,0x0801,0x0801,0x0800,0x0801,0x0801,0x0000,0x0000,0x0000,0x0000,
  0x0000,0x0000,0x0000,0x0000,0x0000,0x0000,0x0000,0x0000,0x0000,0x0000,0x0000,0x0000,
  0x0000,0x0000,0x0000,0x0000,0x0000,0x0000,0x0000,0x0000,0x0000,0x0000,0x0000,0x0000,
  0x0000,0x0000,0x0000,0x0000,0x0000,0x0000,0x0000,0x0000,0x0000,0x0000,0x0000,0x0000,
  0x0000,0x0000,0x0000,0x0000,0x0000,0x0000,0x0000,0x0000,0x0000,0x0000,0x0000,0x0000,
  0x0000,0x0000,0x0000,0x0000,0x0000,0x0000,0x0000,0x0000,0x0000,0x0000,0x0000,0x0000,
  0x0000,0x0000,0x0000,0x0000,0x0000,0x0000,0x0000,0x0000,0x0000,0x0000,0x0000,0x0000,
  0x0000,0x0000,0x0000,0x0000,0x0000,0x0000,0x0000,0x0000,0x0000,0x0000,0x0000,0x0000,
  0x0000,0x0000,0x0000,0x0000,0x0000,0x0000,0x0000,0x0000,0x0000,0x0000,0x0000,0x0000,
  0x0000,0x0000,0x0000,0x0000,0x0000,0x0000,0x0000,0x0000,0x0000,0x0000,0x0000,0x0000,
  0x0000,0x0000,0x0000,0x0000,0x0000,0x0000,0x0000,0x0000,0x0000,0x0000,0x0000,0x0000,
  0x0000,0x0000,0x0000,0x0000,0x0000,0x0000,0x0000,0x0000,0x0000,0x0000,0x0000,0x0000,
  0x0000,0x0000,0x0000,0x0000,0x0000,0x0000,0x0000,0x0000,0x0000,0x0000,0x0000,0x0000,
  0x0000,0x0000,0x0000,0x0000,0x0000,0x0000,0x0000,0x0000,0x0000,0x0000,0x0000,0x0000,
  0x0000,0x0000,0x0000,0x0000,0x0000,0x0000,0x0000,0x0000,0x0000,0x0801,0x0000,0x0000,
  0x0000,0x0000,0x0000,0x0000,0x0000,0x0000,0x0000,0x0000,0x0000,0x0001,0x0001,0x0000,
  0x0000,0x0000,0x0000,0x0000,0x0000,0x0000,0x0000,0x0801,0x0000,0x0801,0x0800,0x0801,
  0x0000,0x0801,0x0000,0x0000,0x0000,0x0000,0x0000,0x0000,0x0000,0x0000,0x0000,0x0000,
  0x0000,0x0000,0x0000,0x0000,0x0000,0x0000,0x0000,0x0000,0x0800,0x0800,0x0801,0x0000,
  0x0000,0x0000,0x0801,0x0801,0x0801,0x0801,0x0000,0x0000,0x0000,0x0801,0x0000,0x0801,
  0x0800,0x1001,0x0000,0x0801,0x0801,0x0801,0x0800,0x0000,0x0000,0x0000,0x0000,0x0000,
  0x0000,0x0000,0x0000,0x0000,0x0000,0x0000,0x0000,0x0000,0x0000,0x0000,0x0000,0x0000,
  0x0000,0x0000,0x0000,0x0000,0x0000,0x0000,0x0000,0x0000,0x0000,0x0000,0x0000,0x0000,
  0x0000,0x0000,0x0000,0x0000,0x0000,0x0000,0x0000,0x0000,0x0000,0x0000,0x0000,0x0000,
  0x0000,0x0000,0x0000,0x0000,0x0000,0x0000,0x0000,0x0000,0x0000,0x0000,0x0000,0x0000,
  0x0000,0x0000,0x0000,0x0000,0x0000,0x0000,0x0000,0x0000,0x0000,0x0000,0x0000,0x0000,
  0x0000,0x0000,0x0000,0x0000,0x0000,0x0000,0x0000,0x0000,0x0000,0x0000,0x0000,0x0000,
  0x0000,0x0000,0x0000,0x0000,0x0000,0x0000,0x0000,0x0000,0x0000,0x0000,0x0000,0x0000,
  0x0000,0x0000,0x0000,0x0000,0x0000,0x0000,0x0000,0x0000,0x0000,0x0000,0x0000,0x0000,
  0x0000,0x0000,0x0000,0x0000,0x0000,0x0000,0x0000,0x0000,0x0000,0x0000,0x0000,0x0000,
  0x0000,0x0000,0x0000,0x0000,0x0000,0x0000,0x0000,0x0000,0x0000,0x0000,0x0000,0x0000,
  0x0000,0x0000,0x0000,0x0000,0x0000,0x0000,0x0000,0x0000,0x0000,0x0000,0x0000,0x0000,
  0x0000,0x0000,0x0000,0x0000,0x0000,0x0000,0x0000,0x0000,0x0000,0x0000,0x0000,0x0000,
  0x0000,0x0000,0x0000,0x0000,0x0000,0x0000,0x0000,0x0000,0x0000,0x0000,0x0000,0x0000,
  0x0000,0x0000,0x0000,0x0000,0x0000,0x0000,0x0000,0x0000,0x0000,0x0801,0x0001,0x0000,
  0x0000,0x0000,0x0000,0x0000,0x0000,0x0000,0x0000,0x0000,0x0000,0x0801,0x0000,0x0000,
  0x0000,0x0000,0x0000,0x0000,0x0000,0x0000,0x0000,0x0000,0x0000,0x0000,0x0801,0x0801,
  0x0000,0x0801,0x0000,0x0001,0x0000,0x0000,0x0000,0x0000,0x0000,0x0000,0x0000,0x0000,
  0x0000,0x0000,0x0000,0x0000,0x0000,0x0000,0x0000,0x0000,0x0000,0x0000,0x0000,0x0000,
  0x0000,0x0000,0x0000,0x0000,0x0000,0x0000,0x0000,0x0000,0x0000,0x0000,0x0000,0x0000,
  0x0000,0x0000,0x0000,0x0000,0x0000,0x0000,0x0000,0x0000,0x0000,0x0000,0x0000,0x0000,
  0x0000,0x0000,0x0000,0x0000,0x0000,0x0000,0x0000,0x0000,0x0000,0x0000,0x0000,0x0000,
  0x0000,0x0000,0x0000,0x0000,0x0000,0x0000,0x0000,0x0000,0x0000,0x0000,0x0000,0x0000,
  0x0000,0x0000,0x0000,0x0000,0x0000,0x0000,0x0000,0x0000,0x0000,0x0000,0x0000,0x0000,
  0x0000,0x0000,0x0000,0x0000,0x0000,0x0000,0x0000,0x0000,0x0000,0x0000,0x0000,0x0000,
  0x0000,0x0000,0x0000,0x0000,0x0000,0x0000,0x0000,0x0000,0x0000,0x0000,0x0000,0x0000,
  0x0000,0x0000,0x0000,0x0000,0x0000,0x0000,0x0000,0x0000,0x0000,0x0000,0x0000,0x0000,
  0x0000,0x0000,0x0000,0x0000,0x0000,0x0000,0x0000,0x0000,0x0000,0x0000,0x0000,0x0000,
  0x0000,0x0000,0x0000,0x0000,0x0000,0x0000,0x0000,0x0000,0x0000,0x0000,0x0000,0x0000,
  0x0000,0x0000,0x0000,0x0000,0x0000,0x0000,0x0000,0x0000,0x0000,0x0000,0x0000,0x0000,
  0x0000,0x0000,0x0000,0x0000,0x0000,0x0000,0x0000,0x0000,0x0000,0x0000,0x0000,0x0000,
  0x0000,0x0000,0x0000,0x0000,0x0000,0x0000,0x0000,0x0000,0x0000,0x0000,0x0000,0x0000,
  0x0000,0x0000,0x0000,0x0000,0x0000,0x0000,0x0000,0x0000,0x0000,0x0000,0x0000,0x0000,
  0x0000,0x0000,0x0000,0x0000,0x0000,0x0000,0x0000,0x0000,0x0000,0x0000,0x0000,0x0000,
  0x0000,0x0000,0x0000,0x0000,0x0000,0x0000,0x0000,0x0000,0x0000,0x0000,0x0000,0x0000,
  0x0000,0x0000,0x0000,0x0000,0x0000,0x0000,0x0000,0x0000,0x0000,0x0000,0x0000,0x0000,
  0x0000,0x0000,0x0000,0x0000,0x0000,0x0000,0x0000,0x0000,0x0000,0x0000,0x0000,0x0000,
  0x0000,0x0000,0x0000,0x0000,0x0000,0x0000,0x0000,0x0000,0x0000,0x0000,0x0000,0x0000,
  0x0000,0x0000,0x0000,0x0000,0x0000,0x0000,0x0000,0x0000,0x0000,0x0000,0x0000,0x0000,
  0x0000,0x0000,0x0000,0x0000,0x0000,0x0000,0x0000,0x0000,0x0000,0x0000,0x0000,0x0000,
  0x0000,0x0000,0x0000,0x0000,0x0000,0x0000,0x0000,0x0000,0x0000,0x0000,0x0000,0x0000,
  0x0000,0x0000,0x0000,0x0000,0x0000,0x0000,0x0000,0x0000,0x0000,0x0000,0x0000,0x0000,
  0x0000,0x0000,0x0000,0x0000,0x0000,0x0000,0x0000,0x0000,0x0000,0x0000,0x0000,0x0000,
  0x0000,0x0000,0x0000,0x0000,0x0000,0x0000,0x0000,0x0000,0x0000,0x0000,0x0000,0x0000,
  0x0000,0x0000,0x0000,0x0000,0x0000,0x0000,0x0000,0x0000,0x0000,0x0000,0x0000,0x0000,
  0x0000,0x0000,0x0000,0x0000,0x0000,0x0000,0x0000,0x0000,0x0000,0x0000,0x0000,0x0000,
  0x0000,0x0000,0x0000,0x0000,0x0000,0x0000,0x0000,0x0000,0x0000,0x0000,0x0000,0x0000,
  0x0000,0x0000,0x0000,0x0000,0x0000,0x0000,0x0000,0x0000,0x0000,0x0000,0x0000,0x0000,
  0x0000,0x0000,0x0000,0x0000,0x0000,0x0000,0x0000,0x0000,0x0000,0x0000,0x0000,0x0000,
  0x0000,0x0000,0x0000,0x0000,0x0000,0x0000,0x0000,0x0000,0x0000,0x0000,0x0000,0x0000,
  0x0000,0x0000,0x0000,0x0000,0x0000,0x0000,0x0000,0x0000,0x0000,0x0000,0x0000,0x0000,
  0x0000,0x0000,0x0000,0x0000,0x0000,0x0000,0x0000,0x0000,0x0000,0x0000,0x0000,0x0000,
  0x0000,0x0000,0x0000,0x0000,0x0000,0x0000,0x0000,0x0000,0x0000,0x0000,0x0000,0x0000,
  0x0000,0x0000,0x0000,0x0000,0x0000,0x0000,0x0000,0x0000,0x0000,0x0000,0x0000,0x0000,
  0x0000,0x0000,0x0000,0x0000,0x0000,0x0000,0x0000,0x0000,0x0000,0x0000,0x0000,0x0000,
  0x0000,0x0000,0x0000,0x0000,0x0000,0x0000,0x0000,0x0000,0x0000,0x0000,0x0000,0x0000,
  0x0000,0x0000,0x0000,0x0000,0x0000,0x0000,0x0000,0x0000,0x0000,0x0000,0x0000,0x0000,
  0x0000,0x0000,0x0000,0x0000,0x0000,0x0000,0x0000,0x0000,0x0000,0x0000,0x0000,0x0000,
  0x0000,0x0000,0x0000,0x0000,0x0000,0x0000,0x0000,0x0000,0x0000,0x0000,0x0000,0x0000,
  0x0000,0x0000,0x0000,0x0000,0x0000,0x0000,0x0000,0x0000,0x0000,0x0000,0x0000,0x0000,
  0x0000,0x0000,0x0000,0x0000,0x0000,0x0000,0x0000,0x0000,0x0000,0x0000,0x0000,0x0000,
  0x0000,0x0000,0x0000,0x0000,0x0000,0x0000,0x0000,0x0000,0x0000,0x0000,0x0000,0x0000,
  0x0000,0x0000,0x0000,0x0000,0x0000,0x0000,0x0000,0x0000,0x0000,0x0000,0x0000,0x0000,
  0x0000,0x0000,0x0000,0x0000,0x0000,0x0000,0x0000,0x0000,0x0000,0x0000,0x0000,0x0000,
  0x0000,0x0000,0x0000,0x0000,0x0000,0x0000,0x0000,0x0000,0x0000,0x0000,0x0000,0x0000,
  0x0000,0x0000,0x0000,0x0000,0x0000,0x0000,0x0000,0x0000,0x0000,0x0000,0x0000,0x0000,
  0x0000,0x0000,0x0000,0x0000,0x0000,0x0000,0x0000,0x0000,0x0000,0x0000,0x0000,0x0000,
  0x0000,0x0000,0x0000,0x0000,0x0000,0x0000,0x0000,0x0000,0x0000,0x0000,0x0000,0x0000,
  0x0000,0x0000,0x0000,0x0000,0x0000,0x0000,0x0000,0x0000,0x0000,0x0000,0x0000,0x0000,
  0x0000,0x0000,0x0000,0x0000,0x0000,0x0000,0x0000,0x0000,0x0000,0x0000,0x0000,0x0000,
  0x0000,0x0000,0x0000,0x0000,0x0000,0x0000,0x0000,0x0000,0x0000,0x0000,0x0000,0x0000,
  0x0000,0x0000,0x0000,0x0000,0x0000,0x0000,0x0000,0x0000,0x0000,0x0000,0x0000,0x0000,
  0x0000,0x0000,0x0000,0x0000,0x0000,0x0000,0x0000,0x0000,0x0000,0x0000,0x0000,0x0000,
  0x0000,0x0000,0x0000,0x0000,0x0000,0x0000,0x0000,0x0000,0x0000,0x0000,0x0000,0x0000,
  0x0000,0x0000,0x0000,0x0000,0x0000,0x0000,0x0000,0x0000,0x0000,0x0000,0x0000,0x0000,
  0x0000,0x0000,0x0000,0x0000,0x0000,0x0000,0x0000,0x0000,0x0000,0x0000,0x0000,0x0000,
  0x0000,0x0000,0x0000,0x0000,0x0000,0x0000,0x0000,0x0000,0x0000,0x0000,0x0000,0x0000,
  0x0000,0x0000,0x0000,0x0000,0x0000,0x0000,0x0000,0x0000,0x0000,0x0000,0x0000,0x0000,
  0x0000,0x0000,0x0000,0x0000,0x0000,0x0000,0x0000,0x0000,0x0000,0x0000,0x0000,0x0000,
  0x0000,0x0000,0x0000,0x0000,0x0000,0x0000,0x0000,0x0000,0x0000,0x0000,0x0000,0x0000,
  0x0000,0x0000,0x0000,0x0000,0x0000,0x0000,0x0000,0x0000,0x0000,0x0000,0x0000,0x0000,
  0x0000,0x0000,0x0000,0x0000,0x0000,0x0000,0x0000,0x0000,0x0000,0x0000,0x0000,0x0000,
  0x0000,0x0000,0x0000,0x0000,0x0000,0x0000,0x0000,0x0000,0x0000,0x0000,0x0000,0x0000,
  0x0000,0x0000,0x0000,0x0000,0x0000,0x0000,0x0000,0x0000,0x0000,0x0000,0x0000,0x0000,
  0x0000,0x0000,0x0000,0x0000,0x0000,0x0000,0x0000,0x0000,0x0000,0x0000,0x0000,0x0000,
  0x0000,0x0000,0x0000,0x0000,0x0000,0x0000,0x0000,0x0000,0x0000,0x0000,0x0000,0x0000,
  0x0000,0x0000,0x0000,0x0000,0x0000,0x0000,0x0000,0x0000,0x0000,0x0000,0x0000,0x0000,
  0x0000,0x0000,0x0000,0x0000,0x0000,0x0000,0x0000,0x0000,0x0000,0x0000,0x0000,0x0000,
  0x0000,0x0000,0x0000,0x0000,0x0000,0x0000,0x0000,0x0000,0x0000,0x0000,0x0000,0x0000,
  0x0000,0x0000,0x0000,0x0000,0x0000,0x0000,0x0000,0x0000,0x0000,0x0000,0x0000,0x0000,
  0x0000,0x0000,0x0000,0x0000,0x0000,0x0000,0x0000,0x0000,0x0000,0x0000,0x0000,0x0000,
  0x0000,0x0000,0x0000,0x0000,0x0000,0x0000,0x0000,0x0000,0x0000,0x0000,0x0000,0x0000,
  0x0000,0x0000,0x0000,0x0000,0x0000,0x0000,0x0000,0x0000,0x0000,0x0000,0x0000,0x0000,
  0x0000,0x0000,0x0000,0x0000,0x0000,0x0000,0x0000,0x0000,0x0000,0x0000,0x0000,0x0000,
  0x0000,0x0000,0x0000,0x0000,0x0000,0x0000,0x0000,0x0000,0x0000,0x0000,0x0000,0x0000,
  0x0000,0x0000,0x0000,0x0000,0x0000,0x0000,0x0000,0x0000,0x0000,0x0000,0x0000,0x0000,
  0x0000,0x0000,0x0000,0x0000,0x0000,0x0000,0x0000,0x0000,0x0000,0x0000,0x0000,0x0000,
  0x0000,0x0000,0x0000,0x0000,0x0000,0x0000,0x0000,0x0000,0x0000,0x0000,0x0000,0x0000,
  0x0000,0x0000,0x0000,0x0000,0x0000,0x0000,0x0000,0x0000,0x0000,0x0000,0x0000,0x0000,
  0x0000,0x0000,0x0000,0x0000,0x0000,0x0000,0x0000,0x0000,0x0000,0x0000,0x0000,0x0000,
  0x0000,0x0000,0x0000,0x0000,0x0000,0x0000,0x0000,0x0000,0x0000,0x0000,0x0000,0x0000,
  0x0000,0x0000,0x0000,0x0000,0x0000,0x0000,0x0000,0x0000,0x0000,0x0000,0x0000,0x0000,
  0x0000,0x0000,0x0000,0x0000,0x0000,0x0000,0x0000,0x0000,0x0000,0x0000,0x0000,0x0000,
  0x0000,0x0000,0x0000,0x0000,0x0000,0x0000,0x0000,0x0000,0x0000,0x0000,0x0000,0x0000,
  0x0000,0x0000,0x0000,0x0000,0x0000,0x0000,0x0000,0x0000,0x0000,0x0000,0x0000,0x0000,
  0x0000,0x0000,0x0000,0x0000,0x0000,0x0000,0x0000,0x0000,0x0000,0x0000,0x0000,0x0000,
  0x0000,0x0000,0x0000,0x0000,0x0000,0x0000,0x0000,0x0000,0x0000,0x0000,0x0000,0x0000,
  0x0000,0x0000,0x0000,0x0000,0x0000,0x0000,0x0000,0x0000,0x0000,0x0000,0x0000,0x0000,
  0x0000,0x0000,0x0000,0x0000,0x0000,0x0000,0x0000,0x0000,0x0000,0x0000,0x0000,0x0000,
  0x0000,0x0000,0x0000,0x0000,0x0000,0x0000,0x0000,0x0000,0x0000,0x0000,0x0000,0x0000,
  0x0000,0x0000,0x0000,0x0000,0x0000,0x0000,0x0000,0x0000,0x0000,0x0000,0x0000,0x0000,
  0x0000,0x0000,0x0000,0x0000,0x0000,0x0000,0x0000,0x0000,0x0000,0x0000,0x0000,0x0000,
  0x0000,0x0000,0x0000,0x0000,0x0000,0x0000,0x0000,0x0000,0x0000,0x0000,0x0000,0x0000,
  0x0000,0x0000,0x0000,0x0000,0x0000,0x0000,0x0000,0x0000,0x0000,0x0000,0x0000,0x0000,
  0x0000,0x0000,0x0000,0x0000,0x0000,0x0000,0x0000,0x0000,0x0000,0x0000,0x0000,0x0000,
  0x0000,0x0000,0x0000,0x0000,0x0000,0x0000,0x0000,0x0000,0x0000,0x0000,0x0000,0x0801,
  0x0000,0x0000,0x0000,0x0801,0x0000,0x0000,0x0000,0x0000,0x0000,0x0000,0x0000,0x0000,
  0x0000,0x0000,0x0000,0x0800,0x0000,0x0000,0x0000,0x0000,0x0000,0x0000,0x0000,0x0000,
  0x0000,0x0000,0x0000,0x0000,0x0000,0x0000,0x0000,0x0000,0x0000,0x0000,0x0000,0x0000,
  0x0000,0x0000,0x0000,0x0000,0x0000,0x0000,0x0000,0x0000,0x0000,0x0000,0x0000,0x0000,
  0x0000,0x0000,0x0000,0x0000,0x0000,0x0000,0x0000,0x0000,0x0000,0x0000,0x0000,0x0000,
  0x0000,0x0000,0x0000,0x0000,0x0000,0x0000,0x0000,0x0000,0x0000,0x0000,0x0000,0x0000,
  0x0000,0x0000,0x0000,0x0000,0x0000,0x0000,0x0000,0x0000,0x0000,0x0000,0x0000,0x0000,
  0x0000,0x0000,0x0000,0x0000,0x0000,0x0000,0x0000,0x0000,0x0000,0x0000,0x0000,0x0000,
  0x0000,0x0000,0x0000,0x0000,0x0000,0x0000,0x0000,0x0000,0x0000,0x0000,0x0000,0x0000,
  0x0000,0x0000,0x0000,0x0000,0x0000,0x0000,0x0000,0x0000,0x0000,0x0000,0x0000,0x0000,
  0x0000,0x0000,0x0000,0x0000,0x0000,0x0000,0x0000,0x0000,0x0000,0x0000,0x0000,0x0000,
  0x0000,0x0000,0x0000,0x0000,0x0000,0x0000,0x0000,0x0000,0x0000,0x0000,0x0000,0x0000,
  0x0000,0x0000,0x0000,0x0000,0x0000,0x0000,0x0000,0x0000,0x0000,0x0000,0x0000,0x0000,
  0x0000,0x0000,0x0000,0x0000,0x0000,0x0000,0x0000,0x0000,0x0000,0x0000,0x0000,0x0000,
  0x0000,0x0000,0x0000,0x0000,0x0000,0x0000,0x0000,0x0000,0x0000,0x0000,0x0000,0x0000,
  0x0000,0x0000,0x0000,0x0000,0x0000,0x0000,0x0000,0x0000,0x0000,0x0000,0x0000,0x0000,
  0x0000,0x0000,0x0000,0x0000,0x0000,0x0000,0x0000,0x0000,0x0000,0x0000,0x0000,0x0000,
  0x0000,0x0000,0x0000,0x0000,0x0000,0x0000,0x0000,0x0000,0x0000,0x0000,0x0000,0x0000,
  0x0000,0x0000,0x0000,0x0000,0x0000,0x0000,0x0000,0x0000,0x0000,0x0000,0x0000,0x0000,
  0x0000,0x0000,0x0000,0x0000,0x0000,0x0000,0x0000,0x0000,0x0000,0x0000,0x0000,0x0801,
  0x0000,0x0801,0x0000,0x0801,0x0000,0x0000,0x0000,0x0000,0x0000,0x0000,0x0000,0x0000,
  0x0000,0x0000,0x0000,0x0000,0x0000,0x0000,0x0000,0x0000,0x0000,0x0000,0x0000,0x0000,
  0x0000,0x0000,0x0000,0x0000,0x0000,0x0000,0x0000,0x0000,0x0000,0x0000,0x0000,0x0000,
  0x0000,0x0000,0x0000,0x0800,0x0801,0x0000,0x0000,0x0000,0x0000,0x0000,0x0000,0x0000,
  0x0000,0x0000,0x0000,0x0000,0x0000,0x0000,0x0000,0x0000,0x0000,0x0000,0x0000,0x0000,
  0x0000,0x0000,0x1001,0x0800,0x0000,0x0000,0x0000,0x0000,0x0000,0x0000,0x0000,0x0000,
  0x0000,0x0000,0x0801,0x0000,0x0000,0x0000,0x0000,0x0000,0x0000,0x0800,0x0000,0x0000,
  0x0000,0x0000,0x0000,0x0000,0x0000,0x0801,0x0000,0x0000,0x0000,0x0000,0x0000,0x0000,
  0x0000,0x0000,0x0000,0x0000,0x0000,0x0000,0x0000,0x0000,0x0000,0x0000,0x0000,0x0000,
  0x0000,0x0000,0x0000,0x0000,0x0000,0x0000,0x0000,0x0000,0x0000,0x0000,0x0000,0x0000,
  0x0000,0x0000,0x0000,0x0000,0x0000,0x0000,0x0000,0x0000,0x0000,0x0000,0x0000,0x0000,
  0x0000,0x0000,0x0000,0x0000,0x0000,0x0000,0x0000,0x0000,0x0000,0x0000,0x0000,0x0000,
  0x0000,0x0000,0x0000,0x0000,0x0000,0x0000,0x0000,0x0000,0x0000,0x0000,0x0000,0x0000,
  0x0000,0x0000,0x0000,0x0000,0x0000,0x0000,0x0000,0x0000,0x0000,0x0000,0x0000,0x0000,
  0x0000,0x0000,0x0000,0x0000,0x0000,0x0000,0x0000,0x0000,0x0000,0x0000,0x0000,0x0000,
  0x0000,0x0000,0x0000,0x0000,0x0000,0x0000,0x0000,0x0000,0x0000,0x0000,0x0000,0x0000,
  0x0000,0x0000,0x0000,0x0000,0x0000,0x0000,0x0000,0x0000,0x0000,0x0000,0x0000,0x0000,
  0x0000,0x0000,0x0000,0x0000,0x0000,0x0000,0x0000,0x0000,0x0000,0x0000,0x0000,0x0000,
  0x0000,0x0000,0x0000,0x0000,0x0000,0x0000,0x0000,0x0000,0x0000,0x0000,0x0000,0x0000,
  0x0000,0x0000,0x0000,0x0000,0x0000,0x0000,0x0000,0x0000,0x0000,0x0000,0x0000,0x0000,
  0x0000,0x0000,0x0000,0x0000,0x0000,0x0000,0x0000,0x0000,0x0000,0x0000,0x0000,0x0000,
  0x0000,0x0000,0x0000,0x0000,0x0000,0x0000,0x0000,0x0000,0x0000,0x0000,0x0000,0x0000,
  0x0000,0x0000,0x0000,0x0000,0x0000,0x0000,0x0000,0x0000,0x0801,0x0000,0x0801,0x0801,
  0x0801,0x0800,0x0801,0x0801,0x0801,0x0801,0x0801,0x0801,0x0800,0x0801,0x0801,0x0801,
  0x0801,0x0801,0x0801,0x0801,0x0801,0x0801,0x0801,0x0801,0x0801,0x0000,0x0800,0x0000,
  0x0801,0x0801,0x1002,0x0801,0x0000,0x0000,0x0801,0x0000,0x0801,0x0800,0x0801,0x0000,
  0x0000,0x0000,0x0801,0x0801,0x0801,0x0801,0x0000,0x0801,0x0801,0x0801,0x0000,0x0801,
  0x0801,0x0801,0x0800,0x0801,0x0801,0x0801,0x0000,0x0000,0x0000,0x0000,0x0000,0x0000,
  0x0000,0x0000,0x0000,0x0000,0x0000,0x0000,0x0000,0x0000,0x0000,0x0000,0x0000,0x0000,
  0x0000,0x0000,0x0000,0x0000,0x0000,0x0000,0x0000,0x0000,0x0000,0x0000,0x0000,0x0000,
  0x0000,0x0000,0x0000,0x0000,0x0000,0x0000,0x0000,0x0000,0x0000,0x0000,0x0000,0x0000,
  0x0000,0x0000,0x0000,0x0000,0x0000,0x0000,0x0000,0x0000,0x0000,0x0000,0x0000,0x0000,
  0x0000,0x0000,0x0000,0x0000,0x0000,0x0000,0x0000,0x0000,0x0000,0x0000,0x0000,0x0000,
  0x0000,0x0000,0x0000,0x0000,0x0000,0x0000,0x0000,0x0000,0x0000,0x0000,0x0000,0x0000,
  0x0000,0x0000,0x0000,0x0000,0x0000,0x0000,0x0000,0x0000,0x0000,0x0000,0x0000,0x0000,
  0x0000,0x0000,0x0000,0x0000,0x0000,0x0000,0x0000,0x0000,0x0000,0x0000,0x0000,0x0000,
  0x0000,0x0000,0x0000,0x0000,0x0000,0x0000,0x0000,0x0000,0x0000,0x0000,0x0000,0x0000,
  0x0000,0x0000,0x0000,0x0000,0x0000,0x0000,0x0000,0x0000,0x0000,0x0000,0x0000,0x0000,
  0x0000,0x0000,0x0000,0x0000,0x0000,0x0000,0x0000,0x0000,0x0000,0x0000,0x0000,0x0000,
  0x0000,0x0000,0x0000,0x0000,0x0000,0x0000,0x0000,0x0000,0x0000,0x0000,0x0000,0x0000,
  0x0000,0x0000,0x0000,0x0000,0x0000,0x0000,0x0000,0x0000,0x0000,0x0000,0x0000,0x0000,
  0x0000,0x0000,0x0000,0x0000,0x0000,0x0000,0x0000,0x0000,0x0000,0x0000,0x0000,0x0000,
  0x0000,0x0000,0x0000,0x0000,0x0000,0x0000,0x0000,0x0000,0x0801,0x0801,0x0801,0x0801,
  0x0801,0x0000,0x0801,0x0801,0x0801,0x0801,0x0801,0x0801,0x0000,0x0801,0x0801,0x0801,
  0x0800,0x0801,0x0801,0x0801,0x0801,0x0801,0x0801,0x0801,0x0801,0x0000,0x0000,0x0000,
  0x0000,0x0000,0x1001,0x0800,0x0000,0x0000,0x0800,0x0000,0x0801,0x0000,0x0801,0x0000,
  0x0000,0x0000,0x0000,0x0801,0x0801,0x0801,0x0800,0x0801,0x0000,0x0821,0x0000,0x0801,
  0x0800,0x0801,0x0800,0x0801,0x0801,0x0801,0x0000,0x0000,0x0000,0x0000,0x0000,0x0000,
  0x0000,0x0000,0x0000,0x0000,0x0000,0x0000,0x0000,0x0000,0x0000,0x0000,0x0000,0x0000,
  0x0000,0x0000,0x0000,0x0000,0x0000,0x0000,0x0000,0x0000,0x0000,0x0000,0x0000,0x0000,
  0x0000,0x0000,0x0000,0x0000,0x0000,0x0000,0x0000,0x0000,0x0000,0x0000,0x0000,0x0000,
  0x0000,0x0000,0x0000,0x0000,0x0000,0x0000,0x0000,0x0000,0x0000,0x0000,0x0000,0x0000,
  0x0000,0x0000,0x0000,0x0000,0x0000,0x0000,0x0000,0x0000,0x0000,0x0000,0x0000,0x0000,
  0x0000,0x0000,0x0000,0x0000,0x0000,0x0000,0x0000,0x0000,0x0000,0x0000,0x0000,0x0000,
  0x0000,0x0000,0x0000,0x0000,0x0000,0x0000,0x0000,0x0000,0x0000,0x0000,0x0000,0x0000,
  0x0000,0x0000,0x0000,0x0000,0x0000,0x0000,0x0000,0x0000,0x0000,0x0000,0x0000,0x0000,
  0x0000,0x0000,0x0000,0x0000,0x0000,0x0000,0x0000,0x0000,0x0000,0x0000,0x0000,0x0000,
  0x0000,0x0000,0x0000,0x0000,0x0000,0x0000,0x0000,0x0000,0x0000,0x0000,0x0000,0x0000,
  0x0000,0x0000,0x0000,0x0000,0x0000,0x0000,0x0000,0x0000,0x0000,0x0000,0x0000,0x0000,
  0x0000,0x0000,0x0000,0x0000,0x0000,0x0000,0x0000,0x0000,0x0000,0x0000,0x0000,0x0000,
  0x0000,0x0000,0x0000,0x0000,0x0000,0x0000,0x0000,0x0000,0x0000,0x0000,0x0000,0x0000,
  0x0000,0x0000,0x0000,0x0000,0x0000,0x0000,0x0000,0x0000,0x0000,0x0000,0x0000,0x0000,
  0x0000,0x0000,0x0000,0x0000,0x0000,0x0000,0x0000,0x0000,0x0000,0x0000,0x0000,0x0000,
  0x0000,0x0000,0x0000,0x0000,0x0000,0x0000,0x0000,0x0000,0x0000,0x0000,0x0000,0x0000,
  0x0000,0x0000,0x0000,0x0000,0x0000,0x0000,0x0000,0x0000,0x0000,0x0000,0x0000,0x0000,
  0x0000,0x0000,0x0000,0x0000,0x0000,0x0000,0x0000,0x0000,0x0000,0x0000,0x0000,0x0000,
  0x0000,0x0000,0x0000,0x0000,0x0000,0x0000,0x0000,0x0000,0x0000,0x0000,0x0000,0x0000,
  0x0000,0x0000,0x0000,0x0000,0x0000,0x0000,0x0000,0x0000,0x0000,0x0000,0x0000,0x0000,
  0x0000,0x0000,0x0000,0x0000,0x0000,0x0000,0x0000,0x0000,0x0000,0x0000,0x0000,0x0000,
  0x0000,0x0000,0x0000,0x0000,0x0000,0x0000,0x0000,0x0000,0x0000,0x0000,0x0000,0x0000,
  0x0000,0x0000,0x0000,0x0000,0x0000,0x0000,0x0000,0x0000,0x0000,0x0000,0x0000,0x0000,
  0x0000,0x0000,0x0000,0x0000,0x0000,0x0000,0x0000,0x0000,0x0000,0x0000,0x0000,0x0000,
  0x0000,0x0000,0x0000,0x0000,0x0000,0x0000,0x0000,0x0000,0x0000,0x0000,0x0000,0x0000,
  0x0000,0x0000,0x0000,0x0000,0x0000,0x0000,0x0000,0x0000,0x0000,0x0000,0x0000,0x0000,
  0x0000,0x0000,0x0000,0x0000,0x0000,0x0000,0x0000,0x0000,0x0000,0x0000,0x0000,0x0000,
  0x0000,0x0000,0x0000,0x0000,0x0000,0x0000,0x0000,0x0000,0x0000,0x0000,0x0000,0x0000,
  0x0000,0x0000,0x0000,0x0000,0x0000,0x0000,0x0000,0x0000,0x0000,0x0000,0x0000,0x0000,
  0x0000,0x0000,0x0000,0x0000,0x0000,0x0000,0x0000,0x0000,0x0000,0x0000,0x0000,0x0000,
  0x0000,0x0000,0x0000,0x0000,0x0000,0x0000,0x0000,0x0000,0x0000,0x0000,0x0000,0x0000,
  0x0000,0x0000,0x0000,0x0000,0x0000,0x0000,0x0000,0x0000,0x0000,0x0000,0x0000,0x0000,
  0x0000,0x0000,0x0000,0x0000,0x0000,0x0000,0x0000,0x0000,0x0000,0x0000,0x0000,0x0000,
  0x0000,0x0000,0x0000,0x0000,0x0000,0x0000,0x0000,0x0000,0x0000,0x0000,0x0000,0x0000,
  0x0000,0x0000,0x0000,0x0000,0x0000,0x0000,0x0000,0x0000,0x0000,0x0000,0x0000,0x0000,
  0x0000,0x0000,0x0000,0x0000,0x0000,0x0000,0x0000,0x0000,0x0000,0x0000,0x0000,0x0000,
  0x0000,0x0000,0x0000,0x0000,0x0000,0x0000,0x0000,0x0000,0x0000,0x0000,0x0000,0x0000,
  0x0000,0x0000,0x0000,0x0000,0x0000,0x0000,0x0000,0x0000,0x0000,0x0000,0x0000,0x0000,
  0x0000,0x0000,0x0000,0x0000,0x0000,0x0000,0x0000,0x0000,0x0000,0x0000,0x0000,0x0000,
  0x0000,0x0000,0x0000,0x0000,0x0000,0x0000,0x0000,0x0000,0x0000,0x0000,0x0000,0x0000,
  0x0000,0x0000,0x0000,0x0000,0x0000,0x0000,0x0000,0x0000,0x0000,0x0000,0x0000,0x0000,
  0x0000,0x0000,0x0000,0x0000,0x0000,0x0000,0x0000,0x0000,0x0000,0x0000,0x0000,0x0000,
  0x0000,0x0000,0x0000,0x0000,0x0000,0x0000,0x0000,0x0000,0x0000,0x0000,0x0000,0x0000,
  0x0000,0x0000,0x0000,0x0000,0x0000,0x0000,0x0000,0x0000,0x0000,0x0000,0x0000,0x0000,
  0x0000,0x0000,0x0000,0x0000,0x0000,0x0000,0x0000,0x0000,0x0000,0x0000,0x0000,0x0000,
  0x0000,0x0000,0x0000,0x0000,0x0000,0x0000,0x0000,0x0000,0x0000,0x0000,0x0000,0x0000,
  0x0000,0x0000,0x0000,0x0000,0x0000,0x0000,0x0000,0x0000,0x0000,0x0000,0x0000,0x0000,
  0x0000,0x0000,0x0000,0x0000,0x0000,0x0000,0x0000,0x0000,0x0000,0x0000,0x0000,0x0000,
  0x0000,0x0000,0x0000,0x0000,0x0000,0x0000,0x0000,0x0000,0x0000,0x0000,0x0000,0x0000,
  0x0000,0x0000,0x0000,0x0000,0x0000,0x0000,0x0000,0x0000,0x0000,0x0000,0x0000,0x0000,
  0x0000,0x0000,0x0000,0x0000,0x0000,0x0000,0x0000,0x0000,0x0000,0x0000,0x0000,0x0000,
  0x0000,0x0000,0x0000,0x0000,0x0000,0x0000,0x0000,0x0000,0x0000,0x0000,0x0000,0x0000,
  0x0000,0x0000,0x0000,0x0000,0x0000,0x0000,0x0000,0x0000,0x0000,0x0000,0x0000,0x0000,
  0x0000,0x0000,0x0000,0x0000,0x0000,0x0000,0x0000,0x0000,0x0000,0x0000,0x0000,0x0000,
  0x0000,0x0000,0x0000,0x0000,0x0000,0x0000,0x0000,0x0000,0x0801,0x0800,0x0800,0x0000,
  0x0000,0x0000,0x0000,0x0000,0x0000,0x0000,0x0000,0x0000,0x0000,0x0000,0x0000,0x0800,
  0x0000,0x0000,0x0000,0x0000,0x0000,0x0000,0x0000,0x0000,0x0000,0x0000,0x0000,0x0000,
  0x0000,0x0000,0x0000,0x0000,0x0000,0x0000,0x0000,0x0000,0x0000,0x0000,0x0000,0x0000,
  0x0000,0x0000,0x0000,0x0000,0x0800,0x0000,0x0000,0x0000,0x0000,0x0000,0x0000,0x0000,
  0x0000,0x0000,0x0000,0x0000,0x0000,0x0000,0x0000,0x0000,0x0000,0x0000,0x0000,0x0000,
  0x0000,0x0000,0x0000,0x0000,0x0000,0x0000,0x0000,0x0000,0x0000,0x0000,0x0000,0x0000,
  0x0801,0x0000,0x0801,0x0000,0x0000,0x0000,0x0000,0x0000,0x0000,0x0000,0x0000,0x0000,
  0x0801,0x0000,0x0000,0x0000,0x0000,0x0000,0x0000,0x0000,0x0000,0x0000,0x0000,0x0000,
  0x0000,0x0000,0x0000,0x0000,0x0000,0x0000,0x0000,0x0000,0x0000,0x0000,0x0000,0x0000,
  0x0000,0x0000,0x0000,0x0000,0x0000,0x0000,0x0000,0x0000,0x0000,0x0000,0x0000,0x0000,
  0x0000,0x0000,0x0000,0x0000,0x0000,0x0000,0x0000,0x0000,0x0000,0x0000,0x0000,0x0000,
  0x0000,0x0000,0x0000,0x0000,0x0000,0x0000,0x0000,0x0000,0x0000,0x0000,0x0000,0x0000,
  0x0000,0x0000,0x0000,0x0000,0x0000,0x0000,0x0000,0x0000,0x0000,0x0000,0x0000,0x0000,
  0x0000,0x0000,0x0000,0x0000,0x0000,0x0000,0x0000,0x0000,0x0000,0x0000,0x0000,0x0000,
  0x0000,0x0000,0x0000,0x0000,0x0000,0x0000,0x0000,0x0000,0x0000,0x0000,0x0000,0x0000,
  0x0000,0x0000,0x0000,0x0000,0x0000,0x0000,0x0000,0x0000,0x0000,0x0000,0x0000,0x0000,
  0x0000,0x0000,0x0000,0x0000,0x0000,0x0000,0x0000,0x0000,0x0000,0x0000,0x0000,0x0000,
  0x0000,0x0000,0x0000,0x0000,0x0000,0x0000,0x0000,0x0000,0x0000,0x0000,0x0000,0x0000,
  0x0000,0x0000,0x0000,0x0000,0x0000,0x0000,0x0000,0x0000,0x0000,0x0000,0x0000,0x0000,
  0x0000,0x0000,0x0000,0x0000,0x0000,0x0000,0x0000,0x0000,0x0801,0x0000,0x0821,0x0801,
  0x0801,0x0000,0x0000,0x0801,0x0801,0x0801,0x0801,0x0801,0x0801,0x0801,0x0000,0x0801,
  0x0801,0x0801,0x0801,0x0800,0x0000,0x0000,0x0821,0x0801,0x0801,0x0801,0x0801,0x0000,
  0x0000,0x0000,0x0801,0x0801,0x0801,0x0801,0x0801,0x0801,0x1001,0x0801,0x1001,0x0821,
  0x0000,0x0000,0x0000,0x0000,0x1001,0x0801,0x0801,0x1021,0x0801,0x0000,0x0000,0x0801,
  0x1001,0x1001,0x0801,0x0801,0x0801,0x1021,0x0000,0x0000,0x0801,0x0801,0x0801,0x0801,
  0x0801,0x0000,0x0000,0x0800,0x0801,0x0801,0x0800,0x0821,0x0000,0x0000,0x0801,0x0801,
  0x0801,0x0801,0x0801,0x0000,0x0801,0x0000,0x0000,0x0821,0x0801,0x0801,0x0000,0x0000,
  0x0801,0x0801,0x1001,0x0801,0x1001,0x0801,0x0801,0x0000,0x0000,0x0000,0x0000,0x0000,
  0x0000,0x0000,0x0000,0x0000,0x0000,0x0000,0x0000,0x0000,0x0000,0x0000,0x0000,0x0000,
  0x0000,0x0000,0x0000,0x0000,0x0000,0x0000,0x0000,0x0000,0x0000,0x0000,0x0000,0x0000,
  0x0000,0x0000,0x0000,0x0000,0x0000,0x0000,0x0000,0x0000,0x0000,0x0000,0x0000,0x0000,
  0x0000,0x0000,0x0000,0x0000,0x0000,0x0000,0x0000,0x0000,0x0000,0x0000,0x0000,0x0000,
  0x0000,0x0000,0x0000,0x0000,0x0000,0x0000,0x0000,0x0000,0x0000,0x0000,0x0000,0x0000,
  0x0000,0x0000,0x0000,0x0000,0x0000,0x0000,0x0000,0x0000,0x0000,0x0000,0x0000,0x0000,
  0x0000,0x0000,0x0000,0x0000,0x0000,0x0000,0x0000,0x0000,0x0000,0x0000,0x0000,0x0000,
  0x0000,0x0000,0x0000,0x0000,0x0000,0x0000,0x0000,0x0000,0x0000,0x0000,0x0000,0x0000,
  0x0000,0x0000,0x0000,0x0000,0x0000,0x0000,0x0000,0x0000,0x0000,0x0000,0x0000,0x0000,
  0x0000,0x0000,0x0000,0x0000,0x0000,0x0000,0x0000,0x0000,0x0000,0x0000,0x0000,0x0000,
  0x0000,0x0000,0x0000,0x0000,0x0000,0x0000,0x0000,0x0000,0x0000,0x0000,0x0000,0x0000,
  0x0000,0x0000,0x0000,0x0000,0x0000,0x0000,0x0000,0x0000,0x0801,0x0000,0x0821,0x0801,
  0x0801,0x0000,0x0000,0x0801,0x0801,0x0801,0x0801,0x0801,0x0800,0x0801,0x0000,0x0801,
  0x0801,0x0801,0x0801,0x0000,0x0000,0x0000,0x0801,0x0000,0x0801,0x0801,0x0801,0x0000,
  0x0000,0x0000,0x0821,0x0801,0x0801,0x0801,0x0801,0x0801,0x0801,0x0801,0x0801,0x0801,
  0x0000,0x0000,0x0000,0x0000,0x0801,0x0801,0x0801,0x0801,0x0801,0x0000,0x0000,0x0801,
  0x0801,0x0801,0x0801,0x0801,0x0800,0x1001,0x0000,0x0000,0x0000,0x0801,0x0801,0x0801,
  0x0801,0x0000,0x0000,0x0000,0x0801,0x0821,0x0000,0x0801,0x0000,0x0000,0x0800,0x0801,
  0x0801,0x0801,0x0801,0x0000,0x0801,0x0000,0x0000,0x0800,0x0821,0x0821,0x0000,0x0000,
  0x0801,0x0801,0x0821,0x0801,0x0801,0x0801,0x0801,0x0000,0x0000,0x0000,0x0000,0x0000,
  0x0000,0x0000,0x0000,0x0000,0x0000,0x0000,0x0000,0x0000,0x0000,0x0000,0x0000,0x0000,
  0x0000,0x0000,0x0000,0x0000,0x0000,0x0000,0x0000,0x0000,0x0000,0x0000,0x0000,0x0000,
  0x0000,0x0000,0x0000,0x0000,0x0000,0x0000,0x0000,0x0000,0x0000,0x0000,0x0000,0x0000,
  0x0000,0x0000,0x0000,0x0000,0x0000,0x0000,0x0000,0x0000,0x0000,0x0000,0x0000,0x0000,
  0x0000,0x0000,0x0000,0x0000,0x0000,0x0000,0x0000,0x0000,0x0000,0x0000,0x0000,0x0000,
  0x0000,0x0000,0x0000,0x0000,0x0000,0x0000,0x0000,0x0000,0x0000,0x0000,0x0000,0x0000,
  0x0000,0x0000,0x0000,0x0000,0x0000,0x0000,0x0000,0x0000,0x0000,0x0000,0x0000,0x0000,
  0x0000,0x0000,0x0000,0x0000,0x0000,0x0000,0x0000,0x0000,0x0000,0x0000,0x0000,0x0000,
  0x0000,0x0000,0x0000,0x0000,0x0000,0x0000,0x0000,0x0000,0x0000,0x0000,0x0000,0x0000,
  0x0000,0x0000,0x0000,0x0000,0x0000,0x0000,0x0000,0x0000,0x0000,0x0000,0x0000,0x0000,
  0x0000,0x0000,0x0000,0x0000,0x0000,0x0000,0x0000,0x0000,0x0000,0x0000,0x0000,0x0000,
  0x0000,0x0000,0x0000,0x0000,0x0000,0x0000,0x0000,0x0000,0x0000,0x0000,0x0000,0x0000,
  0x0000,0x0000,0x0000,0x0000,0x0801,0x0000,0x0000,0x0000,0x0000,0x0000,0x0000,0x0000,
  0x0000,0x0000,0x0000,0x0000,0x0000,0x0000,0x0801,0x0000,0x0000,0x0000,0x0000,0x0000,
  0x0000,0x0000,0x0000,0x0000,0x0000,0x0000,0x0000,0x0000,0x0000,0x0000,0x0000,0x0000,
  0x0000,0x0000,0x0000,0x0000,0x0000,0x0000,0x0000,0x0000,0x0000,0x0000,0x0000,0x0000,
  0x0000,0x0000,0x0000,0x0000,0x0000,0x0000,0x0000,0x0000,0x0800,0x0000,0x0000,0x0000,
  0x0000,0x0000,0x0000,0x0000,0x0000,0x0000,0x0000,0x0000,0x0000,0x0000,0x0000,0x0000,
  0x0000,0x0000,0x0000,0x0000,0x0000,0x0000,0x0000,0x0000,0x0000,0x0000,0x0000,0x0000,
  0x0000,0x0000,0x0000,0x0000,0x0000,0x0000,0x0000,0x0000,0x0000,0x0000,0x0000,0x0000,
  0x0000,0x0000,0x0000,0x0000,0x0000,0x0000,0x0000,0x0000,0x0000,0x0000,0x0000,0x0000,
  0x0000,0x0000,0x0000,0x0000,0x0000,0x0000,0x0000,0x0000,0x0000,0x0000,0x0000,0x0000,
  0x0000,0x0000,0x0000,0x0000,0x0000,0x0000,0x0000,0x0000,0x0000,0x0000,0x0000,0x0000,
  0x0000,0x0000,0x0000,0x0000,0x0000,0x0000,0x0000,0x0000,0x0000,0x0000,0x0000,0x0000,
  0x0000,0x0000,0x0000,0x0000,0x0000,0x0000,0x0000,0x0000,0x0000,0x0000,0x0000,0x0000,
  0x0000,0x0000,0x0000,0x0000,0x0000,0x0000,0x0000,0x0000,0x0000,0x0000,0x0000,0x0000,
  0x0000,0x0000,0x0000,0x0000,0x0000,0x0000,0x0000,0x0000,0x0000,0x0000,0x0000,0x0000,
  0x0000,0x0000,0x0000,0x0000,0x0000,0x0000,0x0000,0x0000,0x0000,0x0000,0x0000,0x0000,
  0x0000,0x0000,0x0000,0x0000,0x0000,0x0000,0x0000,0x0000,0x0000,0x0000,0x0000,0x0000,
  0x0000,0x0000,0x0000,0x0000,0x0000,0x0000,0x0000,0x0000,0x0000,0x0000,0x0000,0x0000,
  0x0000,0x0000,0x0000,0x0000,0x0000,0x0000,0x0000,0x0000,0x0000,0x0000,0x0000,0x0000,
  0x0000,0x0000,0x0000,0x0000,0x0000,0x0000,0x0000,0x0000,0x0000,0x0000,0x0000,0x0000,
  0x0000,0x0000,0x0000,0x0000,0x0000,0x0000,0x0000,0x0000,0x0000,0x0000,0x0000,0x0000,
  0x0000,0x0000,0x0000,0x0000,0x0000,0x0000,0x0000,0x0000,0x0000,0x0000,0x0000,0x0000,
  0x0000,0x0000,0x0000,0x0000,0x0000,0x0000,0x0000,0x0000,0x0000,0x0000,0x0000,0x0000,
  0x0000,0x0000,0x0000,0x0000,0x0000,0x0000,0x0000,0x0000,0x0000,0x0000,0x0000,0x0000,
  0x0000,0x0000,0x0000,0x0000,0x0000,0x0000,0x0000,0x0000,0x0000,0x0000,0x0000,0x0000,
  0x0000,0x0000,0x0000,0x0000,0x0000,0x0000,0x0000,0x0000,0x0000,0x0000,0x0000,0x0000,
  0x0000,0x0000,0x0000,0x0000,0x0000,0x0000,0x0000,0x0000,0x0000,0x0000,0x0000,0x0000,
  0x0000,0x0000,0x0000,0x0000,0x0000,0x0000,0x0000,0x0000,0x0000,0x0000,0x0000,0x0000,
  0x0000,0x0000,0x0000,0x0000,0x0000,0x0000,0x0000,0x0000,0x0000,0x0000,0x0000,0x0000,
  0x0000,0x0000,0x0000,0x0000,0x0000,0x0000,0x0000,0x0000,0x0000,0x0000,0x0000,0x0000,
  0x0000,0x0000,0x0000,0x0000,0x0000,0x0000,0x0000,0x0000,0x0000,0x0000,0x0000,0x0000,
  0x0000,0x0000,0x0000,0x0000,0x0000,0x0000,0x0000,0x0000,0x0000,0x0000,0x0000,0x0000,
  0x0000,0x0000,0x0000,0x0000,0x0000,0x0000,0x0000,0x0000,0x0000,0x0000,0x0000,0x0000,
  0x0000,0x0000,0x0000,0x0000,0x0000,0x0000,0x0000,0x0000,0x0000,0x0000,0x0000,0x0000,
  0x0000,0x0000,0x0000,0x0000,0x0000,0x0000,0x0000,0x0000,0x0000,0x0000,0x0000,0x0000,
  0x0000,0x0000,0x0000,0x0000,0x0000,0x0000,0x0000,0x0000,0x0000,0x0000,0x0000,0x0000,
  0x0000,0x0000,0x0000,0x0000,0x0000,0x0000,0x0000,0x0000,0x0000,0x0000,0x0000,0x0000,
  0x0000,0x0000,0x0000,0x0000,0x0000,0x0000,0x0000,0x0000,0x0000,0x0000,0x0000,0x0000,
  0x0000,0x0000,0x0000,0x0000,0x0000,0x0000,0x0000,0x0000,0x0000,0x0000,0x0000,0x0000,
  0x0000,0x0000,0x0000,0x0000,0x0000,0x0000,0x0000,0x0000,0x0000,0x0000,0x0000,0x0000,
  0x0000,0x0000,0x0000,0x0000,0x0000,0x0000,0x0000,0x0000,0x0000,0x0000,0x0000,0x0000,
  0x0000,0x0000,0x0000,0x0000,0x0000,0x0000,0x0000,0x0000,0x0000,0x0000,0x0000,0x0000,
  0x0000,0x0000,0x0000,0x0000,0x0000,0x0000,0x0000,0x0000,0x0000,0x0000,0x0000,0x0000,
  0x0000,0x0000,0x0000,0x0000,0x0000,0x0000,0x0000,0x0000,0x0000,0x0000,0x0000,0x0000,
  0x0000,0x0000,0x0000,0x0000,0x0000,0x0000,0x0000,0x0000,0x0000,0x0000,0x0000,0x0000,
  0x0000,0x0000,0x0000,0x0000,0x0000,0x0000,0x0000,0x0000,0x0000,0x0000,0x0000,0x0000,
  0x0000,0x0000,0x0000,0x0000,0x0000,0x0000,0x0000,0x0000,0x0000,0x0000,0x0000,0x0000,
  0x0000,0x0000,0x0000,0x0000,0x0000,0x0000,0x0000,0x0000,0x0000,0x0000,0x0000,0x0000,
  0x0000,0x0000,0x0000,0x0000,0x0000,0x0000,0x0000,0x0000,0x0000,0x0000,0x0000,0x0000,
  0x0000,0x0000,0x0000,0x0000,0x0000,0x0000,0x0000,0x0000,0x0000,0x0000,0x0000,0x0000,
  0x0000,0x0000,0x0000,0x0000,0x0000,0x0000,0x0000,0x0000,0x0000,0x0000,0x0000,0x0000,
  0x0000,0x0000,0x0000,0x0000,0x0000,0x0000,0x0000,0x0000,0x0000,0x0000,0x0000,0x0000,
  0x0000,0x0000,0x0000,0x0000,0x0000,0x0000,0x0000,0x0000,0x0000,0x0000,0x0000,0x0000,
  0x0000,0x0000,0x0000,0x0000,0x0000,0x0000,0x0000,0x0000,0x0000,0x0000,0x0000,0x0000,
  0x0000,0x0000,0x0000,0x0000,0x0000,0x0000,0x0000,0x0000,0x0000,0x0000,0x0000,0x0000,
  0x0000,0x0000,0x0000,0x0000,0x0000,0x0000,0x0000,0x0000,0x0000,0x0000,0x0000,0x0000,
  0x0000,0x0000,0x0000,0x0000,0x0000,0x0000,0x0000,0x0000,0x0000,0x0000,0x0000,0x0000,
  0x0000,0x0000,0x0000,0x0000,0x0000,0x0000,0x0000,0x0000,0x0000,0x0000,0x0000,0x0000,
  0x0000,0x0000,0x0000,0x0000,0x0000,0x0000,0x0000,0x0000,0x0000,0x0000,0x0000,0x0000,
  0x0000,0x0000,0x0000,0x0000,0x0000,0x0000,0x0000,0x0000,0x0000,0x0000,0x0000,0x0000,
  0x0000,0x0000,0x0000,0x0000,0x0000,0x0000,0x0000,0x0000,0x0000,0x0000,0x0000,0x0000,
  0x0000,0x0000,0x0000,0x0000,0x0000,0x0000,0x0000,0x0000,0x0000,0x0000,0x0000,0x0000,
  0x0000,0x0000,0x0000,0x0000,0x0000,0x0000,0x0000,0x0000,0x0000,0x0000,0x0000,0x0000,
  0x0000,0x0000,0x0000,0x0000,0x0000,0x0000,0x0000,0x0000,0x0000,0x0000,0x0000,0x0000,
  0x0000,0x0000,0x0000,0x0000,0x0000,0x0000,0x0000,0x0000,0x0000,0x0000,0x0000,0x0000,
  0x0000,0x0000,0x0000,0x0000,0x0000,0x0000,0x0000,0x0000,0x0000,0x0000,0x0000,0x0000,
  0x0000,0x0000,0x0000,0x0000,0x0000,0x0000,0x0000,0x0000,0x0000,0x0000,0x0000,0x0000,
  0x0000,0x0000,0x0000,0x0000,0x0000,0x0000,0x0000,0x0000,0x0000,0x0000,0x0000,0x0000,
  0x0000,0x0000,0x0000,0x0000,0x0000,0x0000,0x0000,0x0000,0x0000,0x0000,0x0000,0x0000,
  0x0000,0x0000,0x0000,0x0000,0x0000,0x0000,0x0000,0x0000,0x0000,0x0000,0x0000,0x0000,
  0x0000,0x0000,0x0000,0x0000,0x0000,0x0000,0x0000,0x0000,0x0000,0x0000,0x0000,0x0000,
  0x0000,0x0000,0x0000,0x0000,0x0000,0x0000,0x0000,0x0000,0x0000,0x0000,0x0000,0x0000,
  0x0000,0x0000,0x0000,0x0000,0x0000,0x0000,0x0000,0x0000,0x0000,0x0000,0x0000,0x0000,
  0x0000,0x0000,0x0000,0x0000,0x0000,0x0000,0x0000,0x0000,0x0000,0x0000,0x0000,0x0000,
  0x0000,0x0000,0x0000,0x0000,0x0000,0x0000,0x0000,0x0000,0x0000,0x0000,0x0000,0x0000,
  0x0000,0x0000,0x0000,0x0000,0x0000,0x0000,0x0000,0x0000,0x0000,0x0000,0x0000,0x0000,
  0x0000,0x0000,0x0000,0x0000,0x0000,0x0000,0x0000,0x0000,0x0000,0x0000,0x0000,0x0000,
  0x0000,0x0000,0x0000,0x0000,0x0000,0x0000,0x0000,0x0000,0x0000,0x0000,0x0000,0x0000,
  0x0000,0x0000,0x0000,0x0000,0x0000,0x0000,0x0000,0x0000,0x0000,0x0000,0x0000,0x0000,
  0x0000,0x0000,0x0000,0x0000,0x0000,0x0000,0x0000,0x0000,0x0000,0x0000,0x0000,0x0000,
  0x0000,0x0000,0x0000,0x0000,0x0000,0x0000,0x0000,0x0000,0x0000,0x0000,0x0000,0x0000,
  0x0000,0x0000,0x0000,0x0000,0x0000,0x0000,0x0000,0x0000,0x0000,0x0000,0x0000,0x0000,
  0x0000,0x0000,0x0000,0x0000,0x0000,0x0000,0x0000,0x0000,0x0000,0x0000,0x0000,0x0000,
  0x0000,0x0000,0x0000,0x0000,0x0000,0x0000,0x0000,0x0000,0x0000,0x0000,0x0000,0x0000,
  0x0000,0x0000,0x0000,0x0000,0x0000,0x0000,0x0000,0x0000,0x0000,0x0000,0x0000,0x0000,
  0x0000,0x0000,0x0000,0x0000,0x0000,0x0000,0x0000,0x0000,0x0000,0x0000,0x0000,0x0000,
  0x0000,0x0000,0x0000,0x0000,0x0000,0x0000,0x0000,0x0000,0x0000,0x0000,0x0000,0x0000,
  0x0000,0x0000,0x0000,0x0000,0x0000,0x0000,0x0000,0x0000,0x0000,0x0000,0x0000,0x0000,
  0x0000,0x0000,0x0000,0x0000,0x0000,0x0000,0x0000,0x0000,0x0000,0x0000,0x0000,0x0000,
  0x0000,0x0000,0x0000,0x0000,0x0000,0x0000,0x0000,0x0000,0x0000,0x0000,0x0000,0x0000,
  0x0000,0x0000,0x0000,0x0000,0x0000,0x0000,0x0000,0x0000,0x0000,0x0000,0x0000,0x0000,
  0x0000,0x0000,0x0000,0x0000,0x0000,0x0000,0x0000,0x0000,0x0000,0x0000,0x0000,0x0000,
  0x0000,0x0000,0x0000,0x0000,0x0000,0x0000,0x0000,0x0000,0x0000,0x0000,0x0000,0x0000,
  0x0000,0x0000,0x0000,0x0000,0x0000,0x0000,0x0000,0x0000,0x0000,0x0000,0x0000,0x0000,
  0x0000,0x0000,0x0000,0x0000,0x0000,0x0000,0x0000,0x0000,0x0000,0x0000,0x0000,0x0000,
  0x0000,0x0000,0x0000,0x0000,0x0000,0x0000,0x0000,0x0000,0x0000,0x0000,0x0000,0x0000,
  0x0000,0x0000,0x0000,0x0000,0x0000,0x0000,0x0000,0x0000,0x0000,0x0000,0x0000,0x0000,
  0x0000,0x0000,0x0000,0x0000,0x0000,0x0000,0x0000,0x0000,0x0000,0x0000,0x0000,0x0000,
  0x0000,0x0000,0x0000,0x0000,0x0000,0x0000,0x0000,0x0000,0x0000,0x0000,0x0000,0x0000,
  0x0000,0x0000,0x0000,0x0000,0x0000,0x0000,0x0000,0x0000,0x0000,0x0000,0x0000,0x0000,
  0x0000,0x0000,0x0000,0x0000,0x0000,0x0000,0x0000,0x0000,0x0000,0x0000,0x0000,0x0000,
  0x0000,0x0000,0x0000,0x0000,0x0000,0x0000,0x0000,0x0000,0x0000,0x0000,0x0000,0x0000,
  0x0000,0x0000,0x0000,0x0000,0x0000,0x0000,0x0000,0x0000,0x0000,0x0000,0x0000,0x0000,
  0x0000,0x0000,0x0000,0x0000,0x0000,0x0000,0x0000,0x0000,0x0000,0x0000,0x0000,0x0000,
  0x0000,0x0000,0x0000,0x0000,0x0000,0x0000,0x0000,0x0000,0x0000,0x0000,0x0000,0x0000,
  0x0000,0x0000,0x0000,0x0000,0x0000,0x0000,0x0000,0x0000,0x0000,0x0000,0x0000,0x0000,
  0x0000,0x0000,0x0000,0x0000,0x0000,0x0000,0x0000,0x0000,0x0000,0x0000,0x0000,0x0000,
  0x0000,0x0000,0x0000,0x0000,0x0000,0x0000,0x0000,0x0000,0x0000,0x0000,0x0000,0x0000,
  0x0000,0x0000,0x0000,0x0000,0x0000,0x0000,0x0000,0x0000,0x0000,0x0000,0x0000,0x0000,
  0x0000,0x0000,0x0000,0x0000,0x0000,0x0000,0x0000,0x0000,0x0000,0x0000,0x0000,0x0000,
  0x0000,0x0000,0x0000,0x0000,0x0000,0x0000,0x0000,0x0000,0x0000,0x0000,0x0000,0x0000,
  0x0000,0x0000,0x0000,0x0000,0x0000,0x0000,0x0000,0x0000,0x0000,0x0000,0x0000,0x0000,
  0x0000,0x0000,0x0000,0x0000,0x0000,0x0000,0x0000,0x0000,0x0000,0x0000,0x0000,0x0000,
  0x0000,0x0000,0x0000,0x0000,0x0000,0x0000,0x0000,0x0000,0x0000,0x0000,0x0000,0x0000,
  0x0000,0x0000,0x0000,0x0000,0x0000,0x0000,0x0000,0x0000,0x0000,0x0000,0x0000,0x0000,
  0x0000,0x0000,0x0000,0x0000,0x0000,0x0000,0x0000,0x0000,0x0000,0x0000,0x0000,0x0000,
  0x0000,0x0000,0x0000,0x0000,0x0000,0x0000,0x0000,0x0000,0x0000,0x0000,0x0000,0x0000,
  0x0000,0x0000,0x0000,0x0000,0x0000,0x0000,0x0000,0x0000,0x0000,0x0000,0x0000,0x0000,
  0x0000,0x0000,0x0000,0x0000,0x0000,0x0000,0x0000,0x0000,0x0000,0x0000,0x0000,0x0000,
  0x0000,0x0000,0x0000,0x0000,0x0000,0x0000,0x0000,0x0000,0x0000,0x0000,0x0000,0x0000,
  0x0000,0x0000,0x0000,0x0000,0x0000,0x0000,0x0000,0x0000,0x0000,0x0000,0x0000,0x0000,
  0x0000,0x0000,0x0000,0x0000,0x0000,0x0000,0x0000,0x0000,0x0000,0x0000,0x0000,0x0000,
  0x0000,0x0000,0x0000,0x0000,0x0000,0x0000,0x0000,0x0000,0x0000,0x0000,0x0000,0x0000,
  0x0000,0x0000,0x0000,0x0000,0x0000,0x0000,0x0000,0x0000,0x0000,0x0000,0x0000,0x0000,
  0x0000,0x0000,0x0000,0x0000,0x0000,0x0000,0x0000,0x0000,0x0000,0x0000,0x0000,0x0000,
  0x0000,0x0000,0x0000,0x0000,0x0000,0x0000,0x0000,0x0000,0x0000,0x0000,0x0000,0x0000,
  0x0000,0x0000,0x0000,0x0000,0x0000,0x0000,0x0000,0x0000,0x0000,0x0000,0x0000,0x0000,
  0x0000,0x0000,0x0000,0x0000,0x0000,0x0000,0x0000,0x0000,0x0000,0x0000,0x0000,0x0000,
  0x0000,0x0000,0x0000,0x0000,0x0000,0x0000,0x0000,0x0000,0x0000,0x0000,0x0000,0x0000,
  0x0000,0x0000,0x0000,0x0000,0x0000,0x0000,0x0000,0x0000,0x0000,0x0000,0x0000,0x0000,
  0x0000,0x0000,0x0000,0x0000,0x0000,0x0000,0x0000,0x0000,0x0000,0x0000,0x0000,0x0000,
  0x0000,0x0000,0x0000,0x0000,0x0000,0x0000,0x0000,0x0000,0x0000,0x0000,0x0000,0x0000,
  0x0000,0x0000,0x0000,0x0000,0x0000,0x0000,0x0000,0x0000,0x0000,0x0000,0x0000,0x0000,
  0x0000,0x0000,0x0000,0x0000,0x0000,0x0000,0x0000,0x0000,0x0000,0x0000,0x0000,0x0000,
  0x0000,0x0000,0x0000,0x0000,0x0000,0x0000,0x0000,0x0000,0x0000,0x0000,0x0000,0x0000,
  0x0000,0x0000,0x0000,0x0000,0x0000,0x0000,0x0000,0x0000,0x0000,0x0000,0x0000,0x0000,
  0x0000,0x0000,0x0000,0x0000,0x0000,0x0000,0x0000,0x0000,0x0000,0x0000,0x0000,0x0000,
  0x0000,0x0000,0x0000,0x0000,0x0000,0x0000,0x0000,0x0000,0x0000,0x0000,0x0000,0x0000,
  0x0000,0x0000,0x0000,0x0000,0x0000,0x0000,0x0000,0x0000,0x0000,0x0000,0x0000,0x0000,
  0x0000,0x0000,0x0000,0x0000,0x0000,0x0000,0x0000,0x0000,0x0000,0x0000,0x0000,0x0000,
  0x0000,0x0000,0x0801,0x0000,0x0801,0x0000,0x0000,0x0000,0x0000,0x0000,0x0000,0x0000,
  0x0000,0x0000,0x0000,0x0000,0x0000,0x0800,0x0000,0x0000,0x0000,0x0000,0x0000,0x0000,
  0x0000,0x0000,0x1001,0x0801,0x0000,0x0000,0x0000,0x0000,0x0000,0x0000,0x0000,0x0000,
  0x0000,0x0000,0x0000,0x0000,0x0000,0x0000,0x0000,0x0000,0x0000,0x0000,0x0000,0x0000,
  0x0000,0x0000,0x0000,0x0000,0x0000,0x0000,0x0000,0x0000,0x0000,0x0000,0x0000,0x0000,
  0x0000,0x0000,0x0000,0x0000,0x0000,0x0000,0x0000,0x0000,0x0000,0x0000,0x0000,0x0000,
  0x0000,0x0000,0x0000,0x0000,0x0000,0x0000,0x0000,0x0000,0x0000,0x0000,0x0000,0x0000,
  0x0000,0x0000,0x0000,0x0000,0x0000,0x0000,0x0000,0x0000,0x0000,0x0000,0x0000,0x0000,
  0x0000,0x0000,0x0000,0x0000,0x0000,0x0000,0x0000,0x0000,0x0000,0x0000,0x0000,0x0000,
  0x0000,0x0000,0x0000,0x0000,0x0000,0x0000,0x0000,0x0000,0x0000,0x0000,0x0000,0x0000,
  0x0000,0x0000,0x0000,0x0000,0x0000,0x0000,0x0000,0x0000,0x0000,0x0000,0x0000,0x0000,
  0x0000,0x0000,0x0000,0x0000,0x0000,0x0000,0x0000,0x0000,0x0000,0x0000,0x0000,0x0000,
  0x0000,0x0000,0x0000,0x0000,0x0000,0x0000,0x0000,0x0000,0x0000,0x0000,0x0000,0x0000,
  0x0000,0x0000,0x0000,0x0000,0x0000,0x0000,0x0000,0x0000,0x0000,0x0000,0x0000,0x0000,
  0x0000,0x0000,0x0000,0x0000,0x0000,0x0000,0x0000,0x0000,0x0000,0x0000,0x0000,0x0000,
  0x0000,0x0000,0x0000,0x0000,0x0000,0x0000,0x0000,0x0000,0x0000,0x0000,0x0000,0x0000,
  0x0000,0x0000,0x0000,0x0000,0x0000,0x0000,0x0000,0x0000,0x0000,0x0000,0x0000,0x0000,
  0x0000,0x0000,0x0000,0x0000,0x0000,0x0000,0x0000,0x0000,0x0000,0x0000,0x0000,0x0000,
  0x0000,0x0000,0x0000,0x0000,0x0000,0x0000,0x0000,0x0000,0x0000,0x0000,0x0000,0x0000,
  0x0000,0x0000,0x0000,0x0000,0x0000,0x0000,0x0000,0x0000,0x0821,0x0801,0x0801,0x0801,
  0x0801,0x0801,0x0801,0x0801,0x0801,0x0801,0x0801,0x0801,0x0801,0x0801,0x0801,0x0801,
  0x0800,0x0801,0x0801,0x0801,0x0801,0x0801,0x0801,0x0801,0x0801,0x0801,0x0000,0x0000,
  0x0801,0x0801,0x1002,0x0801,0x0000,0x0000,0x0000,0x0000,0x0000,0x0000,0x0000,0x0000,
  0x0000,0x0000,0x0000,0x0000,0x0000,0x0000,0x0000,0x0000,0x0000,0x0000,0x0000,0x0000,
  0x0000,0x0000,0x0000,0x0000,0x0000,0x0000,0x0000,0x0000,0x0000,0x0000,0x0000,0x0000,
  0x0000,0x0000,0x0000,0x0000,0x0000,0x0000,0x0000,0x0000,0x0000,0x0000,0x0000,0x0000,
  0x0000,0x0000,0x0000,0x0000,0x0000,0x0000,0x0000,0x0000,0x0000,0x0000,0x0000,0x0000,
  0x0000,0x0000,0x0000,0x0000,0x0000,0x0000,0x0000,0x0000,0x0000,0x0000,0x0000,0x0000,
  0x0000,0x0000,0x0000,0x0000,0x0000,0x0000,0x0000,0x0000,0x0000,0x0000,0x0000,0x0000,
  0x0000,0x0000,0x0000,0x0000,0x0000,0x0000,0x0000,0x0000,0x0000,0x0000,0x0000,0x0000,
  0x0000,0x0000,0x0000,0x0000,0x0000,0x0000,0x0000,0x0000,0x0000,0x0000,0x0000,0x0000,
  0x0000,0x0000,0x0000,0x0000,0x0000,0x0000,0x0000,0x0000,0x0000,0x0000,0x0000,0x0000,
  0x0000,0x0000,0x0000,0x0000,0x0000,0x0000,0x0000,0x0000,0x0000,0x0000,0x0000,0x0000,
  0x0000,0x0000,0x0000,0x0000,0x0000,0x0000,0x0000,0x0000,0x0000,0x0000,0x0000,0x0000,
  0x0000,0x0000,0x0000,0x0000,0x0000,0x0000,0x0000,0x0000,0x0000,0x0000,0x0000,0x0000,
  0x0000,0x0000,0x0000,0x0000,0x0000,0x0000,0x0000,0x0000,0x0000,0x0000,0x0000,0x0000,
  0x0000,0x0000,0x0000,0x0000,0x0000,0x0000,0x0000,0x0000,0x0000,0x0000,0x0000,0x0000,
  0x0000,0x0000,0x0000,0x0000,0x0000,0x0000,0x0000,0x0000,0x0000,0x0000,0x0000,0x0000,
  0x0000,0x0000,0x0000,0x0000,0x0000,0x0000,0x0000,0x0000,0x0000,0x0000,0x0000,0x0000,
  0x0000,0x0000,0x0000,0x0000,0x0000,0x0000,0x0000,0x0000,0x0801,0x0000,0x0801,0x0000,
  0x0801,0x0000,0x0801,0x0801,0x0801,0x0801,0x0801,0x0800,0x0800,0x0801,0x0801,0x0801,
  0x0000,0x0801,0x0800,0x0801,0x0800,0x0801,0x0800,0x0801,0x0801,0x0800,0x0801,0x0000,
  0x0000,0x0800,0x0801,0x0800,0x0000,0x0000,0x0801,0x0000,0x0000,0x0000,0x0000,0x0000,
  0x0000,0x0000,0x0000,0x0000,0x0000,0x0000,0x0000,0x0000,0x0000,0x0000,0x0000,0x0000,
  0x0000,0x0000,0x0000,0x0000,0x0000,0x0000,0x0000,0x0000,0x0000,0x0000,0x0000,0x0000,
  0x0000,0x0000,0x0000,0x0000,0x0000,0x0000,0x0000,0x0000,0x0000,0x0000,0x0000,0x0000,
  0x0000,0x0000,0x0000,0x0000,0x0000,0x0000,0x0000,0x0000,0x0000,0x0000,0x0000,0x0000,
  0x0000,0x0000,0x0000,0x0000,0x0000,0x0000,0x0000,0x0000,0x0000,0x0000,0x0000,0x0000,
  0x0000,0x0000,0x0000,0x0000,0x0000,0x0000,0x0000,0x0000,0x0000,0x0000,0x0000,0x0000,
  0x0000,0x0000,0x0000,0x0000,0x0000,0x0000,0x0000,0x0000,0x0000,0x0000,0x0000,0x0000,
  0x0000,0x0000,0x0000,0x0000,0x0000,0x0000,0x0000,0x0000,0x0000,0x0000,0x0000,0x0000,
  0x0000,0x0000,0x0000,0x0000,0x0000,0x0000,0x0000,0x0000,0x0000,0x0000,0x0000,0x0000,
  0x0000,0x0000,0x0000,0x0000,0x0000,0x0000,0x0000,0x0000,0x0000,0x0000,0x0000,0x0000,
  0x0000,0x0000,0x0000,0x0000,0x0000,0x0000,0x0000,0x0000,0x0000,0x0000,0x0000,0x0000,
  0x0000,0x0000,0x0000,0x0000,0x0000,0x0000,0x0000,0x0000,0x0000,0x0000,0x0000,0x0000,
  0x0000,0x0000,0x0000,0x0000,0x0000,0x0000,0x0000,0x0000,0x0000,0x0000,0x0000,0x0000,
  0x0000,0x0000,0x0000,0x0000,0x0000,0x0000,0x0000,0x0000,0x0000,0x0000,0x0000,0x0000,
  0x0000,0x0000,0x0000,0x0000,0x0000,0x0000,0x0000,0x0000,0x0000,0x0000,0x0000,0x0000,
  0x0000,0x0000,0x0000,0x0000,0x0000,0x0000,0x0000,0x0000,0x0000,0x0000,0x0000,0x0000,
  0x0000,0x0000,0x0000,0x0000,0x0000,0x0000,0x0000,0x0000,0x0000,0x0000,0x0000,0x0000,
  0x0000,0x0000,0x0000,0x0000,0x0000,0x0000,0x0000,0x0000,0x0000,0x0000,0x0000,0x0000,
  0x0000,0x0801,0x0000,0x0000,0x0000,0x0000,0x0000,0x0000,0x0000,0x0000,0x0000,0x0000,
  0x0000,0x0000,0x0000,0x0000,0x0000,0x0000,0x0000,0x0000,0x0000,0x0000,0x0000,0x0000,
  0x0000,0x0000,0x0000,0x0000,0x0000,0x0000,0x0000,0x0000,0x0000,0x0000,0x0000,0x0000,
  0x0000,0x0000,0x0000,0x0000,0x0000,0x0000,0x0000,0x0000,0x0000,0x0000,0x0000,0x0000,
  0x0000,0x0000,0x0000,0x0000,0x0000,0x0000,0x0000,0x0000,0x0000,0x0000,0x0000,0x0000,
  0x0000,0x0000,0x0000,0x0000,0x0000,0x0000,0x0000,0x0000,0x0000,0x0000,0x0000,0x0000,
  0x0000,0x0000,0x0000,0x0000,0x0000,0x0000,0x0000,0x0000,0x0000,0x0000,0x0000,0x0000,
  0x0000,0x0000,0x0000,0x0000,0x0000,0x0000,0x0000,0x0000,0x0000,0x0000,0x0000,0x0000,
  0x0000,0x0000,0x0000,0x0000,0x0000,0x0000,0x0000,0x0000,0x0000,0x0000,0x0000,0x0000,
  0x0000,0x0000,0x0000,0x0000,0x0000,0x0000,0x0000,0x0000,0x0000,0x0000,0x0000,0x0000,
  0x0000,0x0000,0x0000,0x0000,0x0000,0x0000,0x0000,0x0000,0x0000,0x0000,0x0000,0x0000,
  0x0000,0x0000,0x0000,0x0000,0x0000,0x0000,0x0000,0x0000,0x0000,0x0000,0x0000,0x0000,
  0x0000,0x0000,0x0000,0x0000,0x0000,0x0000,0x0000,0x0000,0x0000,0x0000,0x0000,0x0000,
  0x0000,0x0000,0x0000,0x0000,0x0000,0x0000,0x0000,0x0000,0x0000,0x0000,0x0000,0x0000,
  0x0000,0x0000,0x0000,0x0000,0x0000,0x0000,0x0000,0x0000,0x0000,0x0000,0x0000,0x0000,
  0x0000,0x0000,0x0000,0x0000,0x0000,0x0000,0x0000,0x0000,0x0000,0x0000,0x0000,0x0000,
  0x0000,0x0000,0x0000,0x0000,0x0000,0x0000,0x0000,0x0000,0x0000,0x0000,0x0000,0x0000,
  0x0000,0x0000,0x0000,0x0000,0x0000,0x0000,0x0000,0x0000,0x0000,0x0000,0x0000,0x0000,
  0x0000,0x0000,0x0000,0x0000,0x0000,0x0000,0x0000,0x0000,0x0000,0x0000,0x0000,0x0000,
  0x0000,0x0000,0x0000,0x0000,0x0000,0x0000,0x0000,0x0000,0x0000,0x0000,0x0000,0x0000,
  0x0000,0x0000,0x0000,0x0000,0x0000,0x0000,0x0000,0x0000,0x0000,0x0000,0x0000,0x0000,
  0x0000,0x0000,0x0000,0x0000,0x0000,0x0000,0x0000,0x0000,0x0000,0x0000,0x0000,0x0000,
  0x0000,0x0000,0x0000,0x0000,0x0000,0x0000,0x0000,0x0000,0x0000,0x0000,0x0000,0x0000,
  0x0000,0x0000,0x0000,0x0000,0x0000,0x0000,0x0000,0x0000,0x0000,0x0000,0x0000,0x0000,
  0x0000,0x0000,0x0000,0x0000,0x0000,0x0000,0x0000,0x0000,0x0000,0x0000,0x0000,0x0000,
  0x0000,0x0000,0x0000,0x0000,0x0000,0x0000,0x0000,0x0000,0x0000,0x0000,0x0000,0x0000,
  0x0000,0x0000,0x0000,0x0000,0x0000,0x0000,0x0000,0x0000,0x0000,0x0000,0x0000,0x0000,
  0x0000,0x0000,0x0000,0x0000,0x0000,0x0000,0x0000,0x0000,0x0000,0x0000,0x0000,0x0000,
  0x0000,0x0000,0x0000,0x0000,0x0000,0x0000,0x0000,0x0000,0x0000,0x0000,0x0000,0x0000,
  0x0000,0x0000,0x0000,0x0000,0x0000,0x0000,0x0000,0x0000,0x0000,0x0000,0x0000,0x0000,
  0x0000,0x0000,0x0000,0x0000,0x0000,0x0000,0x0000,0x0000,0x0000,0x0000,0x0000,0x0000,
  0x0000,0x0000,0x0000,0x0000,0x0000,0x0000,0x0000,0x0000,0x0000,0x0000,0x0000,0x0000,
  0x0000,0x0000,0x0000,0x0000,0x0000,0x0000,0x0000,0x0000,0x0000,0x0000,0x0000,0x0000,
  0x0000,0x0000,0x0000,0x0000,0x0000,0x0000,0x0000,0x0000,0x0000,0x0000,0x0000,0x0000,
  0x0000,0x0000,0x0000,0x0000,0x0000,0x0000,0x0000,0x0000,0x0000,0x0000,0x0000,0x0000,
  0x0000,0x0000,0x0000,0x0000,0x0000,0x0000,0x0000,0x0000,0x0000,0x0000,0x0000,0x0000,
  0x0000,0x0000,0x0000,0x0000,0x0000,0x0000,0x0000,0x0000,0x0000,0x0000,0x0000,0x0000,
  0x0000,0x0000,0x0000,0x0000,0x0000,0x0000,0x0000,0x0000,0x0000,0x0000,0x0000,0x0000,
  0x0000,0x0000,0x0000,0x0000,0x0000,0x0000,0x0000,0x0000,0x0000,0x0000,0x0000,0x0000,
  0x0000,0x0000,0x0000,0x0000,0x0000,0x0000,0x0000,0x0000,0x0000,0x0000,0x0000,0x0000,
  0x0000,0x0000,0x0000,0x0000,0x0000,0x0000,0x0000,0x0000,0x0000,0x0000,0x0000,0x0000,
  0x0000,0x0000,0x0000,0x0000,0x0000,0x0000,0x0000,0x0000,0x0000,0x0000,0x0000,0x0000,
  0x0000,0x0000,0x0000,0x0000,0x0000,0x0000,0x0000,0x0000,0x0000,0x0000,0x0000,0x0000,
  0x0000,0x0000,0x0000,0x0000,0x0000,0x0000,0x0000,0x0000,0x0000,0x0000,0x0000,0x0000,
  0x0000,0x0000,0x0000,0x0000,0x0000,0x0000,0x0000,0x0000,0x0000,0x0000,0x0000,0x0000,
  0x0000,0x0000,0x0000,0x0000,0x0000,0x0000,0x0000,0x0000,0x0000,0x0000,0x0000,0x0000,
  0x0000,0x0000,0x0000,0x0000,0x0000,0x0000,0x0000,0x0000,0x0000,0x0000,0x0000,0x0000,
  0x0000,0x0000,0x0000,0x0000,0x0000,0x0000,0x0000,0x0000,0x0000,0x0000,0x0000,0x0000,
  0x0000,0x0000,0x0000,0x0000,0x0000,0x0000,0x0000,0x0000,0x0000,0x0000,0x0000,0x0000,
  0x0000,0x0000,0x0000,0x0000,0x0000,0x0000,0x0000,0x0000,0x0000,0x0000,0x0000,0x0000,
  0x0000,0x0000,0x0000,0x0000,0x0000,0x0000,0x0000,0x0000,0x0000,0x0000,0x0000,0x0000,
  0x0000,0x0000,0x0000,0x0000,0x0000,0x0000,0x0000,0x0000,0x0000,0x0000,0x0000,0x0000,
  0x0000,0x0000,0x0000,0x0000,0x0000,0x0000,0x0000,0x0000,0x0000,0x0000,0x0000,0x0000,
  0x0000,0x0000,0x0000,0x0000,0x0000,0x0000,0x0000,0x0000,0x0000,0x0000,0x0000,0x0000,
  0x0000,0x0000,0x0000,0x0000,0x0000,0x0000,0x0000,0x0000,0x0000,0x0000,0x0000,0x0000,
  0x0000,0x0000,0x0000,0x0000,0x0000,0x0000,0x0000,0x0000,0x0000,0x0000,0x0000,0x0000,
  0x0000,0x0000,0x0000,0x0000,0x0000,0x0000,0x0000,0x0000,0x0000,0x0000,0x0000,0x0000,
  0x0000,0x0000,0x0000,0x0000,0x0000,0x0000,0x0000,0x0000,0x0000,0x0000,0x0000,0x0000,
  0x0000,0x0000,0x0000,0x0000,0x0000,0x0000,0x0000,0x0000,0x0000,0x0000,0x0000,0x0000,
  0x0000,0x0000,0x0000,0x0000,0x0000,0x0000,0x0000,0x0000,0x0000,0x0000,0x0000,0x0000,
  0x0000,0x0000,0x0000,0x0000,0x0000,0x0000,0x0000,0x0000,0x0000,0x0000,0x0000,0x0000,
  0x0000,0x0000,0x0000,0x0000,0x0000,0x0000,0x0000,0x0000,0x0000,0x0000,0x0000,0x0000,
  0x0000,0x0000,0x0000,0x0000,0x0000,0x0000,0x0000,0x0000,0x0000,0x0000,0x0000,0x0000,
  0x0000,0x0000,0x0000,0x0000,0x0000,0x0000,0x0000,0x0000,0x0000,0x0000,0x0000,0x0000,
  0x0000,0x0000,0x0000,0x0000,0x0000,0x0000,0x0000,0x0000,0x0000,0x0000,0x0000,0x0000,
  0x0000,0x0000,0x0000,0x0000,0x0000,0x0000,0x0000,0x0000,0x0000,0x0000,0x0000,0x0000,
  0x0000,0x0000,0x0000,0x0000,0x0000,0x0000,0x0000,0x0000,0x0000,0x0000,0x0000,0x0000,
  0x0000,0x0000,0x0000,0x0000,0x0000,0x0000,0x0000,0x0000,0x0000,0x0000,0x0000,0x0000,
  0x0000,0x0000,0x0000,0x0000,0x0000,0x0000,0x0000,0x0000,0x0000,0x0000,0x0000,0x0000,
  0x0000,0x0000,0x0000,0x0000,0x0000,0x0000,0x0000,0x0000,0x0000,0x0000,0x0000,0x0000,
  0x0000,0x0000,0x0000,0x0000,0x0000,0x0000,0x0000,0x0000,0x0000,0x0000,0x0000,0x0000,
  0x0000,0x0000,0x0000,0x0000,0x0000,0x0000,0x0000,0x0000,0x0000,0x0000,0x0000,0x0000,
  0x0000,0x0000,0x0000,0x0000,0x0000,0x0000,0x0000,0x0000,0x0000,0x0000,0x0000,0x0000,
  0x0000,0x0000,0x0000,0x0000,0x0000,0x0000,0x0000,0x0000,0x0000,0x0000,0x0000,0x0000,
  0x0000,0x0000,0x0000,0x0000,0x0000,0x0000,0x0000,0x0000,0x0000,0x0000,0x0000,0x0000,
  0x0000,0x0000,0x0000,0x0000,0x0000,0x0000,0x0000,0x0000,0x0000,0x0000,0x0000,0x0000,
  0x0000,0x0000,0x0000,0x0000,0x0000,0x0000,0x0000,0x0000,0x0000,0x0000,0x0000,0x0000,
  0x0000,0x0000,0x0000,0x0000,0x0000,0x0000,0x0000,0x0000,0x0000,0x0000,0x0000,0x0000,
  0x0000,0x0000,0x0000,0x0000,0x0000,0x0000,0x0000,0x0000,0x0000,0x0000,0x0000,0x0000,
  0x0000,0x0000,0x0000,0x0000,0x0000,0x0000,0x0000,0x0000,0x0000,0x0000,0x0000,0x0000,
  0x0000,0x0000,0x0000,0x0000,0x0000,0x0000,0x0000,0x0000,0x0000,0x0000,0x0000,0x0000,
  0x0000,0x0000,0x0000,0x0000,0x0000,0x0000,0x0000,0x0000,0x0000,0x0000,0x0000,0x0000,
  0x0000,0x0000,0x0000,0x0000,0x0000,0x0000,0x0000,0x0000,0x0000,0x0000,0x0000,0x0000,
  0x0000,0x0000,0x0000,0x0000,0x0000,0x0000,0x0000,0x0000,0x0000,0x0000,0x0000,0x0000,
  0x0000,0x0000,0x0000,0x0000,0x0000,0x0000,0x0000,0x0000,0x0000,0x0000,0x0000,0x0000,
  0x0000,0x0000,0x0000,0x0000,0x0000,0x0000,0x0000,0x0000,0x0000,0x0000,0x0000,0x0000,
  0x0000,0x0000,0x0000,0x0000,0x0000,0x0000,0x0000,0x0000,0x0000,0x0000,0x0000,0x0000,
  0x0000,0x0000,0x0000,0x0000,0x0000,0x0000,0x0000,0x0000,0x0000,0x0000,0x0000,0x0000,
  0x0000,0x0000,0x0000,0x0000,0x0000,0x0000,0x0000,0x0000,0x0000,0x0000,0x0000,0x0000,
  0x0000,0x0000,0x0000,0x0000,0x0000,0x0000,0x0000,0x0000,0x0000,0x0000,0x0000,0x0000,
  0x0000,0x0000,0x0000,0x0000,0x0000,0x0000,0x0000,0x0000,0x0000,0x0000,0x0000,0x0000,
  0x0000,0x0000,0x0000,0x0000,0x0000,0x0000,0x0000,0x0000,0x0000,0x0000,0x0000,0x0000,
  0x0000,0x0000,0x0000,0x0000,0x0000,0x0000,0x0000,0x0000,0x0000,0x0000,0x0000,0x0000,
  0x0000,0x0000,0x0000,0x0000,0x0000,0x0000,0x0000,0x0000,0x0000,0x0000,0x0000,0x0000,
  0x0000,0x0000,0x0000,0x0000,0x0000,0x0000,0x0000,0x0000,0x0000,0x0000,0x0000,0x0000,
  0x0000,0x0000,0x0000,0x0000,0x0000,0x0000,0x0000,0x0000,0x0000,0x0000,0x0000,0x0000,
  0x0000,0x0000,0x0000,0x0000,0x0000,0x0000,0x0000,0x0000,0x0000,0x0000,0x0000,0x0000,
  0x0000,0x0000,0x0000,0x0000,0x0000,0x0000,0x0000,0x0000,0x0000,0x0000,0x0000,0x0000,
  0x0000,0x0000,0x0000,0x0000,0x0000,0x0000,0x0000,0x0000,0x0000,0x0000,0x0000,0x0000,
  0x0000,0x0000,0x0000,0x0000,0x0000,0x0000,0x0000,0x0000,0x0000,0x0000,0x0000,0x0000,
  0x0000,0x0000,0x0000,0x0000,0x0000,0x0000,0x0000,0x0000,0x0000,0x0000,0x0000,0x0000,
  0x0000,0x0000,0x0000,0x0000,0x0000,0x0000,0x0000,0x0000,0x0000,0x0000,0x0000,0x0000,
  0x0000,0x0000,0x0000,0x0000,0x0000,0x0000,0x0000,0x0000,0x0000,0x0000,0x0000,0x0000,
  0x0000,0x0000,0x0000,0x0000,0x0000,0x0000,0x0000,0x0000,0x0000,0x0000,0x0000,0x0000,
  0x0000,0x0000,0x0000,0x0000,0x0000,0x0000,0x0000,0x0000,0x0000,0x0000,0x0000,0x0000,
  0x0000,0x0000,0x0000,0x0000,0x0000,0x0000,0x0000,0x0000,0x0000,0x0000,0x0000,0x0000,
  0x0000,0x0000,0x0000,0x0000,0x0000,0x0000,0x0000,0x0000,0x0000,0x0000,0x0000,0x0000,
  0x0000,0x0000,0x0000,0x0000,0x0000,0x0000,0x0000,0x0000,0x0000,0x0000,0x0000,0x0000,
  0x0000,0x0000,0x0000,0x0000,0x0000,0x0000,0x0000,0x0000,0x0000,0x0000,0x0000,0x0000,
  0x0000,0x0000,0x0000,0x0000,0x0000,0x0000,0x0000,0x0000,0x0000,0x0000,0x0000,0x0000,
  0x0000,0x0000,0x0000,0x0000,0x0000,0x0000,0x0000,0x0000,0x0000,0x0000,0x0000,0x0000,
  0x0000,0x0000,0x0000,0x0000,0x0000,0x0000,0x0000,0x0000,0x0000,0x0000,0x0000,0x0000,
  0x0000,0x0000,0x0000,0x0000,0x0000,0x0000,0x0000,0x0000,0x0000,0x0000,0x0000,0x0000,
  0x0000,0x0000,0x0000,0x0000,0x0000,0x0000,0x0000,0x0000,0x0000,0x0000,0x0000,0x0000,
  0x0000,0x0000,0x0000,0x0000,0x0000,0x0000,0x0000,0x0000,0x0000,0x0000,0x0000,0x0000,
  0x0000,0x0000,0x0000,0x0000,0x0000,0x0000,0x0000,0x0000,0x0000,0x0000,0x0000,0x0000,
  0x0000,0x0000,0x0000,0x0000,0x0000,0x0000,0x0000,0x0000,0x0000,0x0000,0x0000,0x0000,
  0x0000,0x0000,0x0000,0x0000,0x0000,0x0000,0x0000,0x0000,0x0000,0x0000,0x0000,0x0000,
  0x0000,0x0000,0x0000,0x0000,0x0000,0x0000,0x0000,0x0000,0x0000,0x0000,0x0000,0x0000,
  0x0000,0x0000,0x0000,0x0000,0x0000,0x0000,0x0000,0x0000,0x0000,0x0000,0x0000,0x0000,
  0x0000,0x0000,0x0000,0x0000,0x0000,0x0000,0x0000,0x0000,0x0000,0x0000,0x0000,0x0000,
  0x0000,0x0000,0x0000,0x0000,0x0000,0x0000,0x0000,0x0000,0x0000,0x0000,0x0000,0x0000,
  0x0000,0x0000,0x0000,0x0000,0x0000,0x0000,0x0000,0x0000,0x0000,0x0000,0x0000,0x0000,
  0x0000,0x0000,0x0000,0x0000,0x0000,0x0000,0x0000,0x0000,0x0000,0x0000,0x0000,0x0000,
  0x0000,0x0000,0x0000,0x0000,0x0000,0x0000,0x0000,0x0000,0x0000,0x0000,0x0000,0x0000,
  0x0000,0x0000,0x0000,0x0000,0x0000,0x0000,0x0000,0x0000,0x0000,0x0000,0x0000,0x0000,
  0x0000,0x0000,0x0000,0x0000,0x0000,0x0000,0x0000,0x0000,0x0000,0x0000,0x0000,0x0000,
  0x0000,0x0000,0x0000,0x0000,0x0000,0x0000,0x0000,0x0000,0x0000,0x0000,0x0000,0x0000,
  0x0000,0x0000,0x0000,0x0000,0x0000,0x0000,0x0000,0x0000,0x0000,0x0000,0x0000,0x0000,
  0x0000,0x0000,0x0000,0x0000,0x0000,0x0000,0x0000,0x0000,0x0000,0x0000,0x0000,0x0000,
  0x0000,0x0000,0x0000,0x0000,0x0000,0x0000,0x0000,0x0000,0x0000,0x0000,0x0000,0x0000,
  0x0000,0x0000,0x0000,0x0000,0x0000,0x0000,0x0000,0x0000,0x0000,0x0000,0x0000,0x0000,
  0x0000,0x0000,0x0000,0x0000,0x0000,0x0000,0x0000,0x0000,0x0000,0x0000,0x0000,0x0000,
  0x0000,0x0000,0x0000,0x0000,0x0000,0x0000,0x0000,0x0000,0x0000,0x0000,0x0000,0x0000,
  0x0000,0x0000,0x0000,0x0000,0x0000,0x0000,0x0000,0x0000,0x0000,0x0000,0x0000,0x0000,
  0x0000,0x0000,0x0000,0x0000,0x0000,0x0000,0x0000,0x0000,0x0000,0x0000,0x0000,0x0000,
  0x0000,0x0000,0x0000,0x0000,0x0000,0x0000,0x0000,0x0000,0x0000,0x0000,0x0000,0x0000,
  0x0000,0x0000,0x0000,0x0000,0x0000,0x0000,0x0000,0x0000,0x0000,0x0000,0x0000,0x0000,
  0x0000,0x0000,0x0000,0x0000,0x0000,0x0000,0x0000,0x0000,0x0000,0x0000,0x0000,0x0000,
  0x0000,0x0000,0x0000,0x0000,0x0000,0x0000,0x0000,0x0000,0x0000,0x0000,0x0000,0x0000,
  0x0000,0x0000,0x0000,0x0000,0x0000,0x0000,0x0000,0x0000,0x0000,0x0000,0x0000,0x0000,
  0x0000,0x0000,0x0000,0x0000,0x0000,0x0000,0x0000,0x0000,0x0000,0x0000,0x0000,0x0000,
  0x0000,0x0000,0x0000,0x0000,0x0000,0x0000,0x0000,0x0000,0x0000,0x0000,0x0000,0x0000,
  0x0000,0x0000,0x0000,0x0000,0x0000,0x0000,0x0000,0x0000,0x0000,0x0000,0x0000,0x0000,
  0x0000,0x0000,0x0000,0x0000,0x0000,0x0000,0x0000,0x0000,0x0000,0x0000,0x0000,0x0000,
  0x0000,0x0000,0x0000,0x0000,0x0000,0x0000,0x0000,0x0000,0x0000,0x0000,0x0000,0x0000,
  0x0000,0x0000,0x0000,0x0000,0x0000,0x0000,0x0000,0x0000,0x0000,0x0000,0x0000,0x0000,
  0x0000,0x0000,0x0000,0x0000,0x0000,0x0000,0x0000,0x0000,0x0000,0x0000,0x0000,0x0000,
  0x0000,0x0000,0x0000,0x0000,0x0000,0x0000,0x0000,0x0000,0x0000,0x0000,0x0000,0x0000,
  0x0000,0x0000,0x0000,0x0000,0x0000,0x0000,0x0000,0x0000,0x0000,0x0000,0x0000,0x0000,
  0x0000,0x0000,0x0000,0x0000,0x0000,0x0000,0x0000,0x0000,0x0000,0x0000,0x0000,0x0000,
  0x0000,0x0000,0x0000,0x0000,0x0000,0x0000,0x0000,0x0000,0x0000,0x0000,0x0000,0x0000,
  0x0000,0x0000,0x0000,0x0000,0x0000,0x0000,0x0000,0x0000,0x0000,0x0000,0x0000,0x0000,
  0x0000,0x0000,0x0000,0x0000,0x0000,0x0000,0x0000,0x0000,0x0000,0x0000,0x0000,0x0000,
  0x0000,0x0000,0x0000,0x0000,0x0000,0x0000,0x0000,0x0000,0x0000,0x0000,0x0000,0x0000,
  0x0000,0x0000,0x0000,0x0000,0x0000,0x0000,0x0000,0x0000,0x0000,0x0000,0x0000,0x0000,
  0x0000,0x0000,0x0000,0x0000,0x0000,0x0000,0x0000,0x0000,0x0000,0x0000,0x0000,0x0000,
  0x0000,0x0000,0x0000,0x0000,0x0000,0x0000,0x0000,0x0000,0x0000,0x0000,0x0000,0x0000,
  0x0000,0x0000,0x0000,0x0000,0x0000,0x0000,0x0000,0x0000,0x0000,0x0000,0x0000,0x0000,
  0x0000,0x0000,0x0000,0x0000,0x0000,0x0000,0x0000,0x0000,0x0000,0x0000,0x0000,0x0000,
  0x0000,0x0000,0x0000,0x0000,0x0000,0x0000,0x0000,0x0000,0x0000,0x0000,0x0000,0x0000,
  0x0000,0x0000,0x0000,0x0000,0x0000,0x0000,0x0000,0x0000,0x0000,0x0000,0x0000,0x0000,
  0x0000,0x0000,0x0000,0x0000,0x0000,0x0000,0x0000,0x0000,0x0000,0x0000,0x0000,0x0000,
  0x0000,0x0000,0x0000,0x0000,0x0000,0x0000,0x0000,0x0000,0x0000,0x0000,0x0000,0x0000,
  0x0000,0x0000,0x0000,0x0000,0x0000,0x0000,0x0000,0x0000,0x0000,0x0000,0x0000,0x0000,
  0x0000,0x0000,0x0000,0x0000,0x0000,0x0000,0x0000,0x0000,0x0000,0x0000,0x0000,0x0000,
  0x0000,0x0000,0x0000,0x0000,0x0000,0x0000,0x0000,0x0000,0x0000,0x0000,0x0000,0x0000,
  0x0000,0x0000,0x0000,0x0000,0x0000,0x0000,0x0000,0x0000,0x0000,0x0000,0x0000,0x0000,
  0x0000,0x0000,0x0000,0x0000,0x0000,0x0000,0x0000,0x0000,0x0000,0x0000,0x0000,0x0000,
  0x0000,0x0000,0x0000,0x0000,0x0000,0x0000,0x0000,0x0000,0x0000,0x0000,0x0000,0x0000,
  0x0000,0x0000,0x0000,0x0000,0x0000,0x0000,0x0000,0x0000,0x0000,0x0000,0x0000,0x0000,
  0x0000,0x0000,0x0000,0x0000,0x0000,0x0000,0x0000,0x0000,0x0000,0x0000,0x0000,0x0000,
  0x0000,0x0000,0x0000,0x0000,0x0000,0x0000,0x0000,0x0000,0x0000,0x0000,0x0000,0x0000,
  0x0000,0x0000,0x0000,0x0000,0x0000,0x0000,0x0000,0x0000,0x0000,0x0000,0x0000,0x0000,
  0x0000,0x0000,0x0000,0x0000,0x0000,0x0000,0x0000,0x0000,0x0000,0x0000,0x0000,0x0000,
  0x0000,0x0000,0x0000,0x0000,0x0000,0x0000,0x0000,0x0000,0x0000,0x0000,0x0000,0x0000,
  0x0000,0x0000,0x0000,0x0000,0x0000,0x0000,0x0000,0x0000,0x0000,0x0000,0x0000,0x0000,
  0x0000,0x0000,0x0000,0x0000,0x0000,0x0000,0x0000,0x0000,0x0000,0x0000,0x0000,0x0000,
  0x0000,0x0000,0x0000,0x0000,0x0000,0x0000,0x0000,0x0000,0x0000,0x0000,0x0000,0x0000,
  0x0000,0x0000,0x0000,0x0000,0x0000,0x0000,0x0000,0x0000,0x0000,0x0000,0x0000,0x0000,
  0x0000,0x0000,0x0000,0x0000,0x0000,0x0000,0x0000,0x0000,0x0000,0x0000,0x0000,0x0000,
  0x0000,0x0000,0x0000,0x0000,0x0000,0x0000,0x0000,0x0000,0x0000,0x0000,0x0000,0x0000,
  0x0000,0x0000,0x0000,0x0000,0x0000,0x0000,0x0000,0x0000,0x0000,0x0000,0x0000,0x0000,
  0x0000,0x0000,0x0000,0x0000,0x0000,0x0000,0x0000,0x0000,0x0000,0x0000,0x0000,0x0000,
  0x0000,0x0000,0x0000,0x0000,0x0000,0x0000,0x0000,0x0000,0x0000,0x0000,0x0000,0x0000,
  0x0000,0x0000,0x0000,0x0000,0x0000,0x0000,0x0000,0x0000,0x0000,0x0000,0x0000,0x0000,
  0x0000,0x0000,0x0000,0x0000,0x0000,0x0000,0x0000,0x0000,0x0000,0x0000,0x0000,0x0000,
  0x0000,0x0000,0x0000,0x0000,0x0000,0x0000,0x0000,0x0000,0x0000,0x0000,0x0000,0x0000,
  0x0000,0x0000,0x0000,0x0000,0x0000,0x0000,0x0000,0x0000,0x0000,0x0000,0x0000,0x0000,
  0x0000,0x0000,0x0000,0x0000,0x0000,0x0000,0x0000,0x0000,0x0000,0x0000,0x0000,0x0000,
  0x0000,0x0000,0x0000,0x0000,0x0000,0x0000,0x0000,0x0000,0x0000,0x0000,0x0000,0x0000,
  0x0000,0x0000,0x0000,0x0000,0x0000,0x0000,0x0000,0x0000,0x0000,0x0000,0x0000,0x0000,
  0x0000,0x0000,0x0000,0x0000,0x0000,0x0000,0x0000,0x0000,0x0000,0x0000,0x0000,0x0000,
  0x0000,0x0000,0x0000,0x0000,0x0000,0x0000,0x0000,0x0000,0x0000,0x0000,0x0000,0x0000,
  0x0000,0x0000,0x0000,0x0000,0x0000,0x0000,0x0000,0x0000,0x0000,0x0000,0x0000,0x0000,
  0x0000,0x0000,0x0000,0x0000,0x0000,0x0000,0x0000,0x0000,0x0000,0x0000,0x0000,0x0000,
  0x0000,0x0000,0x0000,0x0000,0x0000,0x0000,0x0000,0x0000,0x0000,0x0000,0x0000,0x0000,
  0x0000,0x0000,0x0000,0x0000,0x0000,0x0000,0x0000,0x0000,0x0000,0x0000,0x0000,0x0000,
  0x0000,0x0000,0x0000,0x0000,0x0000,0x0000,0x0000,0x0000,0x0000,0x0000,0x0000,0x0000,
  0x0000,0x0000,0x0000,0x0000,0x0000,0x0000,0x0000,0x0000,0x0000,0x0000,0x0000,0x0000,
  0x0000,0x0000,0x0000,0x0000,0x0000,0x0000,0x0000,0x0000,0x0000,0x0000,0x0000,0x0000,
  0x0000,0x0000,0x0000,0x0000,0x0000,0x0000,0x0000,0x0000,0x0000,0x0000,0x0000,0x0000,
  0x0000,0x0000,0x0000,0x0000,0x0000,0x0000,0x0000,0x0000,0x0000,0x0000,0x0000,0x0000,
  0x0000,0x0000,0x0000,0x0000,0x0000,0x0000,0x0000,0x0000,0x0000,0x0000,0x0000,0x0000,
  0x0000,0x0000,0x0000,0x0000,0x0000,0x0000,0x0000,0x0000,0x0000,0x0000,0x0000,0x0000,
  0x0000,0x0000,0x0000,0x0000,0x0000,0x0000,0x0000,0x0000,0x0000,0x0000,0x0000,0x0000,
  0x0000,0x0000,0x0000,0x0000,0x0000,0x0000,0x0000,0x0000,0x0000,0x0000,0x0000,0x0000,
  0x0000,0x0000,0x0000,0x0000,0x0000,0x0000,0x0000,0x0000,0x0000,0x0000,0x0000,0x0000,
  0x0000,0x0000,0x0000,0x0000,0x0000,0x0000,0x0000,0x0000,0x0000,0x0000,0x0000,0x0000,
  0x0000,0x0000,0x0000,0x0000,0x0000,0x0000,0x0000,0x0000,0x0000,0x0000,0x0000,0x0000,
  0x0000,0x0000,0x0000,0x0000,0x0000,0x0000,0x0000,0x0000,0x0000,0x0000,0x0000,0x0000,
  0x0000,0x0000,0x0000,0x0000,0x0000,0x0000,0x0000,0x0000,0x0000,0x0000,0x0000,0x0000,
  0x0000,0x0000,0x0000,0x0000,0x0000,0x0000,0x0000,0x0000,0x0000,0x0000,0x0000,0x0000,
  0x0000,0x0000,0x0000,0x0000,0x0000,0x0000,0x0000,0x0000,0x0000,0x0000,0x0000,0x0000,
  0x0000,0x0000,0x0000,0x0000,0x0000,0x0000,0x0000,0x0000,0x0000,0x0000,0x0000,0x0000,
  0x0000,0x0000,0x0000,0x0000,0x0000,0x0000,0x0000,0x0000,0x0000,0x0000,0x0000,0x0000,
  0x0000,0x0000,0x0000,0x0000,0x0000,0x0000,0x0000,0x0000,0x0000,0x0000,0x0000,0x0000,
  0x0000,0x0000,0x0000,0x0000,0x0000,0x0000,0x0000,0x0000,0x0000,0x0000,0x0000,0x0000,
  0x0000,0x0000,0x0000,0x0000,0x0000,0x0000,0x0000,0x0000,0x0000,0x0000,0x0000,0x0000,
  0x0000,0x0000,0x0000,0x0000,0x0000,0x0000,0x0000,0x0000,0x0000,0x0000,0x0000,0x0000,
  0x0000,0x0000,0x0000,0x0000,0x0000,0x0000,0x0000,0x0000,0x0000,0x0000,0x0000,0x0000,
  0x0000,0x0000,0x0000,0x0000,0x0000,0x0000,0x0000,0x0000,0x0000,0x0000,0x0000,0x0000,
  0x0000,0x0000,0x0000,0x0000,0x0000,0x0000,0x0000,0x0000,0x0000,0x0000,0x0000,0x0000,
  0x0000,0x0000,0x0000,0x0000,0x0000,0x0000,0x0000,0x0000,0x0000,0x0000,0x0000,0x0000,
  0x0000,0x0000,0x0000,0x0000,0x0000,0x0000,0x0000,0x0000,0x0000,0x0000,0x0000,0x0000,
  0x0000,0x0000,0x0000,0x0000,0x0000,0x0000,0x0000,0x0000,0x0000,0x0000,0x0000,0x0000,
  0x0000,0x0000,0x0000,0x0000,0x0000,0x0000,0x0000,0x0000,0x0000,0x0000,0x0000,0x0000,
  0x0000,0x0000,0x0000,0x0000,0x0000,0x0000,0x0000,0x0000,0x0000,0x0000,0x0000,0x0000,
  0x0000,0x0000,0x0000,0x0000,0x0000,0x0000,0x0000,0x0000,0x0000,0x0000,0x0000,0x0000,
  0x0000,0x0000,0x0000,0x0000,0x0000,0x0000,0x0000,0x0000,0x0000,0x0000,0x0000,0x0000,
  0x0000,0x0000,0x0000,0x0000,0x0000,0x0000,0x0000,0x0000,0x0000,0x0000,0x0000,0x0000,
  0x0000,0x0000,0x0000,0x0000,0x0000,0x0000,0x0000,0x0000,0x0000,0x0000,0x0000,0x0000,
  0x0000,0x0000,0x0000,0x0000,0x0000,0x0000,0x0000,0x0000,0x0000,0x0000,0x0000,0x0000,
  0x0000,0x0000,0x0000,0x0000,0x0000,0x0000,0x0000,0x0000,0x0000,0x0000,0x0000,0x0000,
  0x0000,0x0000,0x0000,0x0000,0x0000,0x0000,0x0000,0x0000,0x0000,0x0000,0x0000,0x0000,
  0x0000,0x0000,0x0000,0x0000,0x0000,0x0000,0x0000,0x0000,0x0000,0x0000,0x0000,0x0000,
  0x0000,0x0000,0x0000,0x0000,0x0000,0x0000,0x0000,0x0000,0x0000,0x0000,0x0000,0x0000,
  0x0000,0x0000,0x0000,0x0000,0x0000,0x0000,0x0000,0x0000,0x0000,0x0000,0x0000,0x0000,
  0x0000,0x0000,0x0000,0x0000,0x0000,0x0000,0x0000,0x0000,0x0000,0x0000,0x0000,0x0000,
  0x0000,0x0000,0x0000,0x0000,0x0000,0x0000,0x0000,0x0000,0x0000,0x0000,0x0000,0x0000,
  0x0000,0x0000,0x0000,0x0000,0x0000,0x0000,0x0000,0x0000,0x0000,0x0000,0x0000,0x0000,
  0x0000,0x0000,0x0000,0x0000,0x0000,0x0000,0x0000,0x0000,0x0000,0x0000,0x0000,0x0000,
  0x0000,0x0000,0x0000,0x0000,0x0000,0x0000,0x0000,0x0000,0x0000,0x0000,0x0000,0x0000,
  0x0000,0x0000,0x0000,0x0000,0x0000,0x0000,0x0000,0x0000,0x0000,0x0000,0x0000,0x0000,
  0x0000,0x0000,0x0000,0x0000,0x0000,0x0000,0x0000,0x0000,0x0000,0x0000,0x0000,0x0000,
  0x0000,0x0000,0x0000,0x0000,0x0000,0x0000,0x0000,0x0000,0x0000,0x0000,0x0000,0x0000,
  0x0000,0x0000,0x0000,0x0000,0x0000,0x0000,0x0000,0x0000,0x0000,0x0000,0x0000,0x0000,
  0x0000,0x0000,0x0000,0x0000,0x0000,0x0000,0x0000,0x0000,0x0000,0x0000,0x0000,0x0000,
  0x0000,0x0000,0x0000,0x0000,0x0000,0x0000,0x0000,0x0000,0x0000,0x0000,0x0000,0x0000,
  0x0000,0x0000,0x0000,0x0000,0x0000,0x0000,0x0000,0x0000,0x0000,0x0000,0x0000,0x0000,
  0x0000,0x0000,0x0000,0x0000,0x0000,0x0000,0x0000,0x0000,0x0000,0x0000,0x0000,0x0000,
  0x0000,0x0000,0x0000,0x0000,0x0000,0x0000,0x0000,0x0000,0x0000,0x0000,0x0000,0x0000,
  0x0000,0x0000,0x0000,0x0000,0x0000,0x0000,0x0000,0x0000,0x0000,0x0000,0x0000,0x0000,
  0x0000,0x0000,0x0000,0x0000,0x0000,0x0000,0x0000,0x0000,0x0000,0x0000,0x0000,0x0000,
  0x0000,0x0000,0x0000,0x0000,0x0000,0x0000,0x0000,0x0000,0x0000,0x0000,0x0000,0x0000,
  0x0000,0x0000,0x0000,0x0000,0x0000,0x0000,0x0000,0x0000,0x0000,0x0000,0x0000,0x0000,
  0x0000,0x0000,0x0000,0x0000,0x0000,0x0000,0x0000,0x0000,0x0000,0x0000,0x0000,0x0000,
  0x0000,0x0000,0x0000,0x0000,0x0000,0x0000,0x0000,0x0000,0x0000,0x0000,0x0000,0x0000,
  0x0000,0x0000,0x0000,0x0000,0x0000,0x0000,0x0000,0x0000,0x0000,0x0000,0x0000,0x0000,
  0x0000,0x0000,0x0000,0x0000,0x0000,0x0000,0x0000,0x0000,0x0000,0x0000,0x0000,0x0000,
  0x0000,0x0000,0x0000,0x0000,0x0000,0x0000,0x0000,0x0000,0x0000,0x0000,0x0000,0x0000,
  0x0000,0x0000,0x0000,0x0000,0x0000,0x0000,0x0000,0x0000,0x0000,0x0000,0x0000,0x0000,
  0x0000,0x0000,0x0000,0x0000,0x0000,0x0000,0x0000,0x0000,0x0000,0x0000,0x0000,0x0000,
  0x0000,0x0000,0x0000,0x0000,0x0000,0x0000,0x0000,0x0000,0x0000,0x0000,0x0000,0x0000,
  0x0000,0x0000,0x0000,0x0000,0x0000,0x0000,0x0000,0x0000,0x0000,0x0000,0x0000,0x0000,
  0x0000,0x0000,0x0000,0x0000,0x0000,0x0000,0x0000,0x0000,0x0000,0x0000,0x0000,0x0000,
  0x0000,0x0000,0x0000,0x0000,0x0000,0x0000,0x0000,0x0000,0x0000,0x0000,0x0000,0x0000,
  0x0000,0x0000,0x0000,0x0000,0x0000,0x0000,0x0000,0x0000,0x0000,0x0000,0x0000,0x0000,
  0x0000,0x0000,0x0000,0x0000,0x0000,0x0000,0x0000,0x0000,0x0000,0x0000,0x0000,0x0000,
  0x0000,0x0000,0x0000,0x0000,0x0000,0x0000,0x0000,0x0000,0x0000,0x0000,0x0000,0x0000,
  0x0000,0x0000,0x0000,0x0000,0x0000,0x0000,0x0000,0x0000,0x0000,0x0000,0x0000,0x0000,
  0x0000,0x0000,0x0000,0x0000,0x0000,0x0000,0x0000,0x0000,0x0000,0x0000,0x0000,0x0000,
  0x0000,0x0000,0x0000,0x0000,0x0000,0x0000,0x0000,0x0000,0x0000,0x0000,0x0000,0x0000,
  0x0000,0x0000,0x0000,0x0000,0x0000,0x0000,0x0000,0x0000,0x0000,0x0000,0x0000,0x0000,
  0x0000,0x0000,0x0000,0x0000,0x0000,0x0000,0x0000,0x0000,0x0000,0x0000,0x0000,0x0000,
  0x0000,0x0000,0x0000,0x0000,0x0000,0x0000,0x0000,0x0000,0x0000,0x0000,0x0000,0x0000,
  0x0000,0x0000,0x0000,0x0000,0x0000,0x0000,0x0000,0x0000,0x0000,0x0000,0x0000,0x0000,
  0x0000,0x0000,0x0000,0x0000,0x0000,0x0000,0x0000,0x0000,0x0000,0x0000,0x0000,0x0000,
  0x0000,0x0000,0x0000,0x0000,0x0000,0x0000,0x0000,0x0000,0x0000,0x0000,0x0000,0x0000,
  0x0000,0x0000,0x0000,0x0000,0x0000,0x0000,0x0000,0x0000,0x0000,0x0000,0x0000,0x0000,
  0x0000,0x0000,0x0000,0x0000,0x0000,0x0000,0x0000,0x0000,0x0000,0x0000,0x0000,0x0000,
  0x0000,0x0000,0x0000,0x0000,0x0000,0x0000,0x0000,0x0000,0x0000,0x0000,0x0000,0x0000,
  0x0000,0x0000,0x0000,0x0000,0x0000,0x0000,0x0000,0x0000,0x0000,0x0000,0x0000,0x0000,
  0x0000,0x0000,0x0000,0x0000,0x0000,0x0000,0x0000,0x0000,0x0000,0x0000,0x0000,0x0000,
  0x0000,0x0000,0x0000,0x0000,0x0000,0x0000,0x0000,0x0000,0x0000,0x0000,0x0000,0x0000,
  0x0000,0x0000,0x0000,0x0000,0x0000,0x0000,0x0000,0x0000,0x0000,0x0000,0x0000,0x0000,
  0x0000,0x0000,0x0000,0x0000,0x0000,0x0000,0x0000,0x0000,0x0000,0x0000,0x0000,0x0000,
  0x0000,0x0000,0x0000,0x0000,0x0000,0x0000,0x0000,0x0000,0x0000,0x0000,0x0001,0x0000,
  0x0000,0x0000,0x0000,0x0000,0x0000,0x0000,0x0000,0x0000,0x0000,0x0000,0x0000,0x0000,
  0x0000,0x0000,0x0000,0x0000,0x0000,0x0000,0x0000,0x0000,0x0000,0x0000,0x0000,0x0000,
  0x0000,0x0000,0x0000,0x0000,0x0000,0x0000,0x0000,0x0000,0x0000,0x0000,0x0000,0x0000,
  0x0000,0x0000,0x0000,0x0000,0x0000,0x0000,0x0000,0x0000,0x0000,0x0000,0x0000,0x0000,
  0x0000,0x0000,0x0000,0x0000,0x0000,0x0000,0x0000,0x0000,0x0000,0x0000,0x0000,0x0000,
  0x0000,0x0000,0x0000,0x0000,0x0000,0x0000,0x0000,0x0000,0x0000,0x0000,0x0000,0x0000,
  0x0000,0x0000,0x0000,0x0000,0x0000,0x0000,0x0000,0x0000,0x0000,0x0000,0x0000,0x0000,
  0x0000,0x0000,0x0000,0x0000,0x0000,0x0000,0x0000,0x0000,0x0000,0x0000,0x0000,0x0000,
  0x0000,0x0000,0x0000,0x0000,0x0000,0x0000,0x0000,0x0000,0x0000,0x0000,0x0000,0x0000,
  0x0000,0x0000,0x0000,0x0000,0x0000,0x0000,0x0000,0x0000,0x0000,0x0000,0x0000,0x0000,
  0x0000,0x0000,0x0000,0x0000,0x0000,0x0000,0x0000,0x0000,0x0000,0x0000,0x0000,0x0000,
  0x0000,0x0000,0x0000,0x0000,0x0000,0x0000,0x0000,0x0000,0x0000,0x0000,0x0000,0x0000,
  0x0000,0x0000,0x0000,0x0000,0x0000,0x0000,0x0000,0x0000,0x0000,0x0000,0x0000,0x0000,
  0x0000,0x0000,0x0000,0x0000,0x0000,0x0000,0x0000,0x0000,0x0000,0x0000,0x0000,0x0000,
  0x0000,0x0000,0x0000,0x0000,0x0000,0x0000,0x0000,0x0000,0x0000,0x0000,0x0000,0x0000,
  0x0000,0x0000,0x0000,0x0000,0x0000,0x0000,0x0000,0x0000,0x0000,0x0000,0x0000,0x0000,
  0x0000,0x0000,0x0000,0x0000,0x0000,0x0000,0x0000,0x0000,0x0000,0x0000,0x0000,0x0000,
  0x0000,0x0000,0x0000,0x0000,0x0000,0x0000,0x0000,0x0000,0x0000,0x0000,0x0000,0x0000,
  0x0000,0x0000,0x0000,0x0000,0x0000,0x0000,0x0000,0x0000,0x0000,0x0000,0x0000,0x0000,
  0x0000,0x0000,0x0000,0x0000,0x0000,0x0000,0x0000,0x0000,0x0000,0x0000,0x0001,0x0000,
  0x0000,0x0000,0x0000,0x0000,0x0000,0x0000,0x0000,0x0000,0x0000,0x0000,0x0000,0x0000,
  0x0000,0x0000,0x0000,0x0000,0x0000,0x0000,0x0000,0x0000,0x0000,0x0000,0x0000,0x0000,
  0x0000,0x0000,0x0000,0x0000,0x0000,0x0000,0x0000,0x0000,0x0000,0x0000,0x0000,0x0000,
  0x0000,0x0000,0x0000,0x0000,0x0000,0x0000,0x0000,0x0000,0x0000,0x0000,0x0000,0x0000,
  0x0000,0x0000,0x0000,0x0000,0x0000,0x0000,0x0000,0x0000,0x0000,0x0000,0x0000,0x0000,
  0x0000,0x0000,0x0000,0x0000,0x0000,0x0000,0x0000,0x0000,0x0000,0x0000,0x0000,0x0000,
  0x0000,0x0000,0x0000,0x0000,0x0000,0x0000,0x0000,0x0000,0x0000,0x0000,0x0000,0x0000,
  0x0000,0x0000,0x0000,0x0000,0x0000,0x0000,0x0000,0x0000,0x0000,0x0000,0x0000,0x0000,
  0x0000,0x0000,0x0000,0x0000,0x0000,0x0000,0x0000,0x0000,0x0000,0x0000,0x0000,0x0000,
  0x0000,0x0000,0x0000,0x0000,0x0000,0x0000,0x0000,0x0000,0x0000,0x0000,0x0000,0x0000,
  0x0000,0x0000,0x0000,0x0000,0x0000,0x0000,0x0000,0x0000,0x0000,0x0000,0x0000,0x0000,
  0x0000,0x0000,0x0000,0x0000,0x0000,0x0000,0x0000,0x0000,0x0000,0x0000,0x0000,0x0000,
  0x0000,0x0000,0x0000,0x0000,0x0000,0x0000,0x0000,0x0000,0x0000,0x0000,0x0000,0x0000,
  0x0000,0x0000,0x0000,0x0000,0x0000,0x0000,0x0000,0x0000,0x0000,0x0000,0x0000,0x0000,
  0x0000,0x0000,0x0000,0x0000,0x0000,0x0000,0x0000,0x0000,0x0000,0x0000,0x0000,0x0000,
  0x0000,0x0000,0x0000,0x0000,0x0000,0x0000,0x0000,0x0000,0x0000,0x0000,0x0000,0x0000,
  0x0000,0x0000,0x0000,0x0000,0x0000,0x0000,0x0000,0x0000,0x0000,0x0000,0x0000,0x0000,
  0x0000,0x0000,0x0000,0x0000,0x0000,0x0000,0x0000,0x0000,0x0000,0x0000,0x0000,0x0000,
  0x0000,0x0000,0x0000,0x0000,0x0000,0x0000,0x0000,0x0000,0x0000,0x0000,0x0000,0x0000,
  0x0000,0x0000,0x0000,0x0000,0x0000,0x0000,0x0000,0x0000,0x0000,0x0000,0x0001,0x0000,
  0x0000,0x0000,0x0000,0x0000,0x0000,0x0000,0x0000,0x0000,0x0000,0x0000,0x0000,0x0000,
  0x0000,0x0000,0x0000,0x0000,0x0000,0x0000,0x0000,0x0000,0x0000,0x0000,0x0000,0x0000,
  0x0000,0x0000,0x0000,0x0000,0x0000,0x0000,0x0000,0x0000,0x0000,0x0000,0x0000,0x0000,
  0x0000,0x0000,0x0000,0x0000,0x0000,0x0000,0x0000,0x0000,0x0000,0x0000,0x0000,0x0000,
  0x0000,0x0000,0x0000,0x0000,0x0000,0x0000,0x0000,0x0000,0x0000,0x0000,0x0000,0x0000,
  0x0000,0x0000,0x0000,0x0000,0x0000,0x0000,0x0000,0x0000,0x0000,0x0000,0x0000,0x0000,
  0x0000,0x0000,0x0000,0x0000,0x0000,0x0000,0x0000,0x0000,0x0000,0x0000,0x0000,0x0000,
  0x0000,0x0000,0x0000,0x0000,0x0000,0x0000,0x0000,0x0000,0x0000,0x0000,0x0000,0x0000,
  0x0000,0x0000,0x0000,0x0000,0x0000,0x0000,0x0000,0x0000,0x0000,0x0000,0x0000,0x0000,
  0x0000,0x0000,0x0000,0x0000,0x0000,0x0000,0x0000,0x0000,0x0000,0x0000,0x0000,0x0000,
  0x0000,0x0000,0x0000,0x0000,0x0000,0x0000,0x0000,0x0000,0x0000,0x0000,0x0000,0x0000,
  0x0000,0x0000,0x0000,0x0000,0x0000,0x0000,0x0000,0x0000,0x0000,0x0000,0x0000,0x0000,
  0x0000,0x0000,0x0000,0x0000,0x0000,0x0000,0x0000,0x0000,0x0000,0x0000,0x0000,0x0000,
  0x0000,0x0000,0x0000,0x0000,0x0000,0x0000,0x0000,0x0000,0x0000,0x0000,0x0000,0x0000,
  0x0000,0x0000,0x0000,0x0000,0x0000,0x0000,0x0000,0x0000,0x0000,0x0000,0x0000,0x0000,
  0x0000,0x0000,0x0000,0x0000,0x0000,0x0000,0x0000,0x0000,0x0000,0x0000,0x0000,0x0000,
  0x0000,0x0000,0x0000,0x0000,0x0000,0x0000,0x0000,0x0000,0x0000,0x0000,0x0000,0x0000,
  0x0000,0x0000,0x0000,0x0000,0x0000,0x0000,0x0000,0x0000,0x0000,0x0000,0x0000,0x0000,
  0x0000,0x0000,0x0000,0x0000,0x0000,0x0000,0x0000,0x0000,0x0000,0x0000,0x0000,0x0000,
  0x0000,0x0000,0x0000,0x0000,0x0000,0x0000,0x0000,0x0000,0x0000,0x0000,0x0001,0x0000,
  0x0000,0x0000,0x0000,0x0000,0x0000,0x0000,0x0000,0x0000,0x0000,0x0000,0x0001,0x0001,
  0x0000,0x0000,0x0000,0x0000,0x0000,0x0000,0x0000,0x0000,0x0000,0x0000,0x0000,0x0000,
  0x0000,0x0000,0x0000,0x0000,0x0000,0x0000,0x0000,0x0000,0x0000,0x0000,0x0000,0x0000,
  0x0000,0x0000,0x0000,0x0000,0x0000,0x0000,0x0000,0x0000,0x0000,0x0000,0x0000,0x0000,
  0x0000,0x0000,0x0000,0x0000,0x0000,0x0000,0x0000,0x0000,0x0000,0x0000,0x0000,0x0000,
  0x0000,0x0000,0x0000,0x0000,0x0000,0x0000,0x0000,0x0000,0x0000,0x0000,0x0000,0x0000,
  0x0000,0x0000,0x0000,0x0000,0x0000,0x0000,0x0000,0x0000,0x0000,0x0000,0x0000,0x0000,
  0x0000,0x0000,0x0000,0x0000,0x0000,0x0000,0x0000,0x0000,0x0000,0x0000,0x0000,0x0000,
  0x0000,0x0000,0x0000,0x0000,0x0000,0x0000,0x0000,0x0000,0x0000,0x0000,0x0000,0x0000,
  0x0000,0x0000,0x0000,0x0000,0x0000,0x0000,0x0000,0x0000,0x0000,0x0000,0x0000,0x0000,
  0x0000,0x0000,0x0000,0x0000,0x0000,0x0000,0x0000,0x0000,0x0000,0x0000,0x0000,0x0000,
  0x0000,0x0000,0x0000,0x0000,0x0000,0x0000,0x0000,0x0000,0x0000,0x0000,0x0000,0x0000,
  0x0000,0x0000,0x0000,0x0000,0x0000,0x0000,0x0000,0x0000,0x0000,0x0000,0x0000,0x0000,
  0x0000,0x0000,0x0000,0x0000,0x0000,0x0000,0x0000,0x0000,0x0000,0x0000,0x0000,0x0000,
  0x0000,0x0000,0x0000,0x0000,0x0000,0x0000,0x0000,0x0000,0x0000,0x0000,0x0000,0x0000,
  0x0000,0x0000,0x0000,0x0000,0x0000,0x0000,0x0000,0x0000,0x0000,0x0000,0x0000,0x0000,
  0x0000,0x0000,0x0000,0x0000,0x0000,0x0000,0x0000,0x0000,0x0000,0x0000,0x0000,0x0000,
  0x0000,0x0000,0x0000,0x0000,0x0000,0x0000,0x0000,0x0000,0x0000,0x0000,0x0000,0x0000,
  0x0000,0x0000,0x0000,0x0000,0x0000,0x0000,0x0000,0x0000,0x0000,0x0000,0x0000,0x0000,
  0x0000,0x0000,0x0000,0x0000,0x0000,0x0000,0x0000,0x0000,0x0000,0x0001,0x0001,0x0000,
  0x0001,0x0000,0x0000,0x0000,0x0000,0x0000,0x0000,0x0000,0x0001,0x0001,0x0001,0x0001,
  0x0000,0x0000,0x0000,0x0000,0x0000,0x0000,0x0000,0x0000,0x0000,0x0000,0x0000,0x0001,
  0x0000,0x0000,0x0000,0x0000,0x0000,0x0000,0x0000,0x0000,0x0000,0x0000,0x0000,0x0000,
  0x0000,0x0000,0x0000,0x0000,0x0000,0x0000,0x0000,0x0000,0x0000,0x0000,0x0000,0x0000,
  0x0000,0x0000,0x0000,0x0000,0x0000,0x0000,0x0000,0x0000,0x0000,0x0000,0x0000,0x0000,
  0x0000,0x0000,0x0000,0x0000,0x0000,0x0000,0x0000,0x0000,0x0000,0x0000,0x0000,0x0000,
  0x0000,0x0000,0x0000,0x0000,0x0000,0x0000,0x0000,0x0000,0x0000,0x0000,0x0000,0x0000,
  0x0000,0x0000,0x0000,0x0000,0x0000,0x0000,0x0000,0x0000,0x0000,0x0000,0x0000,0x0000,
  0x0000,0x0000,0x0000,0x0000,0x0000,0x0000,0x0000,0x0000,0x0000,0x0000,0x0000,0x0000,
  0x0000,0x0000,0x0000,0x0000,0x0000,0x0000,0x0000,0x0000,0x0000,0x0000,0x0000,0x0000,
  0x0000,0x0000,0x0000,0x0000,0x0000,0x0000,0x0000,0x0000,0x0000,0x0000,0x0000,0x0000,
  0x0000,0x0000,0x0000,0x0000,0x0000,0x0000,0x0000,0x0000,0x0000,0x0000,0x0000,0x0000,
  0x0000,0x0000,0x0000,0x0000,0x0000,0x0000,0x0000,0x0000,0x0000,0x0000,0x0000,0x0000,
  0x0000,0x0000,0x0000,0x0000,0x0000,0x0000,0x0000,0x0000,0x0000,0x0000,0x0000,0x0000,
  0x0000,0x0000,0x0000,0x0000,0x0000,0x0000,0x0000,0x0000,0x0000,0x0000,0x0000,0x0000,
  0x0000,0x0000,0x0000,0x0000,0x0000,0x0000,0x0000,0x0000,0x0000,0x0000,0x0000,0x0000,
  0x0000,0x0000,0x0000,0x0000,0x0000,0x0000,0x0000,0x0000,0x0000,0x0000,0x0000,0x0000,
  0x0000,0x0000,0x0000,0x0000,0x0000,0x0000,0x0000,0x0000,0x0000,0x0000,0x0000,0x0000,
  0x0000,0x0000,0x0000,0x0000,0x0000,0x0000,0x0000,0x0000,0x0000,0x0000,0x0000,0x0001,
  0x0000,0x0000,0x0000,0x0000,0x0000,0x0000,0x0000,0x0001,0x0001,0x0001,0x0001,0x0001,
  0x0001,0x0001,0x0001,0x0001,0x0001,0x0001,0x0001,0x0001,0x0001,0x0001,0x0001,0x0001,
  0x0000,0x0000,0x0000,0x0000,0x0000,0x0000,0x0000,0x0000,0x0000,0x0001,0x0001,0x0001,
  0x0000,0x0000,0x0000,0x0000,0x0000,0x0000,0x0000,0x0000,0x0000,0x0000,0x0000,0x0000,
  0x0000,0x0000,0x0000,0x0000,0x0000,0x0000,0x0000,0x0000,0x0000,0x0000,0x0000,0x0000,
  0x0000,0x0000,0x0000,0x0000,0x0000,0x0000,0x0000,0x0000,0x0000,0x0000,0x0000,0x0000,
  0x0000,0x0000,0x0000,0x0000,0x0000,0x0000,0x0000,0x0000,0x0000,0x0000,0x0000,0x0000,
  0x0000,0x0000,0x0000,0x0000,0x0000,0x0000,0x0000,0x0000,0x0000,0x0000,0x0000,0x0000,
  0x0000,0x0000,0x0000,0x0000,0x0000,0x0000,0x0000,0x0000,0x0000,0x0000,0x0000,0x0000,
  0x0000,0x0000,0x0000,0x0000,0x0000,0x0000,0x0000,0x0000,0x0000,0x0000,0x0000,0x0000,
  0x0000,0x0000,0x0000,0x0000,0x0000,0x0000,0x0000,0x0000,0x0000,0x0000,0x0000,0x0000,
  0x0000,0x0000,0x0000,0x0000,0x0000,0x0000,0x0000,0x0000,0x0000,0x0000,0x0000,0x0000,
  0x0000,0x0000,0x0000,0x0000,0x0000,0x0000,0x0000,0x0000,0x0000,0x0000,0x0000,0x0000,
  0x0000,0x0000,0x0000,0x0000,0x0000,0x0000,0x0000,0x0000,0x0000,0x0000,0x0000,0x0000,
  0x0000,0x0000,0x0000,0x0000,0x0000,0x0000,0x0000,0x0000,0x0000,0x0000,0x0000,0x0000,
  0x0000,0x0000,0x0000,0x0000,0x0000,0x0000,0x0000,0x0000,0x0000,0x0000,0x0000,0x0000,
  0x0000,0x0000,0x0000,0x0000,0x0000,0x0000,0x0000,0x0000,0x0000,0x0000,0x0000,0x0000,
  0x0000,0x0000,0x0000,0x0000,0x0000,0x0000,0x0000,0x0000,0x0000,0x0000,0x0000,0x0000,
  0x0000,0x0000,0x0000,0x0000,0x0000,0x0000,0x0000,0x0000,0x0000,0x0000,0x0000,0x0000,
  0x0000,0x0000,0x0000,0x0000,0x0000,0x0000,0x0000,0x0000,0x0000,0x0000,0x0001,0x0001,
  0x0000,0x0001,0x0001,0x0000,0x0001,0x0001,0x0001,0x0001,0x0001,0x0001,0x0001,0x0001,
  0x0001,0x0001,0x0001,0x0001,0x0001,0x0001,0x0001,0x0001,0x0001,0x0001,0x0001,0x0001,
  0x0000,0x0000,0x0000,0x0001,0x0001,0x0001,0x0001,0x0001,0x0001,0x0001,0x0001,0x0001,
  0x0000,0x0000,0x0000,0x0000,0x0000,0x0000,0x0000,0x0000,0x0000,0x0000,0x0000,0x0001,
  0x0000,0x0000,0x0000,0x0000,0x0000,0x0000,0x0000,0x0000,0x0000,0x0000,0x0000,0x0000,
  0x0000,0x0000,0x0000,0x0000,0x0000,0x0000,0x0000,0x0000,0x0000,0x0000,0x0000,0x0000,
  0x0000,0x0000,0x0000,0x0000,0x0000,0x0000,0x0000,0x0000,0x0000,0x0000,0x0000,0x0000,
  0x0000,0x0000,0x0000,0x0000,0x0000,0x0000,0x0000,0x0000,0x0000,0x0000,0x0000,0x0000,
  0x0000,0x0000,0x0000,0x0000,0x0000,0x0000,0x0000,0x0000,0x0000,0x0000,0x0000,0x0000,
  0x0000,0x0000,0x0000,0x0000,0x0000,0x0000,0x0000,0x0000,0x0000,0x0000,0x0000,0x0000,
  0x0000,0x0000,0x0000,0x0000,0x0000,0x0000,0x0000,0x0000,0x0000,0x0000,0x0000,0x0000,
  0x0000,0x0000,0x0000,0x0000,0x0000,0x0000,0x0000,0x0000,0x0000,0x0000,0x0000,0x0000,
  0x0000,0x0000,0x0000,0x0000,0x0000,0x0000,0x0000,0x0000,0x0000,0x0000,0x0000,0x0000,
  0x0000,0x0000,0x0000,0x0000,0x0000,0x0000,0x0000,0x0000,0x0000,0x0000,0x0000,0x0000,
  0x0000,0x0000,0x0000,0x0000,0x0000,0x0000,0x0000,0x0000,0x0000,0x0000,0x0000,0x0000,
  0x0000,0x0000,0x0000,0x0000,0x0000,0x0000,0x0000,0x0000,0x0000,0x0000,0x0000,0x0000,
  0x0000,0x0000,0x0000,0x0000,0x0000,0x0000,0x0000,0x0000,0x0000,0x0000,0x0000,0x0000,
  0x0000,0x0000,0x0000,0x0000,0x0000,0x0000,0x0000,0x0000,0x0000,0x0000,0x0000,0x0000,
  0x0000,0x0000,0x0000,0x0000,0x0000,0x0000,0x0000,0x0000,0x0000,0x0000,0x0000,0x0001,
  0x0000,0x0000,0x0000,0x0000,0x0000,0x0000,0x0000,0x0001,0x0001,0x0001,0x0001,0x0001,
  0x0001,0x0001,0x0001,0x0001,0x0001,0x0001,0x0001,0x0001,0x0001,0x0001,0x0001,0x0001,
  0x0001,0x0001,0x0001,0x0001,0x0001,0x0001,0x0001,0x0001,0x0001,0x0001,0x0001,0x0001,
  0x0001,0x0001,0x0001,0x0001,0x0001,0x0001,0x0001,0x0001,0x0001,0x0001,0x0001,0x0001,
  0x0001,0x0001,0x0001,0x0001,0x0001,0x0001,0x0001,0x0001,0x0001,0x0001,0x0001,0x0001,
  0x0001,0x0001,0x0000,0x0000,0x0000,0x0000,0x0000,0x0000,0x0000,0x0000,0x0000,0x0000,
  0x0000,0x0000,0x0000,0x0000,0x0000,0x0000,0x0000,0x0000,0x0000,0x0000,0x0000,0x0000,
  0x0000,0x0000,0x0000,0x0000,0x0000,0x0000,0x0000,0x0000,0x0000,0x0000,0x0000,0x0000,
  0x0000,0x0000,0x0000,0x0000,0x0000,0x0000,0x0000,0x0000,0x0000,0x0000,0x0000,0x0000,
  0x0000,0x0000,0x0000,0x0000,0x0000,0x0000,0x0000,0x0000,0x0000,0x0000,0x0000,0x0000,
  0x0000,0x0000,0x0000,0x0000,0x0000,0x0000,0x0000,0x0000,0x0000,0x0000,0x0000,0x0000,
  0x0000,0x0000,0x0000,0x0000,0x0000,0x0000,0x0000,0x0000,0x0000,0x0000,0x0000,0x0000,
  0x0000,0x0000,0x0000,0x0000,0x0000,0x0000,0x0000,0x0000,0x0000,0x0000,0x0000,0x0000,
  0x0000,0x0000,0x0000,0x0000,0x0000,0x0000,0x0000,0x0000,0x0000,0x0000,0x0000,0x0000,
  0x0000,0x0000,0x0000,0x0000,0x0000,0x0000,0x0000,0x0000,0x0000,0x0000,0x0000,0x0000,
  0x0000,0x0000,0x0000,0x0000,0x0000,0x0000,0x0000,0x0000,0x0000,0x0000,0x0000,0x0000,
  0x0000,0x0000,0x0000,0x0000,0x0000,0x0000,0x0000,0x0000,0x0000,0x0000,0x0000,0x0000,
  0x0000,0x0000,0x0000,0x0000,0x0000,0x0000,0x0000,0x0000,0x0000,0x0000,0x0000,0x0000,
  0x0000,0x0000,0x0000,0x0000,0x0000,0x0000,0x0000,0x0000,0x0000,0x0000,0x0000,0x0000,
  0x0000,0x0000,0x0000,0x0000,0x0000,0x0000,0x0000,0x0000,0x0000,0x0000,0x0000,0x0001,
  0x0000,0x0000,0x0000,0x0000,0x0000,0x0000,0x0000,0x0000,0x0001,0x0001,0x0001,0x0001,
  0x0001,0x0001,0x0001,0x0001,0x0001,0x0001,0x0001,0x0001,0x0001,0x0001,0x0001,0x0001,
  0x0001,0x0001,0x0001,0x0001,0x0001,0x0001,0x0001,0x0001,0x0001,0x0001,0x0001,0x0001,
  0x0001,0x0001,0x0001,0x0001,0x0001,0x0001,0x0001,0x0001,0x0021,0x0001,0x0001,0x0001,
  0x0001,0x0001,0x0001,0x0001,0x0001,0x0001,0x0001,0x0001,0x0001,0x0001,0x0000,0x0001,
  0x0000,0x0000,0x0000,0x0000,0x0000,0x0000,0x0000,0x0000,0x0000,0x0000,0x0000,0x0001,
  0x0000,0x0000,0x0000,0x0000,0x0000,0x0000,0x0000,0x0000,0x0000,0x0000,0x0000,0x0000,
  0x0000,0x0000,0x0000,0x0000,0x0000,0x0000,0x0000,0x0000,0x0000,0x0000,0x0000,0x0000,
  0x0000,0x0000,0x0000,0x0000,0x0000,0x0000,0x0000,0x0000,0x0000,0x0000,0x0000,0x0000,
  0x0000,0x0000,0x0000,0x0000,0x0000,0x0000,0x0000,0x0000,0x0000,0x0000,0x0000,0x0000,
  0x0000,0x0000,0x0000,0x0000,0x0000,0x0000,0x0000,0x0000,0x0000,0x0000,0x0000,0x0000,
  0x0000,0x0000,0x0000,0x0000,0x0000,0x0000,0x0000,0x0000,0x0000,0x0000,0x0000,0x0000,
  0x0000,0x0000,0x0000,0x0000,0x0000,0x0000,0x0000,0x0000,0x0000,0x0000,0x0000,0x0000,
  0x0000,0x0000,0x0000,0x0000,0x0000,0x0000,0x0000,0x0000,0x0000,0x0000,0x0000,0x0000,
  0x0000,0x0000,0x0000,0x0000,0x0000,0x0000,0x0000,0x0000,0x0000,0x0000,0x0000,0x0000,
  0x0000,0x0000,0x0000,0x0000,0x0000,0x0000,0x0000,0x0000,0x0000,0x0000,0x0000,0x0000,
  0x0000,0x0000,0x0000,0x0000,0x0000,0x0000,0x0000,0x0000,0x0000,0x0000,0x0000,0x0000,
  0x0000,0x0000,0x0000,0x0000,0x0000,0x0000,0x0000,0x0000,0x0000,0x0000,0x0000,0x0000,
  0x0000,0x0000,0x0000,0x0000,0x0000,0x0000,0x0000,0x0000,0x0000,0x0000,0x0000,0x0000,
  0x0000,0x0000,0x0000,0x0000,0x0000,0x0000,0x0000,0x0000,0x0000,0x0000,0x0000,0x0001,
  0x0000,0x0000,0x0000,0x0000,0x0000,0x0000,0x0000,0x0000,0x0001,0x0001,0x0001,0x0001,
  0x0001,0x0001,0x0001,0x0001,0x0001,0x0001,0x0001,0x0001,0x0001,0x0001,0x0001,0x0001,
  0x0001,0x0001,0x0001,0x0001,0x0001,0x0001,0x0001,0x0001,0x0001,0x0001,0x0001,0x0001,
  0x0001,0x0001,0x0001,0x0001,0x0001,0x0001,0x0001,0x0001,0x0001,0x0001,0x0001,0x0001,
  0x0001,0x0001,0x0001,0x0001,0x0001,0x0001,0x0001,0x0001,0x0001,0x0001,0x0001,0x0001,
  0x0001,0x0000,0x0000,0x0000,0x0000,0x0000,0x0000,0x0000,0x0000,0x0000,0x0000,0x0000,
  0x0000,0x0000,0x0000,0x0000,0x0000,0x0000,0x0000,0x0000,0x0000,0x0000,0x0000,0x0000,
  0x0000,0x0000,0x0000,0x0000,0x0000,0x0000,0x0000,0x0000,0x0000,0x0000,0x0000,0x0000,
  0x0000,0x0000,0x0000,0x0000,0x0000,0x0000,0x0000,0x0000,0x0000,0x0000,0x0000,0x0000,
  0x0000,0x0000,0x0000,0x0000,0x0000,0x0000,0x0000,0x0000,0x0000,0x0000,0x0000,0x0000,
  0x0000,0x0000,0x0000,0x0000,0x0000,0x0000,0x0000,0x0000,0x0000,0x0000,0x0000,0x0000,
  0x0000,0x0000,0x0000,0x0000,0x0000,0x0000,0x0000,0x0000,0x0000,0x0000,0x0000,0x0000,
  0x0000,0x0000,0x0000,0x0000,0x0000,0x0000,0x0000,0x0000,0x0000,0x0000,0x0000,0x0000,
  0x0000,0x0000,0x0000,0x0000,0x0000,0x0000,0x0000,0x0000,0x0000,0x0000,0x0000,0x0000,
  0x0000,0x0000,0x0000,0x0000,0x0000,0x0000,0x0000,0x0000,0x0000,0x0000,0x0000,0x0000,
  0x0000,0x0000,0x0000,0x0000,0x0000,0x0000,0x0000,0x0000,0x0000,0x0000,0x0000,0x0000,
  0x0000,0x0000,0x0000,0x0000,0x0000,0x0000,0x0000,0x0000,0x0000,0x0000,0x0000,0x0000,
  0x0000,0x0000,0x0000,0x0000,0x0000,0x0000,0x0000,0x0000,0x0000,0x0000,0x0000,0x0000,
  0x0000,0x0000,0x0000,0x0000,0x0000,0x0000,0x0000,0x0000,0x0000,0x0000,0x0000,0x0000,
  0x0000,0x0000,0x0000,0x0000,0x0000,0x0000,0x0000,0x0000,0x0000,0x0000,0x0000,0x0001,
  0x0000,0x0000,0x0000,0x0000,0x0000,0x0000,0x0000,0x0000,0x0001,0x0001,0x0001,0x0001,
  0x0001,0x0001,0x0001,0x0001,0x0001,0x0001,0x0001,0x0001,0x0001,0x0001,0x0001,0x0001,
  0x0001,0x0001,0x0001,0x0001,0x0001,0x0001,0x0001,0x0001,0x0001,0x0001,0x0001,0x0001,
  0x0001,0x0001,0x0001,0x0001,0x0001,0x0001,0x0001,0x0001,0x0001,0x0001,0x0001,0x0001,
  0x0001,0x0001,0x0001,0x0001,0x0001,0x0001,0x0001,0x0001,0x0001,0x0001,0x0001,0x0001,
  0x0001,0x0001,0x0000,0x0000,0x0000,0x0000,0x0000,0x0000,0x0000,0x0000,0x0000,0x0000,
  0x0000,0x0000,0x0000,0x0000,0x0000,0x0000,0x0000,0x0000,0x0000,0x0000,0x0000,0x0000,
  0x0000,0x0000,0x0000,0x0000,0x0000,0x0000,0x0000,0x0000,0x0000,0x0000,0x0000,0x0000,
  0x0000,0x0000,0x0000,0x0000,0x0000,0x0000,0x0000,0x0000,0x0000,0x0000,0x0000,0x0000,
  0x0000,0x0000,0x0000,0x0000,0x0000,0x0000,0x0000,0x0000,0x0000,0x0000,0x0000,0x0000,
  0x0000,0x0000,0x0000,0x0000,0x0000,0x0000,0x0000,0x0000,0x0000,0x0000,0x0000,0x0000,
  0x0000,0x0000,0x0000,0x0000,0x0000,0x0000,0x0000,0x0000,0x0000,0x0000,0x0000,0x0000,
  0x0000,0x0000,0x0000,0x0000,0x0000,0x0000,0x0000,0x0000,0x0000,0x0000,0x0000,0x0000,
  0x0000,0x0000,0x0000,0x0000,0x0000,0x0000,0x0000,0x0000,0x0000,0x0000,0x0000,0x0000,
  0x0000,0x0000,0x0000,0x0000,0x0000,0x0000,0x0000,0x0000,0x0000,0x0000,0x0000,0x0000,
  0x0000,0x0000,0x0000,0x0000,0x0000,0x0000,0x0000,0x0000,0x0000,0x0000,0x0000,0x0000,
  0x0000,0x0000,0x0000,0x0000,0x0000,0x0000,0x0000,0x0000,0x0000,0x0000,0x0000,0x0000,
  0x0000,0x0000,0x0000,0x0000,0x0000,0x0000,0x0000,0x0000,0x0000,0x0000,0x0000,0x0000,
  0x0000,0x0000,0x0000,0x0000,0x0000,0x0000,0x0000,0x0000,0x0000,0x0000,0x0000,0x0000,
  0x0000,0x0000,0x0000,0x0000,0x0000,0x0000,0x0000,0x0000,0x0000,0x0000,0x0000,0x0001,
  0x0000,0x0000,0x0000,0x0000,0x0000,0x0000,0x0001,0x0001,0x0001,0x0001,0x0001,0x0001,
  0x0001,0x0001,0x0001,0x0001,0x0001,0x0001,0x0001,0x0001,0x0001,0x0001,0x0001,0x0001,
  0x0001,0x0001,0x0001,0x0001,0x0001,0x0001,0x0001,0x0001,0x0001,0x0001,0x0001,0x0001,
  0x0001,0x0001,0x0001,0x0001,0x0001,0x0001,0x0001,0x0001,0x0001,0x0001,0x0001,0x0001,
  0x0001,0x0001,0x0001,0x0001,0x0001,0x0001,0x0001,0x0001,0x0001,0x0001,0x0001,0x0001,
  0x0001,0x0001,0x0001,0x0001,0x0000,0x0000,0x0000,0x0000,0x0000,0x0000,0x0000,0x0000,
  0x0000,0x0000,0x0000,0x0000,0x0000,0x0000,0x0000,0x0000,0x0000,0x0000,0x0000,0x0000,
  0x0000,0x0000,0x0000,0x0000,0x0000,0x0000,0x0000,0x0000,0x0000,0x0000,0x0000,0x0000,
  0x0000,0x0000,0x0000,0x0000,0x0000,0x0000,0x0000,0x0000,0x0000,0x0000,0x0000,0x0000,
  0x0000,0x0000,0x0000,0x0000,0x0000,0x0000,0x0000,0x0000,0x0000,0x0000,0x0000,0x0000,
  0x0000,0x0000,0x0000,0x0000,0x0000,0x0000,0x0000,0x0000,0x0000,0x0000,0x0000,0x0000,
  0x0000,0x0000,0x0000,0x0000,0x0000,0x0000,0x0000,0x0000,0x0000,0x0000,0x0000,0x0000,
  0x0000,0x0000,0x0000,0x0000,0x0000,0x0000,0x0000,0x0000,0x0000,0x0000,0x0000,0x0000,
  0x0000,0x0000,0x0000,0x0000,0x0000,0x0000,0x0000,0x0000,0x0000,0x0000,0x0000,0x0000,
  0x0000,0x0000,0x0000,0x0000,0x0000,0x0000,0x0000,0x0000,0x0000,0x0000,0x0000,0x0000,
  0x0000,0x0000,0x0000,0x0000,0x0000,0x0000,0x0000,0x0000,0x0000,0x0000,0x0000,0x0000,
  0x0000,0x0000,0x0000,0x0000,0x0000,0x0000,0x0000,0x0000,0x0000,0x0000,0x0000,0x0000,
  0x0000,0x0000,0x0000,0x0000,0x0000,0x0000,0x0000,0x0000,0x0000,0x0000,0x0000,0x0000,
  0x0000,0x0000,0x0000,0x0000,0x0000,0x0000,0x0000,0x0000,0x0000,0x0000,0x0000,0x0000,
  0x0000,0x0000,0x0000,0x0000,0x0000,0x0000,0x0000,0x0000,0x0000,0x0000,0x0000,0x0001,
  0x0000,0x0000,0x0000,0x0000,0x0000,0x0000,0x0001,0x0001,0x0001,0x0001,0x0001,0x0001,
  0x0001,0x0001,0x0001,0x0001,0x0001,0x0001,0x0001,0x0001,0x0001,0x0001,0x0001,0x0001,
  0x0001,0x0001,0x0001,0x0001,0x0001,0x0001,0x0001,0x0001,0x0001,0x0001,0x0001,0x0001,
  0x0001,0x0001,0x0001,0x0001,0x0001,0x0001,0x0001,0x0001,0x0001,0x0001,0x0001,0x0021,
  0x0001,0x0001,0x0001,0x0001,0x0001,0x0001,0x0001,0x0001,0x0001,0x0001,0x0001,0x0001,
  0x0001,0x0001,0x0001,0x0001,0x0000,0x0000,0x0000,0x0000,0x0000,0x0000,0x0000,0x0000,
  0x0000,0x0000,0x0000,0x0000,0x0000,0x0000,0x0000,0x0000,0x0000,0x0000,0x0000,0x0000,
  0x0000,0x0000,0x0000,0x0000,0x0000,0x0000,0x0000,0x0000,0x0000,0x0000,0x0000,0x0000,
  0x0000,0x0000,0x0000,0x0000,0x0000,0x0000,0x0000,0x0000,0x0000,0x0000,0x0000,0x0000,
  0x0000,0x0000,0x0000,0x0000,0x0000,0x0000,0x0000,0x0000,0x0000,0x0000,0x0000,0x0000,
  0x0000,0x0000,0x0000,0x0000,0x0000,0x0000,0x0000,0x0000,0x0000,0x0000,0x0000,0x0000,
  0x0000,0x0000,0x0000,0x0000,0x0000,0x0000,0x0000,0x0000,0x0000,0x0000,0x0000,0x0000,
  0x0000,0x0000,0x0000,0x0000,0x0000,0x0000,0x0000,0x0000,0x0000,0x0000,0x0000,0x0000,
  0x0000,0x0000,0x0000,0x0000,0x0000,0x0000,0x0000,0x0000,0x0000,0x0000,0x0000,0x0000,
  0x0000,0x0000,0x0000,0x0000,0x0000,0x0000,0x0000,0x0000,0x0000,0x0000,0x0000,0x0000,
  0x0000,0x0000,0x0000,0x0000,0x0000,0x0000,0x0000,0x0000,0x0000,0x0000,0x0000,0x0000,
  0x0000,0x0000,0x0000,0x0000,0x0000,0x0000,0x0000,0x0000,0x0000,0x0000,0x0000,0x0000,
  0x0000,0x0000,0x0000,0x0000,0x0000,0x0000,0x0000,0x0000,0x0000,0x0000,0x0000,0x0000,
  0x0000,0x0000,0x0000,0x0000,0x0000,0x0000,0x0000,0x0000,0x0000,0x0000,0x0000,0x0000,
  0x0000,0x0000,0x0000,0x0000,0x0000,0x0000,0x0000,0x0000,0x0000,0x0000,0x0000,0x0001,
  0x0000,0x0000,0x0000,0x0000,0x0000,0x0001,0x0001,0x0001,0x0001,0x0001,0x0001,0x0001,
  0x0001,0x0001,0x0001,0x0001,0x0001,0x0001,0x0001,0x0001,0x0001,0x0001,0x0002,0x0001,
  0x0001,0x0001,0x0001,0x0001,0x0001,0x0001,0x0001,0x0001,0x0002,0x0001,0x0001,0x0001,
  0x0001,0x0001,0x0001,0x0001,0x0001,0x0001,0x0001,0x0001,0x0001,0x0001,0x0001,0x0001,
  0x0001,0x0001,0x0001,0x0001,0x0001,0x0001,0x0001,0x0001,0x0001,0x0001,0x0001,0x0001,
  0x0001,0x0001,0x0001,0x0001,0x0001,0x0001,0x0001,0x0001,0x0000,0x0000,0x0000,0x0001,
  0x0000,0x0000,0x0000,0x0000,0x0000,0x0000,0x0000,0x0000,0x0000,0x0000,0x0000,0x0000,
  0x0000,0x0000,0x0000,0x0000,0x0000,0x0000,0x0000,0x0000,0x0000,0x0000,0x0000,0x0000,
  0x0000,0x0000,0x0000,0x0000,0x0000,0x0000,0x0000,0x0000,0x0000,0x0000,0x0000,0x0000,
  0x0000,0x0000,0x0000,0x0000,0x0000,0x0000,0x0000,0x0000,0x0000,0x0000,0x0000,0x0000,
  0x0000,0x0000,0x0000,0x0000,0x0000,0x0000,0x0000,0x0000,0x0000,0x0000,0x0000,0x0000,
  0x0000,0x0000,0x0000,0x0000,0x0000,0x0000,0x0000,0x0000,0x0000,0x0000,0x0000,0x0000,
  0x0000,0x0000,0x0000,0x0000,0x0000,0x0000,0x0000,0x0000,0x0000,0x0000,0x0000,0x0000,
  0x0000,0x0000,0x0000,0x0000,0x0000,0x0000,0x0000,0x0000,0x0000,0x0000,0x0000,0x0000,
  0x0000,0x0000,0x0000,0x0000,0x0000,0x0000,0x0000,0x0000,0x0000,0x0000,0x0000,0x0000,
  0x0000,0x0000,0x0000,0x0000,0x0000,0x0000,0x0000,0x0000,0x0000,0x0000,0x0000,0x0000,
  0x0000,0x0000,0x0000,0x0000,0x0000,0x0000,0x0000,0x0000,0x0000,0x0000,0x0000,0x0000,
  0x0000,0x0000,0x0000,0x0000,0x0000,0x0000,0x0000,0x0000,0x0000,0x0000,0x0000,0x0000,
  0x0000,0x0000,0x0000,0x0000,0x0000,0x0000,0x0000,0x0000,0x0000,0x0000,0x0000,0x0000,
  0x0000,0x0000,0x0000,0x0000,0x0000,0x0000,0x0000,0x0000,0x0000,0x0000,0x0000,0x0001,
  0x0000,0x0000,0x0000,0x0001,0x0001,0x0001,0x0001,0x0001,0x0001,0x0001,0x0001,0x0001,
  0x0001,0x0001,0x0001,0x0001,0x0001,0x0001,0x0001,0x0001,0x0001,0x0001,0x0802,0x0001,
  0x0002,0x0002,0x0002,0x0002,0x0002,0x0002,0x0002,0x0002,0x0001,0x0001,0x0001,0x0002,
  0x0001,0x0001,0x0001,0x0001,0x0001,0x0001,0x0001,0x0001,0x0001,0x0001,0x0001,0x0001,
  0x0001,0x0001,0x0001,0x0001,0x0001,0x0001,0x0001,0x0001,0x0001,0x0001,0x0001,0x0001,
  0x0001,0x0001,0x0001,0x0001,0x0001,0x0001,0x0001,0x0001,0x0001,0x0001,0x0000,0x0001,
  0x0000,0x0000,0x0000,0x0000,0x0000,0x0000,0x0000,0x0000,0x0000,0x0000,0x0000,0x0000,
  0x0000,0x0000,0x0000,0x0000,0x0000,0x0000,0x0000,0x0000,0x0000,0x0000,0x0000,0x0000,
  0x0000,0x0000,0x0000,0x0000,0x0000,0x0000,0x0000,0x0000,0x0000,0x0000,0x0000,0x0000,
  0x0000,0x0000,0x0000,0x0000,0x0000,0x0000,0x0000,0x0000,0x0000,0x0000,0x0000,0x0000,
  0x0000,0x0000,0x0000,0x0000,0x0000,0x0000,0x0000,0x0000,0x0000,0x0000,0x0000,0x0000,
  0x0000,0x0000,0x0000,0x0000,0x0000,0x0000,0x0000,0x0000,0x0000,0x0000,0x0000,0x0000,
  0x0000,0x0000,0x0000,0x0000,0x0000,0x0000,0x0000,0x0000,0x0000,0x0000,0x0000,0x0000,
  0x0000,0x0000,0x0000,0x0000,0x0000,0x0000,0x0000,0x0000,0x0000,0x0000,0x0000,0x0000,
  0x0000,0x0000,0x0000,0x0000,0x0000,0x0000,0x0000,0x0000,0x0000,0x0000,0x0000,0x0000,
  0x0000,0x0000,0x0000,0x0000,0x0000,0x0000,0x0000,0x0000,0x0000,0x0000,0x0000,0x0000,
  0x0000,0x0000,0x0000,0x0000,0x0000,0x0000,0x0000,0x0000,0x0000,0x0000,0x0000,0x0000,
  0x0000,0x0000,0x0000,0x0000,0x0000,0x0000,0x0000,0x0000,0x0000,0x0000,0x0000,0x0000,
  0x0000,0x0000,0x0000,0x0000,0x0000,0x0000,0x0000,0x0000,0x0000,0x0000,0x0000,0x0000,
  0x0000,0x0000,0x0000,0x0000,0x0000,0x0000,0x0000,0x0000,0x0000,0x0000,0x0000,0x0001,
  0x0000,0x0000,0x0000,0x0001,0x0001,0x0001,0x0001,0x0001,0x0001,0x0001,0x0001,0x0001,
  0x0001,0x0001,0x0001,0x0001,0x0001,0x0001,0x0001,0x0801,0x0802,0x0802,0x0802,0x0802,
  0x0802,0x0802,0x0802,0x0802,0x0802,0x0802,0x0802,0x0802,0x0002,0x0002,0x0002,0x0002,
  0x0001,0x0001,0x0001,0x0001,0x0001,0x0001,0x0001,0x0001,0x0001,0x0001,0x0001,0x0001,
  0x0001,0x0001,0x0001,0x0001,0x0001,0x0001,0x0001,0x0001,0x0001,0x0001,0x0001,0x0001,
  0x0001,0x0001,0x0001,0x0001,0x0001,0x0001,0x0001,0x0001,0x0001,0x0001,0x0001,0x0001,
  0x0000,0x0000,0x0000,0x0000,0x0000,0x0000,0x0000,0x0000,0x0000,0x0000,0x0000,0x0000,
  0x0000,0x0000,0x0000,0x0000,0x0000,0x0000,0x0000,0x0000,0x0000,0x0000,0x0000,0x0000,
  0x0000,0x0000,0x0000,0x0000,0x0000,0x0000,0x0000,0x0000,0x0000,0x0000,0x0000,0x0000,
  0x0000,0x0000,0x0000,0x0000,0x0000,0x0000,0x0000,0x0000,0x0000,0x0000,0x0000,0x0000,
  0x0000,0x0000,0x0000,0x0000,0x0000,0x0000,0x0000,0x0000,0x0000,0x0000,0x0000,0x0000,
  0x0000,0x0000,0x0000,0x0000,0x0000,0x0000,0x0000,0x0000,0x0000,0x0000,0x0000,0x0000,
  0x0000,0x0000,0x0000,0x0000,0x0000,0x0000,0x0000,0x0000,0x0000,0x0000,0x0000,0x0000,
  0x0000,0x0000,0x0000,0x0000,0x0000,0x0000,0x0000,0x0000,0x0000,0x0000,0x0000,0x0000,
  0x0000,0x0000,0x0000,0x0000,0x0000,0x0000,0x0000,0x0000,0x0000,0x0000,0x0000,0x0000,
  0x0000,0x0000,0x0000,0x0000,0x0000,0x0000,0x0000,0x0000,0x0000,0x0000,0x0000,0x0000,
  0x0000,0x0000,0x0000,0x0000,0x0000,0x0000,0x0000,0x0000,0x0000,0x0000,0x0000,0x0000,
  0x0000,0x0000,0x0000,0x0000,0x0000,0x0000,0x0000,0x0000,0x0000,0x0000,0x0000,0x0000,
  0x0000,0x0000,0x0000,0x0000,0x0000,0x0000,0x0000,0x0000,0x0000,0x0000,0x0000,0x0000,
  0x0000,0x0000,0x0000,0x0000,0x0000,0x0000,0x0000,0x0000,0x0000,0x0000,0x0000,0x0001,
  0x0000,0x0000,0x0001,0x0000,0x0001,0x0001,0x0001,0x0001,0x0001,0x0001,0x0001,0x0001,
  0x0001,0x0001,0x0001,0x0801,0x0802,0x0802,0x0802,0x0802,0x0802,0x0802,0x1002,0x0802,
  0x0802,0x0802,0x0802,0x0802,0x0802,0x0802,0x0802,0x0802,0x0802,0x0802,0x0802,0x0802,
  0x0002,0x0001,0x0001,0x0001,0x0002,0x0002,0x0002,0x0002,0x0002,0x0002,0x0002,0x0002,
  0x0001,0x0001,0x0001,0x0001,0x0001,0x0001,0x0001,0x0001,0x0001,0x0001,0x0001,0x0001,
  0x0001,0x0001,0x0001,0x0001,0x0001,0x0001,0x0001,0x0001,0x0001,0x0001,0x0001,0x0001,
  0x0001,0x0001,0x0000,0x0000,0x0000,0x0000,0x0000,0x0000,0x0000,0x0000,0x0000,0x0000,
  0x0000,0x0000,0x0000,0x0000,0x0000,0x0000,0x0000,0x0000,0x0000,0x0000,0x0000,0x0000,
  0x0000,0x0000,0x0000,0x0000,0x0000,0x0000,0x0000,0x0000,0x0000,0x0000,0x0000,0x0000,
  0x0000,0x0000,0x0000,0x0000,0x0000,0x0000,0x0000,0x0000,0x0000,0x0000,0x0000,0x0000,
  0x0000,0x0000,0x0000,0x0000,0x0000,0x0000,0x0000,0x0000,0x0000,0x0000,0x0000,0x0000,
  0x0000,0x0000,0x0000,0x0000,0x0000,0x0000,0x0000,0x0000,0x0000,0x0000,0x0000,0x0000,
  0x0000,0x0000,0x0000,0x0000,0x0000,0x0000,0x0000,0x0000,0x0000,0x0000,0x0000,0x0000,
  0x0000,0x0000,0x0000,0x0000,0x0000,0x0000,0x0000,0x0000,0x0000,0x0000,0x0000,0x0000,
  0x0000,0x0000,0x0000,0x0000,0x0000,0x0000,0x0000,0x0000,0x0000,0x0000,0x0000,0x0000,
  0x0000,0x0000,0x0000,0x0000,0x0000,0x0000,0x0000,0x0000,0x0000,0x0000,0x0000,0x0000,
  0x0000,0x0000,0x0000,0x0000,0x0000,0x0000,0x0000,0x0000,0x0000,0x0000,0x0000,0x0000,
  0x0000,0x0000,0x0000,0x0000,0x0000,0x0000,0x0000,0x0000,0x0000,0x0000,0x0000,0x0000,
  0x0000,0x0000,0x0000,0x0000,0x0000,0x0000,0x0000,0x0000,0x0000,0x0000,0x0000,0x0000,
  0x0000,0x0000,0x0000,0x0000,0x0000,0x0000,0x0000,0x0000,0x0000,0x0000,0x0001,0x0001,
  0x0001,0x0001,0x0001,0x0001,0x0001,0x0001,0x0001,0x0001,0x0001,0x0001,0x0001,0x0001,
  0x0001,0x0801,0x0801,0x0802,0x0802,0x1002,0x1002,0x1802,0x1802,0x1802,0x2003,0x2803,
  0x3024,0x3825,0x4045,0x4066,0x4066,0x4066,0x3846,0x3045,0x2824,0x1823,0x1003,0x0802,
  0x0802,0x0802,0x0002,0x0001,0x0001,0x0001,0x0002,0x0002,0x0002,0x0002,0x0002,0x0002,
  0x0001,0x0002,0x0001,0x0001,0x0001,0x0001,0x0001,0x0001,0x0001,0x0001,0x0001,0x0001,
  0x0001,0x0001,0x0001,0x0001,0x0001,0x0001,0x0001,0x0001,0x0001,0x0001,0x0001,0x0001,
  0x0001,0x0001,0x0001,0x0000,0x0000,0x0000,0x0000,0x0000,0x0000,0x0000,0x0000,0x0000,
  0x0000,0x0000,0x0000,0x0000,0x0000,0x0000,0x0000,0x0000,0x0000,0x0000,0x0000,0x0000,
  0x0000,0x0000,0x0000,0x0001,0x0000,0x0000,0x0000,0x0000,0x0000,0x0000,0x0000,0x0000,
  0x0000,0x0000,0x0000,0x0000,0x0000,0x0000,0x0000,0x0000,0x0000,0x0000,0x0000,0x0000,
  0x0000,0x0000,0x0000,0x0000,0x0000,0x0000,0x0000,0x0000,0x0000,0x0000,0x0000,0x0000,
  0x0000,0x0000,0x0000,0x0000,0x0000,0x0000,0x0000,0x0000,0x0000,0x0000,0x0000,0x0000,
  0x0000,0x0000,0x0000,0x0000,0x0000,0x0000,0x0000,0x0000,0x0000,0x0000,0x0000,0x0000,
  0x0000,0x0000,0x0000,0x0000,0x0000,0x0000,0x0000,0x0000,0x0000,0x0000,0x0000,0x0000,
  0x0000,0x0000,0x0000,0x0000,0x0000,0x0000,0x0000,0x0000,0x0000,0x0000,0x0000,0x0000,
  0x0000,0x0000,0x0000,0x0000,0x0000,0x0000,0x0000,0x0000,0x0000,0x0000,0x0000,0x0000,
  0x0000,0x0000,0x0000,0x0000,0x0000,0x0000,0x0000,0x0000,0x0000,0x0000,0x0000,0x0000,
  0x0000,0x0000,0x0000,0x0000,0x0000,0x0000,0x0000,0x0000,0x0000,0x0000,0x0000,0x0000,
  0x0000,0x0000,0x0000,0x0000,0x0000,0x0000,0x0000,0x0000,0x0000,0x0000,0x0000,0x0000,
  0x0000,0x0000,0x0000,0x0000,0x0000,0x0000,0x0000,0x0000,0x0000,0x0001,0x0001,0x0001,
  0x0001,0x0001,0x0001,0x0001,0x0001,0x0001,0x0001,0x0001,0x0001,0x0001,0x0001,0x0802,
  0x0801,0x0802,0x1002,0x1802,0x2002,0x3823,0x5866,0x78A9,0x90AA,0xA0AB,0xA8AB,0xA8EC,
  0xA94D,0xA9AE,0xA98E,0xA9CF,0xAA10,0xAA11,0xA9F0,0xA1B0,0x914F,0x80EE,0x78AE,0x70AE,
  0x588B,0x4089,0x3087,0x1844,0x0802,0x0002,0x0002,0x0002,0x0002,0x0002,0x0002,0x0002,
  0x0002,0x0002,0x0002,0x0002,0x0001,0x0001,0x0001,0x0001,0x0001,0x0001,0x0001,0x0001,
  0x0001,0x0001,0x0001,0x0001,0x0001,0x0001,0x0001,0x0001,0x0001,0x0001,0x0001,0x0001,
  0x0001,0x0001,0x0001,0x0001,0x0001,0x0000,0x0000,0x0000,0x0000,0x0000,0x0000,0x0000,
  0x0000,0x0000,0x0000,0x0000,0x0000,0x0000,0x0000,0x0000,0x0000,0x0000,0x0000,0x0000,
  0x0000,0x0000,0x0001,0x0908,0x0001,0x0000,0x0000,0x0000,0x0000,0x0000,0x0000,0x0000,
  0x0000,0x0000,0x0000,0x0000,0x0000,0x0000,0x0000,0x0000,0x0000,0x0000,0x0000,0x0000,
  0x0000,0x0000,0x0000,0x0000,0x0000,0x0000,0x0000,0x0000,0x0000,0x0000,0x0000,0x0000,
  0x0000,0x0000,0x0000,0x0000,0x0000,0x0000,0x0000,0x0000,0x0000,0x0000,0x0000,0x0000,
  0x0000,0x0000,0x0000,0x0000,0x0000,0x0000,0x0000,0x0000,0x0000,0x0000,0x0000,0x0000,
  0x0000,0x0000,0x0000,0x0000,0x0000,0x0000,0x0000,0x0000,0x0000,0x0000,0x0000,0x0000,
  0x0000,0x0000,0x0000,0x0000,0x0000,0x0000,0x0000,0x0000,0x0000,0x0000,0x0000,0x0000,
  0x0000,0x0000,0x0000,0x0000,0x0000,0x0000,0x0000,0x0000,0x0000,0x0000,0x0000,0x0000,
  0x0000,0x0000,0x0000,0x0000,0x0000,0x0000,0x0000,0x0000,0x0000,0x0000,0x0000,0x0000,
  0x0000,0x0000,0x0000,0x0000,0x0000,0x0000,0x0000,0x0000,0x0000,0x0000,0x0000,0x0000,
  0x0000,0x0000,0x0000,0x0000,0x0000,0x0000,0x0000,0x0000,0x0000,0x0000,0x0000,0x0001,
  0x0001,0x0001,0x0001,0x0001,0x0001,0x0001,0x0001,0x0001,0x0001,0x0001,0x0001,0x0001,
  0x0001,0x0001,0x0001,0x0001,0x0001,0x0001,0x0001,0x0001,0x0001,0x0802,0x0802,0x1002,
  0x1802,0x3023,0x5866,0x8089,0xA0EB,0xB9EF,0xCAD2,0xD373,0xD394,0xDBB5,0xE3F6,0xEBF7,
  0xF3D7,0xEBD8,0xE336,0xDA95,0xDAB6,0xDAB6,0xDAD7,0xE318,0xE339,0xE319,0xD298,0xBA17,
  0x9195,0x68F2,0x5112,0x4932,0x3950,0x292E,0x190A,0x0865,0x0002,0x0002,0x0002,0x0002,
  0x0002,0x0002,0x0002,0x0002,0x0002,0x0002,0x0002,0x0002,0x0002,0x0002,0x0002,0x0002,
  0x0001,0x0001,0x0001,0x0001,0x0001,0x0001,0x0001,0x0001,0x0001,0x0001,0x0001,0x0001,
  0x0001,0x0001,0x0001,0x0001,0x0001,0x0001,0x0001,0x0001,0x0001,0x0001,0x0001,0x0001,
  0x0000,0x0000,0x0000,0x0000,0x0000,0x0000,0x0000,0x0000,0x0000,0x0000,0x0000,0x0000,
  0x0000,0x0001,0x0885,0x0908,0x0021,0x0000,0x0000,0x0000,0x0000,0x0000,0x0000,0x0000,
  0x0000,0x0000,0x0000,0x0000,0x0000,0x0000,0x0000,0x0000,0x0000,0x0000,0x0000,0x0000,
  0x0000,0x0000,0x0000,0x0000,0x0000,0x0000,0x0000,0x0000,0x0000,0x0000,0x0000,0x0000,
  0x0000,0x0000,0x0000,0x0000,0x0000,0x0000,0x0000,0x0000,0x0000,0x0000,0x0000,0x0000,
  0x0000,0x0000,0x0000,0x0000,0x0000,0x0000,0x0000,0x0000,0x0000,0x0000,0x0000,0x0000,
  0x0000,0x0000,0x0000,0x0000,0x0000,0x0000,0x0000,0x0000,0x0000,0x0000,0x0000,0x0000,
  0x0000,0x0000,0x0000,0x0000,0x0000,0x0000,0x0000,0x0000,0x0000,0x0000,0x0000,0x0000,
  0x0000,0x0000,0x0000,0x0000,0x0000,0x0000,0x0000,0x0000,0x0000,0x0000,0x0000,0x0000,
  0x0000,0x0000,0x0000,0x0000,0x0000,0x0000,0x0000,0x0000,0x0000,0x0000,0x0000,0x0000,
  0x0000,0x0000,0x0000,0x0000,0x0000,0x0000,0x0000,0x0000,0x0000,0x0000,0x0000,0x0000,
  0x0000,0x0000,0x0000,0x0000,0x0000,0x0000,0x0000,0x0000,0x0000,0x0000,0x0000,0x0000,
  0x0000,0x0000,0x0000,0x0000,0x0000,0x0000,0x0000,0x0000,0x0001,0x0001,0x0001,0x0001,
  0x0001,0x0001,0x0001,0x0001,0x0001,0x0001,0x0001,0x0801,0x0801,0x1002,0x3023,0x6046,
  0x8889,0xB1EF,0xCB13,0xDB73,0xE373,0xDA91,0xD9CF,0xD10E,0xC88E,0xC88E,0xC8AF,0xB8AD,
  0xB0CE,0x906C,0x704C,0x604B,0x584D,0x584D,0x584D,0x586E,0x586E,0x506E,0x486F,0x408F,
  0x50F1,0x4932,0x18AF,0x10D0,0x1152,0x1173,0x19B4,0x19D4,0x19D2,0x116D,0x0866,0x0002,
  0x0002,0x0002,0x0002,0x0002,0x0002,0x0002,0x0002,0x0002,0x0002,0x0002,0x0001,0x0002,
  0x0001,0x0001,0x0001,0x0001,0x0001,0x0001,0x0001,0x0001,0x0001,0x0001,0x0001,0x0001,
  0x0001,0x0001,0x0001,0x0001,0x0001,0x0001,0x0000,0x0000,0x0000,0x0000,0x0000,0x0001,
  0x0000,0x0000,0x0000,0x0000,0x0000,0x0000,0x0000,0x0000,0x0000,0x0000,0x0000,0x0000,
  0x0000,0x0021,0x112A,0x0001,0x0000,0x0000,0x0000,0x0000,0x0000,0x0000,0x0000,0x0000,
  0x0000,0x0000,0x0000,0x0000,0x0000,0x0000,0x0000,0x0000,0x0000,0x0000,0x0000,0x0000,
  0x0000,0x0000,0x0000,0x0000,0x0000,0x0000,0x0000,0x0000,0x0000,0x0000,0x0000,0x0000,
  0x0000,0x0000,0x0000,0x0000,0x0000,0x0000,0x0000,0x0000,0x0000,0x0000,0x0000,0x0000,
  0x0000,0x0000,0x0000,0x0000,0x0000,0x0000,0x0000,0x0000,0x0000,0x0000,0x0000,0x0000,
  0x0000,0x0000,0x0000,0x0000,0x0000,0x0000,0x0000,0x0000,0x0000,0x0000,0x0000,0x0000,
  0x0000,0x0000,0x0000,0x0000,0x0000,0x0000,0x0000,0x0000,0x0000,0x0000,0x0000,0x0000,
  0x0000,0x0000,0x0000,0x0000,0x0000,0x0000,0x0000,0x0000,0x0000,0x0000,0x0000,0x0000,
  0x0000,0x0000,0x0000,0x0000,0x0000,0x0000,0x0000,0x0000,0x0000,0x0000,0x0000,0x0000,
  0x0000,0x0000,0x0000,0x0000,0x0000,0x0000,0x0000,0x0000,0x0000,0x0000,0x0000,0x0000,
  0x0000,0x0000,0x0000,0x0000,0x0000,0x0000,0x0000,0x0000,0x0000,0x0000,0x0000,0x0000,
  0x0000,0x0000,0x0000,0x0000,0x0000,0x0000,0x0001,0x0001,0x0001,0x0001,0x0001,0x0001,
  0x0001,0x0001,0x0001,0x0001,0x0001,0x0801,0x0801,0x1802,0x4846,0x7869,0xA9CF,0xC2B2,
  0xD2B3,0xD190,0xC88E,0xC88E,0xC92F,0xD9F2,0xDAD4,0x906C,0x702A,0x706B,0x70AB,0x5829,
  0xA12F,0x888D,0x604B,0x484A,0x402A,0x484A,0x68AC,0x70AE,0x506E,0x386E,0x208F,0x10AF,
  0x08AF,0x08EF,0x00F0,0x00F0,0x00CF,0x00CF,0x1951,0x1973,0x09D4,0x09F5,0x0A77,0x0A34,
  0x094C,0x0024,0x0002,0x0002,0x0002,0x0002,0x0002,0x0002,0x0002,0x0002,0x0002,0x0002,
  0x0002,0x0001,0x0001,0x0001,0x0001,0x0001,0x0001,0x0001,0x0001,0x0001,0x0001,0x0001,
  0x0001,0x0001,0x0001,0x0001,0x0001,0x0001,0x0000,0x0001,0x0000,0x0000,0x0000,0x0001,
  0x0000,0x0000,0x0000,0x0000,0x0000,0x0000,0x0000,0x0000,0x0000,0x0000,0x0000,0x0000,
  0x0000,0x0023,0x0022,0x0000,0x0000,0x0000,0x0000,0x0000,0x0000,0x0000,0x0000,0x0000,
  0x0000,0x0000,0x0000,0x0000,0x0000,0x0000,0x0000,0x0000,0x0000,0x0000,0x0000,0x0000,
  0x0000,0x0000,0x0000,0x0000,0x0000,0x0000,0x0000,0x0000,0x0000,0x0000,0x0000,0x0000,
  0x0000,0x0000,0x0000,0x0000,0x0000,0x0000,0x0000,0x0000,0x0000,0x0000,0x0000,0x0000,
  0x0000,0x0000,0x0000,0x0000,0x0000,0x0000,0x0000,0x0000,0x0000,0x0000,0x0000,0x0000,
  0x0000,0x0000,0x0000,0x0000,0x0000,0x0000,0x0000,0x0000,0x0000,0x0000,0x0000,0x0000,
  0x0000,0x0000,0x0000,0x0000,0x0000,0x0000,0x0000,0x0000,0x0000,0x0000,0x0000,0x0000,
  0x0000,0x0000,0x0000,0x0000,0x0000,0x0000,0x0000,0x0000,0x0000,0x0000,0x0000,0x0000,
  0x0000,0x0000,0x0000,0x0000,0x0000,0x0000,0x0000,0x0000,0x0000,0x0000,0x0000,0x0000,
  0x0000,0x0000,0x0000,0x0000,0x0000,0x0000,0x0000,0x0000,0x0000,0x0000,0x0000,0x0000,
  0x0000,0x0000,0x0000,0x0000,0x0000,0x0000,0x0000,0x0000,0x0000,0x0000,0x0000,0x0000,
  0x0000,0x0000,0x0000,0x0000,0x0000,0x0000,0x0001,0x0001,0x0001,0x0001,0x0001,0x0001,
  0x0001,0x0001,0x0001,0x0001,0x0801,0x2023,0x5888,0x80EB,0xB230,0xCA93,0xC150,0xB02D,
  0xA80C,0x980B,0x900A,0x904C,0x802B,0x704A,0x788B,0x684C,0x708D,0x70AE,0x70CF,0x70F0,
  0x80F1,0x8912,0x9153,0x91D4,0x7972,0x5992,0x51B2,0x59D3,0x61F3,0x61B3,0x4911,0x28D0,
  0x08CF,0x0110,0x0131,0x0152,0x0152,0x0132,0x0131,0x0110,0x2172,0x0130,0x0172,0x01F5,
  0x0AB8,0x12D7,0x11F0,0x0065,0x0003,0x0003,0x0003,0x0002,0x0002,0x0002,0x0002,0x0002,
  0x0002,0x0002,0x0001,0x0001,0x0001,0x0001,0x0001,0x0001,0x0001,0x0001,0x0001,0x0001,
  0x0001,0x0001,0x0001,0x0001,0x0001,0x0001,0x0001,0x0001,0x0001,0x0000,0x0000,0x0001,
  0x0000,0x0000,0x0000,0x0000,0x0000,0x0000,0x0000,0x0000,0x0000,0x0000,0x0000,0x0000,
  0x0000,0x0000,0x0000,0x0000,0x0000,0x0000,0x0000,0x0000,0x0000,0x0000,0x0000,0x0000,
  0x0000,0x0000,0x0000,0x0000,0x0000,0x0000,0x0000,0x0000,0x0000,0x0000,0x0000,0x0000,
  0x0000,0x0000,0x0000,0x0000,0x0000,0x0000,0x0000,0x0000,0x0000,0x0000,0x0000,0x0000,
  0x0000,0x0000,0x0000,0x0000,0x0000,0x0000,0x0000,0x0000,0x0000,0x0000,0x0000,0x0000,
  0x0000,0x0000,0x0000,0x0000,0x0000,0x0000,0x0000,0x0000,0x0000,0x0000,0x0000,0x0000,
  0x0000,0x0000,0x0000,0x0000,0x0000,0x0000,0x0000,0x0000,0x0000,0x0000,0x0000,0x0000,
  0x0000,0x0000,0x0000,0x0000,0x0000,0x0000,0x0000,0x0000,0x0000,0x0000,0x0000,0x0000,
  0x0000,0x0000,0x0000,0x0000,0x0000,0x0000,0x0000,0x0000,0x0000,0x0000,0x0000,0x0000,
  0x0000,0x0000,0x0000,0x0000,0x0000,0x0000,0x0000,0x0000,0x0000,0x0000,0x0000,0x0000,
  0x0000,0x0000,0x0000,0x0000,0x0000,0x0000,0x0000,0x0000,0x0000,0x0000,0x0000,0x0000,
  0x0000,0x0000,0x0000,0x0000,0x0000,0x0000,0x0000,0x0000,0x0000,0x0000,0x0000,0x0000,
  0x0000,0x0000,0x0000,0x0000,0x0000,0x0001,0x0001,0x0001,0x0001,0x0001,0x0001,0x0001,
  0x0001,0x0001,0x0801,0x2023,0x5888,0x80EB,0xB211,0xC1F2,0xB08D,0xA84D,0x900B,0x800A,
  0x780A,0x7009,0x6009,0x5829,0x5849,0x812E,0x582B,0x502A,0x482B,0x484C,0x404D,0x404D,
  0x404E,0x484F,0x4870,0x50D1,0x71D4,0x08AE,0x00D0,0x00F1,0x0112,0x1195,0x2A37,0x4339,
  0x3AF7,0x3AB5,0x1192,0x0131,0x0152,0x0173,0x0173,0x0173,0x0151,0x00EE,0x00EE,0x090F,
  0x6214,0x7277,0x12B8,0x0B59,0x1231,0x0066,0x0023,0x0003,0x0003,0x0003,0x0002,0x0002,
  0x0002,0x0002,0x0002,0x0002,0x0002,0x0001,0x0001,0x0001,0x0001,0x0001,0x0001,0x0001,
  0x0001,0x0001,0x0001,0x0001,0x0001,0x0001,0x0001,0x0001,0x0001,0x0001,0x0001,0x0001,
  0x0000,0x0000,0x0000,0x0000,0x0000,0x0000,0x0000,0x0000,0x0000,0x0000,0x0000,0x0000,
  0x0000,0x0000,0x0000,0x0000,0x0000,0x0000,0x0000,0x0000,0x0000,0x0000,0x0000,0x0000,
  0x0000,0x0000,0x0000,0x0000,0x0000,0x0000,0x0000,0x0000,0x0000,0x0000,0x0000,0x0000,
  0x0000,0x0000,0x0000,0x0000,0x0000,0x0000,0x0000,0x0000,0x0000,0x0000,0x0000,0x0000,
  0x0000,0x0000,0x0000,0x0000,0x0000,0x0000,0x0000,0x0000,0x0000,0x0000,0x0000,0x0000,
  0x0000,0x0000,0x0000,0x0000,0x0000,0x0000,0x0000,0x0000,0x0000,0x0000,0x0000,0x0000,
  0x0000,0x0000,0x0000,0x0000,0x0000,0x0000,0x0000,0x0000,0x0000,0x0000,0x0000,0x0000,
  0x0000,0x0000,0x0000,0x0000,0x0000,0x0000,0x0000,0x0000,0x0000,0x0000,0x0000,0x0000,
  0x0000,0x0000,0x0000,0x0000,0x0000,0x0000,0x0000,0x0000,0x0000,0x0000,0x0000,0x0000,
  0x0000,0x0000,0x0000,0x0000,0x0000,0x0000,0x0000,0x0000,0x0000,0x0000,0x0000,0x0000,
  0x0000,0x0000,0x0000,0x0000,0x0000,0x0000,0x0000,0x0000,0x0000,0x0000,0x0000,0x0000,
  0x0000,0x0000,0x0000,0x0000,0x0000,0x0000,0x0000,0x0000,0x0000,0x0000,0x0000,0x0000,
  0x0000,0x0000,0x0000,0x0000,0x0000,0x0001,0x0001,0x0001,0x0001,0x0001,0x0001,0x0001,
  0x0001,0x1822,0x5087,0x70A9,0xA9D0,0xBA13,0x886B,0xB0CD,0x988C,0x7809,0x6809,0x6009,
  0x5008,0x4808,0x4008,0x4008,0x814E,0x502A,0x480A,0x480A,0x482A,0x504C,0x482B,0x482C,
  0x482C,0x506E,0x50AF,0x48D0,0x308F,0x28D0,0x20F1,0x18F1,0x10F1,0x08F1,0x0132,0x3256,
  0x2279,0x0AFA,0x2BDB,0x3BD9,0x3356,0x09D4,0x0194,0x0173,0x0173,0x0130,0x4212,0x9A54,
  0xB152,0x5992,0x0173,0x01F5,0x02D9,0x1399,0x120F,0x0045,0x0023,0x0003,0x0003,0x0023,
  0x0002,0x0002,0x0002,0x0002,0x0002,0x0002,0x0002,0x0001,0x0001,0x0001,0x0001,0x0001,
  0x0001,0x0001,0x0001,0x0001,0x0001,0x0001,0x0001,0x0001,0x0001,0x0001,0x0001,0x0001,
  0x0000,0x0000,0x0000,0x0000,0x0000,0x0000,0x0000,0x0000,0x0000,0x0000,0x0000,0x0000,
  0x0000,0x0000,0x0000,0x0000,0x0000,0x0000,0x0000,0x0000,0x0000,0x0000,0x0000,0x0000,
  0x0000,0x0000,0x0000,0x0000,0x0000,0x0000,0x0000,0x0000,0x0000,0x0000,0x0000,0x0000,
  0x0000,0x0000,0x0000,0x0000,0x0000,0x0000,0x0000,0x0000,0x0000,0x0000,0x0000,0x0000,
  0x0000,0x0000,0x0000,0x0000,0x0000,0x0000,0x0000,0x0000,0x0000,0x0000,0x0000,0x0000,
  0x0000,0x0000,0x0000,0x0000,0x0000,0x0000,0x0000,0x0000,0x0000,0x0000,0x0000,0x0000,
  0x0000,0x0000,0x0000,0x0000,0x0000,0x0000,0x0000,0x0000,0x0000,0x0000,0x0000,0x0000,
  0x0000,0x0000,0x0000,0x0000,0x0000,0x0000,0x0000,0x0000,0x0000,0x0000,0x0000,0x0000,
  0x0000,0x0000,0x0000,0x0000,0x0000,0x0000,0x0000,0x0000,0x0000,0x0000,0x0000,0x0000,
  0x0000,0x0000,0x0000,0x0000,0x0000,0x0000,0x0000,0x0000,0x0000,0x0000,0x0000,0x0000,
  0x0000,0x0000,0x0000,0x0000,0x0000,0x0000,0x0000,0x0000,0x0000,0x0000,0x0000,0x0000,
  0x0000,0x0000,0x0000,0x0000,0x0000,0x0000,0x0000,0x0000,0x0000,0x0000,0x0000,0x0000,
  0x0000,0x0000,0x0000,0x0001,0x0001,0x0001,0x0001,0x0001,0x0001,0x0001,0x0001,0x0801,
  0x4066,0x6889,0x894D,0xBA12,0x888C,0x7029,0xA8CD,0x806A,0x6849,0x5828,0x5008,0x4828,
  0x4828,0x4849,0x4028,0x3828,0x4028,0x484A,0x4809,0x480A,0x502B,0x584C,0x582B,0x502C,
  0x482B,0x400A,0x380A,0x300A,0x302B,0x304C,0x306E,0x308F,0x30D1,0x3132,0x2954,0x31B5,
  0x5A17,0x1195,0x0238,0x02DA,0x035B,0x2C5C,0x33FA,0x1256,0x09B3,0x82B6,0x9131,0xB0D1,
  0x6930,0x28CD,0x08CE,0x0131,0x01B4,0x0277,0x0B9A,0x23D8,0x118C,0x0024,0x0023,0x0023,
  0x0003,0x0003,0x0002,0x0002,0x0002,0x0002,0x0002,0x0002,0x0001,0x0001,0x0001,0x0001,
  0x0001,0x0001,0x0001,0x0001,0x0001,0x0001,0x0001,0x0001,0x0001,0x0001,0x0001,0x0001,
  0x0000,0x0000,0x0000,0x0000,0x0000,0x0000,0x0000,0x0000,0x0000,0x0000,0x0000,0x0000,
  0x0000,0x0000,0x0000,0x0000,0x0000,0x0000,0x0000,0x0000,0x0000,0x0000,0x0000,0x0000,
  0x0000,0x0000,0x0000,0x0000,0x0000,0x0000,0x0000,0x0000,0x0000,0x0000,0x0000,0x0000,
  0x0000,0x0000,0x0000,0x0000,0x0000,0x0000,0x0000,0x0000,0x0000,0x0000,0x0000,0x0000,
  0x0000,0x0000,0x0000,0x0000,0x0000,0x0000,0x0000,0x0000,0x0000,0x0000,0x0000,0x0000,
  0x0000,0x0000,0x0000,0x0000,0x0000,0x0000,0x0000,0x0000,0x0000,0x0000,0x0000,0x0000,
  0x0000,0x0000,0x0000,0x0000,0x0000,0x0000,0x0000,0x0000,0x0000,0x0000,0x0000,0x0000,
  0x0000,0x0000,0x0000,0x0000,0x0000,0x0000,0x0000,0x0000,0x0000,0x0000,0x0000,0x0000,
  0x0000,0x0000,0x0000,0x0000,0x0000,0x0000,0x0000,0x0000,0x0000,0x0000,0x0000,0x0000,
  0x0000,0x0000,0x0000,0x0000,0x0000,0x0000,0x0000,0x0000,0x0000,0x0000,0x0000,0x0000,
  0x0000,0x0000,0x0000,0x0000,0x0000,0x0000,0x0000,0x0000,0x0000,0x0000,0x0000,0x0000,
  0x0000,0x0000,0x0000,0x0000,0x0000,0x0000,0x0000,0x0000,0x0000,0x0000,0x0000,0x0000,
  0x0000,0x0000,0x0001,0x0001,0x0001,0x0001,0x0001,0x0001,0x0001,0x0801,0x2043,0x6088,
  0x708A,0xB1B1,0x98ED,0x702A,0x6028,0x90AB,0x808A,0x6869,0x5868,0x5068,0x5069,0x4848,
  0x4048,0x3828,0x3828,0x3027,0x3007,0x3828,0x582A,0x602B,0x582B,0x502A,0x4809,0x4009,
  0x3008,0x2807,0x2807,0x2008,0x2008,0x2009,0x282A,0x284B,0x206C,0x206D,0x188E,0x18D1,
  0x4995,0x61D5,0x0953,0x0173,0x01F6,0x0299,0x031A,0x23DB,0x73F9,0xD39A,0xC9F6,0x610F,
  0x086A,0x086A,0x28CD,0x2110,0x00F0,0x0193,0x0236,0x0B5A,0x247B,0x2B54,0x0087,0x0024,
  0x0023,0x0023,0x0003,0x0003,0x0002,0x0022,0x0022,0x0002,0x0002,0x0002,0x0002,0x0001,
  0x0001,0x0001,0x0001,0x0001,0x0001,0x0001,0x0001,0x0001,0x0001,0x0001,0x0001,0x0001,
  0x0000,0x0000,0x0000,0x0000,0x0000,0x0000,0x0000,0x0000,0x0000,0x0000,0x0000,0x0000,
  0x0000,0x0000,0x0000,0x0000,0x0000,0x0000,0x0000,0x0000,0x0000,0x0000,0x0000,0x0000,
  0x0000,0x0000,0x0000,0x0842,0x0022,0x0000,0x0000,0x0000,0x0000,0x0000,0x0000,0x0000,
  0x0000,0x0042,0x0022,0x0000,0x0000,0x0000,0x0000,0x0000,0x0000,0x0000,0x0000,0x0000,
  0x0000,0x0000,0x0000,0x0000,0x0000,0x0000,0x0000,0x0000,0x0000,0x0000,0x0000,0x0000,
  0x0000,0x0000,0x0000,0x0000,0x0000,0x0000,0x0000,0x0000,0x0000,0x0000,0x0000,0x0000,
  0x0000,0x0000,0x0000,0x0000,0x0000,0x0000,0x0000,0x0000,0x0000,0x0000,0x0000,0x0000,
  0x0000,0x0000,0x0000,0x0000,0x0000,0x0000,0x0000,0x0000,0x0000,0x0000,0x0000,0x0000,
  0x0000,0x0000,0x0000,0x0000,0x0000,0x0000,0x0000,0x0000,0x0000,0x0000,0x0000,0x0000,
  0x0000,0x0000,0x0000,0x0000,0x0000,0x0000,0x0000,0x0000,0x0000,0x0000,0x0000,0x0000,
  0x0000,0x0000,0x0000,0x0000,0x0000,0x0000,0x0000,0x0000,0x0000,0x0000,0x0000,0x0000,
  0x0000,0x0000,0x0000,0x0000,0x0000,0x0000,0x0000,0x0000,0x0000,0x0000,0x0000,0x0001,
  0x0000,0x0000,0x0000,0x0001,0x0001,0x0001,0x0001,0x0001,0x0801,0x4066,0x6089,0x890D,
  0x994E,0x7069,0x806B,0x6829,0x5827,0x786A,0x6068,0x60A9,0x70EB,0x5089,0x3027,0x3007,
  0x3027,0x3828,0x3828,0x3828,0x3028,0x3027,0x606A,0x5029,0x4028,0x4028,0x3808,0x3007,
  0x3007,0x2807,0x2007,0x2007,0x2007,0x2007,0x2007,0x1828,0x1828,0x1829,0x184A,0x18CF,
  0x4151,0xC2B7,0x2991,0x0131,0x0131,0x0152,0x01B4,0x4398,0x74BA,0x6AD5,0x6254,0x08CC,
  0x0049,0x0049,0x006A,0x108B,0x210F,0x08EF,0x0152,0x0215,0x02D9,0x143B,0x3479,0x118C,
  0x0025,0x0024,0x0024,0x0023,0x0023,0x0022,0x0023,0x0002,0x0002,0x0002,0x0022,0x0002,
  0x0001,0x0001,0x0001,0x0001,0x0001,0x0001,0x0001,0x0001,0x0001,0x0001,0x0001,0x0001,
  0x0001,0x0001,0x0000,0x0000,0x0000,0x0000,0x0000,0x0000,0x0000,0x0000,0x0000,0x0000,
  0x0000,0x0000,0x0000,0x0000,0x0000,0x0000,0x0000,0x0000,0x0000,0x0000,0x0000,0x0000,
  0x0000,0x0000,0x0000,0x0864,0x0000,0x0000,0x0000,0x0000,0x0000,0x0000,0x0000,0x0000,
  0x0001,0x08C7,0x0000,0x0000,0x0000,0x0000,0x0000,0x0000,0x0000,0x0000,0x0000,0x0000,
  0x0000,0x0000,0x0000,0x0000,0x0000,0x0000,0x0000,0x0000,0x0000,0x0000,0x0000,0x0000,
  0x0000,0x0000,0x0000,0x0000,0x0000,0x0000,0x0000,0x0000,0x0000,0x0000,0x0000,0x0000,
  0x0000,0x0000,0x0000,0x0000,0x0000,0x0000,0x0000,0x0000,0x0000,0x0000,0x0000,0x0000,
  0x0000,0x0000,0x0000,0x0000,0x0000,0x0000,0x0000,0x0000,0x0000,0x0000,0x0000,0x0000,
  0x0000,0x0000,0x0000,0x0000,0x0000,0x0000,0x0000,0x0000,0x0000,0x0000,0x0000,0x0000,
  0x0000,0x0000,0x0000,0x0000,0x0000,0x0000,0x0000,0x0000,0x0000,0x0000,0x0000,0x0000,
  0x0000,0x0000,0x0000,0x0000,0x0000,0x0000,0x0000,0x0000,0x0000,0x0000,0x0000,0x0000,
  0x0000,0x0000,0x0000,0x0000,0x0000,0x0000,0x0000,0x0000,0x0000,0x0000,0x0000,0x0001,
  0x0001,0x0001,0x0001,0x0001,0x0001,0x0001,0x0001,0x1022,0x58A8,0x6069,0xA14F,0x68AA,
  0x5868,0x804B,0x784A,0x5848,0x60A9,0x5888,0x812D,0x68AB,0x3828,0x3007,0x2806,0x3027,
  0x3828,0x3028,0x3007,0x2807,0x2807,0x3848,0x80ED,0x4828,0x3827,0x3006,0x2806,0x2806,
  0x2806,0x2006,0x2006,0x1806,0x1806,0x1806,0x1806,0x1806,0x1007,0x1028,0x1028,0x104A,
  0x10AC,0x8213,0x8294,0x00EE,0x00EE,0x00EF,0x0130,0x11D5,0x4B5B,0x6BFA,0x0AB7,0x1A33,
  0x198F,0x006A,0x0049,0x0069,0x006A,0x18EE,0x110F,0x0131,0x01F5,0x02B8,0x141C,0x34DB,
  0x2AB1,0x0046,0x0024,0x0024,0x0023,0x0023,0x0023,0x0002,0x0022,0x0022,0x0002,0x0002,
  0x0001,0x0001,0x0001,0x0001,0x0001,0x0001,0x0001,0x0001,0x0001,0x0001,0x0001,0x0001,
  0x0001,0x0001,0x0001,0x0001,0x0001,0x0000,0x0000,0x0000,0x0000,0x0000,0x0000,0x0000,
  0x0000,0x0000,0x0000,0x0000,0x0000,0x0000,0x0000,0x0000,0x0000,0x0000,0x0000,0x0000,
  0x0000,0x0000,0x0000,0x0000,0x0000,0x0000,0x0000,0x0000,0x0000,0x0000,0x0000,0x0000,
  0x0000,0x0000,0x0000,0x0000,0x0000,0x0000,0x0000,0x0000,0x0000,0x0000,0x0000,0x0000,
  0x0000,0x0000,0x0000,0x0000,0x0000,0x0000,0x0000,0x0000,0x0000,0x0000,0x0000,0x0000,
  0x0000,0x0000,0x0000,0x0000,0x0000,0x0000,0x0000,0x0000,0x0000,0x0000,0x0000,0x0000,
  0x0000,0x0000,0x0000,0x0000,0x0000,0x0000,0x0000,0x0000,0x0000,0x0000,0x0000,0x0000,
  0x0000,0x0000,0x0000,0x0000,0x0000,0x0000,0x0000,0x0000,0x0000,0x0000,0x0000,0x0000,
  0x0000,0x0000,0x0000,0x0000,0x0000,0x0000,0x0000,0x0000,0x0000,0x0000,0x0000,0x0000,
  0x0000,0x0000,0x0000,0x0000,0x0000,0x0000,0x0000,0x0000,0x0000,0x0000,0x0000,0x0000,
  0x0000,0x0000,0x0000,0x0000,0x0000,0x0000,0x0000,0x0000,0x0000,0x0000,0x0000,0x0000,
  0x0000,0x0000,0x0000,0x0000,0x0000,0x0000,0x0000,0x0000,0x0000,0x0000,0x0000,0x0001,
  0x0001,0x0001,0x0001,0x0001,0x0001,0x0001,0x2043,0x58A9,0x688A,0xA12F,0x4848,0x3826,
  0x808B,0x806A,0x60A9,0x4066,0x68EA,0x88EE,0x5029,0x3808,0x3007,0x3007,0x4048,0x4049,
  0x3007,0x2806,0x2006,0x2006,0x2006,0x48CA,0x810C,0x4028,0x3026,0x2806,0x2806,0x2005,
  0x2005,0x2005,0x1805,0x2026,0x2026,0x2888,0x1806,0x1005,0x1006,0x1047,0x1868,0x0848,
  0x0849,0x108B,0x51AF,0x00CC,0x00AC,0x00CD,0x2150,0x19B6,0x4296,0x0A16,0x02D9,0x0B7A,
  0x1A74,0x2252,0x08AB,0x0069,0x0069,0x006A,0x08CC,0x1130,0x0131,0x01D4,0x0298,0x0BFC,
  0x351B,0x3BB4,0x0087,0x0025,0x0024,0x0023,0x0023,0x0023,0x0022,0x0002,0x0022,0x0022,
  0x0001,0x0001,0x0001,0x0001,0x0001,0x0001,0x0001,0x0001,0x0001,0x0001,0x0001,0x0001,
  0x0001,0x0001,0x0001,0x0001,0x0001,0x0000,0x0000,0x0000,0x0000,0x0000,0x0000,0x0000,
  0x0000,0x0000,0x0000,0x0000,0x0000,0x0000,0x0000,0x0000,0x0000,0x0000,0x0000,0x0000,
  0x0000,0x0000,0x0000,0x0000,0x0000,0x0000,0x0000,0x0000,0x0000,0x0000,0x0000,0x0000,
  0x0000,0x0000,0x0000,0x0000,0x0000,0x0000,0x0000,0x0000,0x0000,0x0000,0x0000,0x0000,
  0x0000,0x0000,0x0000,0x0000,0x0000,0x0000,0x0000,0x0000,0x0000,0x0000,0x0000,0x0000,
  0x0000,0x0000,0x0000,0x0000,0x0000,0x0000,0x0000,0x0000,0x0000,0x0000,0x0000,0x0000,
  0x0000,0x0000,0x0000,0x0000,0x0000,0x0000,0x0000,0x0000,0x0000,0x0000,0x0000,0x0000,
  0x0000,0x0000,0x0000,0x0000,0x0000,0x0000,0x0000,0x0000,0x0000,0x0000,0x0000,0x0000,
  0x0000,0x0000,0x0000,0x0000,0x0000,0x0000,0x0000,0x0000,0x0000,0x0000,0x0000,0x0000,
  0x0000,0x0000,0x0000,0x0000,0x0000,0x0000,0x0000,0x0000,0x0000,0x0000,0x0000,0x0000,
  0x0000,0x0000,0x0000,0x0000,0x0000,0x0000,0x0000,0x0000,0x0000,0x0000,0x0000,0x0000,
  0x0000,0x0000,0x0000,0x0000,0x0000,0x0000,0x0000,0x0000,0x0000,0x0000,0x0000,0x0001,
  0x0001,0x0001,0x0001,0x0001,0x0001,0x3044,0x5088,0x78AB,0x90ED,0x4027,0x3026,0x68AA,
  0x786A,0x5088,0x4066,0x88EE,0x804D,0x4829,0x3808,0x3807,0x4028,0x5049,0x3808,0x3007,
  0x2806,0x2006,0x1805,0x1805,0x2005,0x2806,0x716C,0x508A,0x4847,0x4027,0x2005,0x2005,
  0x1805,0x1804,0x1004,0x1004,0x1825,0x3088,0x1826,0x1005,0x0805,0x0805,0x0826,0x0826,
  0x0827,0x0848,0x088A,0x10AB,0x088B,0x512F,0x4110,0x4214,0x19B2,0x0193,0x01F6,0x0299,
  0x037B,0x1317,0x2293,0x112D,0x0069,0x0049,0x006A,0x008C,0x110F,0x0130,0x01B4,0x0278,
  0x03DB,0x353C,0x4457,0x08C9,0x0025,0x0024,0x0023,0x0023,0x0023,0x0022,0x0002,0x0022,
  0x0002,0x0002,0x0001,0x0001,0x0021,0x0001,0x0001,0x0001,0x0001,0x0001,0x0001,0x0001,
  0x0001,0x0001,0x0001,0x0001,0x0001,0x0001,0x0001,0x0001,0x0000,0x0000,0x0000,0x0000,
  0x0000,0x0000,0x0000,0x0000,0x0000,0x0000,0x0000,0x0000,0x0000,0x0000,0x0000,0x0000,
  0x0000,0x0000,0x0000,0x0000,0x0000,0x0000,0x0000,0x0000,0x0000,0x0000,0x0000,0x0000,
  0x0000,0x0000,0x0000,0x0000,0x0000,0x0000,0x0000,0x0000,0x0000,0x0000,0x0000,0x0000,
  0x0000,0x0000,0x0000,0x0000,0x0000,0x0000,0x0000,0x0000,0x0000,0x0000,0x0000,0x0000,
  0x0000,0x0000,0x0000,0x0000,0x0000,0x0000,0x0000,0x0000,0x0000,0x0000,0x0000,0x0000,
  0x0000,0x0000,0x0000,0x0000,0x0000,0x0000,0x0000,0x0000,0x0000,0x0000,0x0000,0x0000,
  0x0000,0x0000,0x0000,0x0000,0x0000,0x0000,0x0000,0x0000,0x0000,0x0000,0x0000,0x0000,
  0x0000,0x0000,0x0000,0x0000,0x0000,0x0000,0x0000,0x0000,0x0000,0x0000,0x0000,0x0000,
  0x0000,0x0000,0x0000,0x0000,0x0000,0x0000,0x0000,0x0000,0x0000,0x0000,0x0000,0x0000,
  0x0000,0x0000,0x0000,0x0000,0x0000,0x0000,0x0000,0x0000,0x0000,0x0000,0x0000,0x0000,
  0x0000,0x0000,0x0000,0x0000,0x0000,0x0000,0x0000,0x0000,0x0000,0x0001,0x0001,0x0001,
  0x0001,0x0001,0x0001,0x0801,0x3865,0x5068,0x78AC,0x88AC,0x3826,0x3806,0x4827,0x78EB,
  0x4887,0x58A9,0x98B0,0x782C,0x4829,0x4008,0x4008,0x584A,0x5029,0x3808,0x3007,0x2806,
  0x2006,0x2006,0x1805,0x1805,0x1805,0x1805,0x2005,0x48A9,0x58C9,0x6088,0x2024,0x1804,
  0x1004,0x1004,0x1004,0x1004,0x1004,0x1004,0x1004,0x0804,0x0804,0x0804,0x0805,0x0005,
  0x0005,0x0026,0x0827,0x20A9,0x60ED,0x7910,0x28EF,0x29D1,0x00EE,0x010F,0x0151,0x01B4,
  0x0257,0x031A,0x137A,0x22D4,0x19CF,0x0069,0x0069,0x0069,0x088B,0x192F,0x0930,0x01B3,
  0x0277,0x03BB,0x2D5C,0x54B8,0x110A,0x0045,0x0025,0x0024,0x0023,0x0023,0x0023,0x0022,
  0x0022,0x0022,0x0022,0x0022,0x0022,0x0001,0x0021,0x0001,0x0001,0x1022,0x0822,0x0001,
  0x0001,0x0001,0x0001,0x0001,0x0001,0x0022,0x1129,0x0001,0x0001,0x0001,0x0001,0x0001,
  0x0000,0x0000,0x0000,0x0000,0x0000,0x0000,0x0000,0x0000,0x0000,0x0000,0x0000,0x0000,
  0x0000,0x0000,0x0000,0x0000,0x0000,0x0000,0x0000,0x0000,0x0000,0x0000,0x0000,0x0000,
  0x0000,0x0000,0x0000,0x0000,0x0000,0x0000,0x0000,0x0000,0x0000,0x0000,0x0000,0x0000,
  0x0000,0x0000,0x0000,0x0000,0x0000,0x0000,0x0000,0x0000,0x0000,0x0000,0x0000,0x0000,
  0x0000,0x0000,0x0000,0x0000,0x0000,0x0000,0x0000,0x0000,0x0000,0x0000,0x0000,0x0000,
  0x0000,0x0000,0x0000,0x0000,0x0000,0x0000,0x0000,0x0000,0x0000,0x0000,0x0000,0x0000,
  0x0000,0x0000,0x0000,0x0000,0x0000,0x0000,0x0000,0x0000,0x0000,0x0000,0x0000,0x0000,
  0x0000,0x0000,0x0000,0x0000,0x0000,0x0000,0x0000,0x0000,0x0000,0x0000,0x0000,0x0000,
  0x0000,0x0000,0x0000,0x0000,0x0000,0x0000,0x0000,0x0000,0x0000,0x0000,0x0000,0x0000,
  0x0000,0x0000,0x0000,0x0000,0x0000,0x0000,0x0000,0x0000,0x0000,0x0000,0x0000,0x0000,
  0x0000,0x0000,0x0000,0x0000,0x0000,0x0000,0x0000,0x0000,0x0000,0x0001,0x0001,0x0001,
  0x0001,0x0001,0x0801,0x4065,0x5068,0x70AB,0x80EC,0x3846,0x3805,0x3805,0x5888,0x4066,
  0x78CC,0xA070,0x802D,0x502A,0x4008,0x4829,0x584A,0x4808,0x3808,0x3007,0x2806,0x2006,
  0x2005,0x1805,0x1805,0x1805,0x1805,0x1805,0x1805,0x1805,0x3887,0x6949,0x48C7,0x1003,
  0x1003,0x0803,0x0803,0x0803,0x0803,0x0803,0x0804,0x0804,0x0804,0x0804,0x0804,0x0005,
  0x0005,0x0025,0x0825,0x4069,0x308A,0x286B,0x29D1,0x008A,0x00AA,0x00CC,0x00EE,0x0130,
  0x0193,0x0216,0x02D9,0x0B9B,0x22F5,0x2210,0x0069,0x0069,0x1869,0x20AB,0x110E,0x0150,
  0x01B3,0x0277,0x03DB,0x2D7C,0x54D8,0x110A,0x0045,0x0024,0x0024,0x0023,0x0023,0x0022,
  0x0022,0x0002,0x0002,0x0001,0x0002,0x0001,0x0001,0x0001,0x0001,0x40C6,0x1022,0x0001,
  0x0001,0x0001,0x0001,0x0001,0x0001,0x1108,0x0043,0x0001,0x0001,0x0000,0x0000,0x0000,
  0x0000,0x0000,0x0000,0x0000,0x0000,0x0000,0x0000,0x0000,0x0000,0x0000,0x0000,0x0000,
  0x0000,0x0000,0x0000,0x0000,0x0000,0x0000,0x0000,0x0000,0x0000,0x0000,0x0000,0x0000,
  0x0000,0x0000,0x0000,0x0000,0x0000,0x0000,0x0000,0x0000,0x0000,0x0000,0x0000,0x0000,
  0x0000,0x0000,0x0000,0x0000,0x0000,0x0000,0x0000,0x0000,0x0000,0x0000,0x0000,0x0000,
  0x0000,0x0000,0x0000,0x0000,0x0000,0x0000,0x0000,0x0000,0x0000,0x0000,0x0000,0x0000,
  0x0000,0x0000,0x0000,0x0000,0x0000,0x0000,0x0000,0x0000,0x0000,0x0000,0x0000,0x0000,
  0x0000,0x0000,0x0000,0x0000,0x0000,0x0000,0x0000,0x0000,0x0000,0x0000,0x0000,0x0000,
  0x0000,0x0000,0x0000,0x0000,0x0000,0x0000,0x0000,0x0000,0x0000,0x0000,0x0000,0x0000,
  0x0000,0x0000,0x0000,0x0000,0x0000,0x0000,0x0000,0x0000,0x0000,0x0000,0x0000,0x0000,
  0x0000,0x0000,0x0000,0x0000,0x0000,0x0000,0x0000,0x0000,0x0000,0x0000,0x0000,0x0000,
  0x0000,0x0000,0x0000,0x0000,0x0000,0x0000,0x0000,0x0000,0x0000,0x0000,0x0001,0x0001,
  0x0001,0x0801,0x4866,0x5868,0x5868,0x810C,0x60EA,0x3825,0x3805,0x4866,0x3845,0x90EE,
  0x984F,0x800D,0x582A,0x4808,0x5029,0x5829,0x4808,0x3807,0x3007,0x2806,0x2006,0x2005,
  0x1805,0x1805,0x1805,0x38C8,0x1805,0x1004,0x1004,0x1004,0x2004,0x6A0B,0x820C,0x1823,
  0x1003,0x0803,0x0803,0x0803,0x0803,0x0803,0x0803,0x0824,0x0824,0x0804,0x0004,0x0004,
  0x0004,0x0025,0x0825,0x68AC,0x288A,0x29D1,0x0888,0x0068,0x0069,0x008A,0x00AB,0x00ED,
  0x012F,0x0171,0x01F5,0x0298,0x0B7B,0x1B37,0x2272,0x0889,0x50EC,0x2069,0x006A,0x090E,
  0x0951,0x01B4,0x0298,0x03DC,0x2D9D,0x54F8,0x08EA,0x0025,0x0024,0x0024,0x0023,0x0023,
  0x0002,0x0002,0x0002,0x0002,0x0022,0x0001,0x0001,0x0001,0x0001,0x0822,0x0001,0x0001,
  0x0001,0x0001,0x0001,0x0001,0x0001,0x0021,0x0021,0x0001,0x0001,0x0000,0x0001,0x0000,
  0x0000,0x0000,0x0000,0x0000,0x0000,0x0000,0x0000,0x0000,0x0000,0x0000,0x0000,0x0000,
  0x0000,0x0000,0x0000,0x0000,0x0000,0x0000,0x0000,0x0000,0x0000,0x0000,0x0000,0x0000,
  0x0000,0x0000,0x0000,0x0000,0x0000,0x0000,0x0000,0x0000,0x0000,0x0000,0x0000,0x0000,
  0x0000,0x0000,0x0000,0x0000,0x0000,0x0000,0x0000,0x0000,0x0000,0x0000,0x0000,0x0000,
  0x0000,0x0000,0x0000,0x0000,0x0000,0x0000,0x0000,0x0000,0x0000,0x0000,0x0000,0x0000,
  0x0000,0x0000,0x0000,0x0000,0x0000,0x0000,0x0000,0x0000,0x0000,0x0000,0x0000,0x0000,
  0x0000,0x0000,0x0000,0x0000,0x0000,0x0000,0x0000,0x0000,0x0000,0x0000,0x0000,0x0000,
  0x0000,0x0000,0x0000,0x0000,0x0000,0x0000,0x0000,0x0000,0x0000,0x0000,0x0000,0x0000,
  0x0000,0x0000,0x0000,0x0000,0x0000,0x0000,0x0000,0x0000,0x0000,0x0000,0x0000,0x0000,
  0x0000,0x0000,0x0000,0x0000,0x0000,0x0000,0x0000,0x0000,0x0000,0x0000,0x0000,0x0000,
  0x0000,0x0000,0x0000,0x0000,0x0000,0x0000,0x0000,0x0000,0x0000,0x0001,0x0001,0x0801,
  0x0801,0x5086,0x6888,0x5047,0x70CA,0x68EA,0x3846,0x3004,0x4846,0x3865,0xA10F,0x982F,
  0x800C,0x680B,0x4808,0x4809,0x5009,0x4008,0x3807,0x3007,0x2806,0x2806,0x2005,0x1805,
  0x1805,0x1805,0x1825,0x1004,0x1003,0x1003,0x1003,0x1004,0x1003,0x2825,0x71EB,0x4907,
  0x1002,0x1023,0x1023,0x0802,0x0802,0x0802,0x0803,0x0803,0x0803,0x0003,0x0003,0x0004,
  0x0804,0x0824,0x48C9,0x58EC,0x29AF,0x10A9,0x0046,0x0046,0x0068,0x0068,0x0089,0x00AB,
  0x00CC,0x010E,0x0151,0x01D4,0x0277,0x0B7B,0x1B58,0x2AD3,0x68CC,0x1069,0x0049,0x006A,
  0x090E,0x0992,0x01D4,0x02B8,0x041C,0x35DD,0x4CB8,0x08A9,0x0025,0x0024,0x0023,0x0023,
  0x0002,0x0002,0x0002,0x0002,0x0002,0x0001,0x0001,0x0002,0x0001,0x0001,0x0001,0x0001,
  0x0001,0x0001,0x0001,0x0001,0x0001,0x0001,0x0001,0x0001,0x0001,0x0001,0x0001,0x0001,
  0x0000,0x0000,0x0000,0x0000,0x0000,0x0001,0x0001,0x0000,0x0000,0x0000,0x0000,0x0000,
  0x0000,0x0000,0x0000,0x0000,0x0000,0x0000,0x0000,0x0000,0x0000,0x0000,0x0000,0x0000,
  0x0000,0x0000,0x0000,0x0000,0x0000,0x0000,0x0000,0x0000,0x0000,0x0000,0x0000,0x0000,
  0x0000,0x0000,0x0000,0x0000,0x0000,0x0000,0x0000,0x0000,0x0000,0x0000,0x0000,0x0000,
  0x0000,0x0000,0x0000,0x0000,0x0000,0x0000,0x0000,0x0000,0x0000,0x0000,0x0000,0x0000,
  0x0000,0x0000,0x0000,0x0000,0x0000,0x0000,0x0000,0x0000,0x0000,0x0000,0x0000,0x0000,
  0x0000,0x0000,0x0000,0x0000,0x0000,0x0000,0x0000,0x0000,0x0000,0x0000,0x0000,0x0000,
  0x0000,0x0000,0x0000,0x0000,0x0000,0x0000,0x0000,0x0000,0x0000,0x0000,0x0000,0x0000,
  0x0000,0x0000,0x0000,0x0000,0x0000,0x0000,0x0000,0x0000,0x0000,0x0000,0x0000,0x0000,
  0x0000,0x0000,0x0000,0x0000,0x0000,0x0000,0x0000,0x0000,0x0000,0x0000,0x0000,0x0000,
  0x0000,0x0000,0x0000,0x0000,0x0000,0x0000,0x0000,0x0000,0x0001,0x0001,0x0001,0x0801,
  0x4865,0x88AA,0x5046,0x5067,0x60A8,0x60E9,0x4846,0x4846,0x4065,0xA950,0xA02F,0x802D,
  0x702B,0x5009,0x4808,0x4808,0x4008,0x3807,0x3006,0x2806,0x2806,0x2005,0x2005,0x1805,
  0x1804,0x1003,0x1003,0x0803,0x0803,0x0803,0x0803,0x1003,0x1003,0x1003,0x1823,0x3865,
  0x1823,0x0802,0x0802,0x0802,0x0002,0x0002,0x0002,0x0002,0x0002,0x0003,0x0003,0x0003,
  0x0803,0x1865,0x794E,0x416C,0x214B,0x0025,0x0025,0x0025,0x0046,0x0047,0x0068,0x0089,
  0x00AA,0x00CB,0x00ED,0x0150,0x01D3,0x0277,0x037B,0x1337,0x49B0,0x08AB,0x0069,0x0049,
  0x006A,0x094F,0x0992,0x01D5,0x02D9,0x045D,0x3DFD,0x4436,0x0068,0x0025,0x0024,0x0024,
  0x0003,0x0002,0x0002,0x0002,0x0002,0x0002,0x0822,0x28A5,0x0001,0x0001,0x0001,0x0001,
  0x0001,0x0001,0x0001,0x0001,0x0001,0x0001,0x0001,0x0001,0x0001,0x0001,0x0001,0x0001,
  0x0001,0x0001,0x0001,0x0001,0x0001,0x1042,0x1842,0x0001,0x0822,0x18A8,0x0022,0x0000,
  0x0000,0x0000,0x0000,0x0000,0x0000,0x0000,0x0000,0x0000,0x0000,0x0000,0x0000,0x0000,
  0x0000,0x0000,0x0000,0x0000,0x0000,0x0000,0x0000,0x0000,0x0000,0x0000,0x0000,0x0000,
  0x0000,0x0000,0x0000,0x0000,0x0000,0x0000,0x0000,0x0000,0x0000,0x0000,0x0000,0x0000,
  0x0000,0x0000,0x0000,0x0000,0x0000,0x0000,0x0000,0x0000,0x0000,0x0000,0x0000,0x0000,
  0x0000,0x0000,0x0000,0x0000,0x0000,0x0000,0x0000,0x0000,0x0000,0x0000,0x0000,0x0000,
  0x0000,0x0000,0x0000,0x0000,0x0000,0x0000,0x0000,0x0000,0x0000,0x0000,0x0000,0x0000,
  0x0000,0x0000,0x0000,0x0000,0x0000,0x0000,0x0000,0x0000,0x0000,0x0000,0x0000,0x0000,
  0x0000,0x0000,0x0000,0x0000,0x0000,0x0000,0x0000,0x0000,0x0000,0x0000,0x0000,0x0000,
  0x0000,0x0000,0x0000,0x0000,0x0000,0x0000,0x0000,0x0000,0x0000,0x0000,0x0000,0x0000,
  0x0000,0x0000,0x0000,0x0000,0x0000,0x0000,0x0000,0x0000,0x0001,0x0801,0x0801,0x3844,
  0xA0CC,0x6048,0x3845,0x4845,0x5085,0x7129,0x4886,0x5066,0xB1B1,0xA830,0x882D,0x702C,
  0x580A,0x5009,0x4808,0x4008,0x3807,0x3007,0x2806,0x2806,0x2806,0x2005,0x1804,0x1004,
  0x1003,0x1003,0x1864,0x0802,0x0802,0x0802,0x0802,0x0802,0x0802,0x0802,0x0802,0x2023,
  0x5908,0x0802,0x0802,0x0002,0x0002,0x0002,0x0002,0x0002,0x0002,0x0002,0x0003,0x0003,
  0x0803,0x1024,0x690C,0x49EE,0x0825,0x0025,0x0025,0x0025,0x0025,0x0046,0x0046,0x0067,
  0x0088,0x008A,0x00CB,0x00ED,0x0150,0x01B3,0x0277,0x035A,0x1A50,0x4437,0x00CB,0x0049,
  0x0069,0x008A,0x094F,0x0992,0x0215,0x031A,0x0CBD,0x45FD,0x3374,0x0047,0x0025,0x0024,
  0x0023,0x0003,0x0002,0x0002,0x0002,0x0002,0x1023,0x5149,0x0002,0x0001,0x0001,0x0001,
  0x0001,0x0001,0x0001,0x0001,0x0001,0x0001,0x0001,0x0001,0x0001,0x0001,0x0001,0x0001,
  0x0001,0x0001,0x0001,0x0001,0x0001,0x0001,0x0801,0x2866,0x50AA,0x3048,0x0801,0x0000,
  0x0000,0x0000,0x0000,0x0000,0x0000,0x0000,0x0000,0x0000,0x0000,0x0000,0x0000,0x0000,
  0x0000,0x0000,0x0000,0x0000,0x0000,0x0000,0x0000,0x0000,0x0000,0x0000,0x0000,0x0000,
  0x0000,0x0000,0x0000,0x0000,0x0000,0x0000,0x0000,0x0000,0x0000,0x0000,0x0000,0x0000,
  0x0000,0x0000,0x0000,0x0000,0x0000,0x0000,0x0000,0x0000,0x0000,0x0000,0x0000,0x0000,
  0x0000,0x0000,0x0000,0x0000,0x0000,0x0000,0x0000,0x0000,0x0000,0x0000,0x0000,0x0000,
  0x0000,0x0000,0x0000,0x0000,0x0000,0x0000,0x0000,0x0000,0x0000,0x0000,0x0000,0x0000,
  0x0000,0x0000,0x0000,0x0000,0x0000,0x0000,0x0000,0x0000,0x0000,0x0000,0x0000,0x0000,
  0x0000,0x0000,0x0000,0x0000,0x0000,0x0000,0x0000,0x0000,0x0000,0x0000,0x0000,0x0000,
  0x0000,0x0000,0x0000,0x0000,0x0000,0x0000,0x0000,0x0000,0x0000,0x0000,0x0000,0x0000,
  0x0000,0x0000,0x0000,0x0000,0x0000,0x0000,0x0001,0x0001,0x0801,0x0801,0x2822,0xA8EC,
  0x7849,0x3804,0x2803,0x58A7,0x812A,0xA92C,0x794B,0xB9AF,0xB870,0x902E,0x702C,0x602A,
  0x4808,0x5029,0x4008,0x3807,0x3006,0x2806,0x2826,0x2826,0x1804,0x1804,0x1003,0x1003,
  0x0803,0x0802,0x1043,0x0802,0x0802,0x0002,0x0802,0x0802,0x0802,0x0802,0x0802,0x1822,
  0x7109,0x1023,0x0802,0x0002,0x0002,0x0002,0x0002,0x0002,0x0002,0x0003,0x0003,0x0803,
  0x0803,0x2866,0x38C8,0x0824,0x0824,0x0024,0x0024,0x0024,0x0025,0x0025,0x0045,0x0046,
  0x0067,0x0068,0x0089,0x00CB,0x00ED,0x014F,0x01B2,0x0276,0x1A71,0x1CFD,0x3C77,0x00CB,
  0x0069,0x0069,0x008A,0x096F,0x09B2,0x0236,0x037B,0x151D,0x4DFC,0x2291,0x0046,0x0024,
  0x0023,0x0003,0x0002,0x0002,0x0002,0x0002,0x0022,0x0822,0x0002,0x0001,0x0001,0x0001,
  0x0001,0x0001,0x0001,0x0001,0x0001,0x0001,0x0001,0x0001,0x0001,0x0001,0x0001,0x0001,
  0x0001,0x0001,0x0001,0x0001,0x0001,0x1064,0x1865,0x1024,0x4068,0x5068,0x0001,0x0000,
  0x0000,0x0000,0x0000,0x0000,0x0000,0x0000,0x0000,0x0000,0x0000,0x0000,0x0000,0x0000,
  0x0000,0x0000,0x0000,0x0000,0x0001,0x0000,0x0000,0x0000,0x0000,0x0000,0x0000,0x0000,
  0x0000,0x0000,0x0000,0x0000,0x0000,0x0000,0x0000,0x0000,0x0000,0x0000,0x0000,0x0000,
  0x0000,0x0000,0x0000,0x0000,0x0000,0x0000,0x0000,0x0000,0x0000,0x0000,0x0000,0x0000,
  0x0000,0x0000,0x0000,0x0000,0x0000,0x0000,0x0000,0x0000,0x0000,0x0000,0x0000,0x0000,
  0x0000,0x0000,0x0000,0x0000,0x0000,0x0000,0x0000,0x0000,0x0000,0x0000,0x0000,0x0000,
  0x0000,0x0000,0x0000,0x0000,0x0000,0x0000,0x0000,0x0000,0x0000,0x0000,0x0000,0x0000,
  0x0000,0x0000,0x0000,0x0000,0x0000,0x0000,0x0000,0x0000,0x0000,0x0000,0x0000,0x0000,
  0x0000,0x0000,0x0000,0x0000,0x0000,0x0000,0x0000,0x0000,0x0000,0x0000,0x0000,0x0000,
  0x0000,0x0000,0x0000,0x0000,0x0000,0x0001,0x0001,0x0801,0x0801,0x1801,0x990C,0x886A,
  0x4025,0x2803,0x2803,0x3824,0x7868,0x7088,0x58A8,0x892D,0xA84F,0x802C,0x602A,0x5008,
  0x4808,0x4828,0x4007,0x3807,0x3006,0x2806,0x2025,0x1804,0x2024,0x1824,0x0803,0x0802,
  0x0802,0x0802,0x0802,0x0802,0x0802,0x0002,0x0002,0x0802,0x0802,0x0802,0x1843,0x5106,
  0x3085,0x6109,0x0802,0x0802,0x0002,0x0002,0x0002,0x0002,0x0003,0x0803,0x0803,0x0803,
  0x1023,0x5929,0x0823,0x0823,0x0003,0x0003,0x0003,0x0004,0x0024,0x0024,0x0045,0x0045,
  0x0046,0x0067,0x0068,0x0089,0x00CB,0x010D,0x014F,0x01F3,0x22B1,0x045D,0x157D,0x3C98,
  0x00CC,0x006A,0x0069,0x008A,0x012F,0x0192,0x0297,0x03FC,0x259E,0x45BB,0x11AD,0x0046,
  0x0024,0x0003,0x0003,0x0002,0x0022,0x0002,0x0002,0x0002,0x0002,0x0001,0x0001,0x0001,
  0x0001,0x0001,0x0001,0x0001,0x0001,0x0001,0x0001,0x0021,0x0021,0x0001,0x0001,0x0001,
  0x0001,0x2084,0x0001,0x0001,0x1906,0x298C,0x0826,0x1004,0x1024,0x2886,0x0001,0x0000,
  0x0000,0x0000,0x0000,0x0000,0x0000,0x0000,0x0000,0x0000,0x0000,0x0000,0x0000,0x0000,
  0x0000,0x0000,0x0000,0x0000,0x0000,0x0000,0x0000,0x0000,0x0000,0x0000,0x0000,0x0000,
  0x0000,0x0000,0x0000,0x0000,0x0000,0x0000,0x0000,0x0000,0x0000,0x0000,0x0000,0x0000,
  0x0000,0x0000,0x0000,0x0000,0x0000,0x0000,0x0000,0x0000,0x0000,0x0000,0x0000,0x0000,
  0x0000,0x0000,0x0000,0x0000,0x0000,0x0000,0x0000,0x0000,0x0000,0x0000,0x0000,0x0000,
  0x0000,0x0000,0x0000,0x0000,0x0000,0x0000,0x0000,0x0000,0x0000,0x0000,0x0000,0x0000,
  0x0000,0x0000,0x0000,0x0000,0x0000,0x0000,0x0000,0x0000,0x0000,0x0000,0x0000,0x0000,
  0x0000,0x0000,0x0000,0x0000,0x0000,0x0000,0x0000,0x0000,0x0000,0x0000,0x0000,0x0000,
  0x0000,0x0000,0x0000,0x0000,0x0000,0x0000,0x0000,0x0000,0x0000,0x0000,0x0000,0x0000,
  0x0000,0x0000,0x0000,0x0000,0x0000,0x0001,0x0001,0x0801,0x1001,0x78E9,0xA8AC,0x5026,
  0x2803,0x2003,0x2803,0x4025,0x7868,0x5066,0xA0F0,0x78ED,0x808D,0x682A,0x5009,0x4808,
  0x4808,0x4007,0x4007,0x3826,0x2806,0x2005,0x1804,0x1803,0x1844,0x1023,0x0802,0x0802,
  0x0802,0x0802,0x0802,0x0802,0x0802,0x0802,0x0802,0x0802,0x0802,0x30A4,0x6148,0x1022,
  0x1002,0x6109,0x38A6,0x0803,0x0803,0x0002,0x0002,0x0003,0x0003,0x0003,0x0803,0x0803,
  0x40C6,0x2885,0x0803,0x0003,0x0003,0x0003,0x0003,0x0004,0x0024,0x0024,0x10A6,0x0024,
  0x0045,0x0046,0x0067,0x0068,0x0089,0x00CB,0x010D,0x09D1,0x22B1,0x039B,0x04BD,0x25BE,
  0x3416,0x00AB,0x0069,0x0049,0x008A,0x012F,0x01D3,0x02F9,0x047D,0x361E,0x3D1A,0x00A9,
  0x0024,0x0003,0x0003,0x0002,0x0002,0x0002,0x0002,0x0002,0x0002,0x0001,0x0001,0x0001,
  0x0001,0x0001,0x0001,0x0001,0x0001,0x0001,0x0001,0x0822,0x0021,0x0001,0x0001,0x0001,
  0x0001,0x0021,0x0001,0x0001,0x0863,0x4310,0x220F,0x1088,0x1066,0x0021,0x0000,0x0000,
  0x0000,0x0000,0x0000,0x0000,0x0000,0x0000,0x0000,0x0000,0x0000,0x0000,0x0000,0x0000,
  0x0000,0x0000,0x0000,0x0000,0x0000,0x0000,0x0000,0x0000,0x0000,0x0000,0x0000,0x0000,
  0x0000,0x0000,0x0000,0x0000,0x0000,0x0000,0x0000,0x0000,0x0000,0x0000,0x0000,0x0000,
  0x0000,0x0000,0x0000,0x0000,0x0000,0x0000,0x0000,0x0000,0x0000,0x0000,0x0000,0x0000,
  0x0000,0x0000,0x0000,0x0000,0x0000,0x0000,0x0000,0x0000,0x0000,0x0000,0x0000,0x0000,
  0x0000,0x0000,0x0000,0x0000,0x0000,0x0000,0x0000,0x0000,0x0000,0x0000,0x0000,0x0000,
  0x0000,0x0000,0x0000,0x0000,0x0000,0x0000,0x0000,0x0000,0x0000,0x0000,0x0000,0x0000,
  0x0000,0x0000,0x0000,0x0000,0x0000,0x0000,0x0000,0x0000,0x0000,0x0000,0x0000,0x0000,
  0x0000,0x0000,0x0000,0x0000,0x0000,0x0000,0x0000,0x0000,0x0000,0x0000,0x0000,0x0000,
  0x0000,0x0000,0x0000,0x0000,0x0001,0x0001,0x0801,0x1001,0x4865,0xC12F,0x6828,0x2804,
  0x2003,0x2003,0x2803,0x6046,0x4825,0x910F,0xA070,0x906E,0x588B,0x5829,0x5008,0x4808,
  0x4007,0x4027,0x4868,0x3026,0x2004,0x1804,0x1804,0x1003,0x0803,0x0802,0x0802,0x0802,
  0x0802,0x0802,0x0802,0x1823,0x0802,0x0802,0x0802,0x0802,0x1822,0x38A5,0x1022,0x0802,
  0x0802,0x3085,0x6149,0x30A6,0x0803,0x0002,0x0002,0x0003,0x0003,0x0003,0x0803,0x1023,
  0x4908,0x0823,0x0803,0x0003,0x0003,0x0003,0x0003,0x0003,0x0024,0x0024,0x0024,0x0024,
  0x0025,0x0045,0x0046,0x0067,0x0088,0x00A9,0x00CB,0x11F1,0x1A92,0x02B8,0x03DB,0x0CFE,
  0x35FE,0x22F3,0x008A,0x0069,0x0069,0x00AB,0x0171,0x0235,0x037B,0x0CDE,0x463E,0x2BD5,
  0x0045,0x0024,0x0003,0x0002,0x0002,0x0002,0x1085,0x0843,0x0002,0x0001,0x0001,0x0001,
  0x0001,0x0001,0x0822,0x2884,0x0001,0x0001,0x0001,0x0001,0x0001,0x0001,0x0001,0x0001,
  0x0001,0x0001,0x0001,0x0001,0x0001,0x0822,0x2189,0x21AB,0x0022,0x0001,0x0001,0x0001,
  0x0000,0x0000,0x0000,0x0000,0x0000,0x0000,0x0000,0x0000,0x0000,0x0000,0x0000,0x0000,
  0x0000,0x0000,0x0000,0x0000,0x0000,0x0000,0x0000,0x0000,0x0000,0x0000,0x0000,0x0000,
  0x0000,0x0000,0x0000,0x0000,0x0000,0x0000,0x0000,0x0000,0x0000,0x0000,0x0000,0x0000,
  0x0000,0x0000,0x0000,0x0000,0x0000,0x0000,0x0000,0x0000,0x0000,0x0000,0x0000,0x0000,
  0x0000,0x0000,0x0000,0x0000,0x0000,0x0000,0x0000,0x0000,0x0000,0x0000,0x0000,0x0000,
  0x0000,0x0000,0x0000,0x0000,0x0000,0x0000,0x0000,0x0000,0x0000,0x0000,0x0000,0x0000,
  0x0000,0x0000,0x0000,0x0000,0x0000,0x0000,0x0000,0x0000,0x0000,0x0000,0x0000,0x0000,
  0x0000,0x0000,0x0000,0x0000,0x0000,0x0000,0x0000,0x0000,0x0000,0x0000,0x0000,0x0000,
  0x0000,0x0000,0x0000,0x0000,0x0000,0x0000,0x0000,0x0000,0x0000,0x0000,0x0000,0x0000,
  0x0000,0x0000,0x0000,0x0001,0x0001,0x0801,0x0801,0x2802,0xB98F,0x884A,0x3004,0x2003,
  0x2003,0x2003,0x4025,0x5866,0x78EC,0x984F,0x984F,0x902D,0x506A,0x60ED,0x5028,0x4807,
  0x4827,0x58A9,0x3026,0x2004,0x2004,0x1803,0x1003,0x0803,0x0802,0x0802,0x0802,0x0802,
  0x0802,0x0802,0x0802,0x2043,0x0822,0x0802,0x1022,0x30A4,0x1022,0x0802,0x0802,0x0802,
  0x0802,0x1022,0x5929,0x4929,0x1864,0x0803,0x0803,0x0003,0x0003,0x0003,0x0803,0x1023,
  0x0823,0x0803,0x0003,0x0003,0x0003,0x0003,0x0003,0x0024,0x0024,0x0024,0x0024,0x0025,
  0x0025,0x0045,0x0046,0x08A8,0x0068,0x0089,0x00CB,0x116E,0x1A72,0x0235,0x0319,0x043C,
  0x155E,0x3E1D,0x098E,0x0069,0x0049,0x0069,0x00ED,0x01B2,0x02B7,0x03BA,0x1BF7,0x3D1A,
  0x1A2E,0x0024,0x0003,0x0003,0x0023,0x1109,0x210C,0x292A,0x0022,0x0001,0x0001,0x0001,
  0x0001,0x0001,0x0001,0x0001,0x0001,0x0001,0x0001,0x0001,0x0001,0x0001,0x0001,0x0001,
  0x0001,0x0001,0x0001,0x0001,0x0001,0x0001,0x0022,0x0001,0x0001,0x0001,0x0001,0x0000,
  0x0001,0x0001,0x0043,0x0022,0x0001,0x0000,0x0000,0x0000,0x0000,0x0000,0x0000,0x0000,
  0x0000,0x0000,0x0000,0x0000,0x0000,0x0000,0x0000,0x0000,0x0000,0x0000,0x0000,0x0000,
  0x0000,0x0000,0x0000,0x0000,0x0000,0x0000,0x0000,0x0000,0x0000,0x0000,0x0000,0x0000,
  0x0000,0x0000,0x0000,0x0000,0x0000,0x0000,0x0000,0x0000,0x0000,0x0000,0x0000,0x0000,
  0x0000,0x0000,0x0000,0x0000,0x0000,0x0000,0x0000,0x0000,0x0000,0x0000,0x0000,0x0000,
  0x0000,0x0000,0x0000,0x0000,0x0000,0x0000,0x0000,0x0000,0x0000,0x0000,0x0000,0x0000,
  0x0000,0x0000,0x0000,0x0000,0x0000,0x0000,0x0000,0x0000,0x0000,0x0000,0x0000,0x0000,
  0x0000,0x0000,0x0000,0x0000,0x0000,0x0000,0x0000,0x0000,0x0000,0x0000,0x0000,0x0000,
  0x0000,0x0000,0x0000,0x0000,0x0000,0x0000,0x0000,0x0000,0x0000,0x0000,0x0000,0x0000,
  0x0000,0x0000,0x0001,0x0001,0x0801,0x0801,0x1801,0x892B,0xB0CD,0x4825,0x2803,0x2003,
  0x2003,0x2803,0x6087,0x58A8,0x908F,0x902E,0x982E,0x782C,0x4827,0x594E,0x812D,0x6869,
  0x710B,0x3026,0x2005,0x2004,0x1804,0x1003,0x0803,0x0802,0x0802,0x0802,0x0802,0x0802,
  0x0802,0x0802,0x1823,0x40A5,0x1822,0x40A5,0x5106,0x2063,0x0802,0x0802,0x0802,0x0802,
  0x0802,0x0802,0x2885,0x3086,0x40E8,0x0823,0x0803,0x0003,0x0003,0x0803,0x0823,0x3107,
  0x0803,0x0003,0x0003,0x0003,0x0003,0x0003,0x0003,0x0024,0x0024,0x0025,0x0025,0x0025,
  0x0025,0x0045,0x0066,0x0046,0x0067,0x00CA,0x00CA,0x092C,0x1AB4,0x01B3,0x0277,0x037A,
  0x049D,0x1DBE,0x3D19,0x00AB,0x0069,0x0049,0x006A,0x012E,0x01D2,0x6CD8,0x54D9,0x1B56,
  0x116C,0x0023,0x0003,0x0023,0x198B,0x298F,0x20A9,0x698D,0x0822,0x0001,0x0001,0x0001,
  0x0001,0x0001,0x0001,0x0001,0x0001,0x0001,0x0001,0x0001,0x0001,0x0001,0x0001,0x0001,
  0x0001,0x0001,0x0001,0x0001,0x0001,0x0001,0x0001,0x0001,0x0001,0x0001,0x0001,0x0001,
  0x0000,0x0001,0x0884,0x0001,0x0000,0x0000,0x0000,0x0000,0x0000,0x0000,0x0000,0x0000,
  0x0000,0x0000,0x0000,0x0000,0x0000,0x0000,0x0000,0x0000,0x0000,0x0000,0x0000,0x0000,
  0x0000,0x0000,0x0000,0x0000,0x0000,0x0000,0x0000,0x0000,0x0000,0x0000,0x0000,0x0000,
  0x0000,0x0000,0x0000,0x0000,0x0000,0x0000,0x0000,0x0000,0x0000,0x0000,0x0000,0x0000,
  0x0000,0x0000,0x0000,0x0000,0x0000,0x0000,0x0000,0x0000,0x0000,0x0000,0x0000,0x0000,
  0x0000,0x0000,0x0000,0x0000,0x0000,0x0000,0x0000,0x0000,0x0000,0x0000,0x0000,0x0000,
  0x0000,0x0000,0x0000,0x0000,0x0000,0x0000,0x0000,0x0000,0x0000,0x0000,0x0000,0x0000,
  0x0000,0x0000,0x0000,0x0000,0x0000,0x0000,0x0000,0x0000,0x0000,0x0000,0x0000,0x0000,
  0x0000,0x0000,0x0000,0x0000,0x0000,0x0000,0x0000,0x0000,0x0000,0x0000,0x0000,0x0001,
  0x0001,0x0001,0x0001,0x0801,0x0801,0x1001,0x5085,0xC970,0x7048,0x2803,0x2003,0x2803,
  0x2803,0x4845,0x4866,0x90CE,0x902E,0x902D,0xA04E,0x6029,0x3806,0x4047,0x694E,0xA18F,
  0x3026,0x2805,0x2005,0x2004,0x1003,0x1003,0x0803,0x0802,0x0802,0x0802,0x0802,0x0802,
  0x0802,0x0802,0x1823,0x78E8,0x68C7,0x2864,0x1002,0x0802,0x0802,0x0802,0x0802,0x0802,
  0x0802,0x0802,0x1023,0x40C8,0x3086,0x38C6,0x0803,0x0803,0x0803,0x0803,0x41A9,0x2085,
  0x0803,0x0003,0x0003,0x0003,0x0003,0x0003,0x0004,0x0024,0x0024,0x0025,0x0045,0x0045,
  0x0045,0x0045,0x0046,0x0046,0x0067,0x0089,0x00EB,0x09AF,0x1AF5,0x0192,0x01F4,0x02D8,
  0x03DB,0x0D1E,0x2E1E,0x2B12,0x21AD,0x29AD,0x192B,0x08AA,0x014E,0x7E3C,0x3D1B,0x4C97,
  0x0045,0x0003,0x0002,0x0886,0x2BB5,0x31AF,0x18A7,0x0822,0x0022,0x0001,0x0001,0x0001,
  0x0001,0x1022,0x1822,0x0002,0x0001,0x0001,0x0001,0x1022,0x1042,0x0001,0x0001,0x0001,
  0x0001,0x0001,0x0822,0x0001,0x0001,0x0001,0x0001,0x0001,0x0001,0x0001,0x0001,0x0001,
  0x0001,0x0001,0x0001,0x0001,0x0001,0x0000,0x0000,0x0000,0x0000,0x0000,0x0000,0x0000,
  0x0000,0x0000,0x0000,0x0000,0x0000,0x0000,0x0000,0x0000,0x0000,0x0000,0x0000,0x0000,
  0x0000,0x0000,0x0000,0x0000,0x0000,0x0000,0x0000,0x0000,0x0000,0x0000,0x0000,0x0000,
  0x0000,0x0000,0x0000,0x0000,0x0000,0x0000,0x0000,0x0000,0x0000,0x0000,0x0000,0x0000,
  0x0000,0x0000,0x0000,0x0000,0x0000,0x0000,0x0000,0x0000,0x0000,0x0000,0x0000,0x0000,
  0x0000,0x0000,0x0000,0x0000,0x0000,0x0000,0x0000,0x0000,0x0000,0x0000,0x0000,0x0000,
  0x0000,0x0000,0x0000,0x0000,0x0000,0x0000,0x0000,0x0000,0x0000,0x0000,0x0000,0x0000,
  0x0000,0x0000,0x0000,0x0000,0x0000,0x0000,0x0000,0x0000,0x0000,0x0000,0x0000,0x0000,
  0x0000,0x0000,0x0000,0x0000,0x0000,0x0000,0x0000,0x0000,0x0000,0x0000,0x0000,0x0000,
  0x0001,0x0001,0x0001,0x0801,0x0801,0x2002,0xB9CF,0x988B,0x3804,0x2803,0x3824,0x2803,
  0x3003,0x5886,0x70CB,0x902D,0x882D,0xA06E,0x906D,0x4807,0x3806,0x3805,0x490C,0x59D0,
  0x30EA,0x2005,0x2004,0x1803,0x1003,0x0803,0x0803,0x0803,0x0802,0x0802,0x0802,0x0802,
  0x0802,0x0802,0x1002,0x58E7,0x2823,0x0802,0x0802,0x1023,0x0802,0x0802,0x0802,0x0802,
  0x0802,0x0802,0x0802,0x2044,0x38A7,0x71CD,0x1023,0x0803,0x0803,0x1024,0x7B6F,0x1024,
  0x0803,0x0803,0x0804,0x0024,0x0004,0x0004,0x0004,0x0024,0x0025,0x0045,0x0025,0x0025,
  0x0045,0x0045,0x0887,0x0046,0x0047,0x0089,0x00EC,0x33F8,0x1AD5,0x0192,0x01B3,0x0276,
  0x0359,0x2CFC,0x559B,0x6394,0x4A0E,0x416B,0x720E,0x82F1,0x3A2F,0x7DFB,0x455C,0x2A2D,
  0x0024,0x0003,0x0002,0x2AAF,0x3A31,0x1065,0x0802,0x0002,0x0002,0x0001,0x0001,0x0001,
  0x0001,0x4064,0x2823,0x0002,0x0001,0x0001,0x0001,0x0001,0x0001,0x0001,0x0001,0x0001,
  0x0001,0x0021,0x20C6,0x0021,0x0001,0x0001,0x0001,0x0001,0x0001,0x0001,0x0001,0x0001,
  0x0001,0x0001,0x0000,0x0000,0x0000,0x0000,0x0000,0x0000,0x0000,0x0000,0x0000,0x0000,
  0x0000,0x0000,0x0000,0x0000,0x0000,0x0000,0x0000,0x0000,0x0000,0x0000,0x0000,0x0000,
  0x0000,0x0000,0x0000,0x0000,0x0000,0x0000,0x0000,0x0000,0x0000,0x0000,0x0000,0x0000,
  0x0000,0x0000,0x0000,0x0000,0x0000,0x0000,0x0000,0x0000,0x0000,0x0000,0x0000,0x0000,
  0x0000,0x0000,0x0000,0x0000,0x0000,0x0000,0x0000,0x0000,0x0000,0x0000,0x0000,0x0000,
  0x0000,0x0000,0x0000,0x0000,0x0000,0x0000,0x0000,0x0000,0x0000,0x0000,0x0000,0x0000,
  0x0000,0x0000,0x0000,0x0000,0x0000,0x0000,0x0000,0x0000,0x0000,0x0000,0x0000,0x0000,
  0x0000,0x0000,0x0000,0x0000,0x0000,0x0000,0x0000,0x0000,0x0000,0x0000,0x0000,0x0000,
  0x0000,0x0000,0x0000,0x0000,0x0000,0x0000,0x0000,0x0000,0x0000,0x0000,0x0000,0x0000,
  0x0001,0x0001,0x0001,0x0801,0x1001,0x7108,0xC16F,0x5026,0x2803,0x3023,0x3824,0x3003,
  0x5066,0x5066,0x908E,0x902E,0x902D,0xA86E,0x684A,0x4006,0x3806,0x3005,0x2826,0x194E,
  0x4271,0x2005,0x1804,0x1003,0x1003,0x0803,0x0803,0x0803,0x0803,0x0802,0x0802,0x0802,
  0x0802,0x0802,0x1002,0x5927,0x1022,0x0802,0x0802,0x0802,0x0802,0x0802,0x0802,0x0802,
  0x0822,0x0802,0x0802,0x0803,0x3887,0x692B,0x38A7,0x0803,0x1024,0x5A0C,0x3909,0x0803,
  0x0803,0x0803,0x0804,0x0004,0x0003,0x0004,0x0004,0x0024,0x0046,0x0066,0x0025,0x0025,
  0x0025,0x0045,0x0046,0x0046,0x0047,0x0089,0x092E,0xAE5C,0x3C19,0x1B16,0x23B7,0x1BF9,
  0x2CFB,0x3C98,0x18CC,0x80CD,0x688A,0x3827,0x686A,0x4068,0x616D,0x5AB2,0x7D79,0x0846,
  0x0023,0x0003,0x0823,0x21AE,0x0865,0x0002,0x0002,0x0002,0x0002,0x0001,0x0022,0x0822,
  0x0822,0x3885,0x1022,0x0002,0x0002,0x0802,0x0802,0x0002,0x0001,0x0001,0x0001,0x0001,
  0x0001,0x0001,0x0021,0x0001,0x0001,0x0001,0x0001,0x0001,0x0001,0x0001,0x0001,0x0001,
  0x0001,0x0001,0x0000,0x0000,0x0000,0x0000,0x0000,0x0000,0x0000,0x0000,0x0000,0x0000,
  0x0000,0x0000,0x0000,0x0000,0x0000,0x0000,0x0000,0x0000,0x0000,0x0000,0x0000,0x0000,
  0x0000,0x0000,0x0000,0x0000,0x0000,0x0000,0x0000,0x0000,0x0000,0x0000,0x0000,0x0000,
  0x0000,0x0000,0x0000,0x0000,0x0000,0x0000,0x0000,0x0000,0x0000,0x0000,0x0000,0x0000,
  0x0000,0x0000,0x0000,0x0000,0x0000,0x0000,0x0000,0x0000,0x0000,0x0000,0x0000,0x0000,
  0x0000,0x0000,0x0000,0x0000,0x0000,0x0000,0x0000,0x0000,0x0000,0x0000,0x0000,0x0000,
  0x0000,0x0000,0x0000,0x0000,0x0000,0x0000,0x0000,0x0000,0x0000,0x0000,0x0000,0x0000,
  0x0000,0x0000,0x0000,0x0000,0x0000,0x0000,0x0000,0x0000,0x0000,0x0000,0x0000,0x0000,
  0x0000,0x0000,0x0000,0x0000,0x0000,0x0000,0x0000,0x0000,0x0000,0x0000,0x0000,0x0001,
  0x0001,0x0001,0x0801,0x1001,0x2802,0xC9F0,0x808A,0x3004,0x2803,0x3824,0x3003,0x3824,
  0x5886,0x88CD,0x904E,0x902D,0x984D,0xA910,0x4807,0x3806,0x3005,0x2805,0x1803,0x18A8,
  0x3AD3,0x28E9,0x1804,0x1003,0x1003,0x0803,0x1003,0x1044,0x0823,0x0802,0x0802,0x0802,
  0x0802,0x0802,0x1822,0x4907,0x0802,0x0802,0x0802,0x0802,0x0802,0x0002,0x0002,0x0802,
  0x0802,0x0002,0x0802,0x0803,0x1024,0x79AD,0x698C,0x1024,0x41A9,0x626E,0x2086,0x0803,
  0x0803,0x0803,0x0004,0x0004,0x0004,0x0004,0x0004,0x0024,0x0025,0x0046,0x0025,0x0025,
  0x0025,0x0046,0x0046,0x0047,0x0068,0x00AA,0x2292,0x3BF9,0x1BB9,0x12F6,0x0BB9,0x351B,
  0x351B,0x08AB,0x1048,0x504A,0xB0AF,0x5848,0x686A,0x1847,0x308A,0x388A,0x412B,0x0024,
  0x0003,0x0823,0x4087,0x494D,0x0003,0x0002,0x0002,0x0002,0x0002,0x0002,0x0001,0x0001,
  0x0002,0x1022,0x1022,0x0802,0x0803,0x29AA,0x39AC,0x0002,0x0001,0x0001,0x0001,0x0001,
  0x0001,0x0001,0x0001,0x0001,0x0001,0x0001,0x0001,0x0821,0x0001,0x0001,0x0001,0x0001,
  0x0001,0x0000,0x0000,0x0000,0x0000,0x0000,0x0000,0x0000,0x0000,0x0000,0x0000,0x0000,
  0x0000,0x0000,0x0000,0x0000,0x0000,0x0000,0x0000,0x0000,0x0000,0x0000,0x0000,0x0000,
  0x0000,0x0000,0x0000,0x0000,0x0000,0x0000,0x0000,0x0000,0x0000,0x0000,0x0000,0x0000,
  0x0000,0x0000,0x0000,0x0000,0x0000,0x0000,0x0000,0x0000,0x0000,0x0000,0x0000,0x0000,
  0x0000,0x0000,0x0000,0x0000,0x0000,0x0000,0x0000,0x0000,0x0000,0x0000,0x0000,0x0000,
  0x0000,0x0000,0x0000,0x0000,0x0000,0x0000,0x0000,0x0000,0x0000,0x0000,0x0000,0x0000,
  0x0000,0x0000,0x0000,0x0000,0x0000,0x0000,0x0000,0x0000,0x0000,0x0000,0x0000,0x0000,
  0x0000,0x0000,0x0000,0x0000,0x0000,0x0000,0x0000,0x0000,0x0000,0x0000,0x0000,0x0000,
  0x0000,0x0000,0x0000,0x0000,0x0000,0x0000,0x0000,0x0000,0x0000,0x0000,0x0000,0x0001,
  0x0001,0x0001,0x0801,0x1801,0x7929,0xC14F,0x4825,0x3003,0x3824,0x3823,0x3803,0x5866,
  0x68A8,0xA08E,0x984E,0x902D,0x804C,0x5828,0x4006,0x3005,0x3025,0x1803,0x1003,0x1004,
  0x2A30,0x5291,0x2046,0x1804,0x1004,0x1003,0x1003,0x1865,0x0803,0x0803,0x0803,0x0802,
  0x0802,0x0802,0x3064,0x1823,0x0802,0x0802,0x0802,0x0802,0x0802,0x0002,0x0002,0x0002,
  0x0002,0x0002,0x0802,0x0803,0x0803,0x50A9,0x5109,0x7B30,0x3969,0x30C8,0x1044,0x0803,
  0x0803,0x0803,0x0004,0x0004,0x0004,0x0004,0x0004,0x0024,0x0025,0x0025,0x0025,0x0026,
  0x0026,0x0046,0x0047,0x0068,0x0089,0x00CB,0x3BD6,0x0AD6,0x0255,0x0318,0x147B,0x3CDB,
  0x092D,0x0868,0x1847,0x2827,0x886B,0x806B,0x4848,0x0847,0x2089,0x490C,0x0824,0x0003,
  0x0823,0x4066,0xA1B2,0x11B3,0x08A7,0x0002,0x0002,0x0002,0x0002,0x0002,0x0002,0x0001,
  0x0001,0x0822,0x1823,0x0802,0x29AA,0x5437,0x190E,0x0023,0x0001,0x0001,0x0001,0x0001,
  0x0001,0x0001,0x0001,0x0001,0x0001,0x0001,0x0001,0x0001,0x0001,0x0001,0x0001,0x0001,
  0x0001,0x0001,0x0000,0x0000,0x0000,0x0000,0x0000,0x0000,0x0000,0x0000,0x0000,0x0000,
  0x0000,0x0000,0x0000,0x0000,0x0000,0x0000,0x0000,0x0000,0x0000,0x0000,0x0000,0x0000,
  0x0000,0x0000,0x0000,0x0000,0x0000,0x0000,0x0000,0x0000,0x0000,0x0000,0x0000,0x0000,
  0x0000,0x0000,0x0000,0x0000,0x0000,0x0000,0x0000,0x0000,0x0000,0x0000,0x0000,0x0000,
  0x0000,0x0000,0x0000,0x0000,0x0000,0x0000,0x0000,0x0000,0x0000,0x0000,0x0000,0x0000,
  0x0000,0x0000,0x0000,0x0000,0x0000,0x0000,0x0000,0x0000,0x0000,0x0000,0x0000,0x0000,
  0x0000,0x0000,0x0000,0x0000,0x0000,0x0000,0x0000,0x0000,0x0000,0x0000,0x0000,0x0000,
  0x0000,0x0000,0x0000,0x0000,0x0000,0x0000,0x0000,0x0000,0x0000,0x0000,0x0000,0x0000,
  0x0000,0x0000,0x0000,0x0000,0x0000,0x0000,0x0000,0x0000,0x0000,0x0000,0x0000,0x0001,
  0x0001,0x0801,0x1001,0x3022,0xCA11,0x8089,0x3004,0x3824,0x5886,0x3803,0x4004,0x5845,
  0xB12F,0xB86F,0xA84F,0x882C,0x6009,0x4807,0x3806,0x2804,0x1803,0x1003,0x1003,0x1003,
  0x20C8,0x49CF,0x4068,0x2025,0x1804,0x1004,0x1004,0x1003,0x1003,0x0803,0x0803,0x0802,
  0x0802,0x1002,0x40C6,0x1002,0x0802,0x0802,0x0802,0x0802,0x0802,0x0802,0x0002,0x0002,
  0x0002,0x0002,0x0803,0x0803,0x0803,0x518A,0x5A8E,0x1046,0x0804,0x1845,0x1023,0x0803,
  0x0803,0x0803,0x0804,0x0004,0x0004,0x0004,0x0025,0x0025,0x0025,0x0025,0x0026,0x0046,
  0x0046,0x0046,0x0047,0x0069,0x00AB,0x0190,0x4417,0x0B99,0x1398,0x13FB,0x0B58,0x11CF,
  0x0026,0x0845,0x28A8,0x68AA,0x7049,0x808C,0x3028,0x0046,0x2868,0x418D,0x0824,0x0003,
  0x1024,0x914E,0x51B2,0x0931,0x1A13,0x0003,0x0002,0x0002,0x0822,0x0822,0x0002,0x0002,
  0x0002,0x0802,0x2063,0x0823,0x216B,0x08AB,0x08CB,0x0886,0x0002,0x0001,0x0001,0x0001,
  0x0001,0x0001,0x0001,0x0001,0x0001,0x0001,0x0001,0x0001,0x0001,0x0001,0x0001,0x0001,
  0x0001,0x0001,0x0001,0x0000,0x0000,0x0000,0x0001,0x0000,0x0000,0x0000,0x0000,0x0000,
  0x0000,0x0000,0x0000,0x0000,0x0000,0x0000,0x0000,0x0000,0x0000,0x0000,0x0000,0x0000,
  0x0000,0x0000,0x0000,0x0000,0x0000,0x0000,0x0000,0x0000,0x0000,0x0000,0x0000,0x0000,
  0x0000,0x0000,0x0000,0x0000,0x0000,0x0000,0x0000,0x0000,0x0000,0x0000,0x0000,0x0000,
  0x0000,0x0000,0x0000,0x0000,0x0000,0x0000,0x0000,0x0000,0x0000,0x0000,0x0000,0x0000,
  0x0000,0x0000,0x0000,0x0000,0x0000,0x0000,0x0000,0x0000,0x0000,0x0000,0x0000,0x0000,
  0x0000,0x0000,0x0000,0x0000,0x0000,0x0000,0x0000,0x0000,0x0000,0x0000,0x0000,0x0000,
  0x0000,0x0000,0x0000,0x0000,0x0000,0x0000,0x0000,0x0000,0x0000,0x0000,0x0000,0x0000,
  0x0000,0x0000,0x0000,0x0000,0x0000,0x0000,0x0000,0x0000,0x0000,0x0000,0x0001,0x0001,
  0x0801,0x0801,0x1801,0x794A,0xC16F,0x4825,0x3804,0x60A7,0x4024,0x3804,0x5024,0x88EA,
  0xD8F1,0xC870,0xA84E,0x6829,0x5008,0x4807,0x3005,0x1803,0x1003,0x0803,0x0803,0x1003,
  0x1804,0x6A0E,0x91EF,0x612C,0x2005,0x1804,0x1004,0x1004,0x1003,0x1003,0x0803,0x0803,
  0x1003,0x38C6,0x4928,0x1003,0x0803,0x0803,0x0803,0x0802,0x0802,0x0802,0x0802,0x0802,
  0x0802,0x0802,0x0803,0x0803,0x0803,0x4A0B,0x1045,0x0804,0x0803,0x1024,0x1844,0x0803,
  0x0803,0x0803,0x0804,0x0804,0x0004,0x0025,0x0025,0x0025,0x0026,0x0026,0x0046,0x0046,
  0x0047,0x0047,0x0068,0x008A,0x090E,0x4B76,0x6CF9,0x2B59,0x6359,0x3B58,0x19D0,0x0045,
  0x0024,0x0004,0x0823,0x1003,0x4067,0x5869,0x3869,0x0826,0x1067,0x0845,0x0003,0x0003,
  0x3086,0x7990,0x10EE,0x00AD,0x09D5,0x090B,0x0002,0x0002,0x0002,0x0022,0x0002,0x0002,
  0x1843,0x0802,0x0802,0x0802,0x0003,0x0023,0x0023,0x0022,0x0001,0x0001,0x0001,0x0001,
  0x0001,0x0001,0x0801,0x0001,0x0001,0x0001,0x0001,0x0001,0x0001,0x0001,0x0001,0x0801,
  0x0801,0x0001,0x0001,0x0001,0x0001,0x0001,0x0000,0x0000,0x0000,0x0000,0x0000,0x0000,
  0x0000,0x0000,0x0000,0x0000,0x0000,0x0000,0x0000,0x0000,0x0000,0x0000,0x0000,0x0000,
  0x0000,0x0000,0x0000,0x0000,0x0000,0x0000,0x0000,0x0000,0x0000,0x0000,0x0000,0x0000,
  0x0000,0x0000,0x0000,0x0000,0x0000,0x0000,0x0000,0x0000,0x0000,0x0000,0x0000,0x0000,
  0x0000,0x0000,0x0000,0x0000,0x0000,0x0000,0x0000,0x0000,0x0000,0x0000,0x0000,0x0000,
  0x0000,0x0000,0x0000,0x0000,0x0000,0x0000,0x0000,0x0000,0x0000,0x0000,0x0000,0x0000,
  0x0000,0x0000,0x0000,0x0000,0x0000,0x0000,0x0000,0x0000,0x0000,0x0000,0x0000,0x0000,
  0x0000,0x0000,0x0000,0x0000,0x0000,0x0000,0x0000,0x0000,0x0000,0x0000,0x0000,0x0000,
  0x0000,0x0000,0x0000,0x0000,0x0000,0x0000,0x0000,0x0000,0x0000,0x0000,0x0001,0x0801,
  0x0801,0x1001,0x2802,0xCA31,0x88AA,0x3804,0x4004,0x4825,0x4025,0x4024,0x5845,0xD9B1,
  0xE8D2,0xD071,0x802B,0x5828,0x4807,0x5087,0x2024,0x1003,0x1003,0x0803,0x0803,0x0803,
  0x1003,0x1825,0x5211,0x30EC,0x3868,0x2005,0x1804,0x1804,0x1004,0x1003,0x1003,0x1003,
  0x1823,0x832E,0x2024,0x1003,0x0803,0x0803,0x0803,0x0803,0x0802,0x0802,0x0802,0x0802,
  0x0802,0x0802,0x0003,0x0003,0x0803,0x1886,0x3909,0x0803,0x0804,0x2086,0x28A6,0x0803,
  0x0803,0x0803,0x0804,0x0804,0x0004,0x0025,0x0025,0x0026,0x0026,0x0047,0x0047,0x0047,
  0x0047,0x0068,0x0869,0x418E,0x5A50,0x298F,0x8439,0xD234,0xC173,0x6992,0x08A9,0x0025,
  0x0004,0x0004,0x0003,0x0003,0x0803,0x1024,0x58CA,0x1067,0x0024,0x0003,0x0002,0x0823,
  0x58EB,0x41F2,0x00EE,0x008B,0x0952,0x1214,0x0003,0x0002,0x0002,0x0023,0x090A,0x0023,
  0x0002,0x0002,0x0822,0x0822,0x0002,0x0002,0x0002,0x0002,0x0001,0x0001,0x0001,0x0001,
  0x0001,0x0001,0x0822,0x0001,0x0001,0x0001,0x0001,0x0001,0x0001,0x0001,0x0001,0x1022,
  0x1822,0x0001,0x0001,0x0001,0x2865,0x1022,0x0001,0x0000,0x0000,0x0000,0x0000,0x0000,
  0x0000,0x0000,0x0000,0x0000,0x0000,0x0000,0x0000,0x0000,0x0000,0x0000,0x0000,0x0000,
  0x0000,0x0000,0x0000,0x0000,0x0000,0x0000,0x0000,0x0000,0x0000,0x0000,0x0000,0x0000,
  0x0000,0x0000,0x0000,0x0000,0x0000,0x0000,0x0000,0x0000,0x0000,0x0000,0x0000,0x0000,
  0x0000,0x0000,0x0000,0x0000,0x0000,0x0000,0x0000,0x0000,0x0000,0x0000,0x0000,0x0000,
  0x0000,0x0000,0x0000,0x0000,0x0000,0x0000,0x0000,0x0000,0x0000,0x0000,0x0000,0x0000,
  0x0000,0x0000,0x0000,0x0000,0x0000,0x0000,0x0000,0x0000,0x0000,0x0000,0x0000,0x0000,
  0x0000,0x0000,0x0000,0x0000,0x0000,0x0000,0x0000,0x0000,0x0000,0x0000,0x0000,0x0000,
  0x0000,0x0000,0x0000,0x0000,0x0000,0x0000,0x0000,0x0000,0x0000,0x0001,0x0001,0x0801,
  0x1001,0x1801,0x60E7,0xD1D1,0x5026,0x3804,0x4005,0x3824,0x4025,0x6086,0x60C7,0xE9D3,
  0xF0F3,0xB86E,0x6829,0x5007,0x4847,0x3045,0x1003,0x1003,0x0802,0x0802,0x0803,0x0803,
  0x1003,0x1004,0x20CC,0x42F5,0x5A32,0x694B,0x4087,0x2024,0x1804,0x1803,0x1003,0x1003,
  0x1824,0x728D,0x1824,0x1003,0x1003,0x0803,0x1003,0x1844,0x1024,0x1023,0x1844,0x38A6,
  0x38C6,0x0803,0x0003,0x0803,0x0803,0x0824,0x498B,0x1024,0x0824,0x49AB,0x3907,0x0803,
  0x0803,0x0804,0x0804,0x0804,0x0804,0x1887,0x0825,0x0026,0x0047,0x0068,0x0069,0x0068,
  0x0068,0x418D,0x7210,0x28EC,0x088A,0x00CD,0x4B34,0x714E,0x690E,0x0869,0x192B,0x0867,
  0x0004,0x0003,0x0003,0x0003,0x0003,0x0003,0x1024,0x1086,0x0003,0x0002,0x0002,0x20A6,
  0x8213,0x18EC,0x19D2,0x00AD,0x00CD,0x09D5,0x090C,0x0002,0x0002,0x0024,0x116C,0x0022,
  0x0002,0x0002,0x0022,0x0822,0x0022,0x0822,0x0002,0x0001,0x0001,0x0002,0x0001,0x0802,
  0x40A6,0x0801,0x0001,0x0001,0x0001,0x0001,0x0001,0x0001,0x0001,0x0001,0x0001,0x0865,
  0x08A6,0x0001,0x0001,0x0001,0x1022,0x0001,0x0001,0x0000,0x0000,0x0000,0x0001,0x0000,
  0x0000,0x0000,0x0000,0x0000,0x0000,0x0000,0x0000,0x0000,0x0000,0x0000,0x0000,0x0000,
  0x0000,0x0000,0x0000,0x0000,0x0000,0x0000,0x0000,0x0000,0x0000,0x0000,0x0000,0x0000,
  0x0000,0x0000,0x0000,0x0000,0x0000,0x0000,0x0000,0x0000,0x0000,0x0000,0x0000,0x0000,
  0x0000,0x0000,0x0000,0x0000,0x0000,0x0000,0x0000,0x0000,0x0000,0x0000,0x0000,0x0000,
  0x0000,0x0000,0x0000,0x0000,0x0000,0x0000,0x0000,0x0000,0x0000,0x0000,0x0000,0x0000,
  0x0000,0x0000,0x0000,0x0000,0x0000,0x0000,0x0000,0x0000,0x0000,0x0000,0x0000,0x0000,
  0x0000,0x0000,0x0000,0x0000,0x0000,0x0000,0x0000,0x0000,0x0000,0x0000,0x0000,0x0000,
  0x0000,0x0000,0x0000,0x0000,0x0000,0x0000,0x0000,0x0000,0x0000,0x0001,0x0801,0x0801,
  0x1001,0x2802,0xB1AE,0x98EC,0x4025,0x3804,0x3804,0x3804,0x4825,0xC12E,0xB92E,0x6908,
  0x990D,0x886B,0x6028,0x4827,0x3025,0x1003,0x1002,0x1002,0x1003,0x1002,0x0803,0x0803,
  0x1003,0x1026,0x2A52,0x4CDB,0x95FC,0x41EF,0x7231,0x9231,0x71AD,0x3886,0x1804,0x1824,
  0x2865,0x4989,0x1004,0x1003,0x1003,0x1003,0x1003,0x1023,0x1003,0x0803,0x0803,0x0803,
  0x1023,0x0803,0x0803,0x0003,0x0003,0x0803,0x1065,0x3949,0x1024,0x3128,0x3948,0x0803,
  0x0803,0x0803,0x0804,0x0804,0x0804,0x0825,0x0826,0x0047,0x0069,0x008A,0x08AB,0x18EB,
  0x498C,0x494C,0x0869,0x0069,0x006A,0x092E,0x4334,0x088B,0x0869,0x0068,0x0047,0x0047,
  0x0046,0x0003,0x0003,0x0003,0x0003,0x0003,0x0002,0x0022,0x0002,0x0003,0x10A6,0x390D,
  0x208A,0x0869,0x088A,0x1170,0x00AC,0x0951,0x11F4,0x0003,0x0002,0x0003,0x0022,0x0002,
  0x0002,0x0002,0x0002,0x0822,0x0822,0x0001,0x0001,0x0001,0x0001,0x1863,0x0801,0x3865,
  0x4887,0x0823,0x0801,0x0001,0x0001,0x0001,0x0001,0x0001,0x0001,0x0002,0x08C7,0x1A52,
  0x0845,0x0001,0x0001,0x0001,0x0001,0x0001,0x0001,0x0000,0x0000,0x0000,0x0000,0x0000,
  0x0000,0x0000,0x0000,0x0000,0x0000,0x0000,0x0001,0x0000,0x0000,0x0000,0x0000,0x0000,
  0x0000,0x0000,0x0000,0x0000,0x0000,0x0000,0x0000,0x0000,0x0000,0x0000,0x0000,0x0000,
  0x0000,0x0000,0x0000,0x0000,0x0000,0x0000,0x0000,0x0000,0x0000,0x0000,0x0000,0x0000,
  0x0000,0x0000,0x0000,0x0000,0x0000,0x0000,0x0000,0x0000,0x0000,0x0000,0x0000,0x0000,
  0x0000,0x0000,0x0000,0x0000,0x0000,0x0000,0x0000,0x0000,0x0000,0x0000,0x0000,0x0000,
  0x0000,0x0000,0x0000,0x0000,0x0000,0x0000,0x0000,0x0000,0x0000,0x0000,0x0000,0x0000,
  0x0000,0x0000,0x0000,0x0000,0x0000,0x0000,0x0000,0x0000,0x0000,0x0000,0x0000,0x0000,
  0x0000,0x0000,0x0000,0x0000,0x0000,0x0000,0x0000,0x0000,0x0000,0x0001,0x0801,0x0801,
  0x1801,0x4844,0xDA12,0x6027,0x4025,0x4845,0x4025,0x3805,0x78A8,0xD8AF,0xC84E,0xC0CF,
  0x68E9,0x4045,0x5047,0x3825,0x1803,0x1002,0x1002,0x1002,0x0802,0x1823,0x1003,0x1003,
  0x1024,0x3A10,0x1972,0x53F7,0x21B3,0x186A,0x2048,0x314C,0x498D,0x59CE,0x61AD,0x594A,
  0x726E,0x28A6,0x1004,0x1004,0x1004,0x3085,0x3065,0x1023,0x0803,0x0803,0x0803,0x0803,
  0x0803,0x0803,0x0003,0x0003,0x0003,0x0003,0x0824,0x49CC,0x0804,0x1024,0x5A2C,0x0824,
  0x0804,0x0804,0x0804,0x0804,0x0804,0x0805,0x0826,0x0848,0x088B,0x114F,0x52F1,0x396B,
  0x1047,0x0847,0x0069,0x0049,0x008A,0x11D0,0x32B2,0x008A,0x08CB,0x0047,0x0047,0x0047,
  0x0068,0x0046,0x0023,0x0003,0x0003,0x0002,0x0002,0x0002,0x0002,0x1907,0x42D3,0x188A,
  0x0826,0x0827,0x0848,0x088C,0x0950,0x00EF,0x11F5,0x08EA,0x0003,0x0823,0x0002,0x0002,
  0x0002,0x0002,0x0002,0x1884,0x1042,0x0001,0x0001,0x0001,0x0001,0x0801,0x1022,0x80CB,
  0x2025,0x2025,0x30A8,0x0802,0x0001,0x0001,0x0001,0x0002,0x0002,0x0865,0x1A93,0x114F,
  0x0022,0x0001,0x0001,0x0001,0x0001,0x0001,0x0001,0x0001,0x0001,0x0000,0x0000,0x0001,
  0x0000,0x0000,0x0000,0x0000,0x0000,0x0001,0x0843,0x0000,0x0000,0x0000,0x0000,0x0000,
  0x0000,0x0000,0x0000,0x0000,0x0000,0x0000,0x0000,0x0000,0x0000,0x0000,0x0000,0x0000,
  0x0000,0x0000,0x0000,0x0000,0x0000,0x0000,0x0000,0x0000,0x0000,0x0000,0x0000,0x0000,
  0x0000,0x0000,0x0000,0x0000,0x0000,0x0000,0x0000,0x0000,0x0000,0x0000,0x0000,0x0000,
  0x0000,0x0000,0x0000,0x0000,0x0000,0x0000,0x0000,0x0000,0x0000,0x0000,0x0000,0x0000,
  0x0000,0x0000,0x0000,0x0000,0x0000,0x0000,0x0000,0x0000,0x0000,0x0000,0x0000,0x0000,
  0x0000,0x0000,0x0000,0x0000,0x0000,0x0000,0x0000,0x0000,0x0000,0x0000,0x0000,0x0000,
  0x0000,0x0000,0x0000,0x0000,0x0000,0x0000,0x0000,0x0000,0x0001,0x0001,0x0801,0x1001,
  0x2002,0x896B,0xB8CD,0x5025,0x4025,0x70A8,0x3824,0x4024,0xC14E,0xC84E,0xB82D,0x904B,
  0x5026,0x4066,0x2843,0x2824,0x1803,0x1002,0x1002,0x1002,0x1003,0x1003,0x1003,0x1823,
  0x51AD,0x188B,0x104A,0x4AF3,0x186B,0x2027,0x1806,0x1805,0x1805,0x1005,0x20A7,0x49ED,
  0x8311,0x3087,0x1825,0x2045,0x3066,0x40C7,0x1023,0x1003,0x0803,0x0803,0x0803,0x0803,
  0x0003,0x0803,0x0003,0x0003,0x0003,0x0803,0x0824,0x520C,0x1024,0x1024,0x624D,0x1845,
  0x1004,0x1004,0x1824,0x38A7,0x4909,0x512A,0x598C,0x61EE,0x72D2,0x9D58,0x210A,0x0847,
  0x0047,0x0048,0x0068,0x0069,0x008A,0x2252,0x2231,0x006A,0x0069,0x0068,0x0088,0x0088,
  0x0047,0x11AE,0x08E8,0x0003,0x0003,0x0002,0x0002,0x0002,0x0002,0x2A50,0x21AF,0x0826,
  0x0826,0x0827,0x0847,0x0069,0x1170,0x0991,0x0952,0x11D3,0x1044,0x4907,0x0002,0x0002,
  0x0002,0x0802,0x0002,0x0022,0x0002,0x0001,0x0001,0x0001,0x0001,0x0801,0x4066,0x78AB,
  0x2025,0x3068,0x2868,0x1888,0x0823,0x0002,0x0001,0x0001,0x0002,0x08A7,0x11D0,0x2A4F,
  0x0022,0x0001,0x0001,0x0001,0x0001,0x0001,0x0001,0x0001,0x0001,0x0000,0x0000,0x0001,
  0x0000,0x0000,0x0000,0x0000,0x0000,0x0000,0x0000,0x0000,0x0000,0x0000,0x0000,0x0000,
  0x0000,0x0000,0x0000,0x0000,0x0000,0x0000,0x0000,0x0000,0x0000,0x0000,0x0000,0x0000,
  0x0000,0x0000,0x0000,0x0000,0x0000,0x0000,0x0000,0x0000,0x0000,0x0000,0x0000,0x0000,
  0x0000,0x0000,0x0000,0x0000,0x0000,0x0000,0x0000,0x0000,0x0000,0x0000,0x0000,0x0000,
  0x0000,0x0000,0x0000,0x0000,0x0000,0x0000,0x0000,0x0000,0x0000,0x0000,0x0000,0x0000,
  0x0000,0x0000,0x0000,0x0000,0x0000,0x0000,0x0000,0x0000,0x0000,0x0000,0x0000,0x0000,
  0x0000,0x0000,0x0000,0x0000,0x0000,0x0000,0x0000,0x0000,0x0000,0x0000,0x0000,0x0000,
  0x0000,0x0000,0x0000,0x0000,0x0000,0x0000,0x0000,0x0001,0x0001,0x0801,0x0801,0x1001,
  0x3002,0xC210,0x8849,0x4825,0x7867,0x5046,0x3824,0x6867,0xE110,0xC02E,0xA02C,0x5026,
  0x3804,0x3804,0x3845,0x2843,0x2023,0x1803,0x1823,0x1003,0x1002,0x1002,0x1803,0x6109,
  0x48CA,0x1826,0x1829,0x5313,0x184A,0x2007,0x2006,0x1805,0x1805,0x1004,0x1004,0x1846,
  0x28A8,0x82D1,0x698B,0x3086,0x1024,0x1003,0x1003,0x0803,0x0803,0x0803,0x0803,0x0803,
  0x0803,0x0003,0x0003,0x0003,0x0003,0x0803,0x1066,0x5A2E,0x1024,0x1025,0x5A2D,0x622E,
  0x59AB,0x4909,0x40C8,0x40E8,0x30A6,0x1825,0x1025,0x1026,0x1048,0x2211,0x0868,0x0047,
  0x0047,0x0048,0x0069,0x0069,0x008B,0x22B3,0x19F0,0x008A,0x08CA,0x19AE,0x08CA,0x0067,
  0x0089,0x11CF,0x4477,0x0886,0x0003,0x0002,0x0002,0x0002,0x0885,0x3B56,0x0868,0x0805,
  0x0826,0x1889,0x18CA,0x0869,0x08AD,0x11F4,0x0930,0x1215,0x0866,0x0823,0x0002,0x1043,
  0x0002,0x0002,0x0002,0x0002,0x0002,0x0001,0x0001,0x0001,0x1022,0x1002,0x912E,0x3847,
  0x2006,0x2048,0x1868,0x1089,0x19AF,0x10C6,0x0001,0x0001,0x0002,0x0022,0x0865,0x0885,
  0x0002,0x0001,0x0001,0x0001,0x0001,0x0001,0x0001,0x0001,0x0001,0x0001,0x0001,0x0001,
  0x0001,0x0001,0x0001,0x0001,0x0001,0x0001,0x0000,0x0000,0x0000,0x0000,0x0000,0x0000,
  0x0000,0x0000,0x0000,0x0000,0x0000,0x0000,0x0000,0x0000,0x0000,0x0000,0x0000,0x0000,
  0x0000,0x0000,0x0000,0x0000,0x0000,0x0000,0x0000,0x0000,0x0000,0x0000,0x0000,0x0000,
  0x0000,0x0000,0x0000,0x0000,0x0000,0x0000,0x0000,0x0000,0x0000,0x0000,0x0000,0x0000,
  0x0000,0x0000,0x0000,0x0000,0x0000,0x0000,0x0000,0x0000,0x0000,0x0000,0x0000,0x0000,
  0x0000,0x0000,0x0000,0x0000,0x0000,0x0000,0x0000,0x0000,0x0000,0x0000,0x0000,0x0000,
  0x0000,0x0000,0x0000,0x0000,0x0000,0x0000,0x0000,0x0000,0x0000,0x0000,0x0000,0x0000,
  0x0000,0x0000,0x0000,0x0000,0x0000,0x0000,0x0000,0x0000,0x0001,0x0801,0x0801,0x1801,
  0x4844,0xD1F1,0x7047,0x5047,0x98EA,0x4025,0x4024,0xA90C,0xD04E,0xB00C,0x6828,0x4005,
  0x3004,0x3004,0x3004,0x3824,0x58C6,0x2823,0x1823,0x1002,0x1002,0x1002,0x58C7,0x5088,
  0x2826,0x1806,0x1829,0x6374,0x208B,0x2026,0x2005,0x1805,0x2025,0x1004,0x1004,0x1004,
  0x1825,0x59CD,0x726F,0x1824,0x1004,0x1003,0x1003,0x0803,0x0803,0x0803,0x0803,0x0803,
  0x0803,0x0003,0x0003,0x0003,0x0003,0x0824,0x39EE,0x522E,0x1887,0x522D,0x1865,0x1024,
  0x28A7,0x1845,0x0804,0x0804,0x0804,0x0805,0x0805,0x0806,0x0827,0x0848,0x0848,0x0047,
  0x0047,0x0048,0x0048,0x006A,0x00AB,0x22D4,0x1A11,0x116E,0x08CA,0x0046,0x0046,0x0046,
  0x0046,0x0068,0x00CB,0x2AB0,0x0865,0x0002,0x0002,0x0822,0x192A,0x2AF4,0x0826,0x0805,
  0x0805,0x0827,0x0847,0x0848,0x006A,0x08CE,0x11B3,0x0973,0x118F,0x0003,0x0003,0x1044,
  0x0002,0x0002,0x0002,0x0002,0x0001,0x0001,0x0001,0x0002,0x1022,0x2844,0xB192,0x2047,
  0x1827,0x1069,0x086A,0x092E,0x116C,0x0022,0x0001,0x0001,0x0001,0x0001,0x0001,0x0001,
  0x0001,0x0001,0x0001,0x0001,0x0001,0x0001,0x0001,0x0001,0x0001,0x0001,0x0000,0x0001,
  0x0001,0x0001,0x0000,0x0001,0x0001,0x0000,0x0000,0x0000,0x0000,0x0000,0x0000,0x0000,
  0x0000,0x0000,0x0000,0x0000,0x0000,0x0000,0x0000,0x0000,0x0000,0x0000,0x0000,0x0000,
  0x0000,0x0000,0x0000,0x0000,0x0000,0x0000,0x0000,0x0000,0x0000,0x0000,0x0000,0x0000,
  0x0000,0x0000,0x0000,0x0000,0x0000,0x0000,0x0000,0x0000,0x0000,0x0000,0x0000,0x0000,
  0x0000,0x0000,0x0000,0x0000,0x0000,0x0000,0x0000,0x0000,0x0000,0x0000,0x0000,0x0000,
  0x0000,0x0000,0x0000,0x0000,0x0000,0x0000,0x0000,0x0000,0x0000,0x0000,0x0000,0x0000,
  0x0000,0x0000,0x0000,0x0000,0x0000,0x0000,0x0000,0x0000,0x0000,0x0000,0x0000,0x0000,
  0x0000,0x0000,0x0000,0x0000,0x0000,0x0000,0x0000,0x0000,0x0001,0x0801,0x0801,0x1802,
  0x814A,0xB0EC,0x7088,0x4066,0x5066,0x4045,0x5025,0xE130,0xC02D,0x902A,0x4805,0x3805,
  0x3004,0x3004,0x4044,0x6907,0x58C6,0x48A6,0x50A6,0x2843,0x1802,0x50A7,0x68C8,0x3026,
  0x2867,0x1826,0x1828,0x6B94,0x284A,0x2026,0x2005,0x1805,0x1824,0x1004,0x1004,0x1004,
  0x1004,0x1825,0x4109,0x496A,0x1004,0x1004,0x1003,0x0803,0x0803,0x0803,0x0803,0x0803,
  0x0803,0x0003,0x0003,0x0003,0x0804,0x18A8,0x1067,0x28E9,0x5A4E,0x1024,0x0803,0x0803,
  0x0804,0x2086,0x0804,0x0804,0x0804,0x0804,0x0805,0x0805,0x0806,0x0827,0x0848,0x0848,
  0x0868,0x0068,0x0048,0x006A,0x00CD,0x2B35,0x2AF4,0x008A,0x0047,0x0026,0x0046,0x0026,
  0x0046,0x0046,0x0068,0x0047,0x0023,0x0002,0x0802,0x1043,0x692D,0x2A92,0x0827,0x0805,
  0x0806,0x0806,0x1047,0x1068,0x0049,0x008D,0x19D5,0x0932,0x1235,0x0004,0x0003,0x0002,
  0x0002,0x0002,0x0002,0x0002,0x0001,0x0002,0x0001,0x0002,0x0822,0x60C9,0x60EC,0x2069,
  0x20CE,0x1150,0x110D,0x0886,0x0002,0x0001,0x0001,0x0001,0x0001,0x0001,0x0001,0x0001,
  0x0001,0x0001,0x0001,0x0001,0x0001,0x0001,0x0001,0x0001,0x0001,0x0001,0x0001,0x0001,
  0x0001,0x0001,0x0001,0x0001,0x0001,0x0001,0x0001,0x0000,0x0000,0x0000,0x0000,0x0000,
  0x0000,0x0000,0x0000,0x0000,0x0000,0x0000,0x0000,0x0000,0x0000,0x0000,0x0000,0x0000,
  0x0000,0x0000,0x0000,0x0000,0x0000,0x0000,0x0000,0x0000,0x0000,0x0000,0x0000,0x0000,
  0x0000,0x0000,0x0000,0x0000,0x0000,0x0000,0x0000,0x0000,0x0000,0x0000,0x0000,0x0000,
  0x0000,0x0000,0x0000,0x0000,0x0000,0x0000,0x0000,0x0000,0x0000,0x0000,0x0000,0x0000,
  0x0000,0x0000,0x0000,0x0000,0x0000,0x0000,0x0000,0x0000,0x0000,0x0000,0x0000,0x0000,
  0x0000,0x0000,0x0000,0x0000,0x0000,0x0000,0x0000,0x0000,0x0000,0x0000,0x0000,0x0000,
  0x0000,0x0000,0x0000,0x0000,0x0000,0x0000,0x0000,0x0000,0x0001,0x0801,0x0801,0x1802,
  0xA9CE,0xA8CB,0xB10C,0x3045,0x4887,0x48A7,0x80C9,0xE0CF,0xB02B,0x6807,0x4005,0x3805,
  0x3004,0x3023,0x58E7,0x3884,0x1822,0x1802,0x3845,0x4886,0x896A,0x68E9,0x4046,0x2005,
  0x2026,0x2868,0x2049,0x6333,0x2828,0x2006,0x2005,0x1804,0x1804,0x1804,0x1004,0x1004,
  0x1004,0x1004,0x1825,0x722F,0x38E8,0x1004,0x1003,0x0803,0x0803,0x0803,0x0803,0x0803,
  0x0803,0x0803,0x0803,0x0803,0x0824,0x496C,0x30C9,0x722F,0x1024,0x0803,0x0803,0x0803,
  0x0803,0x0804,0x0804,0x0804,0x0804,0x0805,0x0805,0x0806,0x0806,0x0827,0x0848,0x0848,
  0x0869,0x0048,0x0049,0x006A,0x00EE,0x4C38,0x096F,0x0069,0x0047,0x0047,0x0046,0x0067,
  0x0046,0x0047,0x00A9,0x0046,0x0844,0x1064,0x1823,0x710C,0x58CE,0x42D3,0x0848,0x0826,
  0x2067,0x0826,0x0806,0x1068,0x086A,0x008D,0x21B5,0x39F5,0x09D5,0x08C9,0x0003,0x0002,
  0x0002,0x0002,0x0822,0x0002,0x0002,0x0002,0x0802,0x0802,0x0822,0x7990,0x2048,0x18CD,
  0x2A12,0x192A,0x0022,0x0001,0x0001,0x0001,0x0002,0x0001,0x0001,0x0001,0x0001,0x0001,
  0x0001,0x0001,0x0001,0x0001,0x0001,0x0001,0x0001,0x0001,0x0001,0x0001,0x0001,0x0001,
  0x0001,0x0001,0x0001,0x0001,0x0001,0x0022,0x0846,0x0001,0x0001,0x0000,0x0000,0x0000,
  0x0000,0x0000,0x0000,0x0000,0x0000,0x0000,0x0000,0x0000,0x0000,0x0000,0x0000,0x0000,
  0x0000,0x0000,0x0000,0x0000,0x0000,0x0000,0x0000,0x0000,0x0000,0x0000,0x0000,0x0000,
  0x0000,0x0000,0x0000,0x0000,0x0000,0x0000,0x0000,0x0000,0x0000,0x0000,0x0000,0x0000,
  0x0000,0x0000,0x0000,0x0000,0x0000,0x0000,0x0000,0x0000,0x0000,0x0000,0x0000,0x0000,
  0x0000,0x0000,0x0000,0x0000,0x0000,0x0000,0x0000,0x0000,0x0000,0x0000,0x0000,0x0000,
  0x0000,0x0000,0x0000,0x0000,0x0000,0x0000,0x0000,0x0000,0x0000,0x0000,0x0000,0x0000,
  0x0000,0x0000,0x0000,0x0000,0x0000,0x0000,0x0000,0x0000,0x0001,0x0801,0x0801,0x1802,
  0x712A,0x99AD,0xB16D,0x6909,0x3045,0x3044,0xA1CD,0xD2B1,0xA10C,0x5026,0x4005,0x5867,
  0x3004,0x50A6,0x1822,0x1002,0x1002,0x0802,0x1002,0x3865,0x890A,0x2804,0x2004,0x1805,
  0x1805,0x30CB,0x206A,0x5AB2,0x3028,0x2806,0x2826,0x3067,0x1804,0x1804,0x1004,0x1004,
  0x1004,0x1004,0x1824,0x61ED,0x51CC,0x498A,0x1024,0x1004,0x0803,0x0803,0x0803,0x0803,
  0x0803,0x0803,0x0845,0x0804,0x0824,0x510B,0x592B,0x49AB,0x0803,0x0803,0x0803,0x0803,
  0x0803,0x0804,0x0804,0x0804,0x0804,0x0805,0x0805,0x0806,0x0806,0x0827,0x0848,0x0869,
  0x0048,0x0048,0x0049,0x006A,0x00CE,0x4BF7,0x090E,0x0069,0x0047,0x0047,0x0047,0x0047,
  0x0047,0x0068,0x1A0F,0x0024,0x0003,0x1823,0x792B,0x406A,0x48CE,0x5AB3,0x212B,0x0826,
  0x0826,0x0805,0x0806,0x0827,0x088B,0x08CF,0x1153,0x4A37,0x0932,0x11D1,0x0023,0x0003,
  0x0002,0x0002,0x0823,0x0002,0x0002,0x0001,0x0822,0x0802,0x0802,0x1046,0x210C,0x214B,
  0x0023,0x0002,0x0002,0x0001,0x0001,0x0001,0x0001,0x0001,0x0001,0x0001,0x0001,0x0001,
  0x0001,0x0001,0x0001,0x0001,0x0001,0x0001,0x0001,0x0001,0x0001,0x0001,0x0001,0x0001,
  0x0001,0x0001,0x0001,0x0001,0x1107,0x10EC,0x2048,0x0822,0x0001,0x0000,0x0000,0x0000,
  0x0000,0x0000,0x0000,0x0000,0x0000,0x0000,0x0000,0x0000,0x0000,0x0000,0x0000,0x0000,
  0x0000,0x0000,0x0000,0x0000,0x0000,0x0000,0x0000,0x0000,0x0000,0x0000,0x0000,0x0000,
  0x0000,0x0000,0x0000,0x0000,0x0000,0x0000,0x0000,0x0000,0x0000,0x0000,0x0000,0x0000,
  0x0000,0x0000,0x0000,0x0000,0x0000,0x0000,0x0000,0x0000,0x0000,0x0000,0x0000,0x0000,
  0x0000,0x0000,0x0000,0x0000,0x0000,0x0000,0x0000,0x0000,0x0000,0x0000,0x0000,0x0000,
  0x0000,0x0000,0x0000,0x0000,0x0000,0x0000,0x0000,0x0000,0x0000,0x0000,0x0000,0x0000,
  0x0000,0x0000,0x0000,0x0000,0x0000,0x0000,0x0000,0x0000,0x0001,0x0801,0x0801,0x2064,
  0x61AA,0x69CB,0x40C7,0x2044,0x40A6,0x816B,0x8889,0x8848,0x816B,0x81ED,0x714A,0x6888,
  0x70E8,0x2043,0x1002,0x1002,0x0802,0x0802,0x1002,0x3085,0x894B,0x2825,0x2004,0x2005,
  0x2005,0x2869,0x288B,0x5A92,0x3028,0x3047,0x2805,0x2025,0x1804,0x1804,0x1804,0x1004,
  0x1004,0x1804,0x3086,0x518B,0x1825,0x3929,0x51EC,0x1805,0x1004,0x0804,0x0803,0x0803,
  0x0803,0x0803,0x0803,0x0803,0x0804,0x50EA,0x518B,0x1024,0x0803,0x0803,0x0803,0x0803,
  0x0803,0x0804,0x0804,0x0804,0x1025,0x1005,0x1005,0x0806,0x0807,0x0828,0x0849,0x086A,
  0x0848,0x0048,0x0049,0x006B,0x08EE,0x7437,0x010E,0x006A,0x0048,0x0048,0x0047,0x0048,
  0x0068,0x090C,0x32B0,0x0024,0x0803,0x71CC,0xA8CC,0x404A,0x306B,0x3971,0x52D1,0x1047,
  0x0806,0x0806,0x0806,0x0827,0x088B,0x32F5,0x19F6,0x39B5,0x3994,0x19F5,0x0024,0x0003,
  0x0002,0x0002,0x0002,0x0802,0x0002,0x1022,0x0002,0x0002,0x0002,0x0002,0x0002,0x0002,
  0x0002,0x0002,0x0001,0x0002,0x0001,0x0001,0x0001,0x0001,0x0823,0x0824,0x0001,0x0001,
  0x0001,0x0001,0x0001,0x0001,0x0001,0x0001,0x0001,0x0001,0x0001,0x0001,0x0001,0x0001,
  0x0001,0x0001,0x0001,0x0001,0x2A0C,0x50EC,0x68A8,0x1022,0x0001,0x0000,0x0000,0x0000,
  0x0000,0x0000,0x0000,0x0000,0x0000,0x0000,0x0000,0x0000,0x0000,0x0000,0x0000,0x0000,
  0x0000,0x0000,0x0000,0x0000,0x0000,0x0000,0x0000,0x0000,0x0000,0x0000,0x0000,0x0000,
  0x0000,0x0000,0x0000,0x0000,0x0000,0x0000,0x0000,0x0000,0x0000,0x0000,0x0000,0x0000,
  0x0000,0x0000,0x0000,0x0000,0x0000,0x0000,0x0000,0x0000,0x0000,0x0000,0x0000,0x0000,
  0x0000,0x0000,0x0000,0x0000,0x0000,0x0000,0x0000,0x0000,0x0000,0x0000,0x0000,0x0000,
  0x0000,0x0000,0x0000,0x0000,0x0000,0x0000,0x0000,0x0000,0x0000,0x0000,0x0000,0x0000,
  0x0000,0x0000,0x0000,0x0000,0x0000,0x0000,0x0000,0x0000,0x0001,0x0801,0x0801,0x28A5,
  0x82F0,0x3866,0x2844,0x3866,0x71CC,0x5826,0x6807,0x6026,0x4005,0x3004,0x50E8,0x7A0E,
  0x5129,0x1002,0x0802,0x0802,0x1002,0x1022,0x0802,0x1843,0x796B,0x2824,0x2805,0x2005,
  0x2005,0x2828,0x38ED,0x5A52,0x4048,0x3006,0x2805,0x2005,0x2005,0x1804,0x1804,0x1804,
  0x1804,0x1804,0x5149,0x1824,0x1804,0x1804,0x30E8,0x5A6D,0x1825,0x1024,0x0804,0x0804,
  0x0804,0x0803,0x0803,0x0803,0x0804,0x3909,0x20C7,0x0803,0x0803,0x0803,0x0803,0x0803,
  0x0803,0x0804,0x0804,0x0804,0x30A8,0x1005,0x1006,0x1006,0x0807,0x0828,0x10CC,0x088A,
  0x0849,0x0849,0x0869,0x108C,0x3131,0x63D7,0x00EE,0x008A,0x0069,0x08CA,0x0068,0x0068,
  0x0089,0x1A51,0x0046,0x0003,0x0803,0x50A8,0xB90D,0x78AD,0x404C,0x4173,0x5313,0x1026,
  0x0806,0x0806,0x0806,0x0828,0x090E,0x2BB9,0x1277,0x1174,0x5216,0x21B5,0x0888,0x0023,
  0x0866,0x0003,0x0002,0x0002,0x1022,0x0822,0x0002,0x0002,0x0002,0x0002,0x0002,0x0002,
  0x0002,0x0002,0x0802,0x0822,0x0002,0x0001,0x0002,0x10E8,0x2191,0x1849,0x0002,0x0001,
  0x0001,0x0001,0x0001,0x0001,0x0001,0x0001,0x0001,0x0001,0x0001,0x0001,0x0001,0x0001,
  0x0001,0x0001,0x0001,0x0001,0x0822,0x1823,0x0821,0x0001,0x0001,0x0000,0x0000,0x0000,
  0x0000,0x0000,0x0000,0x0000,0x0000,0x0000,0x0000,0x0000,0x0000,0x0000,0x0000,0x0000,
  0x0000,0x0000,0x0000,0x0000,0x0000,0x0000,0x0000,0x0000,0x0000,0x0000,0x0000,0x0000,
  0x0000,0x0000,0x0000,0x0000,0x0000,0x0000,0x0000,0x0000,0x0000,0x0000,0x0000,0x0000,
  0x0000,0x0000,0x0000,0x0000,0x0000,0x0000,0x0000,0x0000,0x0000,0x0000,0x0000,0x0000,
  0x0000,0x0000,0x0000,0x0000,0x0000,0x0000,0x0000,0x0000,0x0000,0x0000,0x0000,0x0000,
  0x0000,0x0000,0x0000,0x0000,0x0000,0x0000,0x0000,0x0000,0x0000,0x0000,0x0000,0x0000,
  0x0000,0x0000,0x0000,0x0000,0x0000,0x0000,0x0000,0x0000,0x0001,0x0001,0x0801,0x38C6,
  0x4847,0x5026,0x890A,0xE376,0x594B,0x70CA,0x6806,0x5006,0x2804,0x2803,0x2824,0x1003,
  0x1023,0x1002,0x0802,0x0802,0x0802,0x0802,0x0802,0x1002,0x50C8,0x2804,0x2005,0x2005,
  0x2006,0x2828,0x40EE,0x8B75,0x5049,0x3006,0x2806,0x2805,0x2826,0x2025,0x2004,0x2004,
  0x1804,0x1804,0x40A7,0x1824,0x1804,0x1804,0x1805,0x49ED,0x7B73,0x28A7,0x1004,0x0804,
  0x0804,0x0804,0x0804,0x0804,0x0823,0x522C,0x0824,0x0803,0x0803,0x0803,0x0803,0x0803,
  0x0803,0x0804,0x0804,0x1004,0x2866,0x2887,0x1006,0x1007,0x1027,0x1029,0x194F,0x084A,
  0x1049,0x186A,0x40ED,0x30AD,0x10D0,0x73D7,0x00CE,0x008B,0x0069,0x0069,0x0069,0x0069,
  0x00CB,0x094C,0x0004,0x0003,0x0803,0x1824,0xB96F,0xB130,0x506D,0x3973,0x5335,0x1027,
  0x0806,0x0806,0x0826,0x0849,0x22F5,0x0277,0x13BA,0x09D6,0x3A15,0x2174,0x112E,0x0024,
  0x0866,0x0003,0x0802,0x3044,0x7888,0x1023,0x0002,0x0002,0x0002,0x0002,0x0002,0x0002,
  0x0802,0x0002,0x0001,0x0001,0x0001,0x0802,0x18E9,0x2970,0x386B,0x2847,0x0002,0x0001,
  0x0001,0x0001,0x0001,0x0001,0x0001,0x0001,0x0001,0x0001,0x0001,0x0001,0x0001,0x0001,
  0x0001,0x0001,0x0001,0x0001,0x0001,0x0001,0x0001,0x0001,0x0001,0x0000,0x0000,0x0000,
  0x0000,0x0000,0x0000,0x0021,0x0000,0x0000,0x0000,0x0000,0x0000,0x0000,0x0000,0x0000,
  0x0000,0x0000,0x0000,0x0000,0x0000,0x0000,0x0000,0x0000,0x0000,0x0000,0x0000,0x0000,
  0x0000,0x0000,0x0000,0x0000,0x0000,0x0000,0x0000,0x0000,0x0000,0x0000,0x0000,0x0000,
  0x0000,0x0000,0x0000,0x0000,0x0000,0x0000,0x0000,0x0000,0x0000,0x0000,0x0000,0x0000,
  0x0000,0x0000,0x0000,0x0000,0x0000,0x0000,0x0000,0x0000,0x0000,0x0000,0x0000,0x0000,
  0x0000,0x0000,0x0000,0x0000,0x0000,0x0000,0x0000,0x0000,0x0000,0x0000,0x0000,0x0000,
  0x0000,0x0000,0x0000,0x0000,0x0000,0x0000,0x0000,0x0000,0x0001,0x0001,0x0801,0x48A7,
  0x4826,0x5807,0xAA2E,0xEA33,0x89CE,0x610A,0x5805,0x3804,0x2003,0x2024,0x1002,0x0802,
  0x0802,0x1023,0x1043,0x0802,0x0802,0x0802,0x0802,0x0802,0x2865,0x4087,0x2805,0x2805,
  0x2806,0x3008,0x40CD,0xB477,0x5828,0x4007,0x3806,0x3006,0x48CA,0x3847,0x2805,0x2805,
  0x2005,0x2824,0x40A7,0x1804,0x1804,0x1804,0x1825,0x310A,0x2088,0x524E,0x1866,0x1004,
  0x1004,0x0804,0x0804,0x0803,0x20C6,0x398A,0x0803,0x0803,0x0803,0x0803,0x0803,0x0804,
  0x0804,0x0804,0x1004,0x1004,0x1805,0x514B,0x1826,0x1027,0x1028,0x18CD,0x18CD,0x184B,
  0x48CD,0x40CD,0x184C,0x186E,0x1912,0x83F8,0x0951,0x00AC,0x008A,0x008A,0x008A,0x00AB,
  0x116D,0x0866,0x0004,0x0004,0x0844,0x1024,0x9A31,0xB0EF,0x386C,0x1151,0x2AB6,0x28EA,
  0x0806,0x1026,0x1048,0x194D,0x12B7,0x037A,0x459D,0x33FB,0x1195,0x2153,0x2192,0x20C7,
  0x1044,0x0803,0x1023,0x78CA,0x68E9,0x0802,0x0002,0x0002,0x1043,0x0824,0x0822,0x0802,
  0x2064,0x0002,0x0002,0x0001,0x0001,0x30C7,0x312D,0x3869,0x3088,0x0843,0x0001,0x0001,
  0x0001,0x0001,0x0001,0x0822,0x0823,0x0001,0x0001,0x0001,0x0001,0x0001,0x0001,0x0001,
  0x0001,0x0001,0x0001,0x0001,0x0001,0x0001,0x0001,0x0001,0x0001,0x0001,0x0000,0x0000,
  0x0000,0x0000,0x0000,0x0000,0x0000,0x0000,0x0000,0x0000,0x0000,0x0000,0x0000,0x0000,
  0x0000,0x0000,0x0000,0x0000,0x0000,0x0000,0x0000,0x0000,0x0000,0x0000,0x0000,0x0000,
  0x0000,0x0000,0x0000,0x0000,0x0000,0x0000,0x0000,0x0000,0x0000,0x0000,0x0000,0x0000,
  0x0000,0x0000,0x0000,0x0000,0x0000,0x0000,0x0000,0x0000,0x0000,0x0000,0x0000,0x0000,
  0x0000,0x0000,0x0000,0x0000,0x0000,0x0000,0x0000,0x0000,0x0000,0x0000,0x0000,0x0000,
  0x0000,0x0000,0x0000,0x0000,0x0000,0x0000,0x0000,0x0000,0x0000,0x0000,0x0000,0x0000,
  0x0000,0x0000,0x0000,0x0000,0x0000,0x0000,0x0000,0x0000,0x0001,0x0801,0x1001,0x58A8,
  0x5047,0x6007,0xD373,0xE9F2,0xC233,0x4108,0x5846,0x3004,0x1803,0x1003,0x0802,0x0802,
  0x0802,0x0802,0x0802,0x0802,0x0802,0x0802,0x0802,0x0802,0x1003,0x590A,0x3005,0x3006,
  0x3007,0x4049,0x8291,0xAB54,0x996E,0x5808,0x4807,0x4007,0x4027,0x5089,0x3806,0x3006,
  0x3005,0x4887,0x4087,0x3866,0x2005,0x2005,0x1805,0x1805,0x1805,0x1826,0x49ED,0x20A6,
  0x1024,0x1004,0x1004,0x1024,0x3949,0x1024,0x0804,0x0803,0x0803,0x0824,0x18A6,0x0804,
  0x0804,0x1004,0x1004,0x1005,0x1806,0x38CA,0x38EB,0x1829,0x182A,0x2150,0x186C,0x40AE,
  0x308E,0x204D,0x206E,0x188F,0x2154,0x7BF8,0x22B6,0x010F,0x00CD,0x00CD,0x116E,0x6374,
  0xC375,0x614A,0x0824,0x18A8,0x18A6,0x0823,0x38A8,0x78CD,0x490F,0x09B4,0x1A54,0x51CE,
  0x1827,0x1027,0x1089,0x32D5,0x0AD7,0x5DBC,0xC79E,0x963D,0x09F7,0x2153,0x39B4,0x0845,
  0x0803,0x1844,0x1823,0x1023,0x0803,0x0002,0x0002,0x0824,0x116D,0x194D,0x38A8,0x1023,
  0x0822,0x0002,0x0002,0x0002,0x28A6,0x698E,0x40A9,0x1824,0x0002,0x0001,0x0001,0x0001,
  0x0001,0x0001,0x1023,0x1045,0x18CA,0x0002,0x0001,0x0001,0x0001,0x0001,0x0001,0x0001,
  0x0001,0x0001,0x0001,0x0001,0x0001,0x0001,0x0001,0x0001,0x0001,0x0001,0x0001,0x0001,
  0x0000,0x0000,0x0000,0x0000,0x0000,0x0000,0x0000,0x0000,0x0000,0x0000,0x0000,0x0000,
  0x0000,0x0000,0x0000,0x0000,0x0000,0x0000,0x0000,0x0000,0x0000,0x0000,0x0000,0x0000,
  0x0000,0x0000,0x0000,0x0000,0x0000,0x0000,0x0000,0x0000,0x0000,0x0000,0x0000,0x0000,
  0x0000,0x0000,0x0000,0x0000,0x0000,0x0000,0x0000,0x0000,0x0000,0x0000,0x0000,0x0000,
  0x0000,0x0000,0x0000,0x0000,0x0000,0x0000,0x0000,0x0000,0x0000,0x0000,0x0000,0x0000,
  0x0000,0x0000,0x0000,0x0000,0x0000,0x0000,0x0000,0x0000,0x0000,0x0000,0x0000,0x0000,
  0x0000,0x0000,0x0000,0x0000,0x0000,0x0000,0x0000,0x0000,0x0001,0x0801,0x2843,0x6089,
  0x5026,0x7027,0xEC57,0xEA13,0xB0CE,0x498B,0x5109,0x3004,0x1803,0x1002,0x1002,0x0802,
  0x1023,0x0802,0x1023,0x1023,0x0802,0x2064,0x1002,0x0802,0x1003,0x3087,0x712C,0x4829,
  0x506A,0x7A2F,0x488B,0xAB54,0xA08D,0x886B,0x6009,0x5808,0x6029,0x70EC,0x5008,0x4807,
  0x4807,0x794C,0x5088,0x3826,0x2805,0x2005,0x2005,0x1804,0x1804,0x1805,0x1826,0x41AC,
  0x414B,0x1825,0x1824,0x28C7,0x1024,0x1004,0x0804,0x1004,0x0804,0x1004,0x1004,0x1004,
  0x1004,0x1004,0x1005,0x1806,0x1806,0x2008,0x61AF,0x286B,0x206D,0x3173,0x28B1,0x4155,
  0x28D2,0x28B1,0x20B1,0x2114,0x3A58,0x7439,0x11D4,0x5417,0x3B75,0x3B55,0x4355,0x72B4,
  0xA96F,0x3087,0x0824,0x18EB,0x0803,0x0803,0x0803,0x3888,0x6191,0x09D5,0x1A74,0x59AF,
  0x1027,0x1847,0x5293,0x1AD6,0x54B9,0x2B99,0x23FA,0x9E7D,0x2B18,0x1953,0x4195,0x0846,
  0x0003,0x0803,0x1086,0x0803,0x0003,0x0823,0x10E7,0x1A93,0x0A12,0x0848,0x1027,0x48C9,
  0x0802,0x0002,0x0002,0x0802,0x3086,0x2865,0x0822,0x0002,0x0002,0x0001,0x0822,0x1022,
  0x0001,0x0001,0x0002,0x0823,0x10A7,0x0002,0x0001,0x0001,0x0001,0x0001,0x0001,0x0001,
  0x0001,0x0001,0x0001,0x0001,0x0001,0x0001,0x0001,0x0001,0x0001,0x0001,0x0001,0x0001,
  0x0001,0x0000,0x0000,0x0000,0x0000,0x0000,0x0000,0x0000,0x0000,0x0000,0x0000,0x0000,
  0x0000,0x0000,0x0000,0x0000,0x0000,0x0000,0x0000,0x0000,0x0000,0x0000,0x0000,0x0000,
  0x0000,0x0000,0x0000,0x0000,0x0000,0x0000,0x0000,0x0000,0x0000,0x0000,0x0000,0x0000,
  0x0000,0x0000,0x0000,0x0000,0x0000,0x0000,0x0000,0x0000,0x0000,0x0000,0x0000,0x0000,
  0x0000,0x0000,0x0000,0x0000,0x0000,0x0000,0x0000,0x0000,0x0000,0x0000,0x0000,0x0000,
  0x0000,0x0000,0x0000,0x0000,0x0000,0x0000,0x0000,0x0000,0x0000,0x0000,0x0000,0x0000,
  0x0000,0x0000,0x1022,0x1822,0x0000,0x0000,0x0000,0x0001,0x0801,0x0801,0x4886,0x4826,
  0x5006,0x910B,0xFC58,0xEA33,0x982A,0x716E,0x416B,0x3865,0x2003,0x1823,0x1002,0x0802,
  0x0802,0x1023,0x0802,0x1002,0x1003,0x1823,0x30A6,0x1003,0x1003,0x1825,0x81CF,0x68CD,
  0x796E,0x598C,0x484A,0xAB13,0xC232,0xA08C,0x908C,0x90ED,0xAA91,0xBB94,0xAB53,0xA2F2,
  0x89CE,0x810C,0x5828,0x4807,0x4006,0x3806,0x2805,0x2005,0x2005,0x1805,0x1805,0x1826,
  0x59CE,0x69CF,0x51AB,0x28A6,0x1004,0x1004,0x1004,0x1024,0x1004,0x1004,0x1004,0x1004,
  0x1004,0x1805,0x1805,0x2006,0x2807,0x3029,0x406C,0x69F3,0x5A56,0x7BB9,0x947A,0x9C9B,
  0x7BBA,0x4A18,0x3197,0x31F9,0x84DC,0x853B,0x4C18,0x2A94,0x090F,0x08AC,0x086A,0x70CB,
  0x60A9,0x0824,0x0803,0x0803,0x0803,0x0003,0x0803,0x1023,0x596D,0x11F5,0x1A12,0x494C,
  0x1847,0x49B0,0x2A52,0x1A95,0x0151,0x0173,0x01F5,0x0AD9,0x545A,0x1954,0x4133,0x18EA,
  0x0803,0x0824,0x222F,0x0003,0x0003,0x08A7,0x54F8,0x1AB3,0x0048,0x0828,0x1049,0x30AA,
  0x2865,0x0822,0x1043,0x0822,0x0002,0x0002,0x0002,0x0002,0x0002,0x0001,0x0002,0x0002,
  0x0002,0x0002,0x0002,0x0002,0x0002,0x0001,0x0001,0x0001,0x0001,0x0001,0x0001,0x0001,
  0x0001,0x0001,0x0001,0x0001,0x0001,0x0001,0x0001,0x0001,0x0001,0x0001,0x0001,0x0001,
  0x0001,0x0001,0x0000,0x0000,0x0000,0x0000,0x0000,0x0000,0x0000,0x0000,0x0000,0x0000,
  0x0000,0x0000,0x0000,0x0000,0x0000,0x0000,0x0000,0x0000,0x0000,0x0000,0x0000,0x0000,
  0x0000,0x0000,0x0000,0x0000,0x0000,0x0000,0x0000,0x0000,0x0000,0x0000,0x0000,0x0000,
  0x0000,0x0000,0x0000,0x0000,0x0000,0x0000,0x0000,0x0000,0x0000,0x0000,0x0000,0x0000,
  0x0000,0x0000,0x0000,0x0000,0x0000,0x0000,0x0000,0x0000,0x0000,0x0000,0x0000,0x0000,
  0x0000,0x0000,0x0000,0x0000,0x0000,0x0000,0x0000,0x0000,0x0000,0x0000,0x0000,0x0000,
  0x0000,0x0000,0x2063,0x5887,0x2843,0x0801,0x0000,0x0001,0x0801,0x0801,0x4886,0x4026,
  0x5807,0xB24F,0xF396,0xE9D2,0x900A,0x6828,0x49CE,0x514C,0x2804,0x2024,0x1002,0x1003,
  0x0802,0x1003,0x1003,0x0802,0x1003,0x1003,0x2044,0x1824,0x1003,0x1804,0x30A8,0x71F2,
  0x7B11,0x3829,0x606B,0xA9F1,0xE4B9,0xDAD3,0xD3F6,0xCBD6,0xB232,0x990F,0x80AD,0x80ED,
  0xAAD3,0xAB53,0xB333,0x78EC,0x6028,0x5028,0x3806,0x2805,0x2005,0x2005,0x1805,0x1825,
  0x2047,0x8292,0x8AB2,0x2025,0x1004,0x1004,0x1004,0x1004,0x1004,0x1004,0x1004,0x1804,
  0x1805,0x2005,0x2806,0x3007,0x4029,0x58AD,0x9355,0xA479,0x7B78,0x5237,0x49F7,0x5A59,
  0x837A,0xB51C,0xAD5C,0x8CBC,0xE71E,0x4B18,0x1131,0x108C,0x290C,0x0828,0x1047,0x810C,
  0x1845,0x2045,0x30C8,0x0003,0x0003,0x0003,0x0003,0x0803,0x1045,0x32D5,0x194D,0x290A,
  0x4232,0x42F4,0x1A54,0x00EE,0x00CE,0x0110,0x0152,0x0193,0x0A15,0x2237,0x3113,0x314E,
  0x0025,0x0024,0x0824,0x0003,0x0003,0x2A2E,0x1A10,0x004A,0x0048,0x106A,0x18AC,0x086A,
  0x30C9,0x0822,0x0002,0x0002,0x0001,0x0001,0x0002,0x0002,0x0822,0x1843,0x0002,0x0002,
  0x0002,0x0802,0x0002,0x0002,0x0002,0x0001,0x0002,0x0886,0x0001,0x0001,0x0001,0x0001,
  0x0001,0x0001,0x0001,0x0001,0x0002,0x0065,0x0001,0x0001,0x0001,0x0001,0x0001,0x0001,
  0x0001,0x0001,0x0001,0x0001,0x0001,0x0000,0x0000,0x0000,0x0000,0x0000,0x0000,0x0000,
  0x0000,0x0000,0x0000,0x0000,0x0000,0x0000,0x0000,0x0000,0x0000,0x0000,0x0000,0x0000,
  0x0000,0x0000,0x0000,0x0000,0x0000,0x0000,0x0000,0x0000,0x0000,0x0000,0x0000,0x0000,
  0x0000,0x0000,0x0000,0x0000,0x0000,0x0000,0x0000,0x0000,0x0000,0x0000,0x0000,0x0000,
  0x0000,0x0000,0x0000,0x0000,0x0000,0x0000,0x0000,0x0000,0x0000,0x0000,0x0000,0x0000,
  0x0000,0x0000,0x0000,0x0000,0x0000,0x0000,0x0000,0x0000,0x0000,0x0000,0x0000,0x0000,
  0x0000,0x0000,0x0000,0x2863,0x50A7,0x4086,0x0821,0x0801,0x0801,0x0801,0x4065,0x4026,
  0x6027,0xC312,0xF335,0xE171,0x880A,0x6007,0x612C,0x41CE,0x4088,0x1803,0x1003,0x1003,
  0x1003,0x1002,0x1003,0x1003,0x1003,0x1003,0x1003,0x1023,0x2886,0x1004,0x1825,0x4A0E,
  0x51AD,0x4008,0x604A,0xA10F,0xF67C,0xF6DD,0xEDFB,0xEE1C,0xF65D,0xEDFC,0xDCF9,0xC376,
  0xB273,0x806D,0x808C,0xAAD2,0xB313,0x706A,0x5828,0x5068,0x3005,0x2805,0x2005,0x1805,
  0x2025,0x5A2D,0x2046,0x494A,0x1004,0x1004,0x1004,0x1004,0x1004,0x1004,0x1804,0x1804,
  0x2005,0x3006,0x58CB,0x502A,0x8A91,0x9355,0x5953,0x5955,0x7298,0x9BFA,0xCD7C,0xE69E,
  0xEEDF,0xEEDE,0xEEDE,0xFF7F,0xE6FD,0x5236,0x20D0,0x186B,0x1028,0x1027,0x1026,0x79CD,
  0x3888,0x488A,0x20EC,0x0866,0x0003,0x0003,0x0003,0x0003,0x0804,0x1087,0x1089,0x2232,
  0x3293,0x19D2,0x08EE,0x006B,0x00AD,0x00F0,0x0911,0x00EF,0x0953,0x3339,0x2954,0x4191,
  0x08A9,0x110A,0x0003,0x0003,0x0003,0x10E8,0x198F,0x086A,0x18CC,0x20CD,0x18EE,0x10CD,
  0x20A7,0x0002,0x0002,0x0002,0x0002,0x0002,0x0002,0x0002,0x0002,0x1043,0x0802,0x0002,
  0x0803,0x212A,0x0867,0x0002,0x0002,0x0002,0x0002,0x0002,0x0001,0x0001,0x0001,0x0001,
  0x0001,0x0001,0x0001,0x0001,0x0001,0x0022,0x0001,0x0001,0x0001,0x0001,0x0001,0x0001,
  0x0001,0x0001,0x0001,0x0001,0x0001,0x0000,0x0000,0x0000,0x0000,0x0000,0x0000,0x0001,
  0x0000,0x0000,0x0000,0x0000,0x0000,0x0000,0x0000,0x0000,0x0000,0x0000,0x0000,0x0000,
  0x0000,0x0000,0x0000,0x0000,0x0000,0x0000,0x0000,0x0000,0x0000,0x0000,0x0000,0x0000,
  0x0000,0x0000,0x0000,0x0000,0x0000,0x0000,0x0000,0x0000,0x0000,0x0000,0x0000,0x0000,
  0x0000,0x0000,0x0000,0x0000,0x0000,0x0000,0x0000,0x0000,0x0000,0x0000,0x0000,0x0000,
  0x0000,0x0000,0x0000,0x0000,0x0000,0x0000,0x0000,0x0000,0x0000,0x0000,0x0000,0x0000,
  0x0000,0x0000,0x0000,0x0801,0x2864,0x4886,0x58A7,0x0801,0x0801,0x0801,0x4866,0x4826,
  0x6828,0xCB53,0xF2F4,0xD910,0x8029,0x6007,0x5807,0x49CF,0x418D,0x2004,0x1803,0x1003,
  0x1803,0x1803,0x1003,0x1002,0x1002,0x0802,0x0802,0x1003,0x1023,0x2886,0x1824,0x30C9,
  0x3027,0x4028,0x686A,0xC2D4,0xE559,0xF59A,0xDA33,0xB8EF,0xA8EE,0xB1B1,0xCB35,0xE539,
  0xF69D,0xE57A,0xBAD4,0x908D,0x88AC,0xB313,0x896D,0x6028,0x4006,0x3005,0x2805,0x2005,
  0x49AA,0x28A7,0x1805,0x2066,0x2886,0x1004,0x1004,0x1004,0x1804,0x1804,0x1804,0x2005,
  0x3006,0x4008,0x690C,0x9B73,0x6150,0x58D1,0x8AB5,0xD55B,0xFF7E,0xDE1C,0xA3F9,0x7A36,
  0x6976,0x7997,0xA258,0xD4BB,0xEEDE,0x7A56,0x28EF,0x186B,0x1028,0x1026,0x28A8,0x412B,
  0x38AA,0x1069,0x088C,0x110D,0x0846,0x0003,0x0003,0x0003,0x0804,0x0867,0x1A73,0x2150,
  0x2991,0x092E,0x006B,0x006A,0x008C,0x0910,0x08EF,0x08AE,0x08F0,0x2257,0x42F9,0x4A13,
  0x198C,0x10C8,0x0803,0x0003,0x0003,0x414B,0x2191,0x2150,0x210F,0x08AD,0x10CE,0x190E,
  0x1065,0x0002,0x0002,0x0822,0x0002,0x0002,0x0002,0x0002,0x0002,0x0002,0x0802,0x0803,
  0x298C,0x11F1,0x08EA,0x0002,0x0002,0x0002,0x0001,0x0001,0x0002,0x0886,0x0022,0x0001,
  0x0001,0x0001,0x0001,0x0001,0x0001,0x0021,0x0001,0x0001,0x0001,0x0001,0x0001,0x0001,
  0x0001,0x0001,0x0001,0x0001,0x0001,0x0001,0x0000,0x0000,0x0000,0x0000,0x0000,0x0001,
  0x0000,0x0000,0x0000,0x0000,0x0000,0x0000,0x0000,0x0000,0x0000,0x0000,0x0000,0x0000,
  0x0000,0x0000,0x0000,0x0000,0x0000,0x0000,0x0000,0x0000,0x0000,0x0000,0x0000,0x0000,
  0x0000,0x0000,0x0000,0x0000,0x0000,0x0000,0x0000,0x0000,0x0000,0x0000,0x0000,0x0000,
  0x0000,0x0000,0x0000,0x0000,0x0000,0x0000,0x0000,0x0000,0x0000,0x0000,0x0000,0x0000,
  0x0000,0x0000,0x0000,0x0000,0x0000,0x0000,0x0000,0x0000,0x0000,0x0000,0x0000,0x0000,
  0x0000,0x0000,0x0000,0x0000,0x0801,0x3064,0x80EB,0x1001,0x0801,0x1001,0x5887,0x5047,
  0x6848,0xCB32,0xFA94,0xD0CF,0x8829,0x8049,0x90CB,0x30A9,0x39EF,0x30A8,0x2004,0x2004,
  0x2023,0x4086,0x1023,0x1823,0x1002,0x0802,0x0802,0x1002,0x1003,0x1003,0x2025,0x40A7,
  0x4048,0x60CA,0x810C,0x98AD,0xD3D5,0xF458,0xC8AF,0x902C,0x782A,0x702A,0x784C,0xA970,
  0xA9B2,0xDCD9,0xFEBE,0xF61C,0xC314,0x906C,0xA1F0,0x9A30,0x5808,0x4006,0x3005,0x2845,
  0x5A0C,0x1805,0x1804,0x1004,0x1824,0x1004,0x1004,0x1804,0x1804,0x2004,0x2805,0x3006,
  0x4007,0x79EE,0x8AB2,0x588E,0x92B3,0xE5FB,0xF71E,0xD57B,0x9AF7,0x6954,0x48B1,0x408F,
  0x4891,0x58B2,0x8134,0xD43B,0xBC3A,0x6173,0x5130,0x30AB,0x1828,0x1026,0x28A7,0x1887,
  0x218F,0x1049,0x088B,0x08AD,0x19B0,0x0003,0x0003,0x0004,0x18C8,0x3AB2,0x41B2,0x69F3,
  0x1970,0x006B,0x006B,0x006B,0x08AC,0x1911,0x08EF,0x08AE,0x08AF,0x10F1,0x541B,0x5A34,
  0x0825,0x0803,0x0803,0x0003,0x28A6,0x614A,0x3889,0x50EE,0x10AD,0x08CF,0x3951,0x4930,
  0x0823,0x0002,0x0002,0x0822,0x0002,0x0002,0x0002,0x0002,0x0002,0x0002,0x0002,0x0823,
  0x42D0,0x2AF4,0x194D,0x0002,0x0002,0x0002,0x0002,0x0002,0x0002,0x0044,0x0001,0x0001,
  0x0001,0x0001,0x0001,0x0001,0x0001,0x0001,0x0001,0x0001,0x0001,0x0001,0x0001,0x0001,
  0x0001,0x0001,0x0001,0x0001,0x0001,0x0001,0x0001,0x0000,0x0000,0x0000,0x0000,0x0001,
  0x0000,0x0000,0x0000,0x0000,0x0000,0x0000,0x0000,0x0000,0x0000,0x0000,0x0000,0x0000,
  0x0000,0x0000,0x0000,0x0000,0x0000,0x0000,0x0000,0x0000,0x0000,0x0000,0x0000,0x0000,
  0x0000,0x0000,0x0000,0x0000,0x0000,0x0000,0x0000,0x0000,0x0000,0x0000,0x0000,0x0000,
  0x0000,0x0000,0x0000,0x0000,0x0000,0x0000,0x0000,0x0000,0x0000,0x0000,0x0000,0x0000,
  0x0000,0x0000,0x0000,0x0000,0x0000,0x0000,0x0000,0x0000,0x0000,0x0000,0x0000,0x0000,
  0x0000,0x0000,0x0000,0x0000,0x0001,0x0801,0x3085,0x1022,0x0801,0x2023,0x6888,0x5848,
  0x5826,0xC290,0xFA13,0xD08E,0x986A,0xC8CE,0x5827,0x2826,0x29AE,0x31CF,0x3046,0x3024,
  0x2023,0x3065,0x1023,0x3065,0x1823,0x1003,0x1002,0x1003,0x1003,0x1003,0x1804,0x50E9,
  0x58EB,0x68AA,0x708A,0x886B,0xECD8,0xE1B2,0xC910,0x802B,0x6029,0x5828,0x5828,0x810D,
  0x602A,0x882D,0xC2B4,0xF67D,0xFE9D,0xEDBB,0xA9D0,0x992D,0xA231,0x5808,0x4026,0x620C,
  0x2846,0x1804,0x1804,0x1804,0x1824,0x1824,0x1804,0x1804,0x2004,0x2805,0x3806,0x4807,
  0x8A6F,0x79CF,0x7970,0xD519,0xF6BD,0xEE9D,0xA2B4,0x608F,0x504E,0x6951,0x304C,0x304C,
  0x384D,0x5890,0x8153,0x99D6,0xC379,0x58F1,0x386C,0x2849,0x1847,0x38C8,0x1825,0x1004,
  0x220F,0x106A,0x088A,0x1191,0x21EF,0x0824,0x0003,0x2108,0x5B14,0x5232,0x72B5,0x3A33,
  0x008D,0x006B,0x006B,0x006B,0x08AD,0x08CF,0x0931,0x08AE,0x088D,0x10CF,0x5338,0x6132,
  0x0845,0x0803,0x0803,0x1023,0x92AF,0x4067,0x1824,0x2045,0x208B,0x30EF,0x2931,0x190E,
  0x0002,0x0002,0x0002,0x0002,0x0002,0x0003,0x08A8,0x1A30,0x0909,0x0002,0x0002,0x0002,
  0x0825,0x21CC,0x112C,0x0002,0x0002,0x0001,0x0001,0x0001,0x0002,0x0001,0x0023,0x0001,
  0x0001,0x0001,0x0001,0x0001,0x0001,0x0001,0x0001,0x0001,0x0021,0x0001,0x0001,0x0001,
  0x0001,0x0001,0x0001,0x0001,0x0001,0x0001,0x0000,0x0000,0x0000,0x0000,0x0000,0x0001,
  0x0000,0x0000,0x0000,0x0000,0x0000,0x0000,0x0000,0x0000,0x0000,0x0000,0x0000,0x0000,
  0x0000,0x0000,0x0000,0x0000,0x0000,0x0000,0x0000,0x0000,0x0000,0x0000,0x0000,0x0000,
  0x0000,0x0000,0x0000,0x0000,0x0000,0x0000,0x0000,0x0000,0x0000,0x0000,0x0000,0x0000,
  0x0000,0x0000,0x0000,0x0000,0x0000,0x0000,0x0000,0x0000,0x0000,0x0000,0x0000,0x0000,
  0x0000,0x0000,0x0000,0x0000,0x0000,0x0000,0x0000,0x0000,0x0000,0x0000,0x0000,0x0000,
  0x0000,0x0000,0x0000,0x0000,0x0000,0x0001,0x0801,0x0801,0x0801,0x3044,0x6889,0x5027,
  0x4806,0xB9EF,0xF973,0xC84D,0x988B,0x7849,0x3005,0x2004,0x1805,0x29F0,0x41EE,0x58A8,
  0x2824,0x2024,0x1003,0x1003,0x3066,0x2845,0x1823,0x1003,0x1003,0x1003,0x1003,0x48C7,
  0x3006,0x4828,0x998E,0x994D,0xEC78,0xC0EF,0xB0CE,0x782B,0x5808,0x4827,0x4027,0x60AA,
  0x4027,0x5808,0x782B,0xA930,0xEDBB,0xF67D,0xFE5D,0xD3F6,0xA12E,0xA210,0x710B,0x596B,
  0x2805,0x2005,0x1804,0x1804,0x1804,0x1804,0x1804,0x2004,0x2805,0x4867,0x5828,0x924F,
  0x816E,0xB374,0xF65C,0xF67C,0xDD39,0x8110,0x504C,0x402A,0x382A,0x590E,0x302A,0x302A,
  0x382B,0x6911,0x60B0,0x68F2,0x9235,0x9274,0x408C,0x2028,0x3047,0x58E9,0x1825,0x1004,
  0x31CD,0x19AF,0x110D,0x10A9,0x0823,0x0003,0x0824,0x318B,0x72D3,0x4AB3,0x3A75,0x08CF,
  0x008D,0x008C,0x006B,0x088B,0x08AE,0x08AE,0x0911,0x08AE,0x088E,0x2110,0x3131,0x7133,
  0x1867,0x1024,0x0823,0x30C6,0xAB11,0x2846,0x1804,0x4847,0x60EC,0x186B,0x108E,0x108A,
  0x0002,0x0002,0x0002,0x0002,0x0002,0x0002,0x08A8,0x08E8,0x0003,0x0002,0x0002,0x0002,
  0x0002,0x0803,0x0002,0x0002,0x0002,0x0002,0x0002,0x0001,0x0002,0x0001,0x0864,0x0001,
  0x0001,0x0001,0x0001,0x0001,0x0001,0x0001,0x0001,0x0001,0x0001,0x0001,0x0001,0x0001,
  0x0001,0x0001,0x0001,0x0001,0x0001,0x0001,0x0001,0x0000,0x0000,0x0000,0x0001,0x0001,
  0x0000,0x0000,0x0000,0x0000,0x0000,0x0000,0x0000,0x0000,0x0000,0x0000,0x0000,0x0000,
  0x0000,0x0000,0x0000,0x0000,0x0000,0x0000,0x0000,0x0000,0x0000,0x0000,0x0000,0x0000,
  0x0000,0x0000,0x0000,0x0000,0x0000,0x0000,0x0000,0x0000,0x0000,0x0000,0x0000,0x0000,
  0x0000,0x0000,0x0000,0x0000,0x0000,0x0000,0x0000,0x0000,0x0000,0x0000,0x0000,0x0000,
  0x0000,0x0000,0x0000,0x0000,0x0000,0x0000,0x0000,0x0000,0x0001,0x0000,0x0000,0x0000,
  0x0000,0x0821,0x2863,0x0001,0x0001,0x0001,0x0001,0x0801,0x1863,0x4086,0x6868,0x4026,
  0x4006,0xA96E,0xF132,0xA86C,0x706A,0x4006,0x2805,0x2825,0x1804,0x2088,0x5334,0x390A,
  0x1804,0x1803,0x1003,0x1003,0x1824,0x2044,0x2865,0x1003,0x1003,0x1003,0x2024,0x48C7,
  0x3868,0x4827,0x786A,0xCBB4,0xEBF7,0xA08D,0x884B,0x88AC,0x5828,0x4007,0x3806,0x58C9,
  0x3806,0x4006,0x5008,0x682A,0x908D,0xDC37,0xFE3C,0xF63C,0xED9A,0xBAB3,0xB2F3,0x5028,
  0x3006,0x2805,0x2005,0x1804,0x1824,0x1804,0x1804,0x2005,0x3005,0x5008,0xA270,0x9A50,
  0xD518,0xF5FC,0xF65D,0xC3D6,0x784D,0x502A,0x3829,0x3008,0x2808,0x50ED,0x2829,0x3029,
  0x404B,0x58AF,0x484D,0x506F,0x89D4,0xC458,0x486C,0x3849,0x68EA,0x790B,0x3887,0x1824,
  0x1847,0x4B95,0x29ED,0x0804,0x0803,0x0804,0x1088,0x0825,0x1067,0x6251,0x5255,0x1111,
  0x08AF,0x08AE,0x10CE,0x18EE,0x088C,0x08AF,0x08F0,0x10AF,0x18CF,0x3130,0x388E,0x8113,
  0x28A9,0x2886,0x1044,0x620C,0x710A,0x1825,0x2025,0x80CA,0x60AA,0x10F0,0x10D0,0x10A8,
  0x0802,0x0823,0x0002,0x0002,0x0002,0x0002,0x0002,0x0002,0x0002,0x0823,0x1023,0x0002,
  0x0002,0x0002,0x0002,0x0002,0x0002,0x0002,0x0002,0x0002,0x1063,0x0022,0x0001,0x0001,
  0x0001,0x0001,0x0001,0x0002,0x0001,0x0001,0x0001,0x0001,0x0001,0x0001,0x0001,0x0001,
  0x0001,0x0001,0x0001,0x0001,0x0001,0x0001,0x0001,0x0001,0x0001,0x0001,0x0001,0x0001,
  0x0000,0x0000,0x0000,0x0000,0x0000,0x0000,0x0000,0x0000,0x0000,0x0000,0x0000,0x0000,
  0x0000,0x0000,0x0000,0x0000,0x0000,0x0000,0x0000,0x0000,0x0000,0x0000,0x0000,0x0000,
  0x0000,0x0000,0x0000,0x0000,0x0000,0x0000,0x0000,0x0000,0x0000,0x0000,0x0000,0x0000,
  0x0000,0x0000,0x0000,0x0000,0x0000,0x0000,0x0000,0x0000,0x0000,0x0000,0x0000,0x0000,
  0x0000,0x0000,0x0000,0x0000,0x0000,0x0000,0x0000,0x0000,0x296A,0x1888,0x0822,0x0001,
  0x0000,0x0001,0x1842,0x0001,0x0001,0x0001,0x0001,0x0001,0x0801,0x4086,0x6067,0x4026,
  0x3826,0x80EB,0xB8EE,0x988C,0x6849,0x3805,0x2004,0x2004,0x1804,0x2046,0x39EE,0x3A30,
  0x2025,0x1804,0x1003,0x1003,0x1003,0x3886,0x2845,0x1003,0x1003,0x1803,0x5108,0x2024,
  0x2005,0x3807,0x682A,0xCB94,0xE376,0x988C,0x6829,0x808B,0x5829,0x4027,0x4027,0x58C9,
  0x3826,0x3806,0x4006,0x4807,0x6008,0x802C,0xC2B4,0xF63C,0xF5FC,0xFE7D,0xD4D8,0x706A,
  0x4007,0x2805,0x2005,0x1804,0x1804,0x1804,0x2004,0x2805,0x4006,0x702A,0xDD18,0xEDFB,
  0xF5DB,0xF61C,0xB2B3,0x702C,0x4829,0x3808,0x3007,0x2807,0x3048,0x592E,0x3008,0x3029,
  0x486C,0x484C,0x402C,0x504E,0x91B3,0xBC37,0x508C,0x4869,0x4088,0x4048,0x1805,0x1825,
  0x394B,0x59CE,0x1025,0x0803,0x0803,0x2129,0x294B,0x0804,0x0804,0x0826,0x396C,0x7336,
  0x2994,0x1112,0x10D0,0x108D,0x088D,0x10AF,0x10F1,0x18F0,0x49B2,0x204B,0x48AE,0x7994,
  0x49AF,0x1845,0x1025,0x2846,0x60C9,0x2045,0x2025,0x5087,0x2025,0x18CA,0x31F3,0x0845,
  0x0802,0x0823,0x0002,0x0002,0x0002,0x0002,0x0002,0x0002,0x0823,0x0002,0x0002,0x0002,
  0x0002,0x0002,0x0002,0x0002,0x0002,0x0002,0x0002,0x0802,0x0002,0x0002,0x0002,0x0001,
  0x0802,0x0802,0x0002,0x0001,0x0001,0x0001,0x0001,0x0001,0x0022,0x0001,0x0001,0x0001,
  0x0001,0x0001,0x0001,0x0001,0x0001,0x0001,0x0001,0x0001,0x0001,0x0001,0x0001,0x0001,
  0x0000,0x0000,0x0000,0x0000,0x0000,0x0000,0x0000,0x0000,0x0000,0x0000,0x0000,0x0000,
  0x0000,0x0000,0x0000,0x0000,0x0000,0x0000,0x0000,0x0000,0x0000,0x0000,0x0000,0x0000,
  0x0000,0x0000,0x0000,0x0000,0x0000,0x0000,0x0000,0x0000,0x0000,0x0000,0x0000,0x0000,
  0x0000,0x0000,0x0000,0x0000,0x0000,0x0000,0x0000,0x0000,0x0000,0x0000,0x0000,0x0000,
  0x0000,0x0000,0x0000,0x0000,0x0000,0x0000,0x0000,0x0000,0x0822,0x38AA,0x2868,0x2066,
  0x0801,0x0001,0x0001,0x0001,0x0001,0x0001,0x0001,0x0001,0x0801,0x4086,0x6067,0x3825,
  0x3826,0x80EB,0xD911,0x886B,0x6069,0x3805,0x2005,0x2004,0x2045,0x28A9,0x1826,0x31EF,
  0x31AE,0x2026,0x1804,0x1003,0x1803,0x1823,0x1824,0x1803,0x1824,0x2865,0x5908,0x2004,
  0x2005,0x3806,0x6009,0xC333,0xD293,0x884B,0x6029,0x6049,0x78CB,0x68AA,0x5889,0x4847,
  0x58C9,0x610A,0x5088,0x4006,0x4806,0x5808,0x780A,0xB190,0xF5FB,0xF65D,0xEC58,0xBB94,
  0x5828,0x3006,0x2805,0x2004,0x1804,0x1804,0x2004,0x3005,0x5808,0xC354,0xF6BD,0xF61C,
  0xEDBB,0xA1D0,0x682A,0x4828,0x3807,0x3006,0x48EA,0x512C,0x48CB,0x408A,0x58ED,0x60ED,
  0x60CE,0x400C,0x400C,0x586F,0x99F4,0xBC17,0x608B,0x60EB,0x4089,0x3848,0x2846,0x2066,
  0x7210,0x40A8,0x0804,0x0803,0x0804,0x0825,0x0824,0x0804,0x0805,0x10A9,0x1047,0x28CA,
  0xBD79,0x7399,0x2111,0x10AE,0x108E,0x10B0,0x3153,0x82F6,0x288E,0x488F,0x6112,0x6254,
  0x1867,0x1025,0x30E9,0x30A9,0x1844,0x1824,0x1003,0x1003,0x0803,0x1003,0x20E8,0x0803,
  0x0803,0x0803,0x0803,0x0803,0x0843,0x0002,0x0002,0x0002,0x0002,0x0002,0x0823,0x0002,
  0x0002,0x0002,0x0002,0x0002,0x0002,0x0802,0x0803,0x0802,0x0002,0x0002,0x0002,0x0802,
  0x4065,0x5046,0x1002,0x0001,0x0001,0x0001,0x0001,0x0001,0x0843,0x0022,0x0001,0x0001,
  0x0001,0x0001,0x0001,0x0001,0x0001,0x0001,0x0001,0x0001,0x0001,0x0043,0x0001,0x0001,
  0x0000,0x0000,0x0000,0x0000,0x0000,0x0000,0x0000,0x0000,0x0000,0x0000,0x0000,0x0000,
  0x0000,0x0000,0x0000,0x0000,0x0000,0x0000,0x0000,0x0000,0x0000,0x0000,0x0000,0x0000,
  0x0000,0x0000,0x0000,0x0000,0x0000,0x0000,0x0000,0x0000,0x0000,0x0000,0x0000,0x0000,
  0x0000,0x0000,0x0000,0x0000,0x0000,0x0000,0x0000,0x0000,0x0000,0x0000,0x0000,0x0000,
  0x0000,0x0000,0x0000,0x0000,0x0000,0x0000,0x0000,0x0000,0x0000,0x30A7,0x3048,0x3027,
  0x38A9,0x1864,0x0001,0x0001,0x0001,0x0001,0x0001,0x0801,0x0801,0x4886,0x7068,0x5068,
  0x4067,0x80CC,0xB86E,0x786B,0x5849,0x4046,0x2004,0x2025,0x28A8,0x1004,0x1004,0x1868,
  0x42F4,0x3A0F,0x2025,0x1804,0x2004,0x4866,0x2024,0x1804,0x1803,0x2024,0x5908,0x2024,
  0x2005,0x3006,0x5808,0xBAD2,0xCA72,0x802B,0x6829,0x810C,0xA9EF,0x6029,0x4807,0x4006,
  0x3806,0x3805,0x5088,0x60EA,0x5068,0x4806,0x5807,0x7009,0xA92F,0xEE1C,0xED9A,0xED9B,
  0x89AE,0x4007,0x2805,0x2004,0x1804,0x1804,0x2004,0x3806,0x918E,0xD395,0xEDDB,0xEDFC,
  0xA0EF,0x682A,0x4028,0x3806,0x40A8,0x596C,0x4089,0x3007,0x3807,0x3807,0x4008,0x504A,
  0x91F3,0x68EF,0x502D,0x606F,0xAA54,0xBBB5,0x896F,0x3049,0x2828,0x2827,0x50C9,0x59EF,
  0x1825,0x1004,0x0804,0x0803,0x0803,0x0803,0x0804,0x114C,0x0889,0x0804,0x0825,0x1826,
  0x38AC,0xA4B8,0x3A36,0x18D1,0x10AF,0x18B0,0x28F2,0x8235,0x38D1,0x50B0,0x6A15,0x1887,
  0x1045,0x2087,0x7A33,0x30EC,0x1824,0x1824,0x0803,0x1003,0x1865,0x0803,0x0803,0x0803,
  0x0802,0x0803,0x1088,0x0803,0x0803,0x0002,0x0002,0x0002,0x0002,0x0002,0x1864,0x0002,
  0x0002,0x0002,0x0002,0x0002,0x0003,0x10E8,0x1A0F,0x0023,0x0002,0x0002,0x0002,0x0802,
  0x3044,0xB1D1,0x3067,0x1065,0x0001,0x0001,0x0001,0x0001,0x0022,0x0001,0x0001,0x0001,
  0x0001,0x0001,0x0001,0x0001,0x0001,0x0001,0x0001,0x0001,0x0001,0x0001,0x0001,0x0001,
  0x0000,0x0000,0x0000,0x0000,0x0000,0x0000,0x0000,0x0000,0x0000,0x0000,0x0000,0x0000,
  0x0000,0x0000,0x0000,0x0000,0x0000,0x0000,0x0000,0x0000,0x0000,0x0000,0x0000,0x0000,
  0x0000,0x0000,0x0000,0x0000,0x0000,0x0000,0x0000,0x0000,0x0000,0x0000,0x0000,0x0000,
  0x0000,0x0000,0x0000,0x0000,0x0000,0x0000,0x0000,0x0000,0x0000,0x0000,0x0000,0x0000,
  0x0000,0x0000,0x0000,0x0000,0x0000,0x0000,0x0000,0x0001,0x0000,0x1022,0x590B,0x3026,
  0x3027,0x3067,0x2887,0x0801,0x0001,0x0001,0x1842,0x0801,0x0801,0x4886,0x8089,0x4046,
  0x3847,0x70CC,0xA84D,0x706B,0x4827,0x60CA,0x2845,0x28A8,0x1004,0x1004,0x1004,0x1005,
  0x31EF,0x73D6,0x614B,0x610A,0x892C,0x916C,0x2824,0x1804,0x1804,0x40A6,0x48E8,0x510A,
  0x2805,0x3806,0x5028,0xB291,0xCAD3,0x90AC,0x914D,0x688A,0x888C,0x806B,0x5808,0x5007,
  0x4006,0x4005,0x3805,0x3805,0x5088,0x68EA,0x5027,0x5007,0x7009,0xA92F,0xCBB5,0xB1B0,
  0xBB13,0x4807,0x3005,0x2004,0x1804,0x2004,0x2805,0x5847,0xC2D3,0xB9D1,0xD3B5,0xA170,
  0x6029,0x4807,0x3827,0x590B,0x48C9,0x3006,0x3807,0x4007,0x4008,0x4808,0x5009,0x892F,
  0x708D,0x70CE,0x8971,0x8931,0xCBB7,0xB2D3,0x506B,0x3028,0x2028,0x2848,0x6271,0x39EF,
  0x1026,0x1004,0x1845,0x2865,0x0803,0x1023,0x1025,0x0826,0x0824,0x1024,0x1825,0x508A,
  0x610E,0x38AE,0x7BD7,0x2A37,0x18D2,0x20D2,0x30F3,0x6A78,0x4133,0x6212,0x1866,0x1826,
  0x3068,0x2088,0x5A56,0x210D,0x1824,0x1004,0x1804,0x0803,0x1024,0x0823,0x0803,0x0803,
  0x1024,0x0803,0x0803,0x0003,0x0803,0x1846,0x1025,0x0803,0x0003,0x0802,0x0802,0x0002,
  0x0002,0x0803,0x0824,0x0003,0x0823,0x10C8,0x0044,0x0002,0x0002,0x0002,0x0002,0x0802,
  0x18A7,0x39AF,0x18A8,0x0823,0x0002,0x0001,0x0001,0x0001,0x0001,0x0001,0x0001,0x0001,
  0x0001,0x0001,0x0001,0x0001,0x0001,0x0001,0x0001,0x0001,0x0001,0x0001,0x0001,0x0001,
  0x0000,0x0000,0x0000,0x0000,0x0000,0x0000,0x0000,0x0000,0x0000,0x0000,0x0000,0x0000,
  0x0000,0x0000,0x0000,0x0000,0x0000,0x0000,0x0000,0x0000,0x0000,0x0000,0x0000,0x0000,
  0x0000,0x0000,0x0000,0x0000,0x0000,0x0000,0x0000,0x0000,0x0000,0x0000,0x0000,0x0000,
  0x0000,0x0000,0x0000,0x0000,0x0000,0x0000,0x0000,0x0000,0x0000,0x0000,0x0000,0x0000,
  0x0000,0x0000,0x0000,0x0000,0x0000,0x0000,0x0000,0x0821,0x0001,0x0821,0x592A,0x78CB,
  0x4068,0x2024,0x1825,0x4088,0x2843,0x0801,0x0801,0x1042,0x0801,0x4065,0x6847,0x3846,
  0x3067,0x68CB,0xA04D,0x684A,0x4828,0x5088,0x8AF2,0x1868,0x1026,0x1004,0x1004,0x1005,
  0x18CB,0x5A74,0x2045,0x2024,0x3045,0x50C9,0x50C9,0x50C8,0x3845,0x79AC,0x2825,0x2826,
  0x4068,0x4047,0x5028,0xB251,0xE457,0xC1D0,0x802A,0x6829,0x802A,0xA0CD,0x7829,0x7009,
  0x6008,0x5806,0x5006,0x4805,0x4005,0x4806,0x68CA,0x6068,0x5807,0x7009,0xA98F,0xBA71,
  0x888A,0x6089,0x4087,0x2004,0x2004,0x2025,0x3025,0x792C,0x704A,0xBAD2,0x914E,0x6849,
  0x4827,0x5088,0x58EA,0x3826,0x3806,0x4007,0x5007,0x6029,0x682A,0x682A,0x80AD,0x90AE,
  0x806E,0x706E,0x808F,0xBAD5,0xED9B,0x91B1,0x486B,0x3029,0x2828,0x51AF,0x3A12,0x2AB5,
  0x1846,0x1005,0x1004,0x2044,0x5909,0x3066,0x0803,0x0804,0x2867,0x68CC,0x3869,0x2827,
  0x58EC,0x486D,0x4090,0x8439,0x3A78,0x2996,0x3155,0x5AF9,0x6AB2,0x2046,0x2846,0x790E,
  0x610E,0x2868,0x20EA,0x296B,0x1825,0x69CF,0x4068,0x2025,0x1024,0x1024,0x38E9,0x596D,
  0x1003,0x0803,0x0803,0x0803,0x0803,0x1824,0x38C9,0x0803,0x0803,0x1044,0x1886,0x0803,
  0x1865,0x1886,0x0823,0x0002,0x0002,0x0002,0x0002,0x0002,0x0002,0x0002,0x0823,0x198C,
  0x21AD,0x0823,0x0002,0x0002,0x0002,0x0001,0x0001,0x0001,0x0001,0x0001,0x0001,0x0022,
  0x0001,0x0001,0x0001,0x0001,0x0001,0x0001,0x0001,0x0001,0x0001,0x0001,0x0001,0x0001,
  0x0000,0x0000,0x0000,0x0000,0x0000,0x0000,0x0000,0x0000,0x0000,0x0000,0x0000,0x0000,
  0x0000,0x0000,0x0000,0x0000,0x0000,0x0000,0x0000,0x0000,0x0000,0x0000,0x0000,0x0000,
  0x0000,0x0000,0x0000,0x0000,0x0000,0x0000,0x0000,0x0000,0x0000,0x0000,0x0000,0x0000,
  0x0000,0x0000,0x0000,0x0000,0x0000,0x0000,0x0000,0x0000,0x0000,0x0000,0x0000,0x0000,
  0x2042,0x4085,0x0000,0x0000,0x0000,0x0841,0x0000,0x0000,0x0000,0x0001,0x2864,0x896C,
  0x890D,0x2824,0x1824,0x698D,0x88AA,0x2043,0x0801,0x0821,0x1022,0x3865,0x6047,0x3026,
  0x3047,0x588A,0x986D,0x686A,0x5048,0x71CD,0x2046,0x1004,0x1846,0x1846,0x1004,0x1005,
  0x1848,0x38CC,0x2045,0x1803,0x2865,0x1803,0x1803,0x3045,0x796C,0x922F,0x3026,0x3026,
  0x3026,0x4868,0x81CE,0xA9F0,0xDC16,0xC1D0,0xA06D,0x882B,0x902B,0xA82C,0xC130,0xB88E,
  0xB88E,0xA0AC,0x90AB,0x7849,0x6007,0x5807,0x5006,0x5867,0x6889,0x5807,0x7829,0xBAF2,
  0x910C,0x5027,0x3025,0x2004,0x2004,0x2004,0x3025,0x4827,0x914E,0xA291,0x6049,0x6889,
  0x58A8,0x5088,0x4006,0x5007,0x6028,0x784A,0x888B,0xB10F,0xA8CF,0xB8F0,0xA06D,0xB0B0,
  0x988F,0x906F,0xA0B0,0xCB16,0xBAF4,0xA2D3,0x696F,0x594E,0x4A11,0x30CD,0x19B2,0x21F1,
  0x1867,0x1825,0x2845,0x998E,0x912F,0x590C,0x40AA,0x48AB,0x78EE,0x788E,0x3028,0x2027,
  0x4049,0x504C,0x486D,0x6154,0x955B,0x42B9,0x533A,0x6B75,0x2047,0x3026,0xA10F,0xA88F,
  0x486A,0x1846,0x1024,0x1024,0x1004,0x512B,0x3867,0x2026,0x2067,0x692E,0x9992,0x60EC,
  0x1003,0x0803,0x1024,0x0803,0x0803,0x1024,0x1024,0x0802,0x0803,0x1024,0x1866,0x1024,
  0x1024,0x1844,0x4888,0x0802,0x0002,0x0002,0x0003,0x0823,0x0824,0x10E8,0x19AE,0x0866,
  0x0002,0x0002,0x0002,0x0001,0x0002,0x0001,0x0001,0x0001,0x0001,0x0001,0x0002,0x0022,
  0x0002,0x0002,0x0001,0x0001,0x0001,0x0001,0x0001,0x0001,0x0001,0x0001,0x0022,0x0043,
  0x0000,0x0000,0x0000,0x0000,0x0000,0x0000,0x0000,0x0000,0x0000,0x0000,0x0000,0x0000,
  0x0000,0x0000,0x0000,0x0000,0x0000,0x0000,0x0000,0x0000,0x0000,0x0000,0x0000,0x0000,
  0x0000,0x0000,0x0000,0x0000,0x0000,0x0000,0x0000,0x0000,0x0000,0x0000,0x0000,0x0000,
  0x0000,0x0000,0x0000,0x0000,0x0000,0x0000,0x0000,0x0000,0x0000,0x4884,0x1021,0x0000,
  0x0000,0x1021,0x0000,0x0000,0x0000,0x0000,0x0000,0x0000,0x0000,0x0001,0x0801,0x40A6,
  0x78CB,0x3846,0x28A8,0x30ED,0x6089,0x4086,0x0801,0x0801,0x0801,0x3044,0x6048,0x4047,
  0x3867,0x50A9,0x886C,0x686B,0x79AD,0x2846,0x1805,0x1004,0x1004,0x1867,0x1888,0x2068,
  0x1826,0x288B,0x1804,0x1803,0x1804,0x1803,0x1803,0x2003,0x3866,0x3867,0x694B,0x3867,
  0x58EA,0x58AA,0x5048,0xA16F,0xCA72,0xE498,0xC1F1,0xC0CF,0xC8AF,0xD993,0xE294,0xE478,
  0xCC56,0xAB52,0x9AD0,0x9AF0,0xA311,0xAAD1,0x80AA,0x6027,0x6027,0x80AA,0x6007,0x886A,
  0xB312,0x5006,0x3005,0x2004,0x2004,0x2004,0x3005,0x5028,0xB374,0x5828,0x4807,0x810C,
  0x6048,0x6028,0x788A,0xAA91,0xAB31,0x9B11,0xA332,0xB3B4,0xD457,0xE418,0xDA96,0xE277,
  0xD974,0xC0F2,0xCAD5,0xBB15,0xA9F2,0x8970,0x506B,0x518F,0x3A53,0x2130,0x39D3,0x2889,
  0x1024,0x38A7,0x894E,0x586C,0x304C,0x206B,0x204B,0x182A,0x388D,0x8151,0x2848,0x2828,
  0x506B,0x504A,0x502B,0x70D1,0x6A97,0xB65D,0x52F4,0x2029,0x3827,0xA92E,0xE172,0xB08E,
  0x4027,0x50C8,0x2025,0x1024,0x1003,0x3066,0x4068,0x3847,0x71AF,0x688C,0x3868,0x2045,
  0x1004,0x1004,0x1003,0x1024,0x20C9,0x1065,0x0002,0x0803,0x1866,0x28A8,0x2067,0x0803,
  0x0804,0x1824,0x3846,0x0802,0x0802,0x0802,0x0803,0x1845,0x2A2F,0x10A8,0x0003,0x0002,
  0x0002,0x0002,0x0001,0x0001,0x0002,0x0002,0x0002,0x0002,0x0002,0x0824,0x0846,0x0003,
  0x0024,0x0866,0x0023,0x0002,0x0001,0x0001,0x0001,0x0001,0x0001,0x0001,0x0844,0x08A6,
  0x0000,0x0000,0x0000,0x0000,0x0000,0x0000,0x0000,0x0000,0x0000,0x0000,0x0000,0x0000,
  0x0000,0x0000,0x0000,0x0000,0x0000,0x0000,0x0000,0x0000,0x0000,0x0000,0x0000,0x0000,
  0x0000,0x0000,0x0000,0x0000,0x0000,0x0000,0x0000,0x0000,0x0000,0x0000,0x0000,0x0000,
  0x0000,0x0000,0x0000,0x0000,0x0000,0x0000,0x0000,0x0000,0x0000,0x0000,0x0000,0x0000,
  0x0000,0x0000,0x0000,0x0000,0x0000,0x0000,0x0000,0x0000,0x0000,0x0000,0x0801,0x0801,
  0x3887,0x40EC,0x32B5,0x188B,0x1002,0x0802,0x0801,0x0801,0x0801,0x2823,0x6068,0x5067,
  0x58C9,0x79CE,0x88CC,0x70AD,0x5069,0x2004,0x1804,0x1004,0x1004,0x1004,0x1867,0x28AA,
  0x1806,0x288B,0x1804,0x1803,0x1803,0x1803,0x2824,0x3846,0x2825,0x2005,0x2826,0x696D,
  0x50AA,0x4849,0x5049,0x912E,0xB1B0,0xCB15,0xDC98,0xE4B8,0xF499,0xFE1C,0xD477,0x88AB,
  0x5807,0x4006,0x3805,0x3005,0x3005,0x4846,0x928E,0xB2F1,0x90CB,0x808A,0x6869,0x7069,
  0xBB12,0x6088,0x3005,0x2804,0x2004,0x2005,0x3026,0x712C,0x9270,0x4007,0x4007,0x998D,
  0x90EC,0xBB12,0x92EF,0x48A7,0x3005,0x3005,0x3806,0x4007,0x5809,0x996F,0xE53A,0xF57C,
  0xF4FB,0xF57B,0xCB37,0xA932,0xAA32,0x810F,0x698F,0x52D6,0x2151,0x5A34,0x7990,0x3088,
  0x50EA,0x810D,0x506C,0x302A,0x284B,0x206B,0x208C,0x38EF,0x390F,0x7110,0x3048,0x3028,
  0x688C,0x708C,0x708D,0x7110,0x4951,0x394E,0x2849,0x3028,0x788B,0xF478,0xF519,0xC16F,
  0x786A,0x5067,0x1804,0x1003,0x1004,0x2845,0x6089,0xD397,0x81AE,0x3848,0x1825,0x1004,
  0x1004,0x1024,0x1867,0x18EA,0x0824,0x0802,0x0802,0x0803,0x1024,0x1024,0x0803,0x0803,
  0x0803,0x1824,0x48A8,0x38C8,0x1024,0x2865,0x1024,0x1865,0x0823,0x0803,0x0823,0x0002,
  0x0002,0x0002,0x0002,0x0002,0x0002,0x0002,0x0002,0x0002,0x1087,0x1087,0x0023,0x0002,
  0x0002,0x0002,0x0887,0x10EA,0x0024,0x0002,0x0001,0x0001,0x0001,0x0001,0x0001,0x0001,
  0x0000,0x0000,0x0000,0x0000,0x0000,0x0000,0x0000,0x0000,0x0000,0x0000,0x0000,0x0000,
  0x0000,0x0000,0x0000,0x0000,0x0000,0x0000,0x0000,0x0000,0x0000,0x0000,0x0000,0x0000,
  0x0000,0x0000,0x0000,0x0000,0x0000,0x0000,0x0000,0x0000,0x0000,0x0000,0x0000,0x0000,
  0x0000,0x0000,0x0000,0x0000,0x0000,0x0000,0x0000,0x0000,0x0000,0x0000,0x0000,0x0000,
  0x0000,0x0000,0x1021,0x48A5,0x0801,0x0000,0x0000,0x0000,0x0000,0x0000,0x0001,0x0801,
  0x1002,0x31AD,0x32B0,0x20C7,0x0802,0x0801,0x1823,0x0801,0x1001,0x2023,0xA94D,0xB0EC,
  0xC90E,0x992C,0x8A90,0x822F,0x58CB,0x2005,0x1825,0x1004,0x1004,0x1004,0x2047,0x1806,
  0x1006,0x308C,0x2025,0x1804,0x1804,0x1804,0x48A8,0x5089,0x3827,0x2826,0x4089,0x4049,
  0x71CF,0x58EB,0x588A,0xAAB3,0xA90E,0xA8CD,0xDB76,0xF5FC,0xF6FD,0xF63C,0xA8CD,0x7808,
  0x5006,0x4005,0x3805,0x3004,0x3004,0x3004,0x3805,0x6067,0xC3B3,0xA12D,0x4806,0x4826,
  0x812B,0xA2B1,0x5068,0x3026,0x2805,0x2826,0x4048,0xA353,0x586A,0x3807,0x4807,0xB270,
  0xBC33,0x50E7,0x3005,0x2805,0x2805,0x2805,0x3005,0x4007,0x5008,0x800B,0xB0F0,0xF65C,
  0xFF3E,0xF67D,0xD358,0xB112,0xBA54,0x8A53,0x949A,0x4297,0x7AB5,0x7970,0x710D,0x58EB,
  0x9170,0x78AF,0x506D,0x386D,0x306D,0x206C,0x30CF,0x2912,0x3A17,0x82D7,0x488B,0x58AB,
  0x504A,0x68AB,0x798F,0x48CB,0x3027,0x2006,0x2806,0x4828,0xCB54,0xFE9C,0xF498,0xC04E,
  0x90AB,0x3025,0x1804,0x1804,0x2845,0x68CA,0xA0EF,0xCAF5,0xEE1C,0x614C,0x2027,0x1825,
  0x1846,0x1867,0x1046,0x0804,0x0824,0x0803,0x0803,0x0803,0x0803,0x0803,0x28C7,0x1024,
  0x48CA,0x58ED,0x386A,0x188A,0x0825,0x0824,0x0003,0x0003,0x0002,0x0802,0x0844,0x0002,
  0x0002,0x0002,0x0822,0x0002,0x0002,0x0002,0x0002,0x0002,0x0002,0x0002,0x0002,0x0002,
  0x0002,0x0002,0x0003,0x0002,0x0002,0x0002,0x0002,0x0024,0x0845,0x0023,0x0001,0x0001,
  0x0000,0x0000,0x0000,0x0000,0x0000,0x0000,0x0000,0x0000,0x0000,0x0000,0x0000,0x0000,
  0x0000,0x0000,0x0000,0x0000,0x0000,0x0000,0x0000,0x0000,0x0000,0x0000,0x0000,0x0000,
  0x0000,0x0000,0x0000,0x0000,0x0000,0x0000,0x0000,0x0000,0x0000,0x0000,0x0000,0x0000,
  0x0000,0x0000,0x0000,0x0000,0x0000,0x0000,0x0000,0x0000,0x0000,0x0000,0x0000,0x0000,
  0x0000,0x0000,0x0800,0x2842,0x0801,0x0001,0x0001,0x0000,0x0001,0x0001,0x0801,0x0801,
  0x1001,0x1002,0x1002,0x1843,0x1843,0x1002,0x1022,0x1822,0x2023,0x3044,0x90C9,0x9089,
  0xE8EF,0xE08E,0x786A,0x5889,0x8271,0x492B,0x2026,0x1805,0x1805,0x1805,0x2027,0x1806,
  0x1807,0x38EE,0x3046,0x2025,0x2025,0x2846,0x2805,0x3827,0x5069,0x3829,0x3828,0x3829,
  0x50AE,0x8273,0x796F,0xA1F1,0xB9B1,0xDC78,0xDBB7,0xC191,0xC932,0xDAB5,0xED5A,0xBAD2,
  0x788A,0x6007,0x5006,0x4805,0x4805,0x4806,0x5026,0x794B,0xB332,0xBA51,0x6048,0x4826,
  0x6848,0xC3B4,0x4827,0x2806,0x2805,0x2806,0x4049,0xB3D5,0x504A,0x3807,0x5849,0xC353,
  0x9BAE,0x6988,0x4806,0x4006,0x4006,0x4006,0x4807,0x5808,0x788B,0xBAF3,0xEDBB,0xE47A,
  0xD297,0xDB18,0xED5C,0xDD5B,0xCC79,0xC59B,0x7BFB,0xAAB6,0x98EF,0x80AC,0x810D,0xBA33,
  0xB132,0x90F0,0x588E,0x40AF,0x38AF,0x30D0,0x3972,0x4215,0x41B1,0x518D,0x81AE,0x58CB,
  0x50AA,0x692C,0x50AA,0x3848,0x2006,0x2826,0x3027,0x5008,0xCA53,0xE397,0xD111,0x904B,
  0x4006,0x2005,0x1804,0x2866,0x99D0,0x910F,0x604C,0x806E,0xD458,0xE5FB,0x48CA,0x2047,
  0x28AA,0x0805,0x0804,0x1047,0x29CD,0x0804,0x1004,0x1025,0x0804,0x1025,0x30A8,0x90EE,
  0x48AD,0x28CE,0x208C,0x08AC,0x088B,0x1066,0x0003,0x0003,0x0003,0x1885,0x1043,0x0002,
  0x0002,0x0002,0x0802,0x0002,0x0002,0x0002,0x0022,0x0002,0x0002,0x0002,0x0002,0x0002,
  0x0003,0x0002,0x0002,0x0002,0x0002,0x0002,0x08C9,0x0887,0x0047,0x0003,0x0001,0x0001,
  0x0000,0x0000,0x0000,0x0000,0x0000,0x0000,0x0000,0x0000,0x0000,0x0000,0x0000,0x0000,
  0x0000,0x0000,0x0000,0x0000,0x0000,0x0000,0x0000,0x0000,0x0000,0x0000,0x0000,0x0000,
  0x0000,0x0000,0x0000,0x0000,0x0800,0x0800,0x0800,0x0800,0x0800,0x0800,0x0800,0x0800,
  0x0800,0x0800,0x0800,0x0800,0x0800,0x0800,0x0800,0x0800,0x1842,0x2022,0x1801,0x0801,
  0x0000,0x0000,0x0000,0x0000,0x0001,0x0001,0x0001,0x0001,0x0801,0x4085,0x1822,0x0801,
  0x1002,0x1823,0x1002,0x1822,0x38A6,0x2023,0x1002,0x2823,0x58C7,0x2003,0x78C8,0xB1ED,
  0xC06B,0xE8AF,0xA06A,0x6869,0x5068,0x490C,0x6210,0x3089,0x2826,0x2006,0x2848,0x1827,
  0x1807,0x39D2,0x38A9,0x38A9,0x4089,0x2806,0x2806,0x3827,0x690E,0x60EF,0x408C,0x5110,
  0x488D,0x58D0,0xA377,0xC396,0xEDFB,0xE2D6,0xB86F,0xA8CF,0x902C,0xA86F,0xC151,0xD335,
  0xE4B8,0xD476,0xCC15,0xC3F4,0xC3D4,0xBBB3,0xBB93,0xA250,0x788A,0x788B,0x80AC,0x6089,
  0x7069,0xCC36,0x5048,0x3006,0x2806,0x2806,0x486A,0xB3B5,0x4829,0x4008,0x68AB,0x586A,
  0x792C,0x9A90,0xB3B3,0xBBF4,0xBBF4,0xBBD4,0xC3F5,0xCC56,0xDCD8,0xCB76,0xB993,0xA0F2,
  0x90D1,0xA933,0xB174,0xE51B,0xE5FB,0xBC5A,0xD358,0xC9F3,0x88CE,0x68AC,0x4869,0x914F,
  0xA972,0x9931,0x68AF,0x58AE,0x5950,0x496E,0x394C,0x2827,0x3026,0x4026,0x91EE,0x40A8,
  0x48A9,0x60CA,0x68EB,0x3047,0x2005,0x2005,0x2826,0x4827,0x6008,0x884C,0x806C,0x4007,
  0x2806,0x2005,0x1825,0x61F0,0x7110,0x3829,0x3809,0x500B,0x784D,0xCC77,0xC518,0x38AA,
  0x1847,0x1025,0x0804,0x0804,0x0804,0x1025,0x0805,0x0804,0x1047,0x390C,0x48AD,0xA8EF,
  0x60CF,0x3131,0x0910,0x0931,0x194F,0x1087,0x0803,0x0003,0x0003,0x0003,0x0803,0x0803,
  0x0003,0x3044,0x3044,0x0002,0x0003,0x0002,0x0002,0x0023,0x0003,0x0002,0x0024,0x0887,
  0x0024,0x0002,0x0002,0x0002,0x0002,0x0003,0x0044,0x0887,0x0886,0x0002,0x0002,0x0002,
  0x0000,0x0000,0x0000,0x0000,0x0000,0x0000,0x0000,0x0000,0x0000,0x0000,0x0000,0x0000,
  0x0000,0x0000,0x0000,0x0000,0x0000,0x0000,0x0000,0x0000,0x0800,0x2042,0x4065,0x5887,
  0x68A8,0x68A8,0x70A9,0x7089,0x78AA,0x80AA,0x78AA,0x78AA,0x78AA,0x788A,0x78AA,0x78AA,
  0x78AA,0x78AA,0x7889,0x8089,0x80A9,0x78A9,0x80A9,0x80C9,0x3864,0x88C9,0x8088,0x5065,
  0x0001,0x0001,0x0001,0x0801,0x2885,0x2024,0x0821,0x0801,0x0801,0x2842,0x3864,0x1823,
  0x3865,0x2844,0x1802,0x2865,0x4086,0x3064,0x1802,0x2003,0x2803,0x3003,0x6067,0xE497,
  0xB12B,0xD0AD,0xA829,0x986B,0x688A,0x586A,0x386A,0x5970,0x698F,0x4069,0x38CC,0x2029,
  0x20AD,0x28CD,0x4069,0x60EA,0x4048,0x4869,0x608B,0x584A,0x710E,0xA356,0x50CD,0x48CC,
  0x48AF,0x6111,0x7972,0xE57A,0xED7A,0xD973,0xA84E,0x782A,0x702A,0x784B,0x806B,0x90CD,
  0xA14F,0x806A,0x806A,0x788A,0x6849,0x5828,0x5828,0x5048,0x4806,0x4006,0x4026,0x6869,
  0xA10D,0xDC37,0x60AA,0x3026,0x2806,0x3006,0x590C,0xA315,0x482A,0x4029,0x2805,0x3025,
  0x4048,0x4006,0x5828,0x6029,0x684A,0x786B,0x704B,0x806D,0x910F,0xA192,0x706E,0x684E,
  0x608F,0x708F,0xA175,0xD3D9,0xEE7C,0xDD9B,0xA296,0x50AC,0x386A,0x388A,0x50ED,0x482B,
  0x3809,0x506C,0x794F,0x610E,0x3869,0x2826,0x2826,0x2006,0x3047,0x3846,0x70CA,0x716C,
  0x50C9,0x60CA,0x5089,0x2826,0x2005,0x1805,0x2005,0x3005,0x3026,0x3827,0x3849,0x3848,
  0x2049,0x296D,0x5B55,0x5255,0x406C,0x3829,0x3809,0x482B,0x602D,0x88D0,0xB3D5,0x3849,
  0x490A,0x2046,0x1825,0x1004,0x1024,0x1024,0x1046,0x394D,0x494F,0x38AF,0x386E,0x686D,
  0x98D0,0x20F0,0x112F,0x1088,0x2065,0x1024,0x0803,0x1024,0x0803,0x0803,0x1865,0x1844,
  0x0803,0x0803,0x0803,0x0003,0x0003,0x0003,0x0823,0x0002,0x0002,0x0003,0x0003,0x0003,
  0x0003,0x0003,0x0003,0x0003,0x0065,0x0023,0x0003,0x0003,0x0023,0x0002,0x0002,0x0002,
  0x0000,0x0000,0x0000,0x0000,0x0000,0x0000,0x0000,0x0000,0x0000,0x0000,0x0000,0x0000,
  0x0000,0x0000,0x0000,0x0000,0x1001,0x3043,0x5065,0x6067,0x6068,0x5848,0x4827,0x4006,
  0x3807,0x3807,0x4007,0x4007,0x4828,0x68CB,0x4028,0x4829,0x4809,0x4809,0x4809,0x4809,
  0x5009,0x5009,0x5009,0x5809,0x5809,0x5809,0x6009,0x6009,0x5025,0x5066,0x784A,0x908B,
  0x1823,0x0801,0x0801,0x0801,0x28A5,0x392A,0x1843,0x0801,0x0801,0x0801,0x0801,0x1001,
  0x1802,0x2824,0x3045,0x4066,0x3844,0x1802,0x2002,0x2803,0x3003,0x5886,0x6846,0xD374,
  0xCAF1,0xB86B,0xB84B,0x8049,0x5869,0x70AA,0x3028,0x386C,0x488C,0x9214,0x7B57,0x4294,
  0x28AB,0x4027,0x4027,0x692D,0x694C,0x68CC,0x9910,0x9130,0x70AD,0x68CE,0x486B,0x3829,
  0x3829,0x506C,0x9132,0xCBB6,0xF67B,0xD214,0x986E,0x702B,0x682A,0x684A,0x5008,0x5028,
  0x5848,0x4827,0x4006,0x4006,0x3806,0x3805,0x3005,0x3005,0x3025,0x2804,0x3005,0x5027,
  0xC1D1,0xDBF6,0x710C,0x3827,0x2806,0x3007,0x71F0,0x9233,0x588C,0x3027,0x2005,0x2025,
  0x2005,0x2805,0x2805,0x3006,0x3806,0x4007,0x4007,0x4829,0x690D,0x58CE,0x484D,0x402D,
  0x504E,0x606F,0x8913,0xCB78,0xF6DD,0xB358,0x71B3,0x5111,0x48AE,0x5951,0x6131,0x482C,
  0x486B,0x486D,0x404C,0x488C,0x488B,0x48A9,0x48A9,0x2825,0x3847,0x4027,0x5847,0x898C,
  0x3846,0x3826,0x3026,0x3847,0x2005,0x2025,0x3888,0x498E,0x38CC,0x2028,0x2069,0x31F1,
  0x54FA,0x553D,0x4A98,0x6933,0x6910,0x68AE,0x484B,0x502B,0x604E,0x9356,0x51AD,0x2006,
  0x1805,0x2846,0x2846,0x2846,0x2025,0x1004,0x1025,0x490E,0x38D2,0x306F,0x386F,0x488D,
  0x508C,0x1847,0x1003,0x2045,0x1004,0x1024,0x1825,0x2847,0x0803,0x0803,0x1024,0x0803,
  0x0803,0x28A7,0x0826,0x0846,0x0825,0x0803,0x0823,0x0803,0x0003,0x0003,0x0003,0x0024,
  0x0047,0x0068,0x090C,0x0889,0x0866,0x0003,0x0003,0x0003,0x0003,0x0003,0x0003,0x0002,
  0x0000,0x0000,0x0000,0x0000,0x0000,0x0000,0x0000,0x0000,0x0000,0x0000,0x0000,0x0000,
  0x0000,0x1821,0x3844,0x5045,0x5846,0x4846,0x4026,0x5027,0x6028,0x684A,0x784C,0x806E,
  0x886E,0x886F,0x9091,0x9892,0x9092,0xAA94,0x80B0,0xA0D3,0xA0B3,0xA092,0xA092,0xA892,
  0xA892,0xB8B3,0xC0F4,0xC114,0xC0B2,0xC0D3,0xC8D3,0xC0D3,0xA0EF,0x3064,0xA8F0,0xB111,
  0x594C,0x0802,0x0801,0x1042,0x0801,0x0801,0x0801,0x0801,0x1001,0x0801,0x0801,0x0801,
  0x2023,0x3024,0x81AC,0x4025,0x2803,0x2003,0x3004,0x60A8,0x6888,0x4805,0x6806,0xB9CF,
  0xE456,0xC0AC,0xB04B,0x98CD,0x5828,0x5828,0x4007,0x4049,0x68EE,0x68EF,0x8A52,0x48AC,
  0x58CD,0x586B,0x5028,0x688A,0x3827,0x4027,0x89AF,0xA991,0x90EE,0x586B,0x4029,0x3828,
  0x486A,0x78CF,0xA192,0xEDDA,0xEC98,0xD416,0x908E,0x702B,0x682A,0x584A,0x4007,0x3806,
  0x3826,0x3026,0x3005,0x2805,0x2805,0x2804,0x2804,0x2004,0x2004,0x2004,0x2804,0x5007,
  0xC253,0xDBB5,0x794C,0x3807,0x3006,0x3008,0x7A72,0x89D2,0x60CF,0x2826,0x2004,0x1804,
  0x1804,0x1804,0x2004,0x2005,0x2806,0x2806,0x3006,0x48EB,0x386A,0x284A,0x388D,0x384D,
  0x484E,0x68D2,0x99F6,0xDCFA,0xF6DD,0xBBF9,0x8257,0x7237,0x82B7,0x6974,0x58F0,0x508F,
  0x508D,0x58D0,0x610F,0x690F,0x68ED,0x614C,0x2826,0x4068,0x4827,0x5028,0x6028,0xA96E,
  0x4847,0x3847,0x50EA,0x614C,0x614C,0x6210,0x318E,0x296F,0x214F,0x216F,0x214E,0x20AC,
  0x3B98,0x651C,0x60D4,0x6070,0x6890,0x78F2,0x68AF,0x584E,0x69D3,0x72F2,0x2827,0x2005,
  0x1805,0x3046,0x3846,0x2846,0x2025,0x1825,0x1825,0x616F,0x386E,0x50CD,0x3049,0x2025,
  0x1004,0x1004,0x1004,0x1004,0x1004,0x1004,0x28C9,0x1846,0x0804,0x0804,0x0804,0x0804,
  0x20A8,0x0825,0x0826,0x08AA,0x110C,0x0825,0x1045,0x1845,0x0824,0x0004,0x0004,0x0004,
  0x0025,0x0024,0x0004,0x0004,0x0004,0x0003,0x0003,0x0003,0x0003,0x0003,0x0025,0x08AA,
  0x0000,0x0000,0x0000,0x0000,0x0000,0x0000,0x0000,0x0000,0x0000,0x0000,0x1821,0x4044,
  0x5866,0x5046,0x4825,0x5026,0x5026,0x6027,0x806A,0x786B,0x604B,0x502B,0x402B,0x386C,
  0x388C,0x30AD,0x30AE,0x30F0,0x20EF,0x5AB3,0x3970,0x3110,0x3931,0x41B3,0x4992,0x4973,
  0x4132,0x48F1,0x50F1,0x5911,0x6131,0x6111,0x6932,0x6973,0x6992,0x2065,0x596E,0x312E,
  0x7395,0x0823,0x0802,0x0801,0x0801,0x0801,0x1002,0x1001,0x58E8,0x1002,0x1002,0x1802,
  0x1802,0x3824,0x4025,0x5847,0x3804,0x4025,0x6047,0x5826,0x6027,0x7828,0x8028,0xB92E,
  0xE496,0xC0CD,0x9009,0x7809,0x6829,0x88ED,0x892E,0x684A,0x6049,0x684A,0x812F,0x606C,
  0x586B,0x606C,0x686B,0xA8ED,0x788A,0x4007,0x4028,0x586A,0x790E,0x70ED,0x484A,0x506A,
  0x60AC,0x688D,0x88CF,0xE4B8,0xDA34,0xD293,0xBB13,0x808D,0x706C,0x4029,0x3827,0x2806,
  0x2805,0x2005,0x2005,0x2005,0x2845,0x2004,0x2004,0x2004,0x2004,0x2004,0x2804,0x5007,
  0xB9B0,0xDB54,0x89AE,0x3807,0x3007,0x3028,0x8B14,0x89B3,0x586E,0x3027,0x1804,0x1804,
  0x1804,0x1804,0x1804,0x2025,0x2826,0x2005,0x2006,0x2847,0x2028,0x1829,0x30AE,0x308F,
  0x48B1,0x70F3,0xC397,0xDC39,0xF67D,0xCD5B,0x8AF8,0x82D9,0x69B4,0x6112,0x58D0,0x58AF,
  0x7151,0x8193,0x8190,0x60CD,0x50AB,0x3828,0x3828,0x6849,0xBA10,0xBA71,0xD2F3,0xB211,
  0x490D,0x38EB,0x2868,0x2848,0x3048,0x4253,0x290D,0x1848,0x1807,0x1827,0x2027,0x30ED,
  0x4BB9,0x79F7,0x7092,0x6030,0x5850,0x6050,0x5871,0x61B5,0x59F3,0x488B,0x4848,0x3026,
  0x3026,0x3847,0x2805,0x2005,0x2025,0x2025,0x50CA,0x2826,0x2005,0x2005,0x2005,0x2826,
  0x1825,0x3868,0x2026,0x2046,0x1004,0x1025,0x288A,0x0806,0x0805,0x0805,0x0805,0x0804,
  0x0804,0x0805,0x0805,0x0805,0x2088,0x2087,0x1025,0x0025,0x0004,0x0004,0x0026,0x08CB,
  0x094F,0x08AC,0x0048,0x0026,0x0026,0x0048,0x0068,0x0024,0x0004,0x0004,0x0004,0x0004,
  0x0000,0x0000,0x0000,0x0000,0x0000,0x0000,0x0000,0x0800,0x3022,0x6045,0x7066,0x6045,
  0x5025,0x6867,0x5026,0x4826,0x4005,0x3805,0x4027,0x3027,0x2827,0x2027,0x2048,0x188A,
  0x18EC,0x108B,0x088A,0x08CB,0x012E,0x2292,0x32B2,0x090D,0x090C,0x0A12,0x1B57,0x23B8,
  0x1213,0x0970,0x0970,0x110E,0x1130,0x112E,0x110E,0x1AF7,0x1A74,0x218B,0x3AB0,0x0232,
  0x7CF9,0x1025,0x0802,0x0802,0x0801,0x1002,0x3885,0x2023,0x1802,0x2823,0x4066,0x2823,
  0x3804,0x4045,0x4005,0x5006,0x78EB,0xB2D3,0x912C,0x7028,0x7829,0xB10E,0x982A,0xB8CD,
  0xE476,0xD14F,0xA82C,0xA04D,0x906C,0xB190,0xCA93,0xCAF5,0x992F,0x704B,0x786C,0x88AE,
  0x88AE,0x788C,0x684A,0x6849,0x90AD,0xA12F,0x80EC,0x70AB,0x68AB,0x78ED,0x810F,0x78CE,
  0x688C,0x70AD,0xA192,0xE3F6,0xD1D3,0xA84E,0xC292,0xB2D3,0x706D,0x404A,0x2826,0x2006,
  0x2005,0x2005,0x1805,0x1804,0x2004,0x1804,0x1804,0x1804,0x2004,0x2004,0x3005,0x5007,
  0xB12F,0xE376,0x89AF,0x3807,0x3007,0x3829,0x8B34,0x89D4,0x484C,0x3048,0x2004,0x1804,
  0x2024,0x1804,0x1804,0x1825,0x1805,0x1805,0x1805,0x1806,0x1827,0x1828,0x184B,0x41B3,
  0x48F2,0xB357,0xBA95,0xCA36,0xF59C,0xE69C,0xC4DB,0x6974,0x6974,0x81B3,0x8153,0x8993,
  0x8992,0x9192,0x690E,0x4869,0x4049,0x5049,0x706C,0x886C,0xA88E,0xC971,0xC1D3,0x9932,
  0x794F,0x48AA,0x3869,0x308A,0x308A,0x30EB,0x2828,0x2827,0x3848,0x4049,0x486A,0x72B4,
  0xB379,0x9135,0x7072,0x6851,0x6070,0x6092,0x7A97,0x5990,0x504A,0x5029,0x788C,0x990E,
  0xA1F0,0x5889,0x4047,0x4868,0x5068,0x4027,0x608A,0x3827,0x3026,0x3826,0x5868,0x914E,
  0x3849,0x2027,0x2028,0x1827,0x2048,0x2049,0x2088,0x0806,0x0806,0x1048,0x0805,0x0826,
  0x0826,0x0805,0x0805,0x0805,0x0825,0x1867,0x0825,0x0025,0x0025,0x0826,0x0827,0x0848,
  0x086A,0x0847,0x0827,0x086A,0x08AC,0x00AB,0x0026,0x0026,0x0026,0x0026,0x0026,0x0026,
  0x0000,0x0000,0x0000,0x0000,0x0000,0x1020,0x3842,0x9108,0xC12C,0xB0AA,0x8067,0x6046,
  0x4024,0x3004,0x2803,0x2003,0x2003,0x2003,0x2004,0x1805,0x1825,0x1025,0x1025,0x0846,
  0x0867,0x0867,0x0888,0x00CA,0x014D,0x1A91,0x3353,0x016E,0x092D,0x09F1,0x1AF5,0x1294,
  0x1253,0x1253,0x1AF6,0x1295,0x1AD6,0x0A12,0x096F,0x0A12,0x1316,0x4351,0x32B0,0x0252,
  0x753A,0x1867,0x1002,0x0802,0x1822,0x3064,0x2023,0x2844,0x2003,0x2803,0x4045,0x5887,
  0x80EA,0x916D,0x6007,0x6006,0x7088,0x906A,0xA86C,0x902A,0x984A,0xB08C,0xB88C,0xC8AE,
  0xE375,0xE375,0xC8AF,0xB06D,0xB0AE,0xB0AF,0xB971,0xB930,0xC1B2,0xB9F3,0xB9D2,0xC2B4,
  0xB9F2,0xA971,0x88AD,0x704B,0x704B,0x784B,0x602A,0x4028,0x3828,0x3828,0x608B,0x890F,
  0x70AD,0x9131,0x99B1,0xE437,0xC972,0xA86E,0xB12F,0xD4F9,0x8A94,0x406C,0x2807,0x2006,
  0x2005,0x1805,0x1805,0x1804,0x2865,0x1804,0x1804,0x2004,0x2004,0x3025,0x3005,0x5808,
  0x988D,0xEC39,0x91AF,0x4008,0x3007,0x3829,0x8AF4,0x91D4,0x484C,0x384A,0x2825,0x2025,
  0x2845,0x1804,0x1804,0x1804,0x1805,0x1805,0x1805,0x1006,0x1828,0x1008,0x104B,0x20F0,
  0x8C39,0xE5FB,0xC256,0xD217,0xEC9A,0xC45A,0x9215,0x7973,0x60D0,0x7992,0x8152,0x9112,
  0xA932,0xA932,0xAA14,0x70CE,0x70AE,0x806D,0xB8F2,0xB0B0,0xC993,0xCB18,0x8913,0x7933,
  0x8110,0x998E,0x70EC,0x3007,0x3006,0x3007,0x3828,0x3807,0x5029,0x684B,0x8970,0xB3D8,
  0xC9F6,0xB1F6,0x80F4,0x78D4,0x70D3,0x8217,0x58CE,0x502A,0x5029,0x582A,0x5829,0x684A,
  0x708B,0x5849,0x5849,0x5048,0x68AB,0x788C,0xA12F,0xD1D3,0xC111,0xB0F0,0x90EF,0x506B,
  0x3849,0x2828,0x2029,0x2029,0x2029,0x30AB,0x1027,0x1027,0x1027,0x1048,0x41AF,0x1849,
  0x1027,0x0806,0x0806,0x0806,0x0806,0x0826,0x0026,0x0827,0x2069,0x0848,0x0848,0x086A,
  0x08EF,0x08AD,0x0828,0x0026,0x0027,0x0026,0x0027,0x0027,0x0069,0x08ED,0x190E,0x18CB,
  0x0000,0x0000,0x0000,0x0800,0x3862,0xA2ED,0xD372,0xA9AC,0x6025,0x3823,0x2802,0x2002,
  0x1802,0x1001,0x1001,0x1001,0x1001,0x1002,0x1002,0x0803,0x0803,0x0803,0x0803,0x0823,
  0x0823,0x0823,0x0844,0x0045,0x0066,0x1109,0x2A8E,0x0087,0x0087,0x0088,0x08A9,0x090B,
  0x08C9,0x08C9,0x08CA,0x090C,0x08CA,0x08A8,0x0888,0x08A9,0x012C,0x2AD0,0x194A,0x010B,
  0x5C17,0x28C9,0x1003,0x1002,0x2003,0x2003,0x2024,0x2824,0x3025,0x68E9,0x99CF,0x80EC,
  0x6048,0x7029,0x884A,0x984B,0xA04B,0xC08F,0xD08F,0xD08F,0xD0AF,0xD952,0xD0EF,0xD992,
  0xEAD5,0xF559,0xE294,0xDA34,0xC952,0xB8D0,0xB8F0,0xC1F2,0xC0AF,0xC0AF,0xD152,0xC0AF,
  0xC171,0xDA76,0xB111,0x98D0,0x90AF,0xA111,0x606B,0x4029,0x3007,0x2807,0x3828,0x4029,
  0x402A,0x78F0,0xB397,0xE4D9,0xDBF7,0xBA13,0xA1F3,0x8993,0x6A96,0x310F,0x2828,0x2027,
  0x2005,0x1805,0x1805,0x1804,0x1804,0x1804,0x1804,0x2004,0x2804,0x3825,0x5047,0x6829,
  0x986C,0xF51B,0x916E,0x4008,0x3007,0x3829,0x8A93,0xA256,0x584D,0x402A,0x50AB,0x2826,
  0x2005,0x1805,0x1804,0x1804,0x1825,0x1005,0x1005,0x1006,0x1027,0x1029,0x104C,0x21B3,
  0x6B98,0xA276,0xB195,0xDB59,0xF5BC,0xBAF7,0x8974,0x9194,0x8973,0xA215,0xB275,0xD358,
  0xE3B9,0xD216,0xB9B4,0xBA15,0xA912,0xB8D2,0xB8D1,0xDAB7,0xDCFB,0x8196,0x70F4,0x70F3,
  0x6890,0x88EF,0xA991,0x4028,0x3807,0x4828,0x70EC,0x70AC,0x684B,0x806D,0x786C,0x806D,
  0x886D,0x98CF,0xBA14,0xBAD8,0xC3FB,0x9951,0x702B,0x682B,0x682B,0x884D,0x98AF,0x886C,
  0x6029,0x5809,0x604A,0x4808,0x4829,0x586B,0xB9B4,0xD934,0xE9D7,0xEA17,0xB114,0x78F3,
  0x588F,0x406D,0x388E,0x386D,0x5110,0x40CF,0x38AE,0x308C,0x308B,0x386A,0x2849,0x204A,
  0x184B,0x184B,0x28AE,0x184A,0x0828,0x0828,0x0027,0x0828,0x186A,0x106B,0x10EE,0x1296,
  0x0A97,0x10EF,0x104A,0x0849,0x0027,0x0027,0x0027,0x0048,0x008C,0x11D5,0x108D,0x0829,
  0x0000,0x0000,0x0800,0x7A4A,0xBBD1,0x8168,0x4002,0x2001,0x1801,0x0801,0x0800,0x0800,
  0x0000,0x0000,0x0000,0x0000,0x0000,0x0001,0x0001,0x0001,0x0001,0x0001,0x0001,0x0001,
  0x0001,0x0002,0x0002,0x0022,0x0023,0x0864,0x198A,0x0844,0x0024,0x0824,0x0844,0x0865,
  0x0845,0x0845,0x0845,0x0865,0x0845,0x0844,0x0865,0x0845,0x0887,0x112A,0x1085,0x0845,
  0x4A91,0x30AA,0x2005,0x2005,0x2805,0x3005,0x4027,0x788C,0x894E,0x890E,0x90AE,0x988F,
  0xA06F,0xB090,0xC8D1,0xD071,0xD891,0xE0F2,0xE9B4,0xF47A,0xF45A,0xE214,0xD1B2,0xD9D3,
  0xE316,0xF5FC,0xEC39,0xE255,0xC952,0xC132,0xC152,0xD132,0xEB18,0xEBF9,0xF53B,0xE317,
  0xD152,0xD9B3,0xC952,0x98F0,0x88D0,0x606C,0x482A,0x4029,0x3849,0x48EC,0x6A50,0x40AB,
  0x488C,0x60EF,0x8994,0xE57B,0xE55A,0x9912,0x7850,0x6890,0x50F2,0x3151,0x3170,0x2849,
  0x1806,0x1805,0x1805,0x1805,0x1804,0x1804,0x2004,0x2004,0x3005,0x78EB,0x788A,0x804B,
  0xA86E,0xF57B,0x910E,0x4028,0x3808,0x3829,0x7A12,0xB317,0x606F,0x504B,0x816F,0x58CB,
  0x2805,0x2005,0x1805,0x2025,0x1825,0x1806,0x1826,0x1806,0x1829,0x188D,0x1971,0x2192,
  0x38D1,0x7071,0x9092,0xCAB8,0xFF1E,0xED9C,0xCB18,0xB215,0xB235,0xA1B3,0x9951,0xD235,
  0xD214,0xB993,0x90F0,0x9110,0xB192,0xCA55,0xDBF9,0xF75E,0xC55D,0x8259,0x7237,0x68B3,
  0x7891,0xA912,0xC9B4,0x992F,0x80AD,0x90EE,0xB212,0xB110,0xB931,0xB0F1,0x884D,0x986E,
  0xA06F,0xB8F1,0xB06F,0xA84E,0xB130,0xA08E,0xA08E,0xB0F0,0xC952,0xE459,0xD214,0x982D,
  0x802C,0x802B,0x888C,0x910E,0xA130,0xCA77,0xA934,0x7892,0x7092,0x78F3,0x60D4,0x4915,
  0x4935,0x4955,0x5195,0x38D2,0x30D2,0x30D1,0x48F2,0x8953,0xD1B5,0xB9D4,0x8111,0x7110,
  0x7131,0x7112,0x6932,0x30CF,0x108D,0x108D,0x086C,0x086B,0x088D,0x2910,0x2911,0x1215,
  0x0B9B,0x12F9,0x18EF,0x088C,0x008C,0x006A,0x008B,0x00CD,0x0A15,0x0A35,0x006B,0x0028,
  0x0000,0x0000,0x0800,0x58C5,0x40A3,0x1801,0x1000,0x0800,0x0800,0x0000,0x0000,0x0000,
  0x0000,0x0000,0x0000,0x0000,0x0000,0x0000,0x0001,0x0001,0x0001,0x0001,0x0001,0x0001,
  0x0001,0x0001,0x0001,0x0001,0x0001,0x0822,0x10E6,0x0802,0x0802,0x0802,0x0802,0x0822,
  0x0802,0x0802,0x0822,0x0823,0x0802,0x0803,0x0823,0x0822,0x0824,0x1085,0x1022,0x0823,
  0x410C,0x82B0,0x726F,0x8291,0x8A31,0x8190,0x68CD,0x686C,0x708C,0x784D,0x888E,0xB0D1,
  0xC113,0xC933,0xE9F6,0xF3F9,0xF2F7,0xF1B4,0xE152,0xD8F0,0xD951,0xD8D1,0xC88F,0xD0D1,
  0xD953,0xEAB7,0xEAB7,0xC091,0xB070,0xA84E,0xB911,0xC8F1,0xD9B3,0xEAD6,0xF51A,0xEB97,
  0xE255,0xE2D6,0xDA76,0x88CF,0x608C,0x506C,0x404A,0x406A,0x48CB,0x48EB,0x48EB,0x40AC,
  0x486D,0x506F,0x79B3,0xD4BA,0xD479,0xE53B,0xB1F6,0xA9D5,0x8153,0x308F,0x28CE,0x39B0,
  0x2007,0x2006,0x1805,0x2005,0x2805,0x2805,0x2805,0x3826,0x818C,0xB250,0xB1F1,0xB10F,
  0xC8D0,0xF61C,0x90AD,0x4828,0x3808,0x3829,0x6971,0xC3F9,0x78B1,0x7910,0xB2D4,0x9230,
  0x4889,0x3026,0x2805,0x2005,0x2025,0x1806,0x1806,0x1807,0x184A,0x3232,0x1911,0x28B0,
  0x68F2,0x8892,0xA934,0xD3BA,0xD49A,0xE5DB,0xA234,0x88F1,0x9932,0x708E,0x688D,0x9910,
  0xB110,0x88AE,0x688C,0x78CD,0x9150,0xAA52,0xA972,0xE61C,0xBCDE,0x79D9,0x68D4,0x6090,
  0x98F2,0xA8D1,0x886E,0x704C,0x704C,0x884D,0xB0CF,0xC912,0xEC7A,0xC913,0xB02F,0xC850,
  0xD892,0xE0D3,0xD051,0xC830,0xC851,0xC071,0xC091,0xC8B1,0xC891,0xD8F3,0xD934,0xC0F1,
  0xB890,0xC0B1,0xC933,0xDAF8,0xB9D7,0xB1B7,0x60D5,0x50B4,0x4892,0x40B3,0x31D8,0x3AB9,
  0x525A,0x6AFA,0x8BFC,0x41F9,0x51B8,0x7196,0xAA17,0xC195,0x78B1,0x306E,0x286E,0x186D,
  0x18B0,0x106E,0x188F,0x4133,0x2A37,0x2379,0x0A16,0x0194,0x09B4,0x2A77,0x1173,0x1153,
  0x1195,0x2A58,0x5B1A,0x3A77,0x09F5,0x0994,0x09F5,0x0B3A,0x1359,0x12B7,0x0276,0x00AE,
  0x0000,0x0000,0x0000,0x0800,0x60E6,0x992A,0x6065,0x2802,0x1001,0x1001,0x0801,0x0801,
  0x0801,0x0801,0x0801,0x0801,0x0801,0x0801,0x0801,0x0801,0x0801,0x0801,0x0801,0x0801,
  0x0801,0x0001,0x0001,0x0001,0x0001,0x0821,0x1063,0x0801,0x0801,0x0801,0x0801,0x0802,
  0x0802,0x1002,0x0802,0x0802,0x0802,0x0802,0x0802,0x0802,0x0802,0x1043,0x1022,0x0822,
  0x4069,0x692D,0x50C9,0x2825,0x3026,0x694B,0x820E,0x3827,0x3827,0x4828,0x688B,0xA130,
  0xA8CF,0xC152,0xD08F,0xEB98,0xE133,0xD8F1,0xC84D,0xC84E,0xC82D,0xC02C,0xD0D1,0xD9F4,
  0xE1D4,0xE235,0xE1D4,0xB890,0xA870,0xA890,0xB112,0xA88F,0xC8B0,0xC8AF,0xDA74,0xB06E,
  0xA88E,0xB08F,0xB932,0x8911,0x60CE,0x404A,0x3008,0x2807,0x2807,0x2828,0x2807,0x3029,
  0x2829,0x386C,0x7A32,0x7132,0xC3B8,0xDD1B,0xCBF9,0x9975,0x9155,0x6933,0x306E,0x28AE,
  0x4990,0x2807,0x2806,0x3006,0x3827,0x4027,0x4827,0x79EC,0x922E,0xC2B3,0xA94F,0xDA33,
  0xE1B3,0xF63C,0x906D,0x4829,0x3808,0x488C,0x58F0,0xD49A,0x9153,0xAA76,0x80D1,0xB2D4,
  0x9AB1,0x696C,0x4027,0x3807,0x3027,0x2006,0x2007,0x2049,0x31D1,0x206E,0x2890,0x60D3,
  0x9996,0xB177,0xE4BC,0xD47A,0x99D5,0xA255,0x7151,0x60AD,0x708D,0x506C,0x506C,0x98EF,
  0xB151,0x586B,0x58AB,0x796E,0x60AC,0x4829,0x70CD,0x9193,0xC4FB,0x68F5,0x5891,0x68B0,
  0x808E,0x704C,0x584A,0x60AD,0x686D,0x788E,0xA0F0,0xB8D0,0xC8D1,0xC891,0xD0D2,0xD8F3,
  0xE1B5,0xEA77,0xD8B2,0xD8D4,0xD976,0xD0B3,0xC8B2,0xD955,0xD8F4,0xD0F4,0xD914,0xDA57,
  0xD955,0xC8F4,0xC0F3,0xDAB9,0xCB1B,0xAA9B,0x71BA,0x5117,0x40D5,0x38F6,0x2978,0x43FC,
  0x94DD,0xDE3E,0xC47C,0x9A9B,0x9A39,0x8197,0x7955,0xB1B7,0x9154,0x50D1,0x308F,0x28B0,
  0x20D0,0x108F,0x108F,0x08D1,0x0195,0x0AF9,0x3D9D,0x4DBD,0x0BBB,0x0B39,0x1A37,0x4278,
  0x4A16,0x6277,0x8BBC,0x9C5D,0x837A,0x6A79,0x5217,0x2A37,0x1236,0x0AB8,0x0BBA,0x0B59,
  0x0000,0x0000,0x0000,0x0000,0x0000,0x1801,0x5024,0x7867,0x7066,0x5845,0x3823,0x2022,
  0x2002,0x1802,0x1802,0x1802,0x1002,0x1002,0x1802,0x1002,0x1802,0x1002,0x1002,0x1002,
  0x1002,0x1002,0x1002,0x1002,0x1002,0x1822,0x1822,0x1002,0x1002,0x1002,0x1802,0x1802,
  0x2002,0x2823,0x1802,0x1002,0x1002,0x1002,0x1002,0x1002,0x1002,0x1022,0x1822,0x1022,
  0x4887,0x2044,0x1022,0x1002,0x1002,0x1002,0x1803,0x1803,0x4886,0x6929,0x3024,0x4005,
  0x5006,0x6808,0x904B,0xA04B,0x980A,0x982A,0xA06B,0xD2B4,0xD9D3,0xC08E,0xB08E,0xB930,
  0xD192,0xEA15,0xE275,0xE1F4,0xC0F2,0x908E,0x702B,0x804C,0xA88E,0xD1D2,0xA8AE,0x886C,
  0x802B,0x782B,0x88AE,0x9171,0x692F,0x50CD,0x40AD,0x2807,0x2807,0x2007,0x2807,0x3049,
  0x38CC,0x38AB,0x7252,0x50F0,0x9A75,0xD3FA,0xE65C,0xC47A,0x8196,0x91F7,0x48D1,0x306E,
  0x38AE,0x59AF,0x3808,0x4028,0x5069,0x7A0D,0x8ACF,0x50C8,0x794B,0xB9B0,0x982B,0xD1F2,
  0xEAF6,0xEDBB,0x884D,0x4829,0x3808,0x4029,0x58B0,0xD53B,0xB257,0xB297,0x80B1,0x9171,
  0x716C,0x616B,0x8AB0,0x692C,0x4829,0x3828,0x2849,0x39D1,0x284D,0x386F,0x58D2,0x9195,
  0xA9D7,0xE57C,0xEE5D,0xAAD8,0xAA96,0x68F0,0x486C,0x6950,0x6910,0x60CD,0x892E,0x70EF,
  0x9110,0x8950,0x488A,0x488A,0x3828,0x3828,0x4849,0x68AE,0x7951,0x9AB6,0x50AE,0x3829,
  0x3028,0x3828,0x408C,0x7419,0x5298,0x60CF,0x70AC,0x914F,0xA8AF,0xC8B1,0xEAD6,0xEB57,
  0xE256,0xD993,0xA84E,0x902D,0x882D,0x882D,0xA0D0,0x902E,0x902E,0x982E,0x980E,0xA04F,
  0xB0D1,0x9850,0x9871,0x8870,0x9114,0xA9D9,0x7938,0x6137,0x5158,0x4158,0x3958,0x41D9,
  0x82DC,0xCCFD,0xEE1D,0x99D8,0x7115,0x6114,0x5114,0x6175,0x99D6,0xC1F8,0x89B6,0x69D7,
  0x2A17,0x11D6,0x09D6,0x1277,0x13DA,0x033B,0x135B,0x2C9C,0x1C9C,0x1C9C,0x1AB9,0x6279,
  0x7218,0x71F7,0x69B7,0x51D7,0x3995,0x3155,0x69D7,0x1933,0x0953,0x09B4,0x0A56,0x0A77,
  0x0000,0x0000,0x0000,0x0000,0x0000,0x0000,0x0000,0x1801,0x3823,0x5024,0x6046,0x7888,
  0x7087,0x6066,0x4024,0x3003,0x3003,0x2803,0x2823,0x2803,0x2803,0x2803,0x2003,0x2003,
  0x2003,0x2003,0x2003,0x2003,0x2003,0x3044,0x2843,0x2803,0x3024,0x2803,0x2803,0x3024,
  0x3004,0x4045,0x2003,0x2003,0x2803,0x3024,0x3824,0x3004,0x2803,0x1822,0x2822,0x1802,
  0x5888,0x1022,0x0801,0x0801,0x0801,0x0802,0x1002,0x1002,0x2022,0x2022,0x2023,0x2804,
  0x3004,0x4005,0x812B,0x5806,0x6007,0x7028,0x7028,0x7008,0x90EC,0x882A,0x802A,0x904B,
  0xA08E,0xC0AF,0xE9D3,0xC8F0,0xA88E,0x904D,0x908D,0x98CE,0xC1F2,0xB1AF,0x782A,0x704A,
  0x80CD,0x6029,0x604A,0x9A32,0x60EE,0x40AC,0x308A,0x3069,0x38CB,0x2848,0x2827,0x2869,
  0x494F,0x7B34,0x388D,0x38AD,0x7213,0xB35A,0xB4FB,0x93B9,0xCD5C,0xA31A,0x8A58,0x58F2,
  0x50D0,0x6970,0x8230,0x8AD0,0x8B10,0x512A,0x3806,0x4807,0xAAF1,0xA84D,0xA02C,0xD9D2,
  0xF479,0xE4F9,0x886D,0x5029,0x3808,0x4029,0x58AF,0xCD1B,0xC339,0xA9F6,0x80B0,0x808E,
  0x9AD2,0x3027,0x2806,0x61AC,0x8AB1,0x8A50,0x7AB3,0x40CD,0x48AF,0x68F2,0x99F7,0xC3D9,
  0xE61C,0xBBFA,0xCD7C,0xAAF9,0xAAD7,0x58CF,0x404C,0x384B,0x388C,0x6A10,0x8273,0x4973,
  0x4153,0x5111,0x89D5,0x8316,0x512E,0x3028,0x4049,0x484A,0x4029,0x508B,0x508B,0x60CC,
  0x486A,0x3828,0x404A,0x53BA,0x4278,0x404A,0x4008,0x4008,0x604A,0x804B,0xA8AE,0xC131,
  0xB8D0,0x98B0,0x786F,0x684D,0x70CF,0x78AE,0x88CF,0x684C,0x602B,0x602B,0x680A,0x704C,
  0x80AE,0x784D,0x702C,0x504C,0x486F,0x5070,0x79F8,0x6957,0x7137,0x9157,0x8957,0x7957,
  0x7978,0x8998,0xBA78,0xF3FC,0xCA58,0x9134,0x7133,0x6133,0x4113,0x28D2,0x10D3,0x08F3,
  0x0934,0x0975,0x22B7,0x11D4,0x0153,0x0131,0x0131,0x0173,0x0993,0x19D4,0x1133,0x10D1,
  0x18F1,0x18F1,0x10F1,0x08F1,0x18F0,0x38F0,0x108E,0x008C,0x006C,0x006C,0x006C,0x006B,
  0x0000,0x0000,0x0000,0x0000,0x0000,0x0000,0x0000,0x0000,0x0000,0x1001,0x2822,0x3823,
  0x4004,0x5846,0x7888,0x80A9,0x7889,0x7889,0x6867,0x6847,0x5026,0x4805,0x4005,0x4025,
  0x3804,0x3804,0x3804,0x3804,0x3824,0x5086,0x3824,0x3824,0x4024,0x4004,0x4025,0x5046,
  0x4825,0x4025,0x3804,0x4004,0x4004,0x3804,0x4004,0x4004,0x5045,0x2022,0x4864,0x3824,
  0x6888,0x0821,0x0821,0x0801,0x0801,0x0801,0x3084,0x1002,0x1001,0x1002,0x2023,0x2023,
  0x2003,0x3024,0x4866,0x4005,0x4826,0x80A9,0x88EA,0x4825,0x60A8,0x4826,0x4025,0x78CC,
  0x908C,0x98AD,0xD131,0xC0EF,0xA06D,0xA8EF,0x808C,0x686A,0x78AB,0xA18F,0x704A,0x704A,
  0x706B,0x5829,0x588B,0x716F,0x408B,0x2868,0x2848,0x2848,0x498D,0x38EB,0x30EB,0x28AA,
  0x2049,0x414F,0x282A,0x306D,0x4911,0x7277,0x83BB,0x9C1A,0x6A37,0xC51B,0xDDFC,0xBCB9,
  0xAC17,0x9353,0x9B94,0x4089,0x3027,0x3006,0x3006,0x5007,0xC3D4,0xC0D0,0xC0AF,0xD931,
  0xEC38,0xD396,0x888E,0x586B,0x4009,0x506B,0x60AF,0xC43A,0xD43B,0xA9D6,0x98F2,0x98AF,
  0xB3B5,0x3828,0x2806,0x2806,0x2807,0x492B,0x9BD6,0x9B95,0xB457,0xCD1A,0xE61C,0xCD3B,
  0x8AB8,0x941A,0x8BBA,0x71D6,0x8255,0x388D,0x386C,0x386C,0x388B,0x410E,0x208A,0x418F,
  0x5233,0x6A76,0x81F6,0x5A18,0x5ABA,0x51F5,0x50EE,0x506B,0x712D,0x3848,0x3027,0x2826,
  0x50CA,0x4869,0x4049,0x3049,0x488C,0x692E,0x4869,0x4028,0x4028,0x5069,0x88CE,0x786C,
  0x684D,0x5112,0x5A76,0x5131,0x488E,0x404B,0x482A,0x584B,0x5809,0x604A,0x688B,0x68AC,
  0x584A,0x808C,0xA10F,0x788C,0x482A,0x404A,0x508D,0x99D5,0xDBBB,0xC218,0x88F5,0x60B4,
  0x6094,0x78B3,0xA0D2,0xE216,0x8132,0x406E,0x286D,0x184C,0x104C,0x084B,0x084A,0x086A,
  0x0049,0x0069,0x006B,0x006A,0x00AC,0x008B,0x08CC,0x008B,0x186B,0x81B1,0x308C,0x104B,
  0x08EF,0x0971,0x092F,0x00AC,0x0069,0x0049,0x0047,0x0048,0x0067,0x0047,0x0026,0x0047,
  0x0000,0x0000,0x0000,0x0000,0x0000,0x0000,0x0000,0x0000,0x0000,0x0000,0x0000,0x0800,
  0x1822,0x3023,0x3823,0x3803,0x4004,0x5025,0x6847,0x90AB,0x988B,0xA08B,0xA0AC,0x906A,
  0x98AB,0x8869,0x8869,0x8049,0x8048,0x90A9,0x8889,0x906A,0x8049,0x8869,0x888A,0x98AB,
  0x8869,0x908A,0x98AB,0x988A,0x988A,0xA08A,0xA08A,0xA08A,0x98CA,0x3043,0x88A8,0x9869,
  0x6087,0x0801,0x0801,0x0801,0x1021,0x0801,0x0801,0x0801,0x1002,0x3044,0x68C7,0x1802,
  0x1822,0x1803,0x3045,0x3025,0x7AB0,0x99F1,0x78CB,0x3004,0x2003,0x2004,0x2824,0x3046,
  0x7B14,0x604A,0x888C,0xB0CE,0xB90E,0xA14F,0x80CD,0x686A,0x6069,0x4827,0x6069,0x6869,
  0x5848,0x5049,0x4028,0x48AB,0x2827,0x2027,0x2027,0x2047,0x30E9,0x1827,0x1826,0x1807,
  0x2048,0x3069,0x304B,0x286C,0x308E,0x51F6,0x62DA,0xAD3B,0x5196,0x82B7,0xC4B9,0xC4B9,
  0x79D4,0x504D,0x484A,0x4049,0x3006,0x3006,0x3806,0x5008,0xC435,0xDA54,0xD992,0xEA75,
  0xEC38,0xCA33,0x804D,0x582A,0x4829,0x504B,0x686E,0xB2F7,0xDC5A,0xC256,0xB9F4,0xB972,
  0xB3D5,0x4028,0x2806,0x2806,0x2806,0x48EC,0x304B,0x48AE,0x6932,0xC458,0xCCD9,0x61D6,
  0x5217,0xADBC,0x6A79,0x69B6,0x4111,0x286B,0x204A,0x304B,0x38CC,0x390D,0x314D,0x1849,
  0x2069,0x38CC,0xA2D4,0xB2B6,0x61B5,0x4A99,0x5299,0xAA74,0x712D,0x2807,0x2806,0x2827,
  0x3026,0x3026,0x3027,0x2868,0x714E,0x584A,0x690C,0x714E,0x3828,0x3828,0x3807,0x4029,
  0x30AF,0x1133,0x6DFC,0x5BB8,0x306D,0x282A,0x2829,0x402A,0x894F,0xC253,0x586A,0x3828,
  0x3828,0x588A,0x4047,0x5068,0x4048,0x690C,0x896F,0xA212,0xC376,0xCB38,0x90F3,0x80F1,
  0x80F0,0x8931,0xA9B3,0xA192,0x284B,0x204A,0x1849,0x184A,0x1028,0x1849,0x38EB,0x0868,
  0x0048,0x0048,0x0047,0x0848,0x10AA,0x1089,0x0847,0x0027,0x0826,0x0846,0x0827,0x0847,
  0x0869,0x1376,0x0A53,0x08CC,0x0069,0x0026,0x0025,0x0025,0x0025,0x0025,0x0004,0x0024,
  0x0000,0x0000,0x0000,0x0000,0x0000,0x0000,0x0000,0x0000,0x0000,0x0000,0x0000,0x0000,
  0x0000,0x0000,0x0800,0x2022,0x3023,0x3824,0x3823,0x3803,0x3804,0x4004,0x4805,0x5005,
  0x5806,0x6807,0x7027,0x7828,0x8028,0x8889,0x8069,0x8048,0x7828,0x7828,0x7848,0x6006,
  0x6007,0x6027,0x7848,0x7848,0x7828,0x7827,0x7027,0x7007,0x6846,0x4884,0x7867,0x9068,
  0x2843,0x0000,0x0000,0x0801,0x68E6,0x0821,0x0801,0x0801,0x40A5,0x2022,0x2022,0x1001,
  0x3085,0x40E7,0x2044,0x1804,0x28AA,0x492E,0x2826,0x3886,0x1803,0x1802,0x2844,0x38A7,
  0x5A90,0x6252,0x4848,0x910D,0x88CE,0x606C,0x606C,0x68EE,0x3826,0x3026,0x5068,0x78EC,
  0x5889,0x3826,0x3827,0x3848,0x490C,0x40EB,0x1826,0x1805,0x1005,0x1806,0x1806,0x1806,
  0x2847,0x38CA,0x40EC,0x182A,0x206D,0x3133,0x52FA,0xAD9D,0x7B79,0x51B6,0x9BB7,0xB416,
  0x9294,0x586E,0x482A,0x4029,0x3007,0x3006,0x3807,0x5008,0x91CF,0xE417,0xE458,0xF5DC,
  0xECF9,0xD294,0x884D,0x602B,0x582A,0x602B,0x806F,0xC317,0xE4DB,0xEDBB,0xE4B9,0xD3F6,
  0x81CF,0x4028,0x3007,0x2806,0x2806,0x384A,0x302A,0x5911,0x9293,0xBB96,0x9398,0x3996,
  0x5B59,0x951C,0x6278,0x59F6,0x286C,0x206A,0x204A,0x2049,0x2869,0x1847,0x2088,0x316D,
  0x1868,0x4069,0x508B,0x792D,0xD234,0x9A56,0x5A76,0x8B37,0x610B,0x3026,0x3826,0x50A8,
  0x4088,0x1825,0x1825,0x5A52,0x98AE,0x9130,0x5089,0x992F,0x89D1,0x69AF,0x488B,0x40AD,
  0x186D,0x10D1,0x2AF8,0x7EBE,0x2A55,0x204C,0x208C,0x30CC,0x612E,0x694D,0x3027,0x2026,
  0x2826,0x816E,0x78CB,0x80EC,0x3047,0x4048,0x3027,0x3027,0x3808,0x60CD,0x404A,0x2027,
  0x2047,0x3089,0x1826,0x2047,0x1847,0x1027,0x1048,0x1026,0x2047,0x1826,0x0825,0x0025,
  0x0026,0x1867,0x28C9,0x1046,0x0025,0x0025,0x0025,0x0025,0x18A8,0x1087,0x0026,0x0025,
  0x0025,0x0025,0x0046,0x0067,0x0025,0x0004,0x0003,0x0003,0x0003,0x0003,0x0003,0x0023,
  0x0000,0x0000,0x0000,0x0000,0x0000,0x0000,0x0000,0x0000,0x0000,0x0000,0x0000,0x0000,
  0x0000,0x0000,0x0000,0x0000,0x0000,0x0000,0x1021,0x2822,0x3823,0x4044,0x4024,0x4024,
  0x4004,0x3803,0x3803,0x3003,0x3803,0x3803,0x3003,0x3003,0x3003,0x3003,0x3003,0x3003,
  0x3003,0x3003,0x3003,0x3003,0x3003,0x3003,0x3003,0x3003,0x2822,0x3823,0x3022,0x4845,
  0x0820,0x0000,0x0000,0x0800,0x0801,0x0001,0x0001,0x0801,0x2043,0x1001,0x0801,0x1001,
  0x0802,0x1002,0x1003,0x20C7,0x2067,0x1804,0x1803,0x1823,0x1803,0x1823,0x2865,0x1823,
  0x28A8,0x7251,0x60EC,0x612D,0x712F,0x58CF,0x488E,0x6191,0x4889,0x3026,0x4047,0x60CA,
  0x5889,0x50A9,0x3026,0x2826,0x2026,0x2026,0x1825,0x1826,0x1805,0x1805,0x1005,0x2027,
  0x610B,0x3869,0x590D,0x288C,0x206D,0x2932,0x3A37,0x94FC,0x94FC,0x3196,0x59B4,0xC4D8,
  0xCCD9,0x78F0,0x584C,0x588B,0x4028,0x3807,0x4007,0x4808,0x682A,0x99AF,0xC2D4,0xB952,
  0xED7A,0xED9B,0xB090,0x802D,0x702C,0x804D,0xB112,0xF63C,0xDD1A,0xA0F0,0xA991,0x9230,
  0x5029,0x3807,0x3007,0x3007,0x4089,0x380A,0x402B,0x690F,0xD4D9,0xC499,0x4134,0x29D7,
  0x95BC,0x7C7A,0x5A57,0x8B56,0x50EE,0x286A,0x2049,0x288B,0x1828,0x1026,0x1827,0x30EA,
  0x494C,0x690B,0x3028,0x4829,0xA16E,0x704C,0x91B2,0x72D5,0x5250,0x818F,0x992F,0x892D,
  0x1826,0x1005,0x1805,0x53D7,0x71B3,0x588B,0x708B,0x710E,0x99B3,0xB356,0xCA76,0x81B3,
  0x48F0,0x188F,0x18D2,0x2A56,0x1A98,0x18F0,0x2089,0x1826,0x1825,0x1825,0x1826,0x1826,
  0x3888,0x694B,0x50A9,0x2025,0x1825,0x2025,0x2866,0x2026,0x2827,0x68EC,0x60EC,0x1005,
  0x0805,0x1005,0x0805,0x0825,0x0825,0x0805,0x0805,0x0825,0x1866,0x0825,0x0025,0x0005,
  0x0025,0x0025,0x0024,0x0024,0x0024,0x0846,0x0025,0x0005,0x0024,0x0024,0x0004,0x0024,
  0x0024,0x0004,0x0004,0x0023,0x0024,0x0002,0x0002,0x0002,0x0002,0x0002,0x0002,0x0044,
  0x0000,0x0000,0x0000,0x0000,0x0000,0x0000,0x0000,0x0000,0x0000,0x0000,0x0000,0x0000,
  0x0000,0x0000,0x0000,0x0000,0x0000,0x0000,0x0000,0x0000,0x0000,0x0000,0x0800,0x1821,
  0x2042,0x3043,0x3043,0x3843,0x3844,0x3844,0x4044,0x4045,0x4045,0x4845,0x4065,0x4045,
  0x4044,0x4044,0x4044,0x4044,0x3844,0x3844,0x4044,0x4064,0x2042,0x3844,0x4044,0x1822,
  0x0000,0x0000,0x0000,0x0000,0x0000,0x0000,0x0000,0x0001,0x0001,0x0001,0x0801,0x1842,
  0x0801,0x0802,0x0802,0x1866,0x614B,0x712A,0x68C9,0x1023,0x1023,0x2023,0x1022,0x1002,
  0x1803,0x716E,0x486B,0x386B,0x58AB,0x508D,0x40B0,0x4910,0x490D,0x3046,0x4848,0x4027,
  0x4047,0x4827,0x3026,0x2806,0x1805,0x1825,0x38C9,0x30A8,0x1826,0x1005,0x1805,0x2026,
  0x50A9,0x388B,0x712D,0x79F0,0x3911,0x4192,0x7B37,0x3A98,0x9DBC,0x3279,0x4995,0x82B3,
  0xCCB8,0xC478,0x70AE,0x582A,0x4829,0x4008,0x4007,0x4808,0x5808,0x6809,0x780A,0x902D,
  0xC0D1,0xF5FC,0xEDBB,0xC1F3,0xB8F1,0xCA34,0xF63C,0xEDBB,0xA090,0x780C,0x680A,0x5009,
  0x4008,0x3807,0x3807,0x4869,0x508B,0x482B,0x606D,0xBC77,0xCC78,0x8B57,0x3195,0x2AB8,
  0xA69E,0x5399,0x72B8,0x3972,0x5131,0x58F0,0x286A,0x212E,0x1027,0x1026,0x1026,0x2888,
  0x38CA,0x40EB,0x2027,0x3028,0x504B,0x404A,0x404C,0x50AF,0x8357,0x5294,0x516F,0x40CC,
  0x2048,0x1005,0x1826,0x31D1,0x414D,0x4849,0x990F,0x60CC,0xC295,0x3088,0x996E,0xC9D1,
  0x9991,0x5952,0x20B1,0x18B1,0x10D2,0x41D2,0x1826,0x1004,0x1004,0x1025,0x1004,0x1825,
  0x1824,0x48A9,0x50A9,0x1024,0x0804,0x1004,0x1825,0x1825,0x70EC,0x50EE,0x38D0,0x186A,
  0x0804,0x1045,0x1865,0x0004,0x0004,0x0004,0x0004,0x1087,0x0825,0x0025,0x0067,0x08A9,
  0x0026,0x0026,0x0068,0x116D,0x0025,0x0024,0x0023,0x0003,0x0003,0x0003,0x0003,0x0024,
  0x0024,0x0003,0x0003,0x0024,0x0866,0x0002,0x0002,0x0002,0x0002,0x0002,0x0002,0x0002,
  0x0000,0x0000,0x0000,0x0000,0x0000,0x0000,0x0000,0x0000,0x0000,0x0000,0x0000,0x0000,
  0x0000,0x0000,0x0000,0x0000,0x0000,0x0000,0x0000,0x0000,0x0000,0x0000,0x0000,0x0000,
  0x0000,0x0000,0x0000,0x0000,0x0000,0x0000,0x0000,0x0000,0x0000,0x0000,0x0000,0x0000,
  0x0000,0x0000,0x0000,0x0000,0x0000,0x0000,0x0000,0x0000,0x0800,0x0000,0x0000,0x0000,
  0x0000,0x0000,0x0000,0x0000,0x0800,0x0801,0x0000,0x0000,0x0000,0x0001,0x0801,0x1002,
  0x0801,0x0802,0x1865,0x20EC,0x3046,0xB1AE,0x4846,0x0802,0x0802,0x0802,0x0802,0x0802,
  0x1823,0x50EA,0x80AD,0x386A,0x3869,0x60CD,0x30B0,0x38D0,0x6A30,0x68EB,0x4026,0x2825,
  0x2025,0x3826,0x48C9,0x2005,0x1804,0x1004,0x2867,0x1826,0x1025,0x1805,0x2026,0x2847,
  0x508A,0x588A,0x60AB,0x892F,0x490E,0x6A32,0x20F0,0x21B5,0x64DC,0x74BC,0x2A17,0x6172,
  0xC4F9,0xD4D9,0xAB14,0x684C,0x582A,0x4808,0x4808,0x5008,0x5809,0x5809,0x6809,0x800B,
  0xC1F2,0xCA55,0xDB57,0xF65C,0xFEFE,0xEE5C,0xCB77,0xCB56,0xA110,0x680B,0x5009,0x4808,
  0x4008,0x3808,0x3808,0x504A,0x500B,0x604D,0xAB34,0xD4F9,0xC4F9,0x4112,0x2278,0x7D1B,
  0x655D,0x2A76,0x3236,0x10AE,0x10AD,0x3131,0x61D3,0x38AC,0x1027,0x1026,0x1026,0x1847,
  0x1026,0x1847,0x2848,0x2827,0x2828,0x3008,0x3009,0x48CC,0x48ED,0x308D,0x41B1,0x4211,
  0x28EB,0x28A9,0x18AB,0x108A,0x3048,0x788B,0x70CD,0xA171,0x79AE,0x2025,0x2025,0x88EB,
  0xA90D,0x80EC,0x8191,0x38AF,0x30AE,0x28CA,0x0804,0x1004,0x1024,0x1886,0x1004,0x2045,
  0x1023,0x1003,0x1845,0x0803,0x0803,0x0803,0x0803,0x1003,0x4088,0x2889,0x18AD,0x1911,
  0x0825,0x0803,0x0824,0x0003,0x0803,0x0003,0x0003,0x0003,0x0804,0x1025,0x1866,0x1888,
  0x2088,0x192C,0x08A9,0x0087,0x0003,0x0003,0x0003,0x0003,0x0002,0x0003,0x0023,0x094F,
  0x08AA,0x0045,0x0023,0x0002,0x0002,0x0003,0x0887,0x0023,0x0002,0x0002,0x0001,0x0001,
  0x0000,0x0000,0x0000,0x0000,0x0000,0x0000,0x0000,0x0000,0x0000,0x0000,0x0000,0x0000,
  0x0000,0x0000,0x0000,0x0000,0x0000,0x0000,0x0000,0x0000,0x0000,0x0000,0x0000,0x0000,
  0x0000,0x0000,0x0000,0x0000,0x0000,0x0000,0x0000,0x0000,0x0000,0x0000,0x0000,0x0000,
  0x0000,0x0000,0x0000,0x0000,0x0000,0x0000,0x0000,0x0000,0x0000,0x0000,0x0000,0x0000,
  0x0000,0x0000,0x0000,0x0001,0x6085,0x3063,0x0000,0x0000,0x0000,0x0001,0x1022,0x2063,
  0x0801,0x1023,0x512D,0x1048,0x3026,0x2005,0x1067,0x0001,0x0802,0x0802,0x1022,0x0802,
  0x38E7,0x2044,0x90ED,0x606B,0x3049,0x58AA,0x40D0,0x690F,0xB16D,0x4848,0x4847,0x2825,
  0x1824,0x1804,0x1824,0x1825,0x1805,0x1004,0x2067,0x1004,0x1845,0x38A8,0x1825,0x1825,
  0x2026,0x2006,0x2026,0x78EC,0x71AF,0x288B,0x208C,0x21B3,0x4C3A,0xB69E,0x333A,0x49F6,
  0x71D2,0xE59B,0xD519,0x99D1,0x704C,0x6009,0x5809,0x6029,0x6009,0x6009,0x680A,0x908C,
  0xC374,0x884C,0x884D,0x98AF,0xA972,0x908F,0x802D,0x806E,0xBB95,0x684B,0x5009,0x4809,
  0x4809,0x4809,0x4829,0x582B,0x602D,0x91B1,0xD4B8,0xDD5A,0x7294,0x39B4,0x3338,0xB71E,
  0x22F9,0x0953,0x3A14,0x188C,0x10AD,0x3150,0x7131,0x790F,0x592C,0x2087,0x1866,0x1026,
  0x1005,0x1005,0x1026,0x38CA,0x2848,0x2008,0x2027,0x618D,0x2028,0x2829,0x382A,0x508D,
  0x41B0,0x4230,0x310B,0x2069,0x3868,0x98EF,0x70CC,0xC234,0x3067,0x1804,0x1804,0x1804,
  0x58C8,0xB18F,0x90AC,0x78EF,0x510E,0x1025,0x0804,0x1846,0x0803,0x0803,0x0803,0x0803,
  0x0803,0x0803,0x18A8,0x1088,0x0803,0x0803,0x0803,0x0803,0x0803,0x0824,0x0803,0x0846,
  0x0824,0x0003,0x0803,0x0823,0x30A6,0x1044,0x0823,0x0003,0x68AA,0x688B,0x286A,0x2049,
  0x106A,0x08AB,0x092E,0x0003,0x0002,0x0002,0x0002,0x0002,0x0002,0x0002,0x0002,0x0022,
  0x0023,0x0024,0x0025,0x0003,0x0003,0x0003,0x0023,0x0001,0x0001,0x0001,0x0001,0x0001,
  0x0000,0x0000,0x0000,0x0000,0x0000,0x0000,0x0000,0x0000,0x0000,0x0000,0x0000,0x0000,
  0x0000,0x0000,0x0000,0x0000,0x0000,0x0000,0x0000,0x0000,0x0000,0x0000,0x0000,0x0000,
  0x0000,0x0000,0x0000,0x0000,0x0000,0x0000,0x0000,0x0000,0x0000,0x0000,0x0000,0x0000,
  0x0000,0x0000,0x0000,0x0000,0x0000,0x0000,0x0000,0x0000,0x0000,0x0000,0x0000,0x0000,
  0x0000,0x0000,0x0000,0x0000,0x0801,0x0021,0x0000,0x0821,0x0000,0x0001,0x0001,0x0001,
  0x1022,0x796E,0x58ED,0x1869,0x1868,0x0868,0x0865,0x0002,0x0001,0x0002,0x0802,0x0802,
  0x1022,0x1022,0x4888,0x908D,0x3849,0x3048,0x792E,0xC18E,0xB0ED,0x4047,0x4868,0x4047,
  0x2024,0x1004,0x1004,0x1024,0x1847,0x210A,0x2068,0x2046,0x3847,0x3047,0x1825,0x1805,
  0x1005,0x1806,0x1826,0x590B,0x592D,0x286A,0x188C,0x1172,0x1B59,0x965E,0x5CBC,0x2257,
  0x69D4,0xABF7,0xE4D9,0xD4B8,0xAA32,0x806D,0x784C,0x806C,0x702B,0x782B,0x886C,0xCC15,
  0x788C,0x6809,0x6809,0x788B,0xBB95,0x684A,0x5809,0x5009,0x70AD,0xB394,0x686B,0x684B,
  0x602B,0x682C,0x704D,0x788F,0x9A12,0xE57A,0xDD3A,0xBC78,0x4112,0x42F6,0x7CD9,0x653C,
  0x11F6,0x0910,0x212F,0x1069,0x106A,0x1848,0x614D,0x2067,0x3067,0x594C,0x1826,0x1866,
  0x1025,0x0805,0x1026,0x1026,0x30C9,0x3089,0x492A,0x30A8,0x2006,0x2007,0x588B,0x3849,
  0x2828,0x388C,0x5231,0x490B,0x68EC,0x88EE,0x90EE,0x818F,0x2045,0x2045,0x1003,0x1003,
  0x1824,0x2024,0x81AD,0xA18E,0x488A,0x1004,0x0804,0x0803,0x1845,0x49CC,0x1023,0x0803,
  0x0803,0x0803,0x0803,0x1066,0x1045,0x1044,0x1064,0x0802,0x0802,0x0803,0x0803,0x0003,
  0x0003,0x1044,0x1044,0x0003,0x0003,0x0003,0x0003,0x0003,0x48AB,0xA130,0x1848,0x0026,
  0x0026,0x0027,0x008A,0x0067,0x0002,0x0002,0x0002,0x0002,0x0002,0x0002,0x0002,0x0002,
  0x0002,0x0002,0x0001,0x0002,0x0002,0x0001,0x0001,0x0001,0x0001,0x0001,0x0001,0x0001,
  0x0000,0x0000,0x0000,0x0000,0x0000,0x0000,0x0000,0x0000,0x0000,0x0000,0x0000,0x0000,
  0x0000,0x0000,0x0000,0x0000,0x0000,0x0000,0x0000,0x0000,0x0000,0x0000,0x0000,0x0000,
  0x0000,0x0000,0x0000,0x0000,0x0000,0x0000,0x0000,0x0000,0x0000,0x0000,0x0000,0x0000,
  0x0000,0x0000,0x0000,0x0000,0x0000,0x0000,0x0000,0x0000,0x0000,0x0000,0x0000,0x0000,
  0x1842,0x1021,0x0000,0x0000,0x0000,0x0000,0x0000,0x0821,0x0000,0x0000,0x0001,0x0001,
  0x2864,0x790D,0x414F,0x3BD8,0x196D,0x0865,0x0001,0x1864,0x1023,0x0802,0x1002,0x1022,
  0x0802,0x0802,0x1002,0x90CD,0x706B,0x3869,0xA20F,0xD92F,0x988C,0x4848,0x2825,0x3026,
  0x3066,0x1004,0x1003,0x1004,0x1046,0x216E,0x290B,0x3067,0x3848,0x4047,0x2826,0x1826,
  0x1025,0x1047,0x496C,0x18AA,0x208A,0x696F,0x10AC,0x08EE,0x0A35,0x2C9B,0xAEFE,0x1B19,
  0x6B37,0x6153,0xDD5A,0xDC38,0xDC79,0xD458,0xD458,0xD457,0xC3B6,0xC3D5,0xCC16,0x810D,
  0x5809,0x5808,0x6029,0xA2F1,0x70CC,0x9A70,0x5809,0x4808,0x4809,0x70ED,0xB374,0xB3D5,
  0xBBF6,0xC416,0xD4D9,0xD4B8,0xDD5A,0xDCDA,0xDD39,0x5992,0x3993,0x3B17,0x96BD,0x33BA,
  0x0993,0x192F,0x296E,0x1048,0x1027,0x1025,0x1026,0x1025,0x1826,0x9A51,0x89F0,0x512A,
  0x1845,0x1025,0x1005,0x0805,0x0805,0x1846,0x598C,0x2868,0x2027,0x2807,0x3828,0x2827,
  0x2807,0x484B,0x484B,0x618F,0x696F,0x810E,0xA950,0x2045,0x1024,0x1845,0x1824,0x2024,
  0x1023,0x0803,0x1003,0x3086,0x3086,0x0803,0x0803,0x1003,0x5067,0x3045,0x0823,0x0803,
  0x0823,0x0002,0x0802,0x0824,0x0845,0x0823,0x0823,0x0002,0x0803,0x0002,0x0002,0x0002,
  0x0823,0x0002,0x0002,0x0823,0x0002,0x0002,0x0002,0x0003,0x220F,0x29D2,0x20EC,0x0027,
  0x0026,0x0026,0x0047,0x0089,0x0003,0x0002,0x0002,0x0002,0x0001,0x0001,0x0001,0x0001,
  0x0001,0x0001,0x0001,0x0001,0x0001,0x0001,0x0001,0x0001,0x0001,0x0001,0x0001,0x0001,
  0x0000,0x0000,0x0000,0x0000,0x0000,0x0000,0x0000,0x0000,0x0000,0x0000,0x0000,0x0000,
  0x0000,0x0000,0x0000,0x0000,0x0000,0x0000,0x0000,0x0000,0x0000,0x0000,0x0000,0x0000,
  0x0000,0x0000,0x0000,0x0000,0x0000,0x0000,0x0000,0x0000,0x0000,0x0000,0x0000,0x0000,
  0x0000,0x0000,0x0000,0x0000,0x0000,0x0000,0x0000,0x0000,0x0000,0x0000,0x0000,0x0000,
  0x1041,0x0000,0x0000,0x0000,0x0000,0x1042,0x0000,0x0000,0x0000,0x0000,0x0001,0x0001,
  0x40C7,0x20EB,0x212B,0x10A6,0x0822,0x0001,0x0001,0x0822,0x1023,0x2824,0x78A9,0x3865,
  0x0802,0x0802,0x0802,0x4867,0x98EE,0x60EC,0x4089,0x990E,0x804C,0x5028,0x2846,0x2846,
  0x2825,0x40C7,0x1824,0x1024,0x0804,0x0804,0x1888,0x1887,0x2006,0x3847,0x2826,0x1025,
  0x1046,0x30EA,0x20A9,0x20AA,0x0869,0x106A,0x10CC,0x08CD,0x0151,0x0AB7,0x65FD,0x54FB,
  0x3AD8,0x40F2,0x89F3,0xD4D9,0xB273,0xBAD5,0xC355,0x98EF,0x888E,0x88AE,0x80CE,0x6009,
  0x5809,0x6009,0x91CE,0x81EE,0x5008,0x89EE,0x796D,0x4808,0x4008,0x5009,0x686C,0x70AE,
  0x708E,0x80AE,0xCBD8,0xC3B7,0x9A12,0xD498,0x8A94,0x4952,0x5315,0x6439,0x1AB7,0x2AB6,
  0x0910,0x112F,0x310D,0x1048,0x1026,0x1026,0x0825,0x0805,0x1025,0x616D,0x306A,0x616E,
  0x71CE,0x3909,0x1025,0x0805,0x0805,0x390A,0x2047,0x1806,0x1806,0x3848,0x2026,0x2006,
  0x3869,0x404A,0x404A,0x60ED,0x714E,0x712D,0x48C9,0x1023,0x1003,0x1003,0x2825,0x916C,
  0x2024,0x0803,0x0803,0x0803,0x1023,0x0803,0x1023,0x2024,0x9089,0x5867,0x0802,0x0802,
  0x0802,0x0002,0x0803,0x1023,0x0002,0x0002,0x0002,0x0002,0x0802,0x0002,0x0002,0x0002,
  0x0022,0x0002,0x0001,0x0002,0x0002,0x1023,0x0002,0x0003,0x0888,0x1234,0x1A75,0x11B1,
  0x0048,0x0027,0x0068,0x010E,0x0087,0x0002,0x0002,0x0001,0x0001,0x0001,0x0001,0x0001,
  0x0001,0x0001,0x0001,0x0043,0x0001,0x0001,0x0001,0x0001,0x0001,0x0001,0x0001,0x0001,
  0x0000,0x0000,0x0000,0x0000,0x0000,0x0000,0x0000,0x0000,0x0000,0x0000,0x0000,0x0000,
  0x0000,0x0000,0x0000,0x0000,0x0000,0x0000,0x0000,0x0000,0x0000,0x0000,0x0000,0x0000,
  0x0000,0x0000,0x0000,0x0000,0x0000,0x0000,0x0000,0x0000,0x0000,0x0000,0x0000,0x0000,
  0x0000,0x0000,0x0000,0x0000,0x0000,0x0000,0x0000,0x0000,0x0000,0x0000,0x0000,0x0000,
  0x0000,0x0000,0x0000,0x0000,0x0000,0x0000,0x0000,0x0000,0x0000,0x0000,0x0001,0x0001,
  0x0021,0x0001,0x0001,0x0001,0x0001,0x0001,0x0001,0x0001,0x0801,0x4046,0x4888,0x30A7,
  0x1843,0x0802,0x0802,0x1823,0x890C,0x708B,0x2848,0x3869,0x886D,0x702A,0x3046,0x3888,
  0x3066,0x3046,0x1804,0x0804,0x0804,0x1045,0x0804,0x212B,0x1005,0x1005,0x1025,0x1887,
  0x290B,0x0846,0x0827,0x1068,0x0868,0x0869,0x10CB,0x08AC,0x012F,0x01D4,0x349B,0x967D,
  0x22F9,0x41F5,0x50D1,0xA2F4,0xB335,0xCCB8,0xAAB1,0x80ED,0x9150,0x786C,0x704B,0x6009,
  0x6029,0x80EC,0xAB32,0x5008,0x5007,0x5808,0xAB32,0x688A,0x5009,0x582A,0x686C,0x788D,
  0x706C,0x80EE,0xB2D3,0xD4F9,0xB334,0xAAF4,0x48AF,0x49B2,0x5B56,0x53D9,0x11B4,0x10F0,
  0x3254,0x2A12,0x20AC,0x288A,0x48CA,0x50EA,0x2867,0x0825,0x1825,0x618D,0x386A,0x3849,
  0x2048,0x40EB,0x598D,0x2046,0x1025,0x390A,0x1806,0x1806,0x2026,0x2847,0x1806,0x2827,
  0x3048,0x61AF,0x9252,0xA191,0xB0B0,0x88EE,0x48C9,0x2845,0x1003,0x0803,0x0803,0x1003,
  0x1003,0x0802,0x0803,0x0802,0x0802,0x0802,0x0802,0x0802,0x3845,0x2023,0x0802,0x0803,
  0x0803,0x0802,0x1844,0x1884,0x0002,0x0002,0x0002,0x1844,0x30A6,0x0002,0x0002,0x0002,
  0x0002,0x0001,0x0001,0x0001,0x0001,0x0002,0x0002,0x0002,0x0003,0x0003,0x1109,0x2AB1,
  0x2293,0x00CB,0x00AC,0x2BD8,0x08EB,0x0002,0x0002,0x0001,0x0001,0x0001,0x0001,0x0001,
  0x0001,0x0001,0x0001,0x0001,0x0001,0x0001,0x0022,0x0022,0x0001,0x0001,0x0001,0x0001,
  0x0000,0x0000,0x0000,0x0000,0x0000,0x0000,0x0000,0x0000,0x0000,0x0000,0x0000,0x0000,
  0x0000,0x0000,0x0000,0x0000,0x0000,0x0000,0x0000,0x0000,0x0000,0x0000,0x0000,0x0000,
  0x0000,0x0000,0x0000,0x0000,0x0000,0x0000,0x0000,0x0000,0x0000,0x0000,0x0000,0x0000,
  0x0000,0x0000,0x0000,0x0000,0x0000,0x0000,0x0000,0x0000,0x0000,0x0000,0x0000,0x0000,
  0x0000,0x0000,0x0000,0x0000,0x0000,0x0000,0x0000,0x0000,0x0000,0x0000,0x1062,0x0021,
  0x0000,0x0001,0x0001,0x0001,0x0001,0x0001,0x0001,0x0001,0x3045,0x4047,0x2026,0x30A9,
  0x3086,0x1022,0x2884,0x3885,0x3865,0x88AC,0x4069,0x2848,0x68CD,0x904D,0x5069,0x3868,
  0x2825,0x1804,0x2025,0x1004,0x0804,0x0804,0x0804,0x210A,0x1066,0x1025,0x31AC,0x39CE,
  0x1026,0x0825,0x0826,0x0847,0x0848,0x10AA,0x0069,0x00AC,0x00EE,0x0151,0x3439,0x2B38,
  0x5C7A,0x2A37,0x38D1,0x58F0,0xAAF4,0x70AE,0x8970,0xB2F3,0xCBF6,0xC3D5,0xBB34,0xAA71,
  0xAA11,0xD477,0x896E,0x790C,0x790C,0x812D,0x91CF,0xCC76,0x9A30,0xAB12,0xBBD5,0xC456,
  0xBBD5,0xA314,0x8990,0x80CF,0xAB14,0x58AF,0x308E,0x4AD4,0x8317,0x7298,0x1911,0x18D0,
  0x4293,0x3A53,0x20CD,0x3889,0x1847,0x1026,0x4889,0x3867,0x3087,0x61AD,0x508B,0x2847,
  0x1026,0x1026,0x2048,0x490C,0x596C,0x2848,0x2027,0x1826,0x3068,0x1827,0x1868,0x41CE,
  0x6212,0x8971,0x98CF,0xA0AE,0xA10E,0x2846,0x78CB,0x70CC,0x1824,0x0803,0x0802,0x0802,
  0x0802,0x3085,0x0803,0x0802,0x0002,0x1843,0x0802,0x0802,0x0802,0x0802,0x0803,0x59D0,
  0x88EE,0x4868,0x1023,0x0002,0x0002,0x0002,0x0002,0x0002,0x0803,0x0844,0x0002,0x0002,
  0x0002,0x0001,0x0001,0x0001,0x0001,0x0022,0x0002,0x0002,0x0002,0x0002,0x0002,0x0023,
  0x0024,0x08C9,0x09F1,0x451A,0x090B,0x0002,0x0001,0x0001,0x0001,0x0001,0x0001,0x0001,
  0x0001,0x0001,0x0001,0x0001,0x0001,0x0001,0x0001,0x0001,0x0001,0x0001,0x0001,0x0001,
  0x0000,0x0000,0x0000,0x0000,0x0000,0x0000,0x0000,0x0000,0x0000,0x0000,0x0000,0x0000,
  0x0000,0x0000,0x0000,0x0000,0x0000,0x0000,0x0000,0x0000,0x0000,0x0000,0x0000,0x0000,
  0x0000,0x0000,0x0000,0x0000,0x0000,0x0000,0x0000,0x0000,0x0000,0x0000,0x0000,0x0000,
  0x0000,0x0000,0x0000,0x0000,0x0000,0x0000,0x0000,0x0000,0x0000,0x0000,0x0000,0x0000,
  0x0000,0x0000,0x0000,0x0000,0x0000,0x0000,0x0000,0x0000,0x0000,0x0000,0x0000,0x0000,
  0x0000,0x0000,0x0000,0x0001,0x0822,0x0021,0x0001,0x1823,0x3845,0x2826,0x30AA,0x1044,
  0x0821,0x1022,0x2023,0x50A7,0x1022,0x60A9,0x706A,0x3068,0x50CB,0xB911,0x906D,0x3868,
  0x3847,0x1804,0x1804,0x2025,0x1024,0x0804,0x0804,0x0825,0x216B,0x29EE,0x214D,0x4AF1,
  0x0826,0x0825,0x0826,0x314C,0x0047,0x0868,0x0089,0x08ED,0x08CD,0x0171,0x33D8,0x1974,
  0x6C39,0x2215,0x3132,0x306E,0x7191,0xA2D3,0x78EF,0x78AE,0x704C,0x806C,0x994F,0xBA93,
  0xC314,0xCB55,0xCBB6,0xCBB6,0xCBB5,0xCB95,0xCB75,0xC335,0xB2B3,0x9190,0x708D,0x686D,
  0x582C,0x602C,0x70AD,0xB374,0x60CE,0x286C,0x3130,0x52B4,0x7A76,0x20F0,0x3952,0x20F1,
  0x2213,0x9D5A,0x412E,0x1848,0x1026,0x0805,0x1025,0x1846,0x720E,0x79F0,0x4829,0x1826,
  0x1026,0x1026,0x30A9,0x1027,0x286A,0x69D0,0x7210,0x720F,0x312D,0x29CF,0x3A31,0x590F,
  0x80CF,0x90AE,0x98AD,0xB10F,0x4888,0x1023,0x78CC,0x406A,0x40CA,0x0803,0x0802,0x1024,
  0x0802,0x0823,0x0823,0x0802,0x0002,0x0002,0x0002,0x0802,0x0002,0x0002,0x0803,0x324F,
  0x61F3,0x686C,0x4068,0x0003,0x0823,0x0823,0x0002,0x0002,0x0002,0x0845,0x18EA,0x0023,
  0x0002,0x0002,0x0002,0x0001,0x0001,0x0022,0x0001,0x0001,0x0001,0x0001,0x0002,0x0002,
  0x0002,0x0002,0x0023,0x0045,0x0044,0x0002,0x0001,0x0001,0x0001,0x0843,0x0022,0x0001,
  0x0001,0x0001,0x0001,0x0001,0x0001,0x0001,0x0001,0x0001,0x0001,0x0001,0x0001,0x0001,
  0x0000,0x0000,0x0000,0x0000,0x0000,0x0000,0x0000,0x0000,0x0000,0x0000,0x0000,0x0000,
  0x0000,0x0000,0x0000,0x0000,0x0000,0x0000,0x0000,0x0000,0x0000,0x0000,0x0000,0x0000,
  0x0000,0x0000,0x0000,0x0000,0x0000,0x0000,0x0000,0x0000,0x0000,0x0000,0x0000,0x0000,
  0x0000,0x0000,0x0000,0x0000,0x0000,0x0000,0x0000,0x0000,0x0000,0x0000,0x0000,0x0000,
  0x0000,0x0000,0x0000,0x0000,0x0000,0x0000,0x0000,0x0000,0x0000,0x0000,0x0000,0x0000,
  0x0000,0x0000,0x0000,0x0001,0x0001,0x0001,0x0801,0x4086,0x3046,0x2887,0x0822,0x0801,
  0x0801,0x0802,0x6888,0x5086,0x0802,0x1823,0x78AB,0x60AB,0x48A9,0xB8F1,0xC890,0x4848,
  0x4068,0x2004,0x1804,0x38A8,0x1825,0x0804,0x0804,0x10A8,0x2A71,0x1089,0x0826,0x10A9,
  0x3A8F,0x0827,0x0826,0x0847,0x0026,0x0047,0x0048,0x08CC,0x0970,0x11F3,0x3357,0x18D0,
  0x3995,0x6C19,0x2173,0x288F,0x406D,0x58CC,0xAB75,0x812F,0x684B,0x682B,0x680A,0x704B,
  0x682A,0x704B,0x788C,0x706B,0x706B,0x686B,0x684B,0x682B,0x602A,0x580A,0x5009,0x502A,
  0x582A,0x81CF,0xA334,0x486C,0x304C,0x288E,0x4AB3,0x72F4,0x3110,0x108C,0x088D,0x21B2,
  0x5479,0x5B16,0x5A11,0x1868,0x0805,0x0805,0x1026,0x1026,0x496B,0x6A30,0x2048,0x1827,
  0x1026,0x1006,0x1026,0x1027,0x1029,0x62F3,0x82F5,0x3A12,0x2AD4,0x2191,0x79F3,0x60AD,
  0x706C,0x90AD,0xB0EF,0x70EB,0x1023,0x1003,0x48C9,0x488C,0x306A,0x2067,0x0802,0x0002,
  0x0002,0x0002,0x1065,0x10A7,0x0002,0x0002,0x0002,0x1864,0x0002,0x0002,0x0865,0x0047,
  0x3315,0x408D,0x4069,0x0824,0x0003,0x0824,0x1045,0x0003,0x0002,0x0002,0x0002,0x0002,
  0x0001,0x0001,0x0001,0x0001,0x0001,0x0001,0x0001,0x0001,0x0001,0x0001,0x0001,0x0001,
  0x0002,0x0002,0x0002,0x0002,0x0002,0x0002,0x0001,0x0001,0x0001,0x0022,0x0021,0x0001,
  0x0001,0x0001,0x0001,0x0001,0x0001,0x0001,0x0001,0x0001,0x0001,0x0001,0x0001,0x0001,
  0x0000,0x0000,0x0000,0x0000,0x0000,0x0000,0x0000,0x0000,0x0000,0x0000,0x0000,0x0000,
  0x0000,0x0000,0x0000,0x0000,0x0000,0x0000,0x0000,0x0000,0x0000,0x0000,0x0000,0x0000,
  0x0000,0x0000,0x0000,0x0000,0x0000,0x0000,0x0000,0x0000,0x0000,0x0000,0x0000,0x0000,
  0x0000,0x0000,0x0000,0x0000,0x0000,0x0000,0x0000,0x0000,0x0000,0x0000,0x0000,0x0000,
  0x0000,0x0000,0x0000,0x0000,0x0000,0x0000,0x0000,0x0000,0x0000,0x0000,0x0000,0x0000,
  0x0000,0x0000,0x0000,0x0000,0x0001,0x0001,0x3065,0x48C9,0x2066,0x0001,0x0001,0x0801,
  0x0822,0x0801,0x3064,0x1022,0x0801,0x0801,0x4087,0x686A,0x3027,0x608A,0xD8B1,0x886C,
  0x3047,0x2825,0x1804,0x1804,0x30A7,0x1025,0x196C,0x21F1,0x1048,0x0805,0x0805,0x0826,
  0x29AD,0x29CD,0x0847,0x0026,0x0027,0x0027,0x0048,0x008A,0x08ED,0x2274,0x1A34,0x18CF,
  0x30B0,0x7317,0x3A55,0x28D0,0x282C,0x302B,0x60CD,0x81EF,0xA2B2,0x896F,0x682A,0x6009,
  0x682A,0x5809,0x5809,0x5008,0x4808,0x5009,0x5009,0x5809,0x6009,0x580A,0x602A,0x89EF,
  0xA333,0x71CF,0x482C,0x280A,0x202B,0x20CE,0x5B95,0x6253,0x18AD,0x088B,0x086A,0x1A74,
  0x2A73,0x088C,0x1869,0x59CF,0x28C8,0x1846,0x1846,0x0805,0x1847,0x5AB1,0x20AA,0x1867,
  0x2047,0x0826,0x0826,0x0827,0x088B,0x7436,0x4B55,0x3272,0x108D,0x286C,0x89F1,0x504A,
  0x786B,0xA90F,0x912E,0x1824,0x0803,0x0802,0x0803,0x3088,0x48AC,0x60AC,0x2065,0x0002,
  0x0002,0x0002,0x0845,0x21F2,0x1087,0x0002,0x0002,0x0802,0x0002,0x0002,0x0002,0x0003,
  0x10E9,0x2A33,0x386B,0x28A8,0x0002,0x0002,0x0003,0x18C8,0x1087,0x0003,0x0003,0x0864,
  0x0002,0x0001,0x0001,0x0001,0x0001,0x0001,0x0001,0x0001,0x0001,0x0001,0x0001,0x0843,
  0x0001,0x0001,0x0001,0x0001,0x0001,0x0001,0x0001,0x0001,0x0001,0x0001,0x0001,0x0001,
  0x0001,0x0001,0x0001,0x0001,0x0001,0x0001,0x0001,0x0001,0x0001,0x0001,0x0001,0x0001,
  0x0000,0x0000,0x0000,0x0000,0x0000,0x0000,0x0000,0x0000,0x0000,0x0000,0x0000,0x0000,
  0x0000,0x0000,0x0000,0x0000,0x0000,0x0000,0x0000,0x0000,0x0000,0x0000,0x0000,0x0000,
  0x0000,0x0000,0x0000,0x0000,0x0000,0x0000,0x0000,0x0000,0x0000,0x0000,0x0000,0x0000,
  0x0000,0x0000,0x0000,0x0000,0x0000,0x0000,0x0000,0x0000,0x0000,0x0000,0x0000,0x0000,
  0x0000,0x0000,0x0000,0x0000,0x0000,0x0000,0x0000,0x0000,0x0000,0x0000,0x0000,0x0000,
  0x0000,0x0000,0x0000,0x0000,0x0000,0x0801,0x3065,0x1022,0x0001,0x0001,0x0001,0x0822,
  0x1863,0x0001,0x0001,0x0801,0x0801,0x1022,0x2863,0x68CA,0x5049,0x3026,0xA8F0,0xB86F,
  0x4048,0x3847,0x1805,0x1805,0x1826,0x29AF,0x298F,0x1868,0x1025,0x0805,0x0805,0x0806,
  0x0847,0x3AB1,0x190B,0x0027,0x0027,0x0027,0x0048,0x0069,0x114E,0x110D,0x11F3,0x1970,
  0x286E,0x48D1,0x7418,0x2111,0x28EF,0x412E,0x3029,0x3809,0x4829,0x81AF,0xAB13,0xB2D3,
  0xA1D0,0x88EC,0x786B,0x704A,0x682A,0x704A,0x806B,0x990E,0xA1F0,0xB333,0xAB53,0x79AF,
  0x4009,0x3008,0x284A,0x390D,0x204B,0x2150,0x7356,0x28CD,0x212E,0x0849,0x08AC,0x1A93,
  0x086A,0x0827,0x0826,0x1047,0x59AE,0x518C,0x1025,0x0805,0x1047,0x4290,0x088A,0x0868,
  0x1089,0x0827,0x0827,0x0828,0x08ED,0x7D5A,0x19B2,0x188D,0x202A,0x406C,0x588B,0x684A,
  0x988D,0xA92F,0x3866,0x3085,0x0803,0x1023,0x0802,0x0802,0x1003,0x40C9,0x20A6,0x0002,
  0x0002,0x0002,0x0002,0x192B,0x28C9,0x0002,0x0001,0x0001,0x0002,0x0002,0x0002,0x0002,
  0x0003,0x08A8,0x2991,0x408A,0x0802,0x0002,0x0002,0x0023,0x090D,0x0868,0x0824,0x0003,
  0x0886,0x0844,0x0001,0x0001,0x0001,0x0001,0x0001,0x0001,0x0001,0x0001,0x0001,0x0001,
  0x0001,0x0001,0x0001,0x0001,0x0001,0x0001,0x0001,0x0001,0x0001,0x0001,0x0001,0x0001,
  0x0001,0x0001,0x0001,0x0001,0x0001,0x0001,0x0000,0x0000,0x0000,0x0000,0x0000,0x0001,
  0x0000,0x0000,0x0000,0x0000,0x0000,0x0000,0x0000,0x0000,0x0000,0x0000,0x0000,0x0000,
  0x0000,0x0000,0x0000,0x0000,0x0000,0x0000,0x0000,0x0000,0x0000,0x0000,0x0000,0x0000,
  0x0000,0x0000,0x0000,0x0000,0x0000,0x0000,0x0000,0x0000,0x0000,0x0000,0x0000,0x0000,
  0x0000,0x0000,0x0000,0x0000,0x0000,0x0000,0x0000,0x0000,0x0000,0x0000,0x0000,0x0000,
  0x0000,0x0000,0x0000,0x0000,0x0000,0x0000,0x0000,0x0000,0x0000,0x0000,0x0001,0x0863,
  0x0000,0x0000,0x0000,0x0000,0x0000,0x0000,0x0001,0x0000,0x0000,0x0000,0x0001,0x0001,
  0x0001,0x0001,0x0001,0x0001,0x0001,0x0801,0x0801,0x2844,0x688A,0x4048,0x4848,0xC0D0,
  0x806D,0x3048,0x2847,0x2067,0x398F,0x312E,0x2848,0x2049,0x1005,0x1005,0x0805,0x0806,
  0x0826,0x0869,0x4B53,0x08A9,0x0048,0x0048,0x0069,0x0069,0x116F,0x088A,0x11F3,0x19B1,
  0x206C,0x408E,0x6AB5,0x4255,0x20CE,0x206C,0x2008,0x2807,0x3008,0x4008,0x582A,0x80AC,
  0xD498,0xC3D5,0xAB93,0xAB93,0xAB93,0xAB93,0xB3D4,0xDD59,0xBB95,0x686C,0x502A,0x4029,
  0x2808,0x2007,0x1829,0x392E,0x292F,0x5253,0x41B1,0x1849,0x214E,0x088B,0x19F1,0x08CC,
  0x0848,0x0826,0x0826,0x0826,0x20A9,0x51AC,0x20A7,0x0805,0x1026,0x29AD,0x218E,0x0847,
  0x0847,0x10A9,0x0848,0x086A,0x3292,0x2B58,0x18AF,0x204B,0x386C,0x506B,0x5008,0x784A,
  0xA8EE,0x58C9,0x1023,0x1843,0x0802,0x0802,0x0802,0x0802,0x1864,0x0802,0x0802,0x0822,
  0x0002,0x0002,0x0002,0x0802,0x28C6,0x0822,0x0002,0x0002,0x0002,0x0002,0x0001,0x0002,
  0x0002,0x0002,0x1065,0x490C,0x2066,0x0002,0x0002,0x0002,0x0846,0x4B74,0x08AB,0x0025,
  0x0003,0x0844,0x0865,0x0022,0x0001,0x0001,0x0001,0x0001,0x0001,0x0001,0x0001,0x0001,
  0x0001,0x0001,0x0001,0x0001,0x0001,0x0001,0x0001,0x0001,0x0001,0x0001,0x0001,0x0001,
  0x0001,0x0001,0x0001,0x0001,0x0000,0x0000,0x0000,0x0000,0x0000,0x0000,0x0000,0x0001,
  0x0000,0x0000,0x0000,0x0000,0x0000,0x0000,0x0000,0x0000,0x0000,0x0000,0x0000,0x0000,
  0x0000,0x0000,0x0000,0x0000,0x0000,0x0000,0x0000,0x0000,0x0000,0x0000,0x0000,0x0000,
  0x0000,0x0000,0x0000,0x0000,0x0000,0x0000,0x0000,0x0000,0x0000,0x0000,0x0000,0x0000,
  0x0000,0x0000,0x0000,0x0000,0x0000,0x0000,0x0000,0x0000,0x0000,0x0000,0x0000,0x0000,
  0x0000,0x0000,0x0000,0x0000,0x0000,0x0000,0x0000,0x0000,0x0000,0x0001,0x10C6,0x0021,
  0x0000,0x0000,0x0000,0x0000,0x0000,0x0000,0x0000,0x0000,0x0000,0x0000,0x0000,0x0001,
  0x0001,0x0001,0x0801,0x2083,0x0801,0x0801,0x0801,0x0801,0x4887,0x6049,0x3827,0x88CE,
  0xB06E,0x404A,0x40AA,0x99AF,0x690A,0x4068,0x2026,0x2049,0x1049,0x1005,0x0805,0x0805,
  0x0826,0x0827,0x08EC,0x5394,0x08AA,0x008A,0x008A,0x116E,0x08CB,0x006A,0x092F,0x114E,
  0x298F,0x50AE,0x7152,0x62F6,0x188E,0x184A,0x2028,0x2007,0x2006,0x3007,0x4008,0x580A,
  0x90CE,0xB354,0x5829,0x4808,0x4008,0x4808,0x684A,0xC436,0x704C,0x4809,0x4029,0x3849,
  0x2007,0x1807,0x1828,0x184A,0x20F0,0x7355,0x288C,0x1848,0x194E,0x194D,0x19F1,0x0848,
  0x0826,0x0826,0x0846,0x0825,0x18A8,0x0846,0x49AC,0x20A7,0x0805,0x0848,0x4313,0x0868,
  0x0027,0x0827,0x10AB,0x218E,0x22B6,0x11F4,0x186C,0x204A,0x404A,0x5829,0x6829,0xA0CE,
  0x78EB,0x1023,0x0802,0x0802,0x0002,0x0002,0x0002,0x0802,0x2044,0x1002,0x0802,0x0822,
  0x0002,0x0002,0x0002,0x0002,0x0001,0x0001,0x0001,0x0002,0x1022,0x1022,0x0802,0x1823,
  0x0002,0x0002,0x0002,0x0822,0x1864,0x0002,0x0002,0x0002,0x0002,0x10C7,0x3AF1,0x110A,
  0x0002,0x0002,0x0803,0x0002,0x0001,0x0001,0x0001,0x0001,0x0001,0x0001,0x0001,0x0001,
  0x0001,0x0001,0x0001,0x0001,0x0001,0x0001,0x0001,0x0001,0x0001,0x0001,0x0001,0x0001,
  0x0000,0x0000,0x0000,0x0000,0x0000,0x0000,0x0000,0x0000,0x0000,0x0000,0x0000,0x0001,
  0x0000,0x0000,0x0000,0x0000,0x0000,0x0000,0x0000,0x0000,0x0000,0x0000,0x0000,0x0000,
  0x0000,0x0000,0x0000,0x0000,0x0000,0x0000,0x0000,0x0000,0x0000,0x0000,0x0000,0x0000,
  0x0000,0x0000,0x0000,0x0000,0x0000,0x0000,0x0000,0x0000,0x0000,0x0000,0x0000,0x0000,
  0x0000,0x0000,0x0000,0x0000,0x0000,0x0000,0x0000,0x0000,0x0000,0x0000,0x0000,0x0000,
  0x0000,0x0000,0x0000,0x0000,0x0000,0x0000,0x0000,0x0000,0x0000,0x0021,0x0041,0x0000,
  0x0000,0x0000,0x0000,0x0000,0x0000,0x0000,0x0000,0x0000,0x0000,0x0000,0x0000,0x0000,
  0x0001,0x0001,0x0821,0x0821,0x0801,0x2022,0x0801,0x0801,0x1022,0x68AA,0x5049,0x4028,
  0xA8AF,0x808B,0xA8ED,0xA8EC,0x60CA,0x2826,0x2006,0x1827,0x188D,0x1026,0x0805,0x0805,
  0x0826,0x0027,0x0048,0x2211,0x53D6,0x014F,0x010E,0x1A31,0x0069,0x006A,0x00AC,0x198F,
  0x1089,0x1849,0x408C,0x7A33,0x2950,0x184A,0x2028,0x2007,0x2006,0x2806,0x4049,0x4808,
  0x602A,0xAAB2,0x712C,0x3808,0x3808,0x4008,0x89AE,0xA272,0x502A,0x4008,0x4049,0x2827,
  0x1807,0x1807,0x1808,0x184B,0x4A33,0x490D,0x48EC,0x288A,0x212D,0x3AB2,0x0869,0x0847,
  0x0025,0x0025,0x0825,0x1067,0x0825,0x0025,0x0846,0x5A6E,0x1066,0x0827,0x4313,0x08AB,
  0x0027,0x0827,0x0848,0x5A33,0x19F4,0x1A56,0x206C,0x284A,0x582A,0x6829,0x90AD,0x90ED,
  0x1823,0x0802,0x0802,0x1043,0x0002,0x0002,0x0002,0x0002,0x1043,0x2044,0x0002,0x0002,
  0x0002,0x0802,0x2884,0x0001,0x0001,0x0001,0x0001,0x0001,0x0001,0x0001,0x0822,0x50A6,
  0x1022,0x0001,0x0001,0x0001,0x0001,0x0001,0x0001,0x0001,0x0001,0x0002,0x0022,0x0022,
  0x0002,0x1844,0x1844,0x0022,0x0001,0x0001,0x0001,0x0001,0x0001,0x0001,0x0001,0x0001,
  0x0001,0x0001,0x0001,0x0001,0x0001,0x0001,0x0001,0x0001,0x0000,0x0000,0x0000,0x0000,
  0x0000,0x0000,0x0000,0x0000,0x0000,0x0000,0x0000,0x0000,0x0000,0x0000,0x0000,0x0000,
  0x0000,0x0000,0x0000,0x0000,0x0000,0x0000,0x0000,0x0000,0x0000,0x0000,0x0000,0x0000,
  0x0000,0x0000,0x0000,0x0000,0x0000,0x0000,0x0000,0x0000,0x0000,0x0000,0x0000,0x0000,
  0x0000,0x0000,0x0000,0x0000,0x0000,0x0000,0x0000,0x0000,0x0000,0x0000,0x0000,0x0000,
  0x0000,0x0000,0x0000,0x0000,0x0000,0x0000,0x0000,0x0000,0x0000,0x0000,0x0000,0x0000,
  0x0000,0x0000,0x0000,0x0000,0x0000,0x0000,0x0000,0x0000,0x0000,0x0000,0x0000,0x0000,
  0x0000,0x0000,0x0000,0x0000,0x0000,0x0000,0x0000,0x0000,0x0000,0x0000,0x0000,0x0000,
  0x0000,0x1842,0x3084,0x1022,0x2023,0x78A7,0x0801,0x0801,0x0801,0x2044,0x70AA,0x5049,
  0x70AB,0xE1F2,0xB84D,0xA06B,0x3847,0x2827,0x2827,0x2027,0x186B,0x104A,0x0805,0x0805,
  0x0805,0x0826,0x0048,0x00CD,0x5C99,0x3CDA,0x2BF8,0x33D7,0x11CF,0x00CB,0x090D,0x08EB,
  0x0827,0x1048,0x1828,0x486C,0x72F5,0x186B,0x1849,0x30A9,0x2006,0x2006,0x3848,0x4008,
  0x5809,0x88AD,0xB3F5,0x4049,0x3808,0x5029,0xBBD5,0x788D,0x4829,0x3808,0x3828,0x2027,
  0x1807,0x28AA,0x1828,0x208C,0x7AD3,0x2848,0x1827,0x48CB,0x7A71,0x212C,0x0847,0x0826,
  0x0025,0x0025,0x0825,0x1087,0x0025,0x0025,0x0025,0x0867,0x4A4E,0x0846,0x2A50,0x116F,
  0x0848,0x0848,0x41CF,0x288B,0x2151,0x19B4,0x2950,0x508C,0x684A,0x886C,0xA0ED,0x2845,
  0x0802,0x0802,0x0802,0x0802,0x0002,0x0002,0x0002,0x0002,0x0802,0x3107,0x1064,0x0001,
  0x0001,0x0001,0x0002,0x0001,0x0001,0x0001,0x0001,0x0001,0x0001,0x0001,0x0822,0x0821,
  0x0001,0x0822,0x0001,0x0001,0x0001,0x0001,0x0001,0x0001,0x0001,0x0001,0x0001,0x0001,
  0x0001,0x0822,0x1864,0x0001,0x0001,0x0001,0x0001,0x0001,0x0001,0x0001,0x0001,0x0001,
  0x0001,0x0001,0x0000,0x0000,0x0000,0x0000,0x0000,0x0000,0x0000,0x0000,0x0000,0x0000,
  0x0000,0x0000,0x0000,0x0000,0x0000,0x0000,0x0000,0x0000,0x0000,0x0000,0x0000,0x0000,
  0x0000,0x0000,0x0000,0x0000,0x0000,0x0000,0x0000,0x0000,0x0000,0x0000,0x0000,0x0000,
  0x0000,0x0000,0x0000,0x0000,0x0000,0x0000,0x0000,0x0000,0x0000,0x0000,0x0000,0x0000,
  0x0000,0x0000,0x0000,0x0000,0x0000,0x0000,0x0000,0x0000,0x0000,0x0000,0x0000,0x0000,
  0x0000,0x0000,0x0000,0x0000,0x0000,0x0000,0x0000,0x0000,0x0000,0x0000,0x0000,0x0000,
  0x0000,0x0000,0x0000,0x0000,0x0000,0x0000,0x0000,0x0000,0x0000,0x0000,0x0000,0x0000,
  0x0000,0x0000,0x0000,0x0000,0x0000,0x0000,0x0000,0x0000,0x0000,0x0000,0x0000,0x0000,
  0x3043,0x4885,0x1823,0x1022,0x0802,0x1022,0x0001,0x0001,0x0801,0x0801,0x4887,0x708B,
  0x606A,0xC1D1,0xD08E,0x90AC,0x408A,0x288A,0x4A11,0x2828,0x1828,0x186B,0x1027,0x0805,
  0x0805,0x0826,0x0048,0x00AD,0x3B97,0xD7BF,0x43D7,0x0990,0x118E,0x2230,0x2272,0x08AB,
  0x0827,0x0826,0x1848,0x2828,0x7A11,0x4190,0x38EC,0x1827,0x1806,0x2006,0x3007,0x3808,
  0x582A,0x992F,0xB3D4,0x4049,0x3808,0x608C,0xC456,0x80CE,0x502A,0x3828,0x3028,0x2006,
  0x1806,0x208A,0x206B,0x7AB2,0x40CB,0x1827,0x1827,0x2889,0x7271,0x2889,0x0826,0x0825,
  0x0825,0x0825,0x1087,0x0024,0x0025,0x0005,0x0025,0x0825,0x1088,0x422E,0x08CB,0x3314,
  0x0869,0x41CF,0x288A,0x202A,0x29B4,0x1952,0x386B,0x606B,0x686A,0x98CD,0x50A8,0x0802,
  0x0802,0x0802,0x58A9,0x1844,0x0002,0x0002,0x0002,0x0002,0x0002,0x0002,0x0822,0x0822,
  0x0002,0x0001,0x0001,0x0001,0x0001,0x0001,0x0001,0x0001,0x0001,0x0001,0x0001,0x0001,
  0x0001,0x0001,0x0822,0x0001,0x0001,0x0001,0x0001,0x0001,0x0001,0x0001,0x0001,0x0001,
  0x0001,0x0001,0x0001,0x0001,0x0001,0x0001,0x0001,0x0000,0x0001,0x0001,0x0001,0x0001,
  0x0000,0x0000,0x0000,0x0000,0x0000,0x0000,0x0000,0x0000,0x0000,0x0000,0x0000,0x0000,
  0x0000,0x0000,0x0000,0x0000,0x0000,0x0000,0x0000,0x0000,0x0000,0x0000,0x0000,0x0000,
  0x0000,0x0000,0x0000,0x0000,0x0000,0x0000,0x0000,0x0000,0x0000,0x0000,0x0000,0x0000,
  0x0000,0x0000,0x0000,0x0000,0x0000,0x0000,0x0000,0x0000,0x0000,0x0000,0x0000,0x0000,
  0x0000,0x0000,0x0000,0x0000,0x0000,0x0000,0x0000,0x0000,0x0000,0x0000,0x0000,0x0000,
  0x0000,0x0000,0x0000,0x0000,0x0000,0x0000,0x0000,0x0000,0x0000,0x0000,0x0000,0x0000,
  0x0000,0x0000,0x0000,0x0000,0x0000,0x0000,0x0000,0x0000,0x0000,0x0000,0x0000,0x0000,
  0x0000,0x0000,0x0000,0x0000,0x0000,0x0000,0x0000,0x0000,0x0000,0x0000,0x0000,0x48A6,
  0x5066,0x3045,0x2025,0x1887,0x0001,0x0001,0x0001,0x0001,0x0001,0x0801,0x1022,0x68A9,
  0x5849,0x6069,0xD9D3,0x788B,0x486A,0x286A,0x5B34,0x304A,0x2027,0x184A,0x104A,0x0825,
  0x0805,0x0827,0x0048,0x006A,0x1192,0x8D7A,0x014E,0x008A,0x0048,0x0048,0x0068,0x090C,
  0x0027,0x0827,0x0826,0x1026,0x506A,0x9B35,0x308B,0x1807,0x1807,0x1806,0x2807,0x3808,
  0x604B,0xCBB6,0x89CF,0x4029,0x3829,0x484A,0xAB13,0xAAD4,0x584B,0x4029,0x2827,0x1806,
  0x1807,0x1828,0x490E,0x9B74,0x2828,0x1027,0x1827,0x31AE,0x0826,0x0846,0x0805,0x0005,
  0x0004,0x0845,0x10A7,0x0024,0x0025,0x0005,0x0005,0x0825,0x0827,0x318F,0x3A72,0x3B75,
  0x3AB2,0x310D,0x202A,0x30CD,0x21D5,0x28F0,0x502A,0x5828,0x90AD,0x70CB,0x2044,0x0802,
  0x0802,0x3044,0x78EC,0x592D,0x1865,0x0002,0x0002,0x0002,0x0002,0x0001,0x0002,0x0843,
  0x0843,0x0001,0x0001,0x0001,0x0001,0x0001,0x0842,0x0001,0x0001,0x0001,0x0001,0x0001,
  0x0001,0x0001,0x0001,0x0001,0x0001,0x0001,0x0001,0x0001,0x0001,0x0001,0x0001,0x0001,
  0x0001,0x0001,0x0001,0x0001,0x0000,0x0000,0x0001,0x0000,0x0001,0x0001,0x0001,0x0001,
  0x0000,0x0000,0x0000,0x0000,0x0000,0x0000,0x0000,0x0000,0x0000,0x0000,0x0000,0x0000,
  0x0000,0x0000,0x0000,0x0000,0x0000,0x0000,0x0000,0x0000,0x0000,0x0000,0x0000,0x0000,
  0x0000,0x0000,0x0000,0x0000,0x0000,0x0000,0x0000,0x0000,0x0000,0x0000,0x0000,0x0000,
  0x0000,0x0000,0x0000,0x0000,0x0000,0x0000,0x0000,0x0000,0x0000,0x0000,0x0000,0x0000,
  0x0000,0x0000,0x0000,0x0000,0x0000,0x0000,0x0000,0x0000,0x0000,0x0000,0x0000,0x0000,
  0x0000,0x0000,0x0000,0x0000,0x0000,0x0000,0x0000,0x0000,0x0000,0x0000,0x0000,0x0000,
  0x0000,0x0000,0x0000,0x0000,0x0000,0x0000,0x0000,0x0000,0x0000,0x0000,0x0000,0x0000,
  0x0000,0x0000,0x0000,0x0000,0x0000,0x0000,0x0000,0x0000,0x0000,0x0000,0x0000,0x1001,
  0x3866,0x3068,0x1889,0x10C8,0x0001,0x0001,0x0001,0x0001,0x0001,0x0801,0x0801,0x2023,
  0x78CB,0x4847,0x70AB,0x808A,0x686A,0x3827,0x2848,0x3829,0x2807,0x2049,0x188C,0x1069,
  0x0826,0x0826,0x0026,0x0047,0x08AC,0x5336,0x08CA,0x0047,0x0027,0x0026,0x0026,0x08A9,
  0x0047,0x0826,0x0826,0x0847,0x2827,0x9252,0x59D0,0x1849,0x1807,0x2006,0x3028,0x4028,
  0x706C,0xCC77,0x686C,0x3808,0x3008,0x4009,0x80EE,0xCC98,0x604B,0x3808,0x2007,0x1807,
  0x1807,0x2049,0x9332,0x510D,0x2869,0x2068,0x294C,0x18C9,0x0805,0x0805,0x0805,0x0804,
  0x0804,0x18C8,0x0824,0x0025,0x0845,0x0005,0x0005,0x0825,0x2049,0x48D0,0x6397,0x8D7A,
  0x3B34,0x206C,0x202A,0x41F2,0x2A56,0x404B,0x4828,0x786B,0x80CC,0x1823,0x1023,0x0802,
  0x2043,0x68E9,0x90AC,0x388A,0x492E,0x0822,0x0002,0x0002,0x0001,0x0001,0x0001,0x0001,
  0x0001,0x0001,0x0001,0x0001,0x0001,0x0001,0x0001,0x0001,0x0001,0x0001,0x0001,0x1022,
  0x48A7,0x0802,0x0001,0x0001,0x0001,0x0001,0x0001,0x0001,0x0001,0x0001,0x0001,0x0001,
  0x0001,0x0001,0x0001,0x0000,0x0000,0x0000,0x0000,0x0000,0x0000,0x0000,0x0000,0x0000,
  0x0000,0x0000,0x0000,0x0000,0x0000,0x0000,0x0000,0x0000,0x0000,0x0000,0x0000,0x0000,
  0x0000,0x0000,0x0000,0x0000,0x0000,0x0000,0x0000,0x0000,0x0000,0x0000,0x0000,0x0000,
  0x0000,0x0000,0x0000,0x0000,0x0000,0x0000,0x0000,0x0000,0x0000,0x0000,0x0000,0x0000,
  0x0000,0x0000,0x0000,0x0000,0x0000,0x0000,0x0000,0x0000,0x0000,0x0000,0x0000,0x0000,
  0x0000,0x0000,0x0000,0x0000,0x0000,0x0000,0x0000,0x0000,0x0000,0x0000,0x0000,0x0000,
  0x0000,0x0000,0x0000,0x0000,0x0000,0x0000,0x0000,0x0000,0x0000,0x0000,0x0000,0x0000,
  0x0000,0x0000,0x0000,0x0000,0x0000,0x0000,0x0000,0x0000,0x0000,0x0000,0x0000,0x0000,
  0x0000,0x0000,0x0000,0x0000,0x0000,0x0000,0x0000,0x0000,0x0000,0x0000,0x0000,0x0000,
  0x0801,0x1886,0x10C8,0x0821,0x0001,0x0001,0x0001,0x0001,0x0001,0x1022,0x0801,0x0801,
  0x4086,0x6869,0x4047,0x90CC,0x904B,0x5848,0x2826,0x3828,0x4828,0x308A,0x1849,0x1048,
  0x0825,0x0805,0x0026,0x0826,0x0847,0x2970,0x320E,0x0047,0x0026,0x0026,0x0026,0x0026,
  0x0868,0x0867,0x0826,0x0867,0x18CB,0x30CE,0x7B35,0x208B,0x2028,0x2027,0x3049,0x4029,
  0x704C,0xD458,0x606B,0x3808,0x3008,0x4009,0x808D,0xD4B8,0x686C,0x4009,0x2007,0x1807,
  0x2028,0x40EC,0x82F2,0x2049,0x1007,0x1868,0x318C,0x0825,0x0804,0x0004,0x0824,0x1865,
  0x1886,0x18E8,0x0024,0x0004,0x0005,0x0005,0x0825,0x1026,0x402B,0x484E,0x4214,0x5354,
  0x3252,0x204B,0x284A,0x52B5,0x62D3,0x4829,0x684A,0x80AC,0x2845,0x0822,0x0802,0x0802,
  0x0802,0x58A8,0x98AC,0x406A,0x2007,0x1847,0x0002,0x0001,0x0002,0x0001,0x0001,0x0001,
  0x0001,0x0001,0x0001,0x0001,0x0001,0x0001,0x0001,0x0001,0x0001,0x0001,0x0001,0x0001,
  0x2064,0x28A6,0x0001,0x0001,0x0001,0x0001,0x0001,0x0001,0x0001,0x0001,0x0001,0x0001,
  0x0001,0x0001,0x0000,0x0000,0x0000,0x0000,0x0000,0x0000,0x0000,0x0000,0x0000,0x0000,
  0x0000,0x0000,0x0000,0x0000,0x0000,0x0000,0x0000,0x0000,0x0000,0x0000,0x0000,0x0000,
  0x0000,0x0000,0x0000,0x0000,0x0000,0x0000,0x0000,0x0000,0x0000,0x0000,0x0000,0x0000,
  0x0000,0x0000,0x0000,0x0000,0x0000,0x0000,0x0000,0x0000,0x0000,0x0000,0x0000,0x0000,
  0x0000,0x0000,0x0000,0x0000,0x0000,0x0000,0x0000,0x0000,0x0000,0x0000,0x0000,0x0000,
  0x0000,0x0000,0x0000,0x0000,0x0000,0x0000,0x0000,0x0000,0x0000,0x0000,0x0000,0x0000,
  0x0000,0x0000,0x0000,0x0000,0x0000,0x0000,0x0000,0x0000,0x0000,0x0000,0x0000,0x0000,
  0x0000,0x0000,0x0000,0x0000,0x0000,0x0000,0x0000,0x0000,0x0000,0x0000,0x0000,0x0000,
  0x0000,0x0000,0x0000,0x0000,0x0000,0x0000,0x0000,0x0000,0x0000,0x0000,0x0000,0x0000,
  0x0000,0x0001,0x0001,0x0001,0x0001,0x0001,0x0001,0x0001,0x0001,0x0001,0x0001,0x0801,
  0x0802,0x60A9,0x5068,0x5848,0xB08E,0x904B,0x4027,0x3026,0x5869,0x1825,0x1827,0x1827,
  0x1026,0x0825,0x0826,0x0026,0x0826,0x210C,0x3A0F,0x0046,0x0046,0x0026,0x0025,0x0025,
  0x218D,0x0867,0x0846,0x0846,0x0826,0x108B,0x3173,0x5AF4,0x206B,0x2028,0x2808,0x4009,
  0x704C,0xD4D9,0x686C,0x4008,0x3808,0x4009,0x910F,0xD498,0x686D,0x3808,0x2808,0x2028,
  0x284A,0x8B53,0x288C,0x1028,0x1006,0x49AD,0x50E9,0x0804,0x0004,0x0004,0x0804,0x48E9,
  0x392B,0x0025,0x0004,0x0004,0x0004,0x0825,0x2067,0x3049,0x402B,0x48B0,0x18EC,0x18AB,
  0x28AC,0x284A,0x38AD,0x308C,0x4029,0x5829,0x88CD,0x4087,0x0802,0x0002,0x0822,0x1043,
  0x0802,0x1002,0x60CA,0x486A,0x2828,0x2048,0x1024,0x0001,0x0002,0x0002,0x0001,0x0001,
  0x0001,0x0001,0x0001,0x0001,0x0001,0x0001,0x0001,0x0001,0x0001,0x0001,0x0001,0x0001,
  0x0001,0x0001,0x0001,0x0001,0x0001,0x0001,0x0001,0x0001,0x0001,0x0001,0x0001,0x0001,
  0x0822,0x0000,0x0000,0x0000,0x0000,0x0000,0x0000,0x0000,0x0000,0x0000,0x0000,0x0000,
  0x0000,0x0000,0x0000,0x0000,0x0000,0x0000,0x0000,0x0000,0x0000,0x0000,0x0000,0x0000,
  0x0000,0x0000,0x0000,0x0000,0x0000,0x0000,0x0000,0x0000,0x0000,0x0000,0x0000,0x0000,
  0x0000,0x0000,0x0000,0x0000,0x0000,0x0000,0x0000,0x0000,0x0000,0x0000,0x0000,0x0000,
  0x0000,0x0000,0x0000,0x0000,0x0000,0x0000,0x0000,0x0000,0x0000,0x0000,0x0000,0x0000,
  0x0000,0x0000,0x0000,0x0000,0x0000,0x0000,0x0000,0x0000,0x0000,0x0000,0x0000,0x0000,
  0x0000,0x0000,0x0000,0x0000,0x0000,0x0000,0x0000,0x0000,0x0000,0x0000,0x0000,0x0000,
  0x0000,0x0000,0x0000,0x0000,0x0000,0x0000,0x0000,0x0000,0x0000,0x0000,0x0000,0x0000,
  0x0000,0x0000,0x0000,0x0000,0x0000,0x0000,0x0000,0x0000,0x0000,0x0000,0x0000,0x0000,
  0x0000,0x0000,0x0000,0x0001,0x0001,0x0001,0x0001,0x0001,0x0001,0x0001,0x0001,0x0001,
  0x0801,0x2023,0x708A,0x4827,0x808B,0xA84C,0x704A,0x3046,0x2825,0x2005,0x2026,0x2807,
  0x1827,0x0825,0x0825,0x0805,0x0826,0x20CA,0x4A10,0x0046,0x0025,0x0025,0x0025,0x08A8,
  0x192B,0x0046,0x0025,0x0025,0x0026,0x0827,0x10AD,0x5315,0x31D1,0x20CC,0x2828,0x3809,
  0x602B,0xCC17,0x812F,0x4009,0x3808,0x502A,0xA232,0xC375,0x602B,0x4029,0x304A,0x204B,
  0x5A91,0x39F0,0x106A,0x0849,0x292B,0x1886,0x1824,0x1845,0x1024,0x0004,0x1024,0x1045,
  0x3109,0x0024,0x0004,0x0004,0x0004,0x0824,0x2848,0x3049,0x402C,0x214F,0x1027,0x38A9,
  0x68ED,0x306B,0x50CD,0x3829,0x4829,0x88CD,0x68CA,0x0822,0x0002,0x0002,0x0002,0x0001,
  0x0802,0x0802,0x0802,0x3087,0x406A,0x2028,0x2068,0x0002,0x0002,0x0001,0x0001,0x0001,
  0x0822,0x0822,0x0001,0x0001,0x0001,0x0021,0x0001,0x0001,0x0001,0x0001,0x0001,0x0001,
  0x0001,0x0001,0x0001,0x0001,0x0001,0x0001,0x0001,0x0001,0x0001,0x0001,0x0001,0x0001,
  0x0001,0x0001,0x0000,0x0000,0x0000,0x0000,0x0000,0x0000,0x0000,0x0000,0x0000,0x0000,
  0x0000,0x0000,0x0000,0x0000,0x0000,0x0000,0x0000,0x0000,0x0000,0x0000,0x0000,0x0000,
  0x0000,0x0000,0x0000,0x0000,0x0000,0x0000,0x0000,0x0000,0x0000,0x0000,0x0000,0x0000,
  0x0000,0x0000,0x0000,0x0000,0x0000,0x0000,0x0000,0x0000,0x0000,0x0000,0x0000,0x0000,
  0x0000,0x0000,0x0000,0x0000,0x0000,0x0000,0x0000,0x0000,0x0000,0x0000,0x0000,0x0000,
  0x0000,0x0000,0x0000,0x0000,0x0000,0x0000,0x0000,0x0000,0x0000,0x0000,0x0000,0x0000,
  0x0000,0x0000,0x0000,0x0000,0x0000,0x0000,0x0000,0x0000,0x0000,0x0000,0x0000,0x0000,
  0x0000,0x0000,0x0000,0x0000,0x0000,0x0000,0x0000,0x0000,0x0000,0x0000,0x0000,0x0000,
  0x0000,0x0000,0x0000,0x0000,0x0000,0x0000,0x0000,0x0000,0x0000,0x0000,0x0000,0x0000,
  0x0000,0x0000,0x0000,0x0000,0x0001,0x0001,0x0001,0x0001,0x0001,0x0001,0x0001,0x0001,
  0x0001,0x0801,0x3866,0x6869,0x4047,0x988D,0x884B,0x4027,0x2005,0x2005,0x2806,0x4028,
  0x2806,0x1826,0x0805,0x0847,0x0825,0x1046,0x7AF3,0x18C8,0x0025,0x0024,0x0024,0x194B,
  0x0846,0x10A7,0x0024,0x0005,0x0025,0x0026,0x0848,0x20EF,0x7417,0x316E,0x2829,0x3809,
  0x580A,0xB232,0xAAD3,0x480A,0x4009,0x602B,0xC416,0x9950,0x580B,0x3809,0x302A,0x4252,
  0x5C17,0x08EE,0x088A,0x190C,0x292A,0x0824,0x0803,0x0003,0x0804,0x0003,0x0004,0x0004,
  0x2109,0x0004,0x0004,0x0004,0x0004,0x0805,0x2827,0x386B,0x28EE,0x1089,0x1826,0x4068,
  0xCA32,0x486B,0x48AC,0x404A,0x70AC,0x80EC,0x1823,0x0002,0x0002,0x0002,0x0002,0x0001,
  0x2043,0x2864,0x0002,0x0002,0x1023,0x2089,0x206A,0x1066,0x0001,0x0001,0x0001,0x0001,
  0x0001,0x1064,0x0822,0x0001,0x0001,0x0001,0x0001,0x0001,0x0001,0x0001,0x0001,0x0001,
  0x0001,0x0001,0x0001,0x0001,0x0001,0x0001,0x0001,0x0001,0x0001,0x0001,0x0001,0x0001,
  0x0001,0x0000,0x0000,0x0000,0x0000,0x0000,0x0000,0x0000,0x0000,0x0000,0x0000,0x0000,
  0x0000,0x0000,0x0000,0x0000,0x0000,0x0000,0x0000,0x0000,0x0000,0x0000,0x0000,0x0000,
  0x0000,0x0000,0x0000,0x0000,0x0000,0x0000,0x0000,0x0000,0x0000,0x0000,0x0000,0x0000,
  0x0000,0x0000,0x0000,0x0000,0x0000,0x0000,0x0000,0x0000,0x0000,0x0000,0x0000,0x0000,
  0x0000,0x0000,0x0000,0x0000,0x0000,0x0000,0x0000,0x0000,0x0000,0x0000,0x0000,0x0000,
  0x0000,0x0000,0x0000,0x0000,0x0000,0x0000,0x0000,0x0000,0x0000,0x0000,0x0000,0x0000,
  0x0000,0x0000,0x0000,0x0000,0x0000,0x0000,0x0000,0x0000,0x0000,0x0000,0x0000,0x0000,
  0x0000,0x0000,0x0000,0x0000,0x0000,0x0000,0x0000,0x0000,0x0000,0x0000,0x0000,0x0000,
  0x0000,0x0000,0x0000,0x0000,0x0000,0x0000,0x0000,0x0000,0x0000,0x0000,0x0000,0x0000,
  0x0000,0x0000,0x0000,0x0000,0x0000,0x0001,0x0001,0x0001,0x0001,0x0001,0x0001,0x0001,
  0x0001,0x0001,0x0801,0x6089,0x5868,0x5048,0x808B,0x4047,0x2805,0x2005,0x2005,0x5869,
  0x3006,0x1805,0x1005,0x0805,0x0847,0x0826,0x31AF,0x39ED,0x0025,0x0024,0x10A7,0x0887,
  0x0024,0x0024,0x0004,0x0025,0x0025,0x0025,0x0847,0x1049,0x390F,0x5B14,0x288B,0x58AD,
  0x580A,0x808E,0xC417,0x502B,0x482A,0x704C,0xD4F8,0x804D,0x584C,0x380A,0x308D,0x5C18,
  0x19D2,0x08AC,0x20A9,0x614C,0x1887,0x1045,0x0824,0x0003,0x0003,0x0003,0x0004,0x0004,
  0x10A7,0x0866,0x0825,0x0825,0x0804,0x1826,0x2028,0x204A,0x112D,0x1005,0x1805,0x2806,
  0x4868,0x58CD,0x406B,0x586B,0x90EE,0x3066,0x0802,0x0002,0x0002,0x0002,0x0001,0x0001,
  0x0802,0x0802,0x0001,0x0001,0x0002,0x0002,0x1065,0x10A9,0x0001,0x0001,0x0001,0x0001,
  0x0001,0x0001,0x0021,0x0001,0x0001,0x0001,0x0001,0x0001,0x0001,0x0001,0x0001,0x0001,
  0x0001,0x0001,0x0001,0x0001,0x0001,0x0001,0x0001,0x0001,0x0001,0x0001,0x0001,0x0001,
  0x0000,0x0000,0x0000,0x0000,0x0000,0x0000,0x0000,0x0000,0x0000,0x0000,0x0000,0x0000,
  0x0000,0x0000,0x0000,0x0000,0x0000,0x0000,0x0000,0x0000,0x0000,0x0000,0x0000,0x0000,
  0x0000,0x0000,0x0000,0x0000,0x0000,0x0000,0x0000,0x0000,0x0000,0x0000,0x0000,0x0000,
  0x0000,0x0000,0x0000,0x0000,0x0000,0x0000,0x0000,0x0000,0x0000,0x0000,0x0000,0x0000,
  0x0000,0x0000,0x0000,0x0000,0x0000,0x0000,0x0000,0x0000,0x0000,0x0000,0x0000,0x0000,
  0x0000,0x0000,0x0000,0x0000,0x0000,0x0000,0x0000,0x0000,0x0000,0x0000,0x0000,0x0000,
  0x0000,0x0000,0x0000,0x0000,0x0000,0x0000,0x0000,0x0000,0x0000,0x0000,0x0000,0x0000,
  0x0000,0x0000,0x0000,0x0000,0x0000,0x0000,0x0000,0x0000,0x0000,0x0000,0x0000,0x0000,
  0x0000,0x0000,0x0000,0x0000,0x0000,0x0000,0x0000,0x0000,0x0000,0x0000,0x0000,0x0000,
  0x0000,0x0000,0x0000,0x0000,0x0000,0x0000,0x0000,0x0000,0x0001,0x0001,0x0001,0x0001,
  0x0001,0x0001,0x0001,0x1822,0x788A,0x4047,0x706A,0x5049,0x3026,0x3846,0x2025,0x5088,
  0x3027,0x1805,0x1805,0x0804,0x0804,0x0847,0x10CC,0x196F,0x0025,0x0024,0x1909,0x0024,
  0x0004,0x0004,0x0004,0x0024,0x0845,0x0025,0x0825,0x0826,0x1848,0x390D,0x6333,0x50CE,
  0x500C,0x702D,0xCC37,0x582C,0x502B,0x788D,0xD4B8,0x782C,0x60AE,0x386D,0x3A93,0x11B2,
  0x08AC,0x30A9,0x50AA,0x410A,0x0825,0x0024,0x0846,0x10E8,0x10C8,0x08A7,0x08A7,0x0024,
  0x0024,0x10C9,0x0004,0x0866,0x1826,0x1826,0x2028,0x10ED,0x1046,0x1004,0x1805,0x2806,
  0x588A,0x78ED,0x484A,0x90EE,0x58C9,0x0822,0x0002,0x0002,0x0002,0x0822,0x0822,0x0001,
  0x0001,0x0001,0x0001,0x0001,0x0822,0x0822,0x0001,0x0001,0x0001,0x0001,0x0001,0x0001,
  0x0001,0x0001,0x0001,0x0001,0x0001,0x0001,0x0001,0x0001,0x0001,0x0001,0x0001,0x0001,
  0x0001,0x0001,0x0001,0x0001,0x0001,0x0001,0x0001,0x0021,0x0021,0x0001,0x0001,0x0001,
  0x0000,0x0000,0x0000,0x0000,0x0000,0x0000,0x0000,0x0000,0x0000,0x0000,0x0000,0x0000,
  0x0000,0x0000,0x0000,0x0000,0x0000,0x0000,0x0000,0x0000,0x0000,0x0000,0x0000,0x0000,
  0x0000,0x0000,0x0000,0x0000,0x0000,0x0000,0x0000,0x0000,0x0000,0x0000,0x0000,0x0000,
  0x0000,0x0000,0x0000,0x0000,0x0000,0x0000,0x0000,0x0000,0x0000,0x0000,0x0000,0x0000,
  0x0000,0x0000,0x0000,0x0000,0x0000,0x0000,0x0000,0x0000,0x0000,0x0000,0x0000,0x0000,
  0x0000,0x0000,0x0000,0x0000,0x0000,0x0000,0x0000,0x0000,0x0000,0x0000,0x0000,0x0000,
  0x0000,0x0000,0x0000,0x0000,0x0000,0x0000,0x0000,0x0000,0x0000,0x0000,0x0000,0x0000,
  0x0000,0x0000,0x0000,0x0000,0x0000,0x0000,0x0000,0x0000,0x0000,0x0000,0x0000,0x0000,
  0x0000,0x0000,0x0000,0x0000,0x0000,0x0000,0x0000,0x0000,0x0000,0x0000,0x0000,0x0000,
  0x0000,0x0000,0x0000,0x0821,0x0841,0x0000,0x0000,0x0000,0x0001,0x0001,0x0001,0x0001,
  0x0001,0x0001,0x0001,0x0801,0x4846,0x6869,0x4046,0x786B,0x4027,0x3826,0x58E9,0x2025,
  0x2826,0x1805,0x1805,0x1004,0x0804,0x0805,0x0869,0x2AF4,0x0846,0x1109,0x0845,0x0004,
  0x0004,0x0004,0x0004,0x0024,0x0866,0x0024,0x0025,0x0825,0x1026,0x204A,0x59B0,0x6272,
  0x506D,0x706F,0xC3D6,0x68AE,0x582C,0x9A12,0xBB55,0x888E,0x508E,0x29D3,0x112F,0x18AA,
  0x512B,0x612B,0x50EA,0x1886,0x0824,0x0004,0x0004,0x0004,0x0024,0x10C8,0x29ED,0x0024,
  0x0004,0x10C9,0x0005,0x0825,0x2068,0x1027,0x104A,0x08EC,0x1004,0x1004,0x1805,0x4827,
  0x890E,0x404A,0x78CD,0x78EC,0x1023,0x0822,0x0002,0x0002,0x0002,0x0001,0x0001,0x0001,
  0x0001,0x0001,0x1022,0x0001,0x0001,0x0001,0x0001,0x0001,0x0001,0x0001,0x0001,0x0001,
  0x0001,0x0001,0x0001,0x0001,0x0001,0x0001,0x0001,0x0001,0x0001,0x0001,0x0001,0x0001,
  0x0001,0x0001,0x0001,0x0000,0x0000,0x0000,0x0000,0x0022,0x0863,0x0001,0x0000,0x0001,
  0x0000,0x0000,0x0000,0x0000,0x0000,0x0000,0x0000,0x0000,0x0000,0x0000,0x0000,0x0000,
  0x0000,0x0000,0x0000,0x0000,0x0000,0x0000,0x0000,0x0000,0x0000,0x0000,0x0000,0x0000,
  0x0000,0x0000,0x0000,0x0000,0x0000,0x0000,0x0000,0x0000,0x0000,0x0000,0x0000,0x0000,
  0x0000,0x0000,0x0000,0x0000,0x0000,0x0000,0x0000,0x0000,0x0000,0x0000,0x0000,0x0000,
  0x0000,0x0000,0x0000,0x0000,0x0000,0x0000,0x0000,0x0000,0x0000,0x0000,0x0000,0x0000,
  0x0000,0x0000,0x0000,0x0000,0x0000,0x0000,0x0000,0x0000,0x0000,0x0000,0x0000,0x0000,
  0x0000,0x0000,0x0000,0x0000,0x0000,0x0000,0x0000,0x0000,0x0000,0x0000,0x0000,0x0000,
  0x0000,0x0000,0x0000,0x0000,0x0000,0x0000,0x0000,0x0000,0x0000,0x0000,0x0000,0x0000,
  0x0000,0x0000,0x0000,0x0000,0x0000,0x0000,0x0000,0x0000,0x0000,0x0000,0x0000,0x0000,
  0x0000,0x0000,0x0000,0x0000,0x0000,0x0000,0x0000,0x0000,0x0000,0x0001,0x0001,0x0001,
  0x0001,0x0001,0x0001,0x0801,0x0822,0x6889,0x4847,0x6869,0x6049,0x3026,0x3826,0x2024,
  0x2005,0x2826,0x1805,0x1004,0x0804,0x0804,0x0847,0x3B54,0x19AE,0x10C8,0x0024,0x0004,
  0x0003,0x0003,0x0003,0x0865,0x1086,0x0024,0x0004,0x0005,0x0825,0x1027,0x518F,0x38ED,
  0x51F2,0x7111,0xAAB4,0x9274,0x606E,0xB3B5,0xA1B2,0x8972,0x2972,0x18CC,0x492B,0x490A,
  0x1847,0x48EB,0x616D,0x0824,0x0824,0x0004,0x0004,0x0004,0x0004,0x0004,0x0845,0x08A8,
  0x0004,0x10C9,0x0025,0x1047,0x1027,0x1049,0x090E,0x0846,0x1004,0x1805,0x3006,0x80AC,
  0x588C,0x508B,0x80ED,0x2845,0x0822,0x0022,0x0002,0x0001,0x0001,0x0001,0x0001,0x1022,
  0x0822,0x0801,0x0822,0x0001,0x0001,0x0001,0x0001,0x0022,0x0001,0x0001,0x0801,0x0001,
  0x0001,0x0001,0x0001,0x0001,0x0001,0x0001,0x0001,0x0001,0x0001,0x0001,0x0001,0x0001,
  0x0001,0x0001,0x0000,0x0000,0x0000,0x0000,0x0000,0x0000,0x0000,0x0000,0x0001,0x0001,
  0x0001,0x0000,0x0000,0x0000,0x0000,0x0000,0x0000,0x0000,0x0000,0x0000,0x0000,0x0000,
  0x0000,0x0000,0x0000,0x0000,0x0000,0x0000,0x0000,0x0000,0x0000,0x0000,0x0000,0x0000,
  0x0000,0x0000,0x0000,0x0000,0x0000,0x0000,0x0000,0x0000,0x0000,0x0000,0x0000,0x0000,
  0x0000,0x0000,0x0000,0x0000,0x0000,0x0000,0x0000,0x0000,0x0000,0x0000,0x0000,0x0000,
  0x0000,0x0000,0x0000,0x0000,0x0000,0x0000,0x0000,0x0000,0x0000,0x0000,0x0000,0x0000,
  0x0000,0x0000,0x0000,0x0000,0x0000,0x0000,0x0000,0x0000,0x0000,0x0000,0x0000,0x0000,
  0x0000,0x0000,0x0000,0x0000,0x0000,0x0000,0x0000,0x0000,0x0000,0x0000,0x0000,0x0000,
  0x0000,0x0000,0x0000,0x0000,0x0000,0x0000,0x0000,0x0000,0x0000,0x0000,0x0000,0x0000,
  0x0000,0x0000,0x0000,0x0000,0x0000,0x0000,0x0000,0x0000,0x0000,0x0000,0x0000,0x0000,
  0x0000,0x0000,0x0000,0x0000,0x0000,0x0000,0x0000,0x0000,0x0000,0x0001,0x0001,0x0001,
  0x0001,0x0001,0x0001,0x0001,0x0021,0x3044,0x6869,0x3826,0x888C,0x4047,0x3046,0x2025,
  0x1805,0x4067,0x2005,0x1805,0x0804,0x0804,0x0826,0x2A51,0x3B74,0x0046,0x0024,0x0004,
  0x0003,0x0003,0x0003,0x0023,0x0024,0x0004,0x0025,0x0025,0x0805,0x1047,0x594D,0x38ED,
  0x20EF,0x3953,0x8A56,0xAC39,0x60F1,0xC4F9,0xA214,0x4171,0x494D,0x514B,0x1847,0x1026,
  0x0825,0x28C9,0x310B,0x210A,0x0825,0x0004,0x0003,0x0003,0x0003,0x0003,0x0024,0x10E9,
  0x0846,0x0888,0x08C9,0x1089,0x1049,0x106B,0x114E,0x1025,0x1004,0x2005,0x5048,0x70CC,
  0x384A,0x78CD,0x58AA,0x0802,0x0002,0x0002,0x0002,0x0001,0x0001,0x0001,0x0001,0x4886,
  0x3844,0x1022,0x0001,0x0001,0x0001,0x0001,0x0001,0x0822,0x0001,0x0001,0x1843,0x0801,
  0x0001,0x0001,0x0001,0x0001,0x0001,0x0001,0x0001,0x0001,0x0001,0x0001,0x0001,0x0001,
  0x0001,0x0000,0x0000,0x0000,0x0000,0x0000,0x0000,0x0000,0x0000,0x0000,0x0000,0x0001,
  0x0000,0x0000,0x0000,0x0000,0x0000,0x0000,0x0000,0x0000,0x0000,0x0000,0x0000,0x0000,
  0x0000,0x0000,0x0000,0x0000,0x0000,0x0000,0x0000,0x0000,0x0000,0x0000,0x0000,0x0000,
  0x0000,0x0000,0x0000,0x0000,0x0000,0x0000,0x0000,0x0000,0x0000,0x0000,0x0000,0x0000,
  0x0000,0x0000,0x0000,0x0000,0x0000,0x0000,0x0000,0x0000,0x0000,0x0000,0x0000,0x0000,
  0x0000,0x0000,0x0000,0x0000,0x0000,0x0000,0x0000,0x0000,0x0000,0x0000,0x0000,0x0000,
  0x0000,0x0000,0x0000,0x0000,0x0000,0x0000,0x0000,0x0000,0x0000,0x0000,0x0000,0x0000,
  0x0000,0x0000,0x0000,0x0000,0x0000,0x0000,0x0000,0x0000,0x0000,0x0000,0x0000,0x0000,
  0x0000,0x0000,0x0000,0x0000,0x0000,0x0000,0x0000,0x0000,0x0000,0x0000,0x0000,0x0000,
  0x0000,0x0000,0x0000,0x0000,0x0000,0x0000,0x0000,0x0000,0x0000,0x0000,0x0000,0x0000,
  0x0000,0x0000,0x0000,0x0000,0x0000,0x0000,0x0000,0x0000,0x0000,0x0000,0x0000,0x0001,
  0x0001,0x0001,0x0001,0x0001,0x0001,0x0801,0x6088,0x4867,0x686A,0x6049,0x2825,0x2026,
  0x2005,0x3867,0x2025,0x1804,0x0804,0x0803,0x0804,0x18CC,0x2231,0x0025,0x0004,0x0003,
  0x0003,0x0003,0x0003,0x0003,0x0004,0x0024,0x0024,0x0004,0x0825,0x514B,0x30A8,0x1848,
  0x104A,0x18F1,0x39F7,0xAD3C,0x5994,0xC57B,0x72F6,0x598F,0x28A9,0x1026,0x0805,0x0805,
  0x1025,0x394C,0x0025,0x0025,0x0845,0x4149,0x0003,0x0003,0x0003,0x0003,0x0004,0x0025,
  0x194C,0x0047,0x19AF,0x108B,0x108B,0x19F2,0x1089,0x1025,0x1805,0x3826,0x60AA,0x386B,
  0x50AB,0x78CC,0x1823,0x0002,0x0002,0x0002,0x0001,0x0001,0x0001,0x0001,0x0001,0x1822,
  0x3044,0x0821,0x1823,0x1002,0x0001,0x0001,0x0001,0x0821,0x1042,0x2843,0x0821,0x0001,
  0x0001,0x0001,0x0001,0x0001,0x0001,0x0001,0x0001,0x0000,0x0001,0x0001,0x0001,0x0000,
  0x0000,0x0000,0x0000,0x0000,0x0000,0x0000,0x0000,0x0000,0x0000,0x0000,0x0000,0x0000,
  0x0000,0x0000,0x0000,0x0001,0x0000,0x0000,0x0000,0x0000,0x0000,0x0000,0x0000,0x0000,
  0x0000,0x0000,0x0000,0x0000,0x0000,0x0000,0x0000,0x0000,0x0000,0x0000,0x0000,0x0000,
  0x0000,0x0000,0x0000,0x0000,0x0000,0x0000,0x0000,0x0000,0x0000,0x0000,0x0000,0x0000,
  0x0000,0x0000,0x0000,0x0000,0x0000,0x0000,0x0000,0x0000,0x0000,0x0000,0x0000,0x0000,
  0x0000,0x0000,0x0000,0x0000,0x0000,0x0000,0x0000,0x0000,0x0000,0x0000,0x0000,0x0000,
  0x0000,0x0000,0x0000,0x0000,0x0000,0x0000,0x0000,0x0000,0x0000,0x0000,0x0000,0x0000,
  0x0000,0x0000,0x0000,0x0000,0x0000,0x0000,0x0000,0x0000,0x0000,0x0000,0x0000,0x0000,
  0x0000,0x0000,0x0000,0x0000,0x0000,0x0000,0x0000,0x0000,0x0000,0x0000,0x0000,0x0000,
  0x0000,0x0000,0x0000,0x0000,0x0000,0x0000,0x0000,0x0000,0x0000,0x0000,0x0000,0x0000,
  0x0000,0x0000,0x0000,0x0000,0x0000,0x0000,0x0000,0x0000,0x0000,0x0000,0x0000,0x0001,
  0x0000,0x0001,0x0001,0x0001,0x0001,0x0001,0x3044,0x6889,0x3846,0x886C,0x3827,0x2846,
  0x2846,0x2025,0x1804,0x1804,0x0804,0x0803,0x1024,0x1868,0x1A32,0x0825,0x0004,0x0004,
  0x0003,0x0823,0x0003,0x0003,0x0004,0x08A7,0x0866,0x0024,0x3908,0x2087,0x0825,0x0826,
  0x0828,0x084C,0x1953,0x8D9D,0xBDBB,0x959B,0x3253,0x108A,0x0847,0x1046,0x0805,0x0804,
  0x1046,0x314C,0x0024,0x0003,0x0023,0x1044,0x0824,0x0003,0x0003,0x0003,0x0004,0x0025,
  0x0888,0x3291,0x4417,0x1150,0x08EF,0x1A32,0x1026,0x1005,0x2005,0x4848,0x408B,0x3049,
  0x70CD,0x4888,0x0022,0x0002,0x0002,0x0001,0x0842,0x0001,0x0001,0x0001,0x0001,0x0001,
  0x0802,0x0801,0x1823,0x80EA,0x1002,0x0001,0x0001,0x0001,0x0821,0x712A,0x50A6,0x0801,
  0x0001,0x0001,0x0001,0x0001,0x0000,0x0000,0x0000,0x0000,0x0000,0x0000,0x0000,0x0000,
  0x0000,0x0000,0x0000,0x0000,0x0000,0x0000,0x0000,0x0000,0x0000,0x0000,0x0000,0x0000,
  0x0000,0x0000,0x0000,0x0000,0x0000,0x0000,0x0000,0x0000,0x0000,0x0000,0x0000,0x0000,
  0x0000,0x0000,0x0000,0x0000,0x0000,0x0000,0x0000,0x0000,0x0000,0x0000,0x0000,0x0000,
  0x0000,0x0000,0x0000,0x0000,0x0000,0x0000,0x0000,0x0000,0x0000,0x0000,0x0000,0x0000,
  0x0000,0x0000,0x0000,0x0000,0x0000,0x0000,0x0000,0x0000,0x0000,0x0000,0x0000,0x0000,
  0x0000,0x0000,0x0000,0x0000,0x0000,0x0000,0x0000,0x0000,0x0000,0x0000,0x0000,0x0000,
  0x0000,0x0000,0x0000,0x0000,0x0000,0x0000,0x0000,0x0000,0x0000,0x0000,0x0000,0x0000,
  0x0000,0x0000,0x0000,0x0000,0x0000,0x0000,0x0000,0x0000,0x0000,0x0000,0x0000,0x0000,
  0x0000,0x0000,0x0000,0x0000,0x0000,0x0000,0x0000,0x0000,0x0000,0x0000,0x0000,0x0000,
  0x0000,0x0000,0x0000,0x0000,0x0000,0x0000,0x0000,0x0000,0x0000,0x0000,0x0000,0x0000,
  0x0000,0x0000,0x0000,0x0000,0x0000,0x0000,0x0000,0x0000,0x0000,0x0000,0x0000,0x0001,
  0x0000,0x0001,0x0001,0x0001,0x0001,0x0001,0x0801,0x6088,0x4067,0x786A,0x6049,0x2826,
  0x3067,0x2004,0x1804,0x1004,0x1004,0x0803,0x3066,0x1846,0x1A12,0x0846,0x2887,0x28A7,
  0x1865,0x0823,0x0003,0x0003,0x0004,0x092A,0x08C9,0x30E8,0x1886,0x0824,0x0825,0x0805,
  0x0826,0x0848,0x108D,0x2A97,0x5BF9,0x2B18,0x21D1,0x0827,0x0826,0x0825,0x0845,0x0825,
  0x496B,0x0845,0x0003,0x0003,0x0003,0x0003,0x0023,0x0824,0x0823,0x0003,0x0004,0x0025,
  0x0048,0x1A74,0x9F3E,0x23B9,0x1A95,0x10EB,0x1005,0x1005,0x2006,0x488A,0x2849,0x50AC,
  0x70CC,0x1023,0x0002,0x0002,0x0001,0x0001,0x0021,0x0001,0x0001,0x0001,0x0001,0x0001,
  0x0822,0x0822,0x0801,0x4086,0x3064,0x0001,0x0001,0x0001,0x0001,0x1021,0x48E7,0x1022,
  0x0001,0x0001,0x0001,0x0000,0x0000,0x0000,0x0000,0x0000,0x0000,0x0000,0x0000,0x0000,
  0x0000,0x0000,0x0000,0x0000,0x0000,0x0000,0x0000,0x0000,0x0000,0x0000,0x0000,0x0000,
  0x0000,0x0000,0x0000,0x0000,0x0000,0x0000,0x0000,0x0000,0x0000,0x0000,0x0000,0x0000,
  0x0000,0x0000,0x0000,0x0000,0x0000,0x0000,0x0000,0x0000,0x0000,0x0000,0x0000,0x0000,
  0x0000,0x0000,0x0000,0x0000,0x0000,0x0000,0x0000,0x0000,0x0000,0x0000,0x0000,0x0000,
  0x0000,0x0000,0x0000,0x0000,0x0000,0x0000,0x0000,0x0000,0x0000,0x0000,0x0000,0x0000,
  0x0000,0x0000,0x0000,0x0000,0x0000,0x0000,0x0000,0x0000,0x0000,0x0000,0x0000,0x0000,
  0x0000,0x0000,0x0000,0x0000,0x0000,0x0000,0x0000,0x0000,0x0000,0x0000,0x0000,0x0000,
  0x0000,0x0000,0x0000,0x0000,0x0000,0x0000,0x0000,0x0000,0x0000,0x0000,0x0000,0x0000,
  0x0000,0x0000,0x0000,0x0000,0x0000,0x0000,0x0000,0x0000,0x0000,0x0000,0x0000,0x0000,
  0x0000,0x0000,0x0000,0x0000,0x0000,0x0000,0x0000,0x0000,0x0000,0x0000,0x0000,0x0000,
  0x0000,0x0000,0x0000,0x0000,0x0000,0x0000,0x0000,0x0000,0x0000,0x0000,0x0000,0x0001,
  0x0000,0x0000,0x0001,0x0001,0x0001,0x0001,0x0001,0x3865,0x6088,0x4847,0x906C,0x3026,
  0x3867,0x2004,0x1804,0x1004,0x0803,0x2886,0x1024,0x1025,0x11B1,0x0825,0x0023,0x0824,
  0x3908,0x20A6,0x1045,0x0824,0x0024,0x1A30,0x28C9,0x20A7,0x0024,0x0824,0x0004,0x0825,
  0x2888,0x0826,0x0848,0x088E,0x08CF,0x08CF,0x196F,0x0826,0x0805,0x0005,0x0004,0x0824,
  0x492A,0x10A6,0x0003,0x0003,0x0003,0x0003,0x0003,0x0823,0x4928,0x0824,0x0004,0x0025,
  0x0069,0x3438,0x22B5,0x1A94,0x2294,0x1048,0x1006,0x1005,0x3868,0x306A,0x304A,0x68EE,
  0x4088,0x0022,0x0002,0x0001,0x0001,0x0001,0x0001,0x0001,0x0001,0x0001,0x0001,0x0001,
  0x0001,0x0021,0x1043,0x0821,0x0021,0x0001,0x0001,0x0001,0x0001,0x0001,0x0001,0x0001,
  0x0001,0x0000,0x0000,0x0000,0x0000,0x0000,0x0000,0x0000,0x0000,0x0000,0x0000,0x0000,
  0x0000,0x0000,0x0000,0x0000,0x0000,0x0000,0x0000,0x0000,0x0000,0x0000,0x0000,0x0000,
  0x0000,0x0000,0x0000,0x0000,0x0000,0x0000,0x0000,0x0000,0x0000,0x0000,0x0000,0x0000,
  0x0000,0x0000,0x0000,0x0000,0x0000,0x0000,0x0000,0x0000,0x0000,0x0000,0x0000,0x0000,
  0x0000,0x0000,0x0000,0x0000,0x0000,0x0000,0x0000,0x0000,0x0000,0x0000,0x0000,0x0000,
  0x0000,0x0000,0x0000,0x0000,0x0000,0x0000,0x0000,0x0000,0x0000,0x0000,0x0000,0x0000,
  0x0000,0x0000,0x0000,0x0000,0x0000,0x0000,0x0000,0x0000,0x0000,0x0000,0x0000,0x0000,
  0x0000,0x0000,0x0000,0x0000,0x0000,0x0000,0x0000,0x0000,0x0000,0x0000,0x0000,0x0000,
  0x0000,0x0000,0x0000,0x0000,0x0000,0x0000,0x0000,0x0000,0x0000,0x0000,0x0000,0x0000,
  0x0000,0x0000,0x0000,0x0000,0x0000,0x0000,0x0000,0x0000,0x0000,0x0000,0x0000,0x0000,
  0x0000,0x0000,0x0000,0x0000,0x0000,0x0000,0x0000,0x0000,0x0000,0x0000,0x0000,0x0000,
  0x0000,0x0000,0x0000,0x0000,0x0000,0x0000,0x0000,0x0000,0x0000,0x0000,0x0000,0x0001,
  0x0000,0x0000,0x0000,0x0000,0x0001,0x0001,0x0001,0x1021,0x6889,0x3846,0x986C,0x5848,
  0x3026,0x2805,0x1804,0x1003,0x1003,0x0803,0x0803,0x1024,0x19F1,0x0025,0x0003,0x0003,
  0x0003,0x0003,0x0003,0x18A6,0x20E9,0x52D3,0x30E8,0x0824,0x0003,0x0003,0x0003,0x0824,
  0x0824,0x0825,0x0826,0x0848,0x0869,0x088A,0x10EC,0x0826,0x0825,0x0004,0x0004,0x2886,
  0x28A6,0x0044,0x0824,0x0003,0x0003,0x0003,0x0003,0x0023,0x0823,0x1065,0x0004,0x0025,
  0x00CB,0x2BB6,0x006A,0x0869,0x1970,0x2231,0x1047,0x2027,0x408B,0x282A,0x50AD,0x68AC,
  0x1023,0x0001,0x0001,0x0001,0x0001,0x0001,0x0001,0x0001,0x0001,0x0001,0x0001,0x0001,
  0x0001,0x0001,0x0842,0x0001,0x0001,0x0001,0x0001,0x0001,0x0001,0x0001,0x0001,0x0000,
  0x0000,0x0000,0x0000,0x0000,0x0000,0x0000,0x0000,0x0000,0x0000,0x0000,0x0000,0x0000,
  0x0000,0x0000,0x0000,0x0000,0x0000,0x0000,0x0000,0x0000,0x0000,0x0000,0x0000,0x0000,
  0x0000,0x0000,0x0000,0x0000,0x0000,0x0000,0x0000,0x0000,0x0000,0x0000,0x0000,0x0000,
  0x0000,0x0000,0x0000,0x0000,0x0000,0x0000,0x0000,0x0000,0x0000,0x0000,0x0000,0x0000,
  0x0000,0x0000,0x0000,0x0000,0x0000,0x0000,0x0000,0x0000,0x0000,0x0000,0x0000,0x0000,
  0x0000,0x0000,0x0000,0x0000,0x0000,0x0000,0x0000,0x0000,0x0000,0x0000,0x0000,0x0000,
  0x0000,0x0000,0x0000,0x0000,0x0000,0x0000,0x0000,0x0000,0x0000,0x0000,0x0000,0x0000,
  0x0000,0x0000,0x0000,0x0000,0x0000,0x0000,0x0000,0x0000,0x0000,0x0000,0x0000,0x0000,
  0x0000,0x0000,0x0000,0x0000,0x0000,0x0000,0x0000,0x0000,0x0000,0x0000,0x0000,0x0000,
  0x0000,0x0000,0x0000,0x0000,0x0000,0x0000,0x0000,0x0000,0x0000,0x0000,0x0000,0x0000,
  0x0000,0x0000,0x0000,0x0000,0x0000,0x0000,0x0000,0x0000,0x0000,0x0000,0x0000,0x0000,
  0x0000,0x0000,0x0000,0x0000,0x0000,0x0000,0x0000,0x0000,0x0000,0x0000,0x0000,0x0001,
  0x0000,0x0000,0x0000,0x0000,0x0001,0x0001,0x0001,0x0021,0x5867,0x4868,0x706A,0xA0AC,
  0x4067,0x4087,0x1804,0x2065,0x1003,0x0803,0x0803,0x0824,0x118F,0x0045,0x0003,0x0003,
  0x0003,0x0003,0x0003,0x0023,0x10A7,0x59CF,0x30E8,0x0823,0x0003,0x0003,0x0003,0x0003,
  0x0003,0x0004,0x0846,0x0026,0x0847,0x0026,0x0047,0x10A9,0x0824,0x0004,0x0004,0x4108,
  0x0823,0x0003,0x0003,0x0003,0x0003,0x0003,0x0003,0x0003,0x0003,0x0003,0x0024,0x0888,
  0x2AF3,0x090B,0x0026,0x0026,0x1889,0x210E,0x3293,0x38ED,0x284A,0x302A,0x60AD,0x48A9,
  0x0022,0x0001,0x0001,0x0001,0x0001,0x0001,0x0001,0x0001,0x0001,0x0001,0x0001,0x0001,
  0x0001,0x0001,0x0001,0x0001,0x0001,0x0001,0x0001,0x0001,0x0001,0x0001,0x0001,0x0000,
  0x0000,0x0000,0x0000,0x0000,0x0000,0x0000,0x0000,0x0000,0x0000,0x0000,0x0000,0x0000,
  0x0000,0x0000,0x0000,0x0000,0x0000,0x0000,0x0000,0x0000,0x0000,0x0000,0x0000,0x0000,
  0x0000,0x0000,0x0000,0x0000,0x0000,0x0000,0x0000,0x0000,0x0000,0x0000,0x0000,0x0000,
  0x0000,0x0000,0x0000,0x0000,0x0000,0x0000,0x0000,0x0000,0x0000,0x0000,0x0000,0x0000,
  0x0000,0x0000,0x0000,0x0000,0x0000,0x0000,0x0000,0x0000,0x0000,0x0000,0x0000,0x0000,
  0x0000,0x0000,0x0000,0x0000,0x0000,0x0000,0x0000,0x0000,0x0000,0x0000,0x0000,0x0000,
  0x0000,0x0000,0x0000,0x0000,0x0000,0x0000,0x0000,0x0000,0x0000,0x0000,0x0000,0x0000,
  0x0000,0x0000,0x0000,0x0000,0x0000,0x0000,0x0000,0x0000,0x0000,0x0000,0x0000,0x0000,
  0x0000,0x0000,0x0000,0x0000,0x0000,0x0000,0x0000,0x0000,0x0000,0x0000,0x0000,0x0000,
  0x0000,0x0000,0x0000,0x0000,0x0000,0x0000,0x0000,0x0000,0x0000,0x0000,0x0000,0x0000,
  0x0000,0x0000,0x0000,0x0000,0x0000,0x0000,0x0000,0x0000,0x0000,0x0000,0x0000,0x0000,
  0x0000,0x0000,0x0000,0x0000,0x0000,0x0000,0x0000,0x0000,0x0000,0x0000,0x0000,0x0000,
  0x0000,0x0000,0x0000,0x0000,0x0001,0x0000,0x0001,0x0001,0x3024,0x5868,0x4026,0xC0EF,
  0x5048,0x50A8,0x1804,0x1003,0x1023,0x0803,0x0803,0x0804,0x19F0,0x0886,0x0003,0x0003,
  0x0003,0x0003,0x0844,0x10A7,0x0844,0x0845,0x490A,0x0823,0x0003,0x0003,0x0003,0x0003,
  0x0003,0x0003,0x0845,0x0025,0x0888,0x0024,0x0025,0x21AD,0x0823,0x0003,0x0824,0x40E8,
  0x0023,0x0003,0x0003,0x0865,0x0003,0x0002,0x0002,0x0002,0x0003,0x0003,0x0003,0x08A9,
  0x114C,0x0046,0x0025,0x0025,0x1026,0x2027,0x4150,0x4212,0x30EE,0x486C,0x68AD,0x2045,
  0x0021,0x0002,0x0001,0x0001,0x0001,0x0001,0x0001,0x0001,0x0001,0x0001,0x0001,0x0001,
  0x0001,0x0001,0x0001,0x0001,0x0001,0x0001,0x0001,0x0001,0x0821,0x2064,0x0001,0x0000,
  0x0000,0x0000,0x0000,0x0000,0x0000,0x0000,0x0000,0x0000,0x0000,0x0000,0x0000,0x0000,
  0x0000,0x0000,0x0000,0x0000,0x0000,0x0000,0x0000,0x0000,0x0000,0x0000,0x0000,0x0000,
  0x0000,0x0000,0x0000,0x0000,0x0000,0x0000,0x0000,0x0000,0x0000,0x0000,0x0000,0x0000,
  0x0000,0x0000,0x0000,0x0000,0x0000,0x0000,0x0000,0x0000,0x0000,0x0000,0x0000,0x0000,
  0x0000,0x0000,0x0000,0x0000,0x0000,0x0000,0x0000,0x0000,0x0000,0x0000,0x0000,0x0000,
  0x0000,0x0000,0x0000,0x0000,0x0000,0x0000,0x0000,0x0000,0x0000,0x0000,0x0000,0x0000,
  0x0000,0x0000,0x0000,0x0000,0x0000,0x0000,0x0000,0x0000,0x0000,0x0000,0x0000,0x0000,
  0x0000,0x0000,0x0000,0x0000,0x0000,0x0000,0x0000,0x0000,0x0000,0x0000,0x0000,0x0000,
  0x0000,0x0000,0x0000,0x0000,0x0000,0x0000,0x0000,0x0000,0x0000,0x0000,0x0000,0x0000,
  0x0000,0x0000,0x0000,0x0000,0x0000,0x0000,0x0000,0x0000,0x0000,0x0000,0x0000,0x0000,
  0x0000,0x0000,0x0000,0x0000,0x0000,0x0000,0x0000,0x0000,0x0000,0x0000,0x0000,0x0000,
  0x0000,0x0000,0x0000,0x0000,0x0000,0x0000,0x0000,0x0000,0x0000,0x0000,0x0000,0x0000,
  0x0000,0x0000,0x0000,0x0000,0x0000,0x0000,0x0000,0x0001,0x1001,0x5847,0x4046,0xA0CD,
  0x806B,0x3846,0x2845,0x1003,0x1023,0x0803,0x0803,0x0803,0x18AA,0x10A8,0x0003,0x0003,
  0x3169,0x18A6,0x0823,0x0002,0x0002,0x0003,0x1865,0x30A7,0x0002,0x0002,0x0002,0x0003,
  0x0003,0x0023,0x0024,0x0024,0x10A8,0x0003,0x0004,0x312B,0x1044,0x0003,0x28A6,0x2086,
  0x0003,0x0003,0x0003,0x0887,0x0023,0x0002,0x0002,0x0002,0x0002,0x0003,0x0023,0x08C9,
  0x0024,0x0004,0x0004,0x0825,0x1826,0x2006,0x592D,0x2048,0x306A,0x60AD,0x58AB,0x0822,
  0x0001,0x0001,0x0001,0x0001,0x0001,0x0001,0x0001,0x0001,0x0001,0x0001,0x0001,0x0001,
  0x0000,0x0001,0x0001,0x0001,0x0001,0x0000,0x0000,0x0000,0x0001,0x1042,0x0000,0x0000,
  0x0000,0x0000,0x0000,0x0000,0x0000,0x0000,0x0000,0x0000,0x0000,0x0000,0x0000,0x0000,
  0x0000,0x0000,0x0000,0x0000,0x0000,0x0000,0x0000,0x0000,0x0000,0x0000,0x0000,0x0000,
  0x0000,0x0000,0x0000,0x0000,0x0000,0x0000,0x0000,0x0000,0x0000,0x0000,0x0000,0x0000,
  0x0000,0x0000,0x0000,0x0000,0x0000,0x0000,0x0000,0x0000,0x0000,0x0000,0x0000,0x0000,
  0x0000,0x0000,0x0000,0x0000,0x0000,0x0000,0x0000,0x0000,0x0000,0x0000,0x0000,0x0000,
  0x0000,0x0000,0x0000,0x0000,0x0000,0x0000,0x0000,0x0000,0x0000,0x0000,0x0000,0x0000,
  0x0000,0x0000,0x0000,0x0000,0x0000,0x0000,0x0000,0x0000,0x0000,0x0000,0x0000,0x0000,
  0x0000,0x0000,0x0000,0x0000,0x0000,0x0000,0x0000,0x0000,0x0000,0x0000,0x0000,0x0000,
  0x0000,0x0000,0x0000,0x0000,0x0000,0x0000,0x0000,0x0000,0x0000,0x0000,0x0000,0x0000,
  0x0000,0x0000,0x0000,0x0000,0x0000,0x0000,0x0000,0x0000,0x0000,0x0000,0x0000,0x0000,
  0x0000,0x0000,0x0000,0x0000,0x0000,0x0000,0x0000,0x0000,0x0000,0x0000,0x0000,0x0000,
  0x0000,0x0000,0x0000,0x0000,0x0000,0x0000,0x0000,0x0000,0x0000,0x0000,0x0000,0x0000,
  0x0000,0x0000,0x0000,0x0000,0x0000,0x0000,0x0000,0x0000,0x0801,0x4846,0x4047,0x78AA,
  0x986B,0x3826,0x3066,0x1003,0x0803,0x0803,0x0802,0x1865,0x2866,0x20A7,0x0023,0x0844,
  0x18A5,0x0022,0x0002,0x0002,0x0002,0x0002,0x0023,0x3909,0x0822,0x0002,0x0002,0x0002,
  0x0003,0x0865,0x0845,0x0023,0x10A9,0x0003,0x0003,0x0824,0x3109,0x2886,0x492A,0x0823,
  0x0003,0x0003,0x0002,0x0022,0x0022,0x0002,0x0002,0x0002,0x0002,0x0002,0x0023,0x08A8,
  0x0003,0x0003,0x0004,0x0804,0x1805,0x2005,0x48EB,0x2026,0x3828,0x60AC,0x3867,0x0021,
  0x0001,0x0001,0x0001,0x0001,0x0001,0x0001,0x0001,0x0001,0x0001,0x0001,0x0001,0x0000,
  0x0000,0x0000,0x0000,0x0001,0x0001,0x0000,0x0000,0x0000,0x0000,0x0000,0x0000,0x0000,
  0x0000,0x0000,0x0000,0x0000,0x0000,0x0000,0x0000,0x0000,0x0000,0x0000,0x0000,0x0000,
  0x0000,0x0000,0x0000,0x0000,0x0000,0x0000,0x0000,0x0000,0x0000,0x0000,0x0000,0x0000,
  0x0000,0x0000,0x0000,0x0000,0x0000,0x0000,0x0000,0x0000,0x0000,0x0000,0x0000,0x0000,
  0x0000,0x0000,0x0000,0x0000,0x0000,0x0000,0x0000,0x0000,0x0000,0x0000,0x0000,0x0000,
  0x0000,0x0000,0x0000,0x0000,0x0000,0x0000,0x0000,0x0000,0x0000,0x0000,0x0000,0x0000,
  0x0000,0x0000,0x0000,0x0000,0x0000,0x0000,0x0000,0x0000,0x0000,0x0000,0x0000,0x0000,
  0x0000,0x0000,0x0000,0x0000,0x0000,0x0000,0x0000,0x0000,0x0000,0x0000,0x0000,0x0000,
  0x0000,0x0000,0x0000,0x0000,0x0000,0x0000,0x0000,0x0000,0x0000,0x0000,0x0000,0x0000,
  0x0000,0x0000,0x0000,0x0000,0x0000,0x0000,0x0000,0x0000,0x0000,0x0000,0x0000,0x0000,
  0x0000,0x0000,0x0000,0x0000,0x0000,0x0000,0x0000,0x0000,0x0000,0x0000,0x0000,0x0000,
  0x0000,0x0000,0x0000,0x0000,0x0000,0x0000,0x0000,0x0000,0x0000,0x0000,0x0000,0x0000,
  0x0000,0x0000,0x0000,0x0000,0x0000,0x0000,0x0000,0x0000,0x0000,0x0000,0x0000,0x0000,
  0x0000,0x0000,0x0000,0x0000,0x0000,0x0000,0x0000,0x0000,0x0001,0x3844,0x4046,0x4847,
  0x988C,0x4827,0x2845,0x1003,0x0803,0x0802,0x1844,0x1864,0x3045,0x2886,0x0843,0x0002,
  0x0002,0x0002,0x0002,0x0002,0x0002,0x0002,0x0002,0x0844,0x3108,0x0002,0x0002,0x0002,
  0x0003,0x0844,0x0003,0x0003,0x10A8,0x0003,0x0003,0x0003,0x1066,0x2887,0x312A,0x0023,
  0x0002,0x0002,0x0002,0x0002,0x0022,0x0002,0x0002,0x0002,0x0002,0x0002,0x0865,0x0045,
  0x0003,0x0003,0x0004,0x1046,0x1825,0x2826,0x3088,0x2826,0x588B,0x508A,0x1823,0x0001,
  0x0001,0x0001,0x0001,0x0001,0x0001,0x0001,0x0001,0x0001,0x0001,0x0000,0x0000,0x0000,
  0x0000,0x0000,0x0000,0x0000,0x0000,0x0000,0x0000,0x0000,0x0000,0x0000,0x0000,0x0000,
  0x0000,0x0000,0x0000,0x0000,0x0000,0x0000,0x0000,0x0000,0x0000,0x0000,0x0000,0x0000,
  0x0000,0x0000,0x0000,0x0000,0x0000,0x0000,0x0000,0x0000,0x0000,0x0000,0x0000,0x0000,
  0x0000,0x0000,0x0000,0x0000,0x0000,0x0000,0x0000,0x0000,0x0000,0x0000,0x0000,0x0000,
  0x0000,0x0000,0x0000,0x0000,0x0000,0x0000,0x0000,0x0000,0x0000,0x0000,0x0000,0x0000,
  0x0000,0x0000,0x0000,0x0000,0x0000,0x0000,0x0000,0x0000,0x0000,0x0000,0x0000,0x0000,
  0x0000,0x0000,0x0000,0x0000,0x0000,0x0000,0x0000,0x0000,0x0000,0x0000,0x0000,0x0000,
  0x0000,0x0000,0x0000,0x0000,0x0000,0x0000,0x0000,0x0000,0x0000,0x0000,0x0000,0x0000,
  0x0000,0x0000,0x0000,0x0000,0x0000,0x0000,0x0000,0x0000,0x0000,0x0000,0x0000,0x0000,
  0x0000,0x0000,0x0000,0x0000,0x0000,0x0000,0x0000,0x0000,0x0000,0x0000,0x0000,0x0000,
  0x0000,0x0000,0x0000,0x0000,0x0000,0x0000,0x0000,0x0000,0x0000,0x0000,0x0000,0x0000,
  0x0000,0x0000,0x0000,0x0000,0x0000,0x0000,0x0000,0x0000,0x0000,0x0000,0x0000,0x0000,
  0x0000,0x0000,0x0000,0x0000,0x0000,0x0000,0x0000,0x0000,0x0000,0x0000,0x0000,0x0000,
  0x0000,0x0000,0x0000,0x0000,0x0000,0x0000,0x0000,0x0000,0x0001,0x2023,0x4846,0x3025,
  0x806A,0x5027,0x2024,0x1003,0x0803,0x1023,0x1844,0x0823,0x2844,0x3065,0x0022,0x0002,
  0x0002,0x0002,0x0002,0x0001,0x0002,0x0002,0x0002,0x0023,0x292A,0x0823,0x0002,0x0002,
  0x0885,0x10C6,0x0003,0x0003,0x10A7,0x0002,0x0002,0x0002,0x1045,0x5A10,0x0845,0x0022,
  0x0002,0x0002,0x0002,0x0002,0x0002,0x0002,0x0002,0x0002,0x0002,0x0003,0x08A7,0x0003,
  0x0003,0x0003,0x0845,0x10CA,0x1005,0x2005,0x2005,0x2826,0x60AC,0x508A,0x0001,0x0001,
  0x0001,0x0001,0x0001,0x0001,0x0001,0x0001,0x0001,0x0001,0x0001,0x0001,0x0001,0x0000,
  0x0000,0x0000,0x0000,0x0000,0x0000,0x0000,0x0000,0x0000,0x0000,0x0000,0x0000,0x0000,
  0x0000,0x0000,0x0000,0x0000,0x0000,0x0000,0x0000,0x0000,0x0000,0x0000,0x0000,0x0000,
  0x0000,0x0000,0x0000,0x0000,0x0000,0x0000,0x0000,0x0000,0x0000,0x0000,0x0000,0x0000,
  0x0000,0x0000,0x0000,0x0000,0x0000,0x0000,0x0000,0x0000,0x0000,0x0000,0x0000,0x0000,
  0x0000,0x0000,0x0000,0x0000,0x0000,0x0000,0x0000,0x0000,0x0000,0x0000,0x0000,0x0000,
  0x0000,0x0000,0x0000,0x0000,0x0000,0x0000,0x0000,0x0000,0x0000,0x0000,0x0000,0x0000,
  0x0000,0x0000,0x0000,0x0000,0x0000,0x0000,0x0000,0x0000,0x0000,0x0000,0x0000,0x0000,
  0x0000,0x0000,0x0000,0x0000,0x0000,0x0000,0x0000,0x0000,0x0000,0x0000,0x0000,0x0000,
  0x0000,0x0000,0x0000,0x0000,0x0000,0x0000,0x0000,0x0000,0x0000,0x0000,0x0000,0x0000,
  0x0000,0x0000,0x0000,0x0000,0x0000,0x0000,0x0000,0x0000,0x0000,0x0000,0x0000,0x0000,
  0x0000,0x0000,0x0000,0x0000,0x0000,0x0000,0x0000,0x0000,0x0000,0x0000,0x0000,0x0000,
  0x0000,0x0000,0x0000,0x0000,0x0000,0x0000,0x0000,0x0000,0x0000,0x0000,0x0000,0x0000,
  0x0000,0x0000,0x0000,0x0000,0x0000,0x0000,0x0000,0x0000,0x0000,0x0000,0x0000,0x0000,
  0x0000,0x0000,0x0000,0x0000,0x0000,0x0000,0x0000,0x0000,0x0001,0x1001,0x4867,0x2825,
  0x6868,0x5027,0x2024,0x1003,0x1003,0x1824,0x0823,0x0802,0x2023,0x4066,0x0002,0x0001,
  0x0002,0x0002,0x0002,0x0002,0x0002,0x0002,0x0002,0x0002,0x0844,0x316B,0x0002,0x0002,
  0x08C8,0x0003,0x0002,0x0002,0x10A7,0x0002,0x0002,0x0002,0x0823,0x396D,0x0023,0x0002,
  0x0002,0x0002,0x0002,0x0022,0x0022,0x0002,0x0002,0x0022,0x0022,0x0023,0x0886,0x0003,
  0x0003,0x0003,0x0867,0x1068,0x1804,0x2005,0x2005,0x3848,0x60AB,0x4068,0x0021,0x0001,
  0x0001,0x0001,0x0001,0x0001,0x0001,0x0001,0x0001,0x0001,0x0000,0x0000,0x0000,0x0000,
  0x0000,0x0000,0x0000,0x0000,0x0000,0x0000,0x0000,0x0000,0x0000,0x0000,0x0000,0x0000,
  0x0000,0x0000,0x0000,0x0000,0x0000,0x0000,0x0000,0x0000,0x0000,0x0000,0x0000,0x0000,
  0x0000,0x0000,0x0000,0x0000,0x0000,0x0000,0x0000,0x0000,0x0000,0x0000,0x0000,0x0000,
  0x0000,0x0000,0x0000,0x0000,0x0000,0x0000,0x0000,0x0000,0x0000,0x0000,0x0000,0x0000,
  0x0000,0x0000,0x0000,0x0000,0x0000,0x0000,0x0000,0x0000,0x0000,0x0000,0x0000,0x0000,
  0x0000,0x0000,0x0000,0x0000,0x0000,0x0000,0x0000,0x0000,0x0000,0x0000,0x0000,0x0000,
  0x0000,0x0000,0x0000,0x0000,0x0000,0x0000,0x0000,0x0000,0x0000,0x0000,0x0000,0x0000,
  0x0000,0x0000,0x0000,0x0000,0x0000,0x0000,0x0000,0x0000,0x0000,0x0000,0x0000,0x0000,
  0x0000,0x0000,0x0000,0x0000,0x0000,0x0000,0x0000,0x0000,0x0000,0x0000,0x0000,0x0000,
  0x0000,0x0000,0x0000,0x0000,0x0000,0x0000,0x0000,0x0000,0x0000,0x0000,0x0000,0x0000,
  0x0000,0x0000,0x0000,0x0000,0x0000,0x0000,0x0000,0x0000,0x0000,0x0000,0x0000,0x0000,
  0x0000,0x0000,0x0000,0x0000,0x0000,0x0000,0x0000,0x0000,0x0000,0x0000,0x0000,0x0000,
  0x0000,0x0000,0x0000,0x0000,0x0000,0x0000,0x0000,0x0000,0x0000,0x0000,0x0000,0x0000,
  0x0000,0x0000,0x0000,0x0000,0x0000,0x0000,0x0000,0x0000,0x0000,0x0801,0x4866,0x3045,
  0x5047,0x5827,0x2824,0x1023,0x2044,0x1844,0x0802,0x0802,0x1023,0x6087,0x0802,0x0001,
  0x0002,0x0002,0x0001,0x0001,0x0001,0x0002,0x0002,0x0002,0x0022,0x298C,0x0866,0x0023,
  0x08E8,0x0002,0x0002,0x0002,0x10A7,0x0002,0x0002,0x0002,0x1044,0x28E9,0x0022,0x0002,
  0x0002,0x0002,0x0002,0x0022,0x0022,0x0002,0x0002,0x0002,0x0002,0x0886,0x0023,0x0002,
  0x0003,0x0003,0x0889,0x1026,0x1805,0x1805,0x2005,0x588B,0x506A,0x2845,0x0001,0x0001,
  0x0001,0x0001,0x0001,0x0001,0x0001,0x0001,0x0000,0x0000,0x0000,0x0000,0x0000,0x0000,
  0x0000,0x0000,0x0000,0x0000,0x0000,0x0000,0x0000,0x0000,0x0000,0x0000,0x0000,0x0000,
  0x0000,0x0000,0x0000,0x0000,0x0000,0x0000,0x0000,0x0000,0x0000,0x0000,0x0000,0x0000,
  0x0000,0x0000,0x0000,0x0000,0x0000,0x0000,0x0000,0x0000,0x0000,0x0000,0x0000,0x0000,
  0x0000,0x0000,0x0000,0x0000,0x0000,0x0000,0x0000,0x0000,0x0000,0x0000,0x0000,0x0000,
  0x0000,0x0000,0x0000,0x0000,0x0000,0x0000,0x0000,0x0000,0x0000,0x0000,0x0000,0x0000,
  0x0000,0x0000,0x0000,0x0000,0x0000,0x0000,0x0000,0x0000,0x0000,0x0000,0x0000,0x0000,
  0x0000,0x0000,0x0000,0x0000,0x0000,0x0000,0x0000,0x0000,0x0000,0x0000,0x0000,0x0000,
  0x0000,0x0000,0x0000,0x0000,0x0000,0x0000,0x0000,0x0000,0x0000,0x0000,0x0000,0x0000,
  0x0000,0x0000,0x0000,0x0000,0x0000,0x0000,0x0000,0x0000,0x0000,0x0000,0x0000,0x0000,
  0x0000,0x0000,0x0000,0x0000,0x0000,0x0000,0x0000,0x0000,0x0000,0x0000,0x0000,0x0000,
  0x0000,0x0000,0x0000,0x0000,0x0000,0x0000,0x0000,0x0000,0x0000,0x0000,0x0000,0x0000,
  0x0000,0x0000,0x0000,0x0000,0x0000,0x0000,0x0000,0x0000,0x0000,0x0000,0x0000,0x0000,
  0x0000,0x0000,0x0000,0x0000,0x0000,0x0000,0x0000,0x0000,0x0000,0x0000,0x0000,0x0000,
  0x0000,0x0000,0x0000,0x0000,0x0000,0x0000,0x0000,0x0000,0x0001,0x0001,0x4045,0x3045,
  0x4026,0x6848,0x3846,0x1823,0x3886,0x1023,0x0802,0x0802,0x1023,0x812A,0x1022,0x0001,
  0x0002,0x0002,0x0001,0x0001,0x0001,0x0001,0x0002,0x0002,0x0002,0x0845,0x29CE,0x116C,
  0x08E8,0x0003,0x0002,0x0002,0x18A7,0x0002,0x0002,0x0002,0x28A7,0x1865,0x0002,0x0002,
  0x0002,0x0002,0x0022,0x0022,0x0022,0x0002,0x0002,0x0002,0x0002,0x08A7,0x0002,0x0002,
  0x0003,0x0023,0x08AA,0x1026,0x1805,0x2025,0x2025,0x60AC,0x506A,0x1022,0x0001,0x0001,
  0x0001,0x0001,0x0001,0x0001,0x0001,0x0001,0x0000,0x0000,0x0000,0x0000,0x0000,0x0000,
  0x0000,0x0000,0x0000,0x0000,0x0000,0x0000,0x0000,0x0000,0x0000,0x0000,0x0000,0x0000,
  0x0000,0x0000,0x0000,0x0000,0x0000,0x0000,0x0000,0x0000,0x0000,0x0000,0x0000,0x0000,
  0x0000,0x0000,0x0000,0x0000,0x0000,0x0000,0x0000,0x0000,0x0000,0x0000,0x0000,0x0000,
  0x0000,0x0000,0x0000,0x0000,0x0000,0x0000,0x0000,0x0000,0x0000,0x0000,0x0000,0x0000,
  0x0000,0x0000,0x0000,0x0000,0x0000,0x0000,0x0000,0x0000,0x0000,0x0000,0x0000,0x0000,
  0x0000,0x0000,0x0000,0x0000,0x0000,0x0000,0x0000,0x0000,0x0000,0x0000,0x0000,0x0000,
  0x0000,0x0000,0x0000,0x0000,0x0000,0x0000,0x0000,0x0000,0x0000,0x0000,0x0000,0x0000,
  0x0000,0x0000,0x0000,0x0000,0x0000,0x0000,0x0000,0x0000,0x0000,0x0000,0x0000,0x0000,
  0x0000,0x0000,0x0000,0x0000,0x0000,0x0000,0x0000,0x0000,0x0000,0x0000,0x0000,0x0000,
  0x0000,0x0000,0x0000,0x0000,0x0000,0x0000,0x0000,0x0000,0x0000,0x0000,0x0000,0x0000,
  0x0000,0x0000,0x0000,0x0000,0x0000,0x0000,0x0000,0x0000,0x0000,0x0000,0x0000,0x0000,
  0x0000,0x0000,0x0000,0x0000,0x0000,0x0000,0x0000,0x0000,0x0000,0x0000,0x0000,0x0000,
  0x0000,0x0000,0x0000,0x0000,0x0000,0x0000,0x0000,0x0000,0x0000,0x0000,0x0000,0x0000,
  0x0000,0x0000,0x0000,0x0000,0x0000,0x0000,0x0000,0x0000,0x0001,0x0001,0x4045,0x3825,
  0x3805,0x7869,0x5888,0x1824,0x2844,0x1023,0x0802,0x0802,0x1044,0x618B,0x2865,0x0002,
  0x0002,0x0002,0x0001,0x0001,0x0001,0x0001,0x0002,0x0002,0x0023,0x0844,0x3929,0x18E9,
  0x0023,0x0002,0x0002,0x0002,0x20C8,0x0002,0x0002,0x0002,0x40C8,0x0823,0x0002,0x0002,
  0x0002,0x0822,0x0002,0x0002,0x0002,0x0002,0x0002,0x0002,0x0023,0x0886,0x0002,0x0002,
  0x0003,0x0023,0x08CC,0x1026,0x1805,0x1825,0x2026,0x58AB,0x586A,0x0801,0x0001,0x0001,
  0x0001,0x0001,0x0001,0x0001,0x0001,0x0001,0x0000,0x0000,0x0000,0x0000,0x0000,0x0000,
  0x0000,0x0000,0x0000,0x0000,0x0000,0x0000,0x0000,0x0000,0x0000,0x0000,0x0000,0x0000,
  0x0000,0x0000,0x0000,0x0000,0x0000,0x0000,0x0000,0x0000,0x0000,0x0000,0x0000,0x0000,
  0x0000,0x0000,0x0000,0x0000,0x0000,0x0000,0x0000,0x0000,0x0000,0x0000,0x0000,0x0000,
  0x0000,0x0000,0x0000,0x0000,0x0000,0x0000,0x0000,0x0000,0x0000,0x0000,0x0000,0x0000,
  0x0000,0x0000,0x0000,0x0000,0x0000,0x0000,0x0000,0x0000,0x0000,0x0000,0x0000,0x0000,
  0x0000,0x0000,0x0000,0x0000,0x0000,0x0000,0x0000,0x0000,0x0000,0x0000,0x0000,0x0000,
  0x0000,0x0000,0x0000,0x0000,0x0000,0x0000,0x0000,0x0000,0x0000,0x0000,0x0000,0x0000,
  0x0000,0x0000,0x0000,0x0000,0x0000,0x0000,0x0000,0x0000,0x0000,0x0000,0x0000,0x0000,
  0x0000,0x0000,0x0000,0x0000,0x0000,0x0000,0x0000,0x0000,0x0000,0x0000,0x0000,0x0000,
  0x0000,0x0000,0x0000,0x0000,0x0000,0x0000,0x0000,0x0000,0x0000,0x0000,0x0000,0x0000,
  0x0000,0x0000,0x0000,0x0000,0x0000,0x0000,0x0000,0x0000,0x0000,0x0000,0x0000,0x0000,
  0x0000,0x0000,0x0000,0x0000,0x0000,0x0000,0x0000,0x0000,0x0000,0x0000,0x0000,0x0000,
  0x0000,0x0000,0x0000,0x0000,0x0000,0x0000,0x0000,0x0000,0x0000,0x0000,0x0000,0x0000,
  0x0000,0x0000,0x0000,0x0000,0x0000,0x0000,0x0000,0x0001,0x0001,0x0001,0x3865,0x4867,
  0x4025,0x88AA,0x4847,0x1824,0x2845,0x1823,0x1023,0x1023,0x0823,0x1024,0x69CE,0x2885,
  0x0822,0x0001,0x0001,0x0001,0x0001,0x0001,0x0002,0x0023,0x0885,0x0023,0x0823,0x39AD,
  0x08A7,0x0002,0x0002,0x0002,0x2087,0x0002,0x0002,0x0822,0x60EA,0x0022,0x0002,0x0002,
  0x0002,0x0842,0x0001,0x0002,0x0002,0x0002,0x0002,0x0002,0x1087,0x0023,0x0003,0x0003,
  0x0003,0x0024,0x214D,0x2067,0x1804,0x1025,0x2847,0x58AB,0x4048,0x0001,0x0001,0x0001,
  0x0001,0x0001,0x0001,0x0001,0x0001,0x0001,0x0000,0x0000,0x0000,0x0000,0x0000,0x0000,
  0x0000,0x0000,0x0000,0x0000,0x0000,0x0000,0x0000,0x0000,0x0000,0x0000,0x0000,0x0000,
  0x0000,0x0000,0x0000,0x0000,0x0000,0x0000,0x0000,0x0000,0x0000,0x0000,0x0000,0x0000,
  0x0000,0x0000,0x0000,0x0000,0x0000,0x0000,0x0000,0x0000,0x0000,0x0000,0x0000,0x0000,
  0x0000,0x0000,0x0000,0x0000,0x0000,0x0000,0x0000,0x0000,0x0000,0x0000,0x0000,0x0000,
  0x0000,0x0000,0x0000,0x0000,0x0000,0x0000,0x0000,0x0000,0x0000,0x0000,0x0000,0x0000,
  0x0000,0x0000,0x0000,0x0000,0x0000,0x0000,0x0000,0x0000,0x0000,0x0000,0x0000,0x0000,
  0x0000,0x0000,0x0000,0x0000,0x0000,0x0000,0x0000,0x0000,0x0000,0x0000,0x0000,0x0000,
  0x0000,0x0000,0x0000,0x0000,0x0000,0x0000,0x0000,0x0000,0x0000,0x0000,0x0000,0x0000,
  0x0000,0x0000,0x0000,0x0000,0x0000,0x0000,0x0000,0x0000,0x0000,0x0000,0x0000,0x0000,
  0x0000,0x0000,0x0000,0x0000,0x0000,0x0000,0x0000,0x0000,0x0000,0x0000,0x0000,0x0000,
  0x0000,0x0000,0x0000,0x0000,0x0000,0x0000,0x0000,0x0000,0x0000,0x0000,0x0000,0x0000,
  0x0000,0x0000,0x0000,0x0000,0x0000,0x0000,0x0000,0x0000,0x0000,0x0000,0x0000,0x0000,
  0x0000,0x0000,0x0000,0x0000,0x0000,0x0000,0x0000,0x0000,0x0000,0x0000,0x0000,0x0000,
  0x0000,0x0000,0x0000,0x0000,0x0000,0x0000,0x0000,0x0000,0x0001,0x0001,0x3865,0x5088,
  0x88CA,0xA0CB,0x3025,0x1803,0x1823,0x1823,0x1023,0x1043,0x0802,0x0002,0x3929,0x5129,
  0x0822,0x0001,0x0001,0x0001,0x0001,0x0001,0x0002,0x0022,0x0885,0x0002,0x0003,0x18E9,
  0x0845,0x0002,0x0003,0x0844,0x28CA,0x0002,0x0002,0x0802,0x792B,0x0822,0x0002,0x0002,
  0x0002,0x0002,0x0001,0x0002,0x0002,0x0002,0x0002,0x0022,0x18C8,0x0023,0x0003,0x0024,
  0x0824,0x1065,0x0824,0x1004,0x1005,0x1827,0x406A,0x586A,0x3046,0x0001,0x0001,0x0001,
  0x0001,0x0001,0x0001,0x0001,0x0001,0x0001,0x0000,0x0000,0x0000,0x0000,0x0000,0x0000,
  0x0000,0x0000,0x0000,0x0000,0x0000,0x0000,0x0000,0x0000,0x0000,0x0000,0x0000,0x0000,
  0x0000,0x0000,0x0000,0x0000,0x0000,0x0000,0x0000,0x0000,0x0000,0x0000,0x0000,0x0000,
  0x0000,0x0000,0x0000,0x0000,0x0000,0x0000,0x0000,0x0000,0x0000,0x0000,0x0000,0x0000,
  0x0000,0x0000,0x0000,0x0000,0x0000,0x0000,0x0000,0x0000,0x0000,0x0000,0x0000,0x0000,
  0x0000,0x0000,0x0000,0x0000,0x0000,0x0000,0x0000,0x0000,0x0000,0x0000,0x0000,0x0000,
  0x0000,0x0000,0x0000,0x0000,0x0000,0x0000,0x0000,0x0000,0x0000,0x0000,0x0000,0x0000,
  0x0000,0x0000,0x0000,0x0000,0x0000,0x0000,0x0000,0x0000,0x0000,0x0000,0x0000,0x0000,
  0x0000,0x0000,0x0000,0x0000,0x0000,0x0000,0x0000,0x0000,0x0000,0x0000,0x0000,0x0000,
  0x0000,0x0000,0x0000,0x0000,0x0000,0x0000,0x0000,0x0000,0x0000,0x0000,0x0000,0x0000,
  0x0000,0x0000,0x0000,0x0000,0x0000,0x0000,0x0000,0x0000,0x0000,0x0000,0x0000,0x0000,
  0x0000,0x0000,0x0000,0x0000,0x0000,0x0000,0x0000,0x0000,0x0000,0x0000,0x0000,0x0000,
  0x0000,0x0000,0x0000,0x0000,0x0000,0x0000,0x0000,0x0000,0x0000,0x0000,0x0000,0x0000,
  0x0000,0x0000,0x0000,0x0000,0x0000,0x0000,0x0000,0x0000,0x0000,0x0000,0x0000,0x0000,
  0x0000,0x0000,0x0000,0x0000,0x0000,0x0000,0x0000,0x0000,0x0000,0x0001,0x3044,0x5068,
  0x808A,0xA8AD,0x3826,0x1804,0x1824,0x0823,0x0822,0x28A5,0x0002,0x0002,0x0822,0x4929,
  0x1043,0x0001,0x0001,0x0001,0x0001,0x0001,0x0002,0x0022,0x0864,0x0002,0x0022,0x294C,
  0x0024,0x0003,0x0002,0x0845,0x0888,0x0002,0x0002,0x0822,0x410B,0x0022,0x0002,0x0002,
  0x0002,0x0001,0x0001,0x0002,0x0002,0x0002,0x0822,0x1865,0x20A6,0x0023,0x0003,0x0003,
  0x0844,0x0844,0x0003,0x0803,0x1004,0x2828,0x606B,0x586B,0x2044,0x0001,0x0001,0x0001,
  0x0001,0x0001,0x0001,0x0001,0x0000,0x0001,0x0000,0x0000,0x0000,0x0000,0x0000,0x0000,
  0x0000,0x0000,0x0000,0x0000,0x0000,0x0000,0x0000,0x0000,0x0000,0x0000,0x0000,0x0000,
  0x0000,0x0000,0x0000,0x0000,0x0000,0x0000,0x0000,0x0000,0x0000,0x0001,0x0000,0x0001,
  0x0000,0x0001,0x0000,0x0001,0x0000,0x0000,0x0000,0x0801,0x0000,0x0000,0x0000,0x0000,
  0x0000,0x0801,0x0000,0x0000,0x0000,0x0000,0x0000,0x0000,0x0000,0x0000,0x0000,0x0000,
  0x0000,0x0000,0x0000,0x0000,0x0000,0x0000,0x0000,0x0000,0x0000,0x0000,0x0000,0x0000,
  0x0000,0x0000,0x0000,0x0000,0x0000,0x0000,0x0000,0x0000,0x0000,0x0000,0x0000,0x0000,
  0x0000,0x0000,0x0000,0x0000,0x0000,0x0000,0x0000,0x0000,0x0000,0x0000,0x0000,0x0000,
  0x0000,0x0000,0x0000,0x0000,0x0000,0x0000,0x0000,0x0000,0x0000,0x0000,0x0000,0x0000,
  0x0000,0x0000,0x0000,0x0000,0x0000,0x0000,0x0000,0x0000,0x0000,0x0000,0x0000,0x0000,
  0x0000,0x0000,0x0000,0x0000,0x0000,0x0000,0x0000,0x0000,0x0000,0x0000,0x0000,0x0000,
  0x0000,0x0000,0x0000,0x0000,0x0000,0x0000,0x0000,0x0000,0x0000,0x0000,0x0000,0x0000,
  0x0000,0x0000,0x0000,0x0000,0x0000,0x0000,0x0000,0x0000,0x0000,0x0000,0x0000,0x0000,
  0x0000,0x0000,0x0000,0x0000,0x0000,0x0000,0x0000,0x0000,0x0000,0x0000,0x0000,0x0000,
  0x0000,0x0000,0x0000,0x0000,0x0000,0x0000,0x0000,0x0000,0x0000,0x0000,0x2844,0x4868,
  0x4827,0x6028,0x3025,0x2024,0x1823,0x0802,0x0802,0x0822,0x0802,0x0002,0x0002,0x2886,
  0x2064,0x0001,0x0001,0x0001,0x0001,0x0002,0x0002,0x0023,0x0002,0x0002,0x0002,0x310A,
  0x0023,0x0003,0x0003,0x0844,0x0003,0x0002,0x0002,0x0823,0x210B,0x0022,0x0002,0x0002,
  0x0002,0x0002,0x0001,0x0001,0x0001,0x0001,0x1023,0x38C7,0x1884,0x1865,0x0002,0x0003,
  0x0866,0x0002,0x0003,0x0803,0x1004,0x3828,0x78AD,0x588B,0x1823,0x0001,0x0001,0x0001,
  0x0001,0x0001,0x0001,0x0001,0x0000,0x0000,0x0000,0x0000,0x0000,0x0000,0x0000,0x0000,
  0x0000,0x0000,0x0000,0x0000,0x0000,0x0000,0x0000,0x0000,0x0000,0x0000,0x0000,0x0000,
  0x0000,0x0000,0x0000,0x0000,0x0000,0x0001,0x0001,0x0000,0x0000,0x0801,0x0801,0x0801,
  0x0801,0x0801,0x0801,0x0801,0x0000,0x0801,0x0001,0x0801,0x0000,0x0001,0x0801,0x0801,
  0x0801,0x0801,0x0801,0x0801,0x0801,0x0000,0x0000,0x0000,0x0000,0x0000,0x0000,0x0000,
  0x0000,0x0000,0x0000,0x0000,0x0000,0x0000,0x0000,0x0000,0x0000,0x0000,0x0000,0x0000,
  0x0000,0x0000,0x0000,0x0000,0x0000,0x0000,0x0000,0x0000,0x0000,0x0000,0x0000,0x0000,
  0x0000,0x0000,0x0000,0x0000,0x0000,0x0000,0x0000,0x0000,0x0000,0x0000,0x0000,0x0000,
  0x0000,0x0000,0x0000,0x0000,0x0000,0x0000,0x0000,0x0000,0x0000,0x0000,0x0000,0x0000,
  0x0000,0x0000,0x0000,0x0000,0x0000,0x0000,0x0000,0x0000,0x0000,0x0000,0x0000,0x0000,
  0x0000,0x0000,0x0000,0x0000,0x0000,0x0000,0x0000,0x0000,0x0000,0x0000,0x0000,0x0000,
  0x0000,0x0000,0x0000,0x0000,0x0000,0x0000,0x0000,0x0000,0x0000,0x0000,0x0000,0x0000,
  0x0000,0x0000,0x0000,0x0000,0x0000,0x0000,0x0000,0x0000,0x0000,0x0000,0x0000,0x0000,
  0x0000,0x0000,0x0000,0x0000,0x0000,0x0000,0x0000,0x0000,0x0000,0x0000,0x0000,0x0000,
  0x0000,0x0000,0x0000,0x0000,0x0000,0x0000,0x0000,0x0000,0x0000,0x0000,0x1823,0x4867,
  0x3847,0x4827,0x3826,0x4067,0x1023,0x0803,0x0803,0x0802,0x0802,0x0002,0x0002,0x30E8,
  0x2065,0x0001,0x0002,0x0002,0x0002,0x0823,0x0022,0x0844,0x0002,0x0002,0x0822,0x38A7,
  0x0003,0x0003,0x0844,0x0845,0x0003,0x0002,0x0002,0x0823,0x210B,0x0022,0x0002,0x0002,
  0x0002,0x0002,0x0001,0x0001,0x0001,0x0001,0x2064,0x0822,0x0002,0x20C7,0x0002,0x0866,
  0x0023,0x0002,0x0003,0x0803,0x1024,0x484A,0x708D,0x68AC,0x1022,0x0001,0x0001,0x0001,
  0x0001,0x0001,0x0001,0x0001,0x0000,0x0000,0x0000,0x0000,0x0000,0x0000,0x0000,0x0000,
  0x0000,0x0000,0x0000,0x0000,0x0000,0x0000,0x0000,0x0000,0x0000,0x0000,0x0000,0x0000,
  0x0000,0x0000,0x0000,0x0000,0x0000,0x0000,0x0000,0x0000,0x0000,0x0801,0x0001,0x0001,
  0x0801,0x0001,0x0001,0x0001,0x0000,0x0001,0x0001,0x0801,0x0000,0x0801,0x0801,0x0001,
  0x0001,0x0801,0x0801,0x0801,0x0801,0x0000,0x0000,0x0000,0x0000,0x0000,0x0000,0x0000,
  0x0000,0x0000,0x0000,0x0000,0x0000,0x0000,0x0000,0x0000,0x0000,0x0000,0x0000,0x0000,
  0x0000,0x0000,0x0000,0x0000,0x0000,0x0000,0x0000,0x0000,0x0000,0x0000,0x0000,0x0000,
  0x0000,0x0000,0x0000,0x0000,0x0000,0x0000,0x0000,0x0000,0x0000,0x0000,0x0000,0x0000,
  0x0000,0x0000,0x0000,0x0000,0x0000,0x0000,0x0000,0x0000,0x0000,0x0000,0x0000,0x0000,
  0x0000,0x0000,0x0000,0x0000,0x0000,0x0000,0x0000,0x0000,0x0000,0x0000,0x0000,0x0000,
  0x0000,0x0000,0x0000,0x0000,0x0000,0x0000,0x0000,0x0000,0x0000,0x0000,0x0000,0x0000,
  0x0000,0x0000,0x0000,0x0000,0x0000,0x0000,0x0000,0x0000,0x0000,0x0000,0x0000,0x0000,
  0x0000,0x0000,0x0000,0x0000,0x0000,0x0000,0x0000,0x0000,0x0000,0x0000,0x0000,0x0000,
  0x0000,0x0000,0x0000,0x0000,0x0000,0x0000,0x0000,0x0000,0x0000,0x0000,0x0000,0x0000,
  0x0000,0x0000,0x0000,0x0000,0x0000,0x0000,0x0000,0x0000,0x0000,0x0000,0x1001,0x4867,
  0x3867,0x4868,0x4847,0x3045,0x1023,0x1003,0x1003,0x0803,0x0803,0x0802,0x0002,0x2085,
  0x40E8,0x0002,0x0002,0x0002,0x0002,0x0002,0x0002,0x0002,0x0002,0x0002,0x3066,0x3065,
  0x0003,0x0003,0x0844,0x0023,0x0003,0x0003,0x0003,0x0823,0x190B,0x0022,0x0002,0x0002,
  0x0002,0x0002,0x0001,0x0001,0x0001,0x1823,0x2885,0x0002,0x0002,0x1044,0x1886,0x0044,
  0x0002,0x0002,0x0803,0x1824,0x1824,0x486A,0x608C,0x586A,0x0001,0x0001,0x0001,0x0001,
  0x0001,0x0001,0x0001,0x0001,0x0000,0x0000,0x0000,0x0000,0x0000,0x0000,0x0000,0x0000,
  0x0000,0x0000,0x0000,0x0000,0x0000,0x0000,0x0000,0x0000,0x0000,0x0000,0x0000,0x0000,
  0x0000,0x0000,0x0000,0x0000,0x0000,0x0000,0x0000,0x0000,0x0000,0x0000,0x0000,0x0000,
  0x0000,0x0000,0x0000,0x0000,0x0000,0x0000,0x0000,0x0000,0x0000,0x0000,0x0000,0x0000,
  0x0000,0x0000,0x0000,0x0000,0x0000,0x0000,0x0000,0x0000,0x0000,0x0000,0x0000,0x0000,
  0x0000,0x0000,0x0000,0x0000,0x0000,0x0000,0x0000,0x0000,0x0000,0x0000,0x0000,0x0000,
  0x0000,0x0000,0x0000,0x0000,0x0000,0x0000,0x0000,0x0000,0x0000,0x0000,0x0000,0x0000,
  0x0000,0x0000,0x0000,0x0000,0x0000,0x0000,0x0000,0x0000,0x0000,0x0000,0x0000,0x0000,
  0x0000,0x0000,0x0000,0x0000,0x0000,0x0000,0x0000,0x0000,0x0000,0x0000,0x0000,0x0000,
  0x0000,0x0000,0x0000,0x0000,0x0000,0x0000,0x0000,0x0000,0x0000,0x0000,0x0000,0x0000,
  0x0000,0x0000,0x0000,0x0000,0x0000,0x0000,0x0000,0x0000,0x0000,0x0000,0x0000,0x0000,
  0x0000,0x0000,0x0000,0x0000,0x0000,0x0000,0x0000,0x0000,0x0000,0x0000,0x0000,0x0000,
  0x0000,0x0000,0x0000,0x0000,0x0000,0x0000,0x0000,0x0000,0x0000,0x0000,0x0000,0x0000,
  0x0000,0x0000,0x0000,0x0000,0x0000,0x0000,0x0000,0x0000,0x0000,0x0000,0x0000,0x0000,
  0x0000,0x0000,0x0000,0x0000,0x0000,0x0000,0x0000,0x0000,0x0000,0x0001,0x0001,0x4867,
  0x3846,0x3845,0x706A,0x3026,0x1824,0x1824,0x3065,0x1003,0x1003,0x1844,0x0803,0x0803,
  0x494A,0x0823,0x0002,0x0002,0x0002,0x0002,0x0002,0x0002,0x0002,0x0022,0x60C9,0x3086,
  0x0003,0x0003,0x1086,0x0824,0x0003,0x0004,0x0023,0x1045,0x210B,0x0022,0x0002,0x0002,
  0x0002,0x0002,0x0001,0x0001,0x0802,0x38A6,0x0822,0x0002,0x0002,0x0002,0x20C8,0x0002,
  0x0002,0x0002,0x0803,0x2845,0x2025,0x3827,0x4828,0x4067,0x0001,0x0001,0x0001,0x0001,
  0x0001,0x0001,0x0001,0x0000,0x0000,0x0000,0x0000,0x0000,0x0000,0x0000,0x0000,0x0000,
  0x0000,0x0000,0x0000,0x0000,0x0000,0x0000,0x0000,0x0000,0x0000,0x0000,0x0000,0x0000,
  0x0000,0x0000,0x0000,0x0000,0x0000,0x0000,0x0000,0x0000,0x0000,0x0000,0x0000,0x0000,
  0x0000,0x0000,0x0000,0x0000,0x0000,0x0000,0x0000,0x0000,0x0000,0x0000,0x0000,0x0000,
  0x0000,0x0000,0x0000,0x0000,0x0000,0x0000,0x0000,0x0000,0x0000,0x0000,0x0000,0x0000,
  0x0000,0x0000,0x0000,0x0000,0x0000,0x0000,0x0000,0x0000,0x0000,0x0000,0x0000,0x0000,
  0x0000,0x0000,0x0000,0x0000,0x0000,0x0000,0x0000,0x0000,0x0000,0x0000,0x0000,0x0000,
  0x0000,0x0000,0x0000,0x0000,0x0000,0x0000,0x0000,0x0000,0x0000,0x0000,0x0000,0x0000,
  0x0000,0x0000,0x0000,0x0000,0x0000,0x0000,0x0000,0x0000,0x0000,0x0000,0x0000,0x0000,
  0x0000,0x0000,0x0000,0x0000,0x0000,0x0000,0x0000,0x0000,0x0000,0x0000,0x0000,0x0000,
  0x0000,0x0000,0x0000,0x0000,0x0000,0x0000,0x0000,0x0000,0x0000,0x0000,0x0000,0x0000,
  0x0000,0x0000,0x0000,0x0000,0x0000,0x0000,0x0000,0x0000,0x0000,0x0000,0x0000,0x0000,
  0x0000,0x0000,0x0000,0x0000,0x0000,0x0000,0x0000,0x0000,0x0000,0x0000,0x0000,0x0000,
  0x0000,0x0000,0x0000,0x0000,0x0000,0x0000,0x0000,0x0000,0x0000,0x0000,0x0000,0x0000,
  0x0000,0x0000,0x0000,0x0000,0x0000,0x0000,0x0000,0x0000,0x0000,0x0000,0x0001,0x3045,
  0x5048,0x3045,0xA0CE,0x5848,0x2025,0x2025,0x2024,0x3045,0x1824,0x2004,0x2024,0x1824,
  0x514B,0x20C9,0x0024,0x0002,0x0002,0x0002,0x0865,0x0002,0x0002,0x0823,0x792C,0x1088,
  0x0867,0x0845,0x0025,0x0846,0x18EA,0x0025,0x0024,0x1088,0x190B,0x0002,0x0002,0x0002,
  0x0002,0x0002,0x0002,0x0802,0x2044,0x2886,0x0003,0x0002,0x0002,0x0844,0x1865,0x0822,
  0x0002,0x0802,0x1003,0x3846,0x2826,0x3047,0x5049,0x2044,0x0001,0x0001,0x0001,0x0001,
  0x0001,0x0001,0x0001,0x0000,0x0000,0x0000,0x0000,0x0000,0x0000,0x0000,0x0000,0x0000,
  0x0000,0x0000,0x0000,0x0000,0x0000,0x0000,0x0000,0x0000,0x0000,0x0000,0x0000,0x0000,
  0x0000,0x0000,0x0000,0x0000,0x0000,0x0000,0x0000,0x0000,0x0000,0x0801,0x0000,0x0000,
  0x0001,0x0000,0x0001,0x0001,0x0000,0x0001,0x0000,0x0801,0x0001,0x0801,0x0801,0x0000,
  0x0000,0x0000,0x0000,0x0000,0x0000,0x0000,0x0000,0x0000,0x0000,0x0000,0x0000,0x0000,
  0x0000,0x0000,0x0000,0x0000,0x0000,0x0000,0x0000,0x0000,0x0000,0x0000,0x0000,0x0000,
  0x0000,0x0000,0x0000,0x0000,0x0000,0x0000,0x0000,0x0000,0x0000,0x0000,0x0000,0x0000,
  0x0000,0x0000,0x0000,0x0000,0x0000,0x0000,0x0000,0x0000,0x0000,0x0000,0x0000,0x0000,
  0x0000,0x0000,0x0000,0x0000,0x0000,0x0000,0x0000,0x0000,0x0000,0x0000,0x0000,0x0000,
  0x0000,0x0000,0x0000,0x0000,0x0000,0x0000,0x0000,0x0000,0x0000,0x0000,0x0000,0x0000,
  0x0000,0x0000,0x0000,0x0000,0x0000,0x0000,0x0000,0x0000,0x0000,0x0000,0x0000,0x0000,
  0x0000,0x0000,0x0000,0x0000,0x0000,0x0000,0x0000,0x0000,0x0000,0x0000,0x0000,0x0000,
  0x0000,0x0000,0x0000,0x0000,0x0000,0x0000,0x0000,0x0000,0x0000,0x0000,0x0000,0x0000,
  0x0000,0x0000,0x0000,0x0000,0x0000,0x0000,0x0000,0x0000,0x0000,0x0000,0x0000,0x0000,
  0x0000,0x0000,0x0000,0x0000,0x0000,0x0000,0x0000,0x0000,0x0000,0x0000,0x0001,0x1021,
  0x6068,0x4847,0x5068,0x5028,0x3026,0x3847,0x2825,0x3826,0x4027,0x3026,0x58AA,0x2026,
  0x2089,0x2A92,0x118E,0x0046,0x0045,0x0067,0x0088,0x0067,0x0046,0x1046,0x492D,0x0069,
  0x0048,0x0048,0x0047,0x0889,0x0889,0x0048,0x0047,0x10A9,0x190B,0x0025,0x0025,0x0024,
  0x0004,0x0003,0x0803,0x2066,0x2066,0x1066,0x0888,0x0845,0x1066,0x0803,0x0803,0x2865,
  0x0802,0x1002,0x2025,0x3046,0x4889,0x4848,0x5089,0x0001,0x0001,0x0001,0x0001,0x0001,
  0x0001,0x0001,0x0001,0x0000,0x0000,0x0000,0x0000,0x0000,0x0000,0x0000,0x0000,0x0000,
  0x0000,0x0000,0x0000,0x0000,0x0000,0x0000,0x0000,0x0000,0x0000,0x0000,0x0000,0x0000,
  0x0000,0x0000,0x0000,0x0000,0x0000,0x0021,0x0001,0x0000,0x0000,0x0801,0x0801,0x0801,
  0x0801,0x0801,0x0801,0x0801,0x0801,0x0801,0x0801,0x0801,0x0801,0x0801,0x0801,0x0801,
  0x0000,0x0000,0x0000,0x0000,0x0000,0x0000,0x0000,0x0000,0x0000,0x0000,0x0000,0x0000,
  0x0000,0x0000,0x0000,0x0000,0x0000,0x0000,0x0000,0x0000,0x0000,0x0000,0x0000,0x0000,
  0x0000,0x0000,0x0000,0x0000,0x0000,0x0000,0x0000,0x0000,0x0000,0x0000,0x0000,0x0000,
  0x0000,0x0000,0x0000,0x0000,0x0000,0x0000,0x0000,0x0000,0x0000,0x0000,0x0000,0x0000,
  0x0000,0x0000,0x0000,0x0000,0x0000,0x0000,0x0000,0x0000,0x0000,0x0000,0x0000,0x0000,
  0x0000,0x0000,0x0000,0x0000,0x0000,0x0000,0x0000,0x0000,0x0000,0x0000,0x0000,0x0000,
  0x0000,0x0000,0x0000,0x0000,0x0000,0x0000,0x0000,0x0000,0x0000,0x0000,0x0000,0x0000,
  0x0000,0x0000,0x0000,0x0000,0x0000,0x0000,0x0000,0x0000,0x0000,0x0000,0x0000,0x0000,
  0x0000,0x0000,0x0000,0x0000,0x0000,0x0000,0x0000,0x0000,0x0000,0x0000,0x0000,0x0000,
  0x0000,0x0000,0x0000,0x0000,0x0000,0x0000,0x0000,0x0000,0x0000,0x0000,0x0000,0x0000,
  0x0000,0x0000,0x0000,0x0000,0x0000,0x0000,0x0000,0x0000,0x0000,0x0000,0x0001,0x0001,
  0x3866,0x706A,0x4046,0x3847,0x3827,0x4848,0x5869,0x78AB,0x788B,0x708B,0x48AB,0x10CD,
  0x08CD,0x11F3,0x0235,0x0171,0x010F,0x012F,0x008A,0x0048,0x0027,0x1047,0x20CC,0x0048,
  0x0048,0x0027,0x0027,0x1048,0x1888,0x0027,0x0027,0x0847,0x18EB,0x0025,0x0004,0x0005,
  0x0025,0x1047,0x3068,0x3068,0x3089,0x08CC,0x0150,0x08EC,0x1827,0x1805,0x2025,0x4067,
  0x3025,0x4026,0x3046,0x2826,0x4048,0x6049,0x2845,0x0001,0x0001,0x0001,0x0001,0x0001,
  0x0001,0x0001,0x0001,0x0000,0x0000,0x0000,0x0000,0x0000,0x0000,0x0000,0x0000,0x0000,
  0x0000,0x0000,0x0000,0x0000,0x0000,0x0000,0x0000,0x0000,0x0000,0x0000,0x0000,0x0000,
  0x0000,0x0000,0x0000,0x0000,0x0000,0x0000,0x0000,0x0000,0x0000,0x0801,0x0000,0x0801,
  0x0801,0x0001,0x0001,0x0001,0x0000,0x0801,0x0001,0x0801,0x0000,0x0001,0x0801,0x0001,
  0x0000,0x0000,0x0000,0x0000,0x0000,0x0000,0x0000,0x0000,0x0000,0x0000,0x0000,0x0000,
  0x0000,0x0000,0x0000,0x0000,0x0000,0x0000,0x0000,0x0000,0x0000,0x0000,0x0000,0x0000,
  0x0000,0x0000,0x0000,0x0000,0x0000,0x0000,0x0000,0x0000,0x0000,0x0000,0x0000,0x0000,
  0x0000,0x0000,0x0000,0x0000,0x0000,0x0000,0x0000,0x0000,0x0000,0x0000,0x0000,0x0000,
  0x0000,0x0000,0x0000,0x0000,0x0000,0x0000,0x0000,0x0000,0x0000,0x0000,0x0000,0x0000,
  0x0000,0x0000,0x0000,0x0000,0x0000,0x0000,0x0000,0x0000,0x0000,0x0000,0x0000,0x0000,
  0x0000,0x0000,0x0000,0x0000,0x0000,0x0000,0x0000,0x0000,0x0000,0x0000,0x0000,0x0000,
  0x0000,0x0000,0x0000,0x0000,0x0000,0x0000,0x0000,0x0000,0x0000,0x0000,0x0000,0x0000,
  0x0000,0x0000,0x0000,0x0000,0x0000,0x0000,0x0000,0x0000,0x0000,0x0000,0x0000,0x0000,
  0x0000,0x0000,0x0000,0x0000,0x0000,0x0000,0x0000,0x0000,0x0000,0x0000,0x0000,0x0000,
  0x0000,0x0000,0x0000,0x0000,0x0000,0x0000,0x0000,0x0000,0x0000,0x0000,0x0001,0x0001,
  0x0821,0x688A,0x706A,0x3826,0x4047,0xA8CF,0x688B,0xC296,0x9193,0x5953,0x4172,0x08AE,
  0x00AD,0x190D,0x08CC,0x0069,0x0048,0x0047,0x0026,0x0026,0x0025,0x0826,0x18AA,0x0026,
  0x0026,0x0005,0x0025,0x1847,0x28A9,0x0005,0x0005,0x0826,0x18EB,0x0024,0x0025,0x0005,
  0x0825,0x1825,0x4888,0x2847,0x30AA,0x008B,0x00AC,0x088A,0x1849,0x2828,0x3828,0x6049,
  0x88EC,0x4868,0x2846,0x3027,0x684A,0x4888,0x0001,0x0001,0x0001,0x0001,0x0001,0x0001,
  0x0001,0x0001,0x0001,0x0000,0x0000,0x0000,0x0000,0x0000,0x0000,0x0000,0x0000,0x0000,
  0x0000,0x0000,0x0000,0x0000,0x0000,0x0000,0x0000,0x0000,0x0000,0x0000,0x0000,0x0000,
  0x0000,0x0000,0x0000,0x0000,0x0000,0x0000,0x0000,0x0000,0x0000,0x0000,0x0000,0x0000,
  0x0000,0x0000,0x0000,0x0000,0x0000,0x0000,0x0000,0x0000,0x0000,0x0000,0x0000,0x0000,
  0x0000,0x0000,0x0000,0x0000,0x0000,0x0000,0x0000,0x0000,0x0000,0x0000,0x0000,0x0000,
  0x0000,0x0000,0x0000,0x0000,0x0000,0x0000,0x0000,0x0000,0x0000,0x0000,0x0000,0x0000,
  0x0000,0x0000,0x0000,0x0000,0x0000,0x0000,0x0000,0x0000,0x0000,0x0000,0x0000,0x0000,
  0x0000,0x0000,0x0000,0x0000,0x0000,0x0000,0x0000,0x0000,0x0000,0x0000,0x0000,0x0000,
  0x0000,0x0000,0x0000,0x0000,0x0000,0x0000,0x0000,0x0000,0x0000,0x0000,0x0000,0x0000,
  0x0000,0x0000,0x0000,0x0000,0x0000,0x0000,0x0000,0x0000,0x0000,0x0000,0x0000,0x0000,
  0x0000,0x0000,0x0000,0x0000,0x0000,0x0000,0x0000,0x0000,0x0000,0x0000,0x0000,0x0000,
  0x0000,0x0000,0x0000,0x0000,0x0000,0x0000,0x0000,0x0000,0x0000,0x0000,0x0000,0x0000,
  0x0000,0x0000,0x0000,0x0000,0x0000,0x0000,0x0000,0x0000,0x0000,0x0000,0x0000,0x0000,
  0x0000,0x0000,0x0000,0x0000,0x0000,0x0000,0x0000,0x0000,0x0000,0x0000,0x0000,0x0000,
  0x0000,0x0000,0x0000,0x0000,0x0000,0x0000,0x0000,0x0000,0x0000,0x0000,0x0001,0x0001,
  0x0001,0x1022,0x78AB,0x7049,0x6869,0xE1B4,0x608C,0x1972,0x2297,0x0910,0x08AD,0x084A,
  0x0848,0x20C9,0x1088,0x0025,0x0025,0x0825,0x0825,0x0825,0x0824,0x1045,0x2068,0x0825,
  0x0825,0x0825,0x0825,0x1046,0x1046,0x0825,0x0825,0x1046,0x18CA,0x0046,0x0887,0x0866,
  0x0825,0x1825,0x3026,0x3847,0x3048,0x0027,0x0027,0x0827,0x1049,0x188A,0x2828,0x3048,
  0x78CC,0x80AB,0x4048,0x686A,0x60AA,0x0822,0x0001,0x0001,0x0001,0x0001,0x0001,0x0001,
  0x0001,0x0001,0x0001,0x0000,0x0000,0x0000,0x0000,0x0000,0x0000,0x0000,0x0000,0x0000,
  0x0000,0x0000,0x0000,0x0000,0x0000,0x0000,0x0000,0x0000,0x0000,0x0000,0x0000,0x0000,
  0x0000,0x0000,0x0000,0x0000,0x0000,0x0000,0x0000,0x0000,0x0000,0x0000,0x0000,0x0000,
  0x0000,0x0000,0x0000,0x0000,0x0000,0x0000,0x0000,0x0001,0x0000,0x0000,0x0000,0x0000,
  0x0000,0x0000,0x0000,0x0000,0x0000,0x0000,0x0000,0x0000,0x0000,0x0000,0x0000,0x0000,
  0x0000,0x0000,0x0000,0x0000,0x0000,0x0000,0x0000,0x0000,0x0000,0x0000,0x0000,0x0000,
  0x0000,0x0000,0x0000,0x0000,0x0000,0x0000,0x0000,0x0000,0x0000,0x0000,0x0000,0x0000,
  0x0000,0x0000,0x0000,0x0000,0x0000,0x0000,0x0000,0x0000,0x0000,0x0000,0x0000,0x0000,
  0x0000,0x0000,0x0000,0x0000,0x0000,0x0000,0x0000,0x0000,0x0000,0x0000,0x0000,0x0000,
  0x0000,0x0000,0x0000,0x0000,0x0000,0x0000,0x0000,0x0000,0x0000,0x0000,0x0000,0x0000,
  0x0000,0x0000,0x0000,0x0000,0x0000,0x0000,0x0000,0x0000,0x0000,0x0000,0x0000,0x0000,
  0x0000,0x0000,0x0000,0x0000,0x0000,0x0000,0x0000,0x0000,0x0000,0x0000,0x0000,0x0000,
  0x0000,0x0000,0x0000,0x0000,0x0000,0x0000,0x0000,0x0000,0x0000,0x0000,0x0000,0x0000,
  0x0000,0x0000,0x0000,0x0000,0x0000,0x0000,0x0000,0x0000,0x0000,0x0000,0x0000,0x0000,
  0x0000,0x0000,0x0000,0x0000,0x0000,0x0000,0x0000,0x0000,0x0000,0x0000,0x0001,0x0001,
  0x0001,0x0001,0x1823,0x90AB,0xA10D,0x98EC,0x88EF,0x1931,0x0236,0x1C58,0x0AF5,0x0910,
  0x08CE,0x18AC,0x314D,0x310C,0x20AA,0x2889,0x690C,0x714C,0x50CB,0x408A,0x3048,0x3048,
  0x58CA,0x68AA,0x5028,0x2847,0x1846,0x60CB,0x58AA,0x1868,0x18EC,0x110C,0x21CF,0x18A9,
  0x2826,0x3826,0x3847,0x4848,0x4068,0x0826,0x0006,0x0026,0x0827,0x10AB,0x2027,0x3848,
  0x994E,0x98CD,0x88ED,0x68AA,0x1023,0x0001,0x0001,0x0001,0x0001,0x0001,0x0001,0x0001,
  0x0001,0x0001,0x0000,0x0000,0x0000,0x0000,0x0000,0x0000,0x0000,0x0000,0x0000,0x0000,
  0x0000,0x0000,0x0000,0x0000,0x0000,0x0000,0x0000,0x0000,0x0000,0x0000,0x0000,0x0000,
  0x0000,0x0000,0x0000,0x0000,0x0000,0x0001,0x0000,0x0000,0x0000,0x0801,0x0801,0x0801,
  0x0801,0x0801,0x0801,0x0801,0x0801,0x0801,0x0801,0x0801,0x0801,0x0001,0x0801,0x0801,
  0x0001,0x0000,0x0000,0x0000,0x0000,0x0801,0x0801,0x0000,0x0801,0x0000,0x0000,0x0801,
  0x0801,0x0801,0x0001,0x0000,0x0000,0x0001,0x0801,0x0801,0x0801,0x0801,0x0801,0x0000,
  0x0000,0x0000,0x0000,0x0000,0x0000,0x0000,0x0000,0x0000,0x0000,0x0000,0x0000,0x0000,
  0x0000,0x0000,0x0000,0x0000,0x0000,0x0000,0x0000,0x0000,0x0000,0x0000,0x0000,0x0000,
  0x0000,0x0000,0x0000,0x0000,0x0000,0x0000,0x0000,0x0000,0x0000,0x0000,0x0000,0x0000,
  0x0000,0x0000,0x0000,0x0000,0x0000,0x0000,0x0000,0x0000,0x0000,0x0000,0x0000,0x0000,
  0x0000,0x0000,0x0000,0x0000,0x0000,0x0000,0x0000,0x0000,0x0000,0x0000,0x0000,0x0000,
  0x0000,0x0000,0x0000,0x0000,0x0000,0x0000,0x0000,0x0000,0x0000,0x0000,0x0000,0x0000,
  0x0000,0x0000,0x0000,0x0000,0x0000,0x0000,0x0000,0x0000,0x0000,0x0000,0x0000,0x0000,
  0x0000,0x0000,0x0000,0x0000,0x0000,0x0000,0x0000,0x0000,0x0000,0x0000,0x0000,0x0000,
  0x0000,0x0000,0x0000,0x0000,0x0000,0x0000,0x0000,0x0000,0x0000,0x0000,0x0000,0x0001,
  0x0001,0x0001,0x2884,0x990B,0x908A,0x88AA,0x788B,0x48EE,0x2150,0x19D2,0x190F,0x288C,
  0x288B,0x306A,0x308A,0x2068,0x1047,0x0826,0x0826,0x0826,0x0826,0x2088,0x1826,0x0825,
  0x1025,0x1825,0x4067,0x1826,0x1046,0x1005,0x0825,0x1046,0x3889,0x1846,0x1847,0x5888,
  0xA0EA,0xA0AA,0x8069,0x5828,0x3027,0x1026,0x0826,0x0826,0x1026,0x1827,0x2026,0x4047,
  0x78AA,0x588A,0x70CC,0x60CA,0x0001,0x0001,0x0001,0x0001,0x0001,0x0001,0x0001,0x0001,
  0x0001,0x0001,0x0000,0x0000,0x0000,0x0000,0x0000,0x0000,0x0000,0x0000,0x0000,0x0000,
  0x0000,0x0000,0x0000,0x0000,0x0000,0x0000,0x0000,0x0000,0x0000,0x0000,0x0000,0x0000,
  0x0000,0x0000,0x0000,0x0000,0x0000,0x0001,0x0021,0x0000,0x0000,0x0801,0x0801,0x0801,
  0x0801,0x0801,0x0801,0x0801,0x0801,0x0801,0x0801,0x0801,0x0801,0x0801,0x0801,0x0801,
  0x0001,0x0000,0x0000,0x0000,0x0000,0x0801,0x0801,0x0001,0x0801,0x0000,0x0000,0x0801,
  0x0801,0x0801,0x0801,0x0000,0x0000,0x0000,0x0801,0x0801,0x0801,0x0801,0x0801,0x0000,
  0x0000,0x0000,0x0000,0x0000,0x0000,0x0000,0x0000,0x0000,0x0000,0x0000,0x0000,0x0000,
  0x0000,0x0000,0x0000,0x0000,0x0000,0x0000,0x0000,0x0000,0x0000,0x0000,0x0000,0x0000,
  0x0000,0x0000,0x0000,0x0000,0x0000,0x0000,0x0000,0x0000,0x0000,0x0000,0x0000,0x0000,
  0x0000,0x0000,0x0000,0x0000,0x0000,0x0000,0x0000,0x0000,0x0000,0x0000,0x0000,0x0000,
  0x0000,0x0000,0x0000,0x0000,0x0000,0x0000,0x0000,0x0000,0x0000,0x0000,0x0000,0x0000,
  0x0000,0x0000,0x0000,0x0000,0x0000,0x0000,0x0000,0x0000,0x0000,0x0000,0x0000,0x0000,
  0x0000,0x0000,0x0000,0x0000,0x0000,0x0000,0x0000,0x0000,0x0000,0x0000,0x0000,0x0000,
  0x0000,0x0000,0x0000,0x0000,0x0000,0x0000,0x0000,0x0000,0x0000,0x0000,0x0000,0x0000,
  0x0000,0x0000,0x0000,0x0000,0x0000,0x0000,0x0000,0x0000,0x0000,0x0000,0x0000,0x0000,
  0x0000,0x0001,0x0801,0x3043,0x58A7,0x7909,0x790A,0x810A,0x790A,0x690A,0x50C9,0x3887,
  0x2846,0x1825,0x1024,0x1024,0x0824,0x0823,0x0824,0x0824,0x1044,0x1865,0x1024,0x0803,
  0x0803,0x0803,0x0824,0x0825,0x0825,0x0846,0x0866,0x2088,0x390B,0x10EA,0x18EA,0x212B,
  0x316C,0x398D,0x39CD,0x31EE,0x2A0E,0x2A4D,0x326E,0x326E,0x326E,0x326E,0x3A2E,0x49CE,
  0x598E,0x612D,0x68AC,0x3065,0x0021,0x0001,0x0001,0x0001,0x0001,0x0001,0x0001,0x0001,
  0x0001,0x0000,0x0000,0x0000,0x0000,0x0000,0x0000,0x0000,0x0000,0x0000,0x0000,0x0000,
  0x0000,0x0000,0x0000,0x0000,0x0000,0x0000,0x0000,0x0000,0x0000,0x0000,0x0000,0x0000,
  0x0000,0x0000,0x0000,0x0000,0x0000,0x0000,0x0000,0x0000,0x0000,0x0000,0x0000,0x0000,
  0x0000,0x0000,0x0000,0x0000,0x0000,0x0000,0x0000,0x0000,0x0000,0x0000,0x0000,0x0000,
  0x0000,0x0000,0x0000,0x0000,0x0000,0x0000,0x0000,0x0000,0x0000,0x0000,0x0000,0x0000,
  0x0000,0x0000,0x0000,0x0000,0x0000,0x0000,0x0801,0x0000,0x0000,0x0000,0x0000,0x0000,
  0x0000,0x0000,0x0000,0x0000,0x0000,0x0000,0x0000,0x0000,0x0000,0x0000,0x0000,0x0000,
  0x0000,0x0000,0x0000,0x0000,0x0000,0x0000,0x0000,0x0000,0x0000,0x0000,0x0000,0x0000,
  0x0000,0x0000,0x0000,0x0000,0x0000,0x0000,0x0000,0x0000,0x0000,0x0000,0x0000,0x0000,
  0x0000,0x0000,0x0000,0x0000,0x0000,0x0000,0x0000,0x0000,0x0000,0x0000,0x0000,0x0000,
  0x0000,0x0000,0x0000,0x0000,0x0000,0x0000,0x0000,0x0000,0x0000,0x0000,0x0000,0x0000,
  0x0000,0x0000,0x0000,0x0000,0x0000,0x0000,0x0000,0x0000,0x0000,0x0000,0x0000,0x0000,
  0x0000,0x0000,0x0000,0x0000,0x0000,0x0000,0x0000,0x0000,0x0000,0x0000,0x0000,0x0000,
  0x0000,0x0000,0x0000,0x0000,0x0000,0x0000,0x0000,0x0000,0x0000,0x0000,0x0000,0x0000,
  0x0000,0x0000,0x0000,0x0000,0x0000,0x0000,0x0000,0x0000,0x0000,0x0000,0x0000,0x0000,
  0x0000,0x0000,0x0001,0x0801,0x3043,0x2023,0x4864,0x68E7,0x70C7,0x68A7,0x6887,0x6087,
  0x60A7,0x58C7,0x50C7,0x50E7,0x50E7,0x50C7,0x40A7,0x38A6,0x30A6,0x20A6,0x1885,0x1885,
  0x1085,0x0864,0x0865,0x0886,0x08C7,0x1109,0x114A,0x116B,0x11AB,0x19CC,0x19EC,0x21EC,
  0x220C,0x220D,0x220D,0x2A2D,0x2A2D,0x2A4E,0x2A4E,0x2A6E,0x3A8F,0x4A8F,0x51AD,0x48E9,
  0x3066,0x2024,0x2023,0x0021,0x0001,0x0001,0x0001,0x0001,0x0001,0x0001,0x0001,0x0001,
  0x0001,0x0000,0x0000,0x0000,0x0000,0x0000,0x0000,0x0000,0x0000,0x0000,0x0000,0x0000,
  0x0000,0x0000,0x0000,0x0000,0x0000,0x0000,0x0000,0x0000,0x0000,0x0000,0x0000,0x0000,
  0x0000,0x0000,0x0000,0x0000,0x0000,0x0000,0x0000,0x0000,0x0000,0x0000,0x0000,0x0000,
  0x0000,0x0000,0x0000,0x0000,0x0000,0x0000,0x0000,0x0000,0x0000,0x0000,0x0000,0x0000,
  0x0000,0x0000,0x0000,0x0000,0x0000,0x0000,0x0000,0x0000,0x0000,0x0000,0x0000,0x0000,
  0x0000,0x0000,0x0000,0x0000,0x0000,0x0000,0x0000,0x0000,0x0000,0x0000,0x0000,0x0000,
  0x0000,0x0000,0x0000,0x0000,0x0000,0x0000,0x0000,0x0000,0x0000,0x0000,0x0000,0x0000,
  0x0000,0x0000,0x0000,0x0000,0x0000,0x0000,0x0000,0x0000,0x0000,0x0000,0x0000,0x0000,
  0x0000,0x0000,0x0000,0x0000,0x0000,0x0000,0x0000,0x0000,0x0000,0x0000,0x0000,0x0000,
  0x0000,0x0000,0x0000,0x0000,0x0000,0x0000,0x0000,0x0000,0x0000,0x0000,0x0000,0x0000,
  0x0000,0x0000,0x0000,0x0000,0x0000,0x0000,0x0000,0x0000,0x0000,0x0000,0x0000,0x0000,
  0x0000,0x0000,0x0000,0x0000,0x0000,0x0000,0x0000,0x0000,0x0000,0x0000,0x0000,0x0000,
  0x0000,0x0000,0x0000,0x0000,0x0000,0x0000,0x0000,0x0000,0x0000,0x0000,0x0000,0x0000,
  0x0000,0x0000,0x0000,0x0000,0x0000,0x0000,0x0000,0x0000,0x0000,0x0000,0x0000,0x0000,
  0x0000,0x0000,0x0000,0x0000,0x0000,0x0000,0x0000,0x0000,0x0000,0x0000,0x0000,0x0000,
  0x0000,0x0000,0x0000,0x1021,0x3844,0x2003,0x6866,0x4824,0x8128,0x6866,0x5045,0x3823,
  0x2823,0x2023,0x2023,0x2843,0x3865,0x7109,0x68C8,0x4065,0x2043,0x1823,0x1823,0x1023,
  0x1022,0x1022,0x0822,0x0822,0x0822,0x0021,0x0001,0x0001,0x0001,0x0001,0x0002,0x0002,
  0x0002,0x0002,0x0003,0x0023,0x0044,0x0024,0x0025,0x0067,0x094C,0x08A9,0x1826,0x4807,
  0x3825,0x2825,0x2825,0x0001,0x0001,0x0001,0x0001,0x0001,0x0001,0x0001,0x0001,0x0000,
  0x0000,0x0000,0x0000,0x0000,0x0000,0x0000,0x0000,0x0000,0x0000,0x0000,0x0000,0x0000,
  0x0000,0x0000,0x0000,0x0000,0x0000,0x0000,0x0000,0x0000,0x0000,0x0000,0x0000,0x0000,
  0x0000,0x0000,0x0000,0x0000,0x0000,0x0000,0x0000,0x0000,0x0000,0x0000,0x0000,0x0000,
  0x0000,0x0000,0x0000,0x0000,0x0000,0x0000,0x0000,0x0000,0x0000,0x0000,0x0000,0x0000,
  0x0000,0x0000,0x0000,0x0000,0x0000,0x0000,0x0000,0x0000,0x0000,0x0000,0x0000,0x0000,
  0x0000,0x0000,0x0000,0x0000,0x0000,0x0000,0x0000,0x0000,0x0000,0x0000,0x0000,0x0000,
  0x0000,0x0000,0x0000,0x0000,0x0000,0x0000,0x0000,0x0000,0x0000,0x0000,0x0000,0x0000,
  0x0000,0x0000,0x0000,0x0000,0x0000,0x0000,0x0000,0x0000,0x0000,0x0000,0x0000,0x0000,
  0x0000,0x0000,0x0000,0x0000,0x0000,0x0000,0x0000,0x0000,0x0000,0x0000,0x0000,0x0000,
  0x0000,0x0000,0x0000,0x0000,0x0000,0x0000,0x0000,0x0000,0x0000,0x0000,0x0000,0x0000,
  0x0000,0x0000,0x0000,0x0000,0x0000,0x0000,0x0000,0x0000,0x0000,0x0000,0x0000,0x0000,
  0x0000,0x0000,0x0000,0x0000,0x0000,0x0000,0x0000,0x0000,0x0000,0x0000,0x0000,0x0000,
  0x0000,0x0000,0x0000,0x0000,0x0000,0x0000,0x0000,0x0000,0x0000,0x0000,0x0000,0x0000,
  0x0000,0x0000,0x0000,0x0000,0x0000,0x0000,0x0000,0x0000,0x0000,0x0000,0x0000,0x0000,
  0x0000,0x0000,0x0000,0x0000,0x0000,0x0000,0x0000,0x0000,0x0000,0x0000,0x0000,0x0000,
  0x0000,0x0000,0x0000,0x1021,0x3844,0x2803,0x7067,0x4824,0xCA6E,0xA889,0xA88A,0x6026,
  0x4024,0x5846,0x2003,0x1002,0x0802,0x0801,0x0821,0x0001,0x0001,0x0001,0x0001,0x0001,
  0x0001,0x0001,0x0001,0x0001,0x0001,0x0001,0x0001,0x0001,0x0002,0x0002,0x0023,0x0024,
  0x0045,0x0045,0x0045,0x00A8,0x016E,0x0088,0x0068,0x00AA,0x0295,0x00CD,0x1028,0x5008,
  0x3826,0x3025,0x2825,0x0001,0x0001,0x0001,0x0001,0x0001,0x0001,0x0001,0x0001,0x0001,
  0x0001,0x0000,0x0000,0x0000,0x0000,0x0000,0x0000,0x0000,0x0000,0x0000,0x0000,0x0000,
  0x0000,0x0000,0x0000,0x0000,0x0000,0x0000,0x0000,0x0000,0x0000,0x0000,0x0000,0x0000,
  0x0000,0x0000,0x0000,0x0000,0x0000,0x0000,0x0001,0x0000,0x0000,0x0801,0x0801,0x0801,
  0x0801,0x0801,0x0802,0x0801,0x0801,0x0801,0x0000,0x0000,0x0000,0x0000,0x0801,0x0801,
  0x0801,0x0801,0x0801,0x0801,0x0801,0x0801,0x0801,0x0801,0x0801,0x0001,0x0000,0x0000,
  0x0000,0x0000,0x0000,0x0000,0x0000,0x0000,0x0000,0x0000,0x0000,0x0000,0x0000,0x0000,
  0x0000,0x0000,0x0000,0x0000,0x0000,0x0000,0x0000,0x0000,0x0000,0x0000,0x0000,0x0000,
  0x0000,0x0000,0x0000,0x0000,0x0000,0x0000,0x0000,0x0000,0x0000,0x0000,0x0000,0x0000,
  0x0000,0x0000,0x0000,0x0000,0x0000,0x0000,0x0000,0x0000,0x0000,0x0000,0x0000,0x0000,
  0x0000,0x0000,0x0000,0x0000,0x0000,0x0000,0x0000,0x0000,0x0000,0x0000,0x0000,0x0000,
  0x0000,0x0000,0x0000,0x0000,0x0000,0x0000,0x0000,0x0000,0x0000,0x0000,0x0000,0x0000,
  0x0000,0x0000,0x0000,0x0000,0x0000,0x0000,0x0000,0x0000,0x0000,0x0000,0x0000,0x0000,
  0x0000,0x0000,0x0000,0x0000,0x0000,0x0000,0x0000,0x0000,0x0000,0x0000,0x0000,0x0000,
  0x0000,0x0000,0x0000,0x0000,0x0000,0x0000,0x0000,0x0000,0x0000,0x0000,0x0000,0x0000,
  0x0000,0x0000,0x0000,0x0000,0x0000,0x0000,0x0000,0x0000,0x0000,0x0000,0x0000,0x0000,
  0x0000,0x0000,0x0000,0x1021,0x3844,0x2002,0x6866,0x4824,0xCA2E,0xA889,0x9849,0x5025,
  0x3824,0x4024,0x2003,0x1002,0x0801,0x0001,0x0001,0x0001,0x0001,0x0001,0x0001,0x0001,
  0x0000,0x0000,0x0000,0x0000,0x0001,0x0001,0x0001,0x0001,0x0002,0x0023,0x0045,0x0066,
  0x0087,0x0066,0x0067,0x00CA,0x018E,0x0088,0x0068,0x00AA,0x0234,0x00CC,0x1048,0x4828,
  0x3826,0x3026,0x3045,0x0001,0x0001,0x0001,0x0001,0x0001,0x0001,0x0001,0x0001,0x0001,
  0x0000,0x0000,0x0000,0x0000,0x0000,0x0000,0x0000,0x0000,0x0000,0x0000,0x0000,0x0000,
  0x0000,0x0000,0x0000,0x0000,0x0000,0x0000,0x0000,0x0000,0x0000,0x0000,0x0000,0x0000,
  0x0000,0x0000,0x0000,0x0000,0x0000,0x0001,0x0000,0x0000,0x0000,0x0801,0x0801,0x0801,
  0x0801,0x0801,0x0801,0x0801,0x0801,0x0801,0x0000,0x0001,0x0000,0x0000,0x0801,0x0801,
  0x0801,0x0801,0x0801,0x0801,0x0801,0x0801,0x0801,0x0801,0x0801,0x0801,0x0000,0x0000,
  0x0000,0x0000,0x0000,0x0000,0x0000,0x0000,0x0000,0x0000,0x0000,0x0000,0x0000,0x0000,
  0x0000,0x0000,0x0000,0x0000,0x0000,0x0000,0x0000,0x0000,0x0000,0x0000,0x0000,0x0000,
  0x0000,0x0000,0x0000,0x0000,0x0000,0x0000,0x0000,0x0000,0x0000,0x0000,0x0000,0x0000,
  0x0000,0x0000,0x0000,0x0000,0x0000,0x0000,0x0000,0x0000,0x0000,0x0000,0x0000,0x0000,
  0x0000,0x0000,0x0000,0x0000,0x0000,0x0000,0x0000,0x0000,0x0000,0x0000,0x0000,0x0000,
  0x0000,0x0000,0x0000,0x0000,0x0000,0x0000,0x0000,0x0000,0x0000,0x0000,0x0000,0x0000,
  0x0000,0x0000,0x0000,0x0000,0x0000,0x0000,0x0000,0x0000,0x0000,0x0000,0x0000,0x0000,
  0x0000,0x0000,0x0000,0x0000,0x0000,0x0000,0x0000,0x0000,0x0000,0x0000,0x0000,0x0000,
  0x0000,0x0000,0x0000,0x0000,0x0000,0x0000,0x0000,0x0000,0x0000,0x0000,0x0000,0x0000,
  0x0000,0x0000,0x0000,0x0000,0x0000,0x0000,0x0000,0x0000,0x0000,0x0000,0x0000,0x0000,
  0x0000,0x0000,0x0000,0x1021,0x3844,0x2803,0x5845,0x4024,0xCA2F,0xA8AA,0x8848,0x4805,
  0x3003,0x2803,0x1802,0x0802,0x0801,0x0001,0x0001,0x0001,0x0001,0x0001,0x0001,0x0000,
  0x0000,0x0000,0x0000,0x0001,0x0001,0x0001,0x0001,0x0001,0x0002,0x0024,0x0065,0x0086,
  0x0087,0x0067,0x0067,0x00CA,0x016E,0x0088,0x0068,0x00AA,0x0295,0x00CD,0x1048,0x4848,
  0x4026,0x4026,0x3045,0x0001,0x0001,0x0001,0x0001,0x0001,0x0001,0x0001,0x0001,0x0001,
  0x0000,0x0000,0x0000,0x0000,0x0000,0x0000,0x0000,0x0000,0x0000,0x0000,0x0000,0x0000,
  0x0000,0x0000,0x0000,0x0000,0x0000,0x0000,0x0000,0x0000,0x0000,0x0000,0x0000,0x0000,
  0x0000,0x0000,0x0000,0x0000,0x0000,0x0000,0x0000,0x0000,0x0000,0x0000,0x0000,0x0000,
  0x0000,0x0000,0x0000,0x0000,0x0000,0x0000,0x0000,0x0000,0x0000,0x0000,0x0000,0x0000,
  0x0000,0x0000,0x0000,0x0000,0x0000,0x0000,0x0000,0x0000,0x0000,0x0000,0x0000,0x0000,
  0x0000,0x0000,0x0000,0x0000,0x0000,0x0000,0x0000,0x0000,0x0000,0x0000,0x0000,0x0000,
  0x0000,0x0000,0x0000,0x0000,0x0000,0x0000,0x0000,0x0000,0x0000,0x0000,0x0000,0x0000,
  0x0000,0x0000,0x0000,0x0000,0x0000,0x0000,0x0000,0x0000,0x0000,0x0000,0x0000,0x0000,
  0x0000,0x0000,0x0000,0x0000,0x0000,0x0000,0x0000,0x0000,0x0000,0x0000,0x0000,0x0000,
  0x0000,0x0000,0x0000,0x0000,0x0000,0x0000,0x0000,0x0000,0x0000,0x0000,0x0000,0x0000,
  0x0000,0x0000,0x0000,0x0000,0x0000,0x0000,0x0000,0x0000,0x0000,0x0000,0x0000,0x0000,
  0x0000,0x0000,0x0000,0x0000,0x0000,0x0000,0x0000,0x0000,0x0000,0x0000,0x0000,0x0000,
  0x0000,0x0000,0x0000,0x0000,0x0000,0x0000,0x0000,0x0000,0x0000,0x0000,0x0000,0x0000,
  0x0000,0x0000,0x0000,0x0000,0x0000,0x0000,0x0000,0x0000,0x0000,0x0000,0x0000,0x0000,
  0x0000,0x0000,0x0000,0x0000,0x0000,0x0000,0x0000,0x0000,0x0000,0x0000,0x0000,0x0000,
  0x0000,0x0000,0x0000,0x0001,0x3843,0x2002,0x2803,0x3803,0x80C8,0x8068,0x5025,0x3804,
  0x2803,0x2003,0x1802,0x1002,0x1002,0x0801,0x0001,0x0001,0x0001,0x0001,0x0001,0x0000,
  0x0000,0x0000,0x0000,0x0001,0x0001,0x0001,0x0001,0x0001,0x0002,0x0024,0x0066,0x0087,
  0x00A7,0x0087,0x0067,0x00CA,0x014E,0x00A9,0x0088,0x00CA,0x0A34,0x08CC,0x2068,0x4067,
  0x3046,0x3845,0x1022,0x0001,0x0001,0x0001,0x0001,0x0001,0x0001,0x0001,0x0001,0x0001,
  0x0000,0x0000,0x0000,0x0000,0x0000,0x0000,0x0000,0x0000,0x0000,0x0000,0x0000,0x0000,
  0x0000,0x0000,0x0000,0x0000,0x0000,0x0000,0x0000,0x0000,0x0000,0x0000,0x0000,0x0000,
  0x0000,0x0000,0x0000,0x0000,0x0000,0x0000,0x0000,0x0000,0x0000,0x0000,0x0000,0x0000,
  0x0000,0x0000,0x0000,0x0000,0x0000,0x0000,0x0000,0x0000,0x0000,0x0000,0x0000,0x0000,
  0x0000,0x0000,0x0000,0x0000,0x0000,0x0000,0x0000,0x0000,0x0000,0x0000,0x0000,0x0000,
  0x0000,0x0000,0x0000,0x0000,0x0000,0x0000,0x0000,0x0000,0x0000,0x0000,0x0000,0x0000,
  0x0000,0x0000,0x0000,0x0000,0x0000,0x0000,0x0000,0x0000,0x0000,0x0000,0x0000,0x0000,
  0x0000,0x0000,0x0000,0x0000,0x0000,0x0000,0x0000,0x0000,0x0000,0x0000,0x0000,0x0000,
  0x0000,0x0000,0x0000,0x0000,0x0000,0x0000,0x0000,0x0000,0x0000,0x0000,0x0000,0x0000,
  0x0000,0x0000,0x0000,0x0000,0x0000,0x0000,0x0000,0x0000,0x0000,0x0000,0x0000,0x0000,
  0x0000,0x0000,0x0000,0x0000,0x0000,0x0000,0x0000,0x0000,0x0000,0x0000,0x0000,0x0000,
  0x0000,0x0000,0x0000,0x0000,0x0000,0x0000,0x0000,0x0000,0x0000,0x0000,0x0000,0x0000,
  0x0000,0x0000,0x0000,0x0000,0x0000,0x0000,0x0000,0x0000,0x0000,0x0000,0x0000,0x0000,
  0x0000,0x0000,0x0000,0x0000,0x0000,0x0000,0x0000,0x0000,0x0000,0x0000,0x0000,0x0000,
  0x0000,0x0000,0x0000,0x0000,0x0000,0x0000,0x0000,0x0000,0x0000,0x0000,0x0000,0x0000,
  0x0000,0x0000,0x0000,0x0000,0x1822,0x3864,0x2822,0x2822,0x2802,0x2802,0x2802,0x2802,
  0x2002,0x2022,0x2022,0x2023,0x38A5,0x1843,0x1022,0x0822,0x0802,0x0802,0x0802,0x0021,
  0x0021,0x0022,0x0022,0x0022,0x0022,0x0022,0x0023,0x0044,0x0065,0x0086,0x08A7,0x00C8,
  0x00C8,0x00A8,0x0088,0x00A9,0x00EB,0x00CA,0x00CA,0x0089,0x0067,0x0825,0x0824,0x1024,
  0x1824,0x1022,0x0001,0x0001,0x0001,0x0001,0x0001,0x0001,0x0001,0x0001,0x0001,0x0000,
  0x0000,0x0000,0x0000,0x0000,0x0000,0x0000,0x0000,0x0000,0x0000,0x0000,0x0000,0x0000,
  0x0000,0x0000,0x0000,0x0000,0x0000,0x0000,0x0000,0x0000,0x0000,0x0000,0x0000,0x0000,
  0x0000,0x0000,0x0000,0x0000,0x0000,0x0000,0x0000,0x0000,0x0000,0x0000,0x0000,0x0000,
  0x0000,0x0000,0x0000,0x0000,0x0000,0x0000,0x0000,0x0000,0x0000,0x0000,0x0000,0x0000,
  0x0000,0x0000,0x0000,0x0000,0x0000,0x0000,0x0000,0x0000,0x0000,0x0000,0x0000,0x0000,
  0x0000,0x0000,0x0000,0x0000,0x0000,0x0000,0x0000,0x0000,0x0000,0x0000,0x0000,0x0000,
  0x0000,0x0000,0x0000,0x0000,0x0000,0x0000,0x0000,0x0000,0x0000,0x0000,0x0000,0x0000,
  0x0000,0x0000,0x0000,0x0000,0x0000,0x0000,0x0000,0x0000,0x0000,0x0000,0x0000,0x0000,
  0x0000,0x0000,0x0000,0x0000,0x0000,0x0000,0x0000,0x0000,0x0000,0x0000,0x0000,0x0000,
  0x0000,0x0000,0x0000,0x0000,0x0000,0x0000,0x0000,0x0000,0x0000,0x0000,0x0000,0x0000,
  0x0000,0x0000,0x0000,0x0000,0x0000,0x0000,0x0000,0x0000,0x0000,0x0000,0x0000,0x0000,
  0x0000,0x0000,0x0000,0x0000,0x0000,0x0000,0x0000,0x0000,0x0000,0x0000,0x0000,0x0000,
  0x0000,0x0000,0x0000,0x0000,0x0000,0x0000,0x0000,0x0000,0x0000,0x0000,0x0000,0x0000,
  0x0000,0x0000,0x0000,0x0000,0x0000,0x0000,0x0000,0x0000,0x0000,0x0000,0x0000,0x0000,
  0x0000,0x0000,0x0000,0x0000,0x0000,0x0000,0x0000,0x0000,0x0000,0x0000,0x0000,0x0000,
  0x0000,0x0000,0x0000,0x0000,0x0000,0x1822,0x3023,0x4885,0x4844,0x5865,0x6085,0x5865,
  0x4865,0x4065,0x3884,0x3064,0x2864,0x1843,0x1843,0x1022,0x1022,0x0821,0x0821,0x0801,
  0x0001,0x0001,0x0002,0x0022,0x0022,0x0023,0x0023,0x0044,0x0045,0x0065,0x0066,0x0087,
  0x00A8,0x00A8,0x00C9,0x00CA,0x00EB,0x00EB,0x00CB,0x00AA,0x0868,0x1027,0x1027,0x2828,
  0x3067,0x0001,0x0001,0x0001,0x0001,0x0001,0x0001,0x0000,0x0001,0x0001,0x0000,0x0001,
  0x0000,0x0000,0x0000,0x0000,0x0000,0x0000,0x0000,0x0000,0x0000,0x0000,0x0000,0x0000,
  0x0000,0x0000,0x0000,0x0000,0x0000,0x0000,0x0000,0x0000,0x0000,0x0000,0x0000,0x0000,
  0x0000,0x0000,0x0000,0x0000,0x0000,0x0000,0x0000,0x0000,0x0000,0x0000,0x0000,0x0000,
  0x0000,0x0000,0x0000,0x0000,0x0000,0x0000,0x0000,0x0000,0x0000,0x0000,0x0000,0x0000,
  0x0000,0x0000,0x0000,0x0000,0x0000,0x0000,0x0000,0x0000,0x0000,0x0000,0x0000,0x0000,
  0x0000,0x0000,0x0000,0x0000,0x0000,0x0000,0x0000,0x0000,0x0000,0x0000,0x0000,0x0000,
  0x0000,0x0000,0x0000,0x0000,0x0000,0x0000,0x0000,0x0000,0x0000,0x0000,0x0000,0x0000,
  0x0000,0x0000,0x0000,0x0000,0x0000,0x0000,0x0000,0x0000,0x0000,0x0000,0x0000,0x0000,
  0x0000,0x0000,0x0000,0x0000,0x0000,0x0000,0x0000,0x0000,0x0000,0x0000,0x0000,0x0000,
  0x0000,0x0000,0x0000,0x0000,0x0000,0x0000,0x0000,0x0000,0x0000,0x0000,0x0000,0x0000,
  0x0000,0x0000,0x0000,0x0000,0x0000,0x0000,0x0000,0x0000,0x0000,0x0000,0x0000,0x0000,
  0x0000,0x0000,0x0000,0x0000,0x0000,0x0000,0x0000,0x0000,0x0000,0x0000,0x0000,0x0000,
  0x0000,0x0000,0x0000,0x0000,0x0000,0x0000,0x0000,0x0000,0x0000,0x0000,0x0000,0x0000,
  0x0000,0x0000,0x0000,0x0000,0x0000,0x0000,0x0000,0x0000,0x0000,0x0000,0x0000,0x0000,
  0x0000,0x0000,0x0000,0x0000,0x0000,0x0000,0x0000,0x0000,0x0000,0x0000,0x0000,0x0000,
  0x0000,0x0000,0x0000,0x0000,0x0000,0x0801,0x2823,0x3003,0x4824,0x8066,0xB12A,0x7886,
  0x4844,0x3023,0x2023,0x1802,0x1002,0x0801,0x0801,0x0001,0x0000,0x0000,0x0000,0x0000,
  0x0000,0x0000,0x0000,0x0000,0x0000,0x0000,0x0001,0x0001,0x0001,0x0002,0x0023,0x0024,
  0x0046,0x0088,0x00AA,0x010C,0x014F,0x01F2,0x2B97,0x5498,0x3B77,0x3931,0x486D,0x386A,
  0x0823,0x0001,0x0001,0x0001,0x0001,0x0001,0x0001,0x0000,0x0000,0x0000,0x0000,0x0000,
  0x0000,0x0000,0x0000,0x0000,0x0000,0x0000,0x0000,0x0000,0x0000,0x0000,0x0000,0x0000,
  0x0000,0x0000,0x0000,0x0000,0x0000,0x0000,0x0000,0x0000,0x0000,0x0000,0x0000,0x0000,
  0x0000,0x0000,0x0000,0x0000,0x0000,0x0000,0x0000,0x0000,0x0000,0x0000,0x0000,0x0000,
  0x0000,0x0000,0x0000,0x0000,0x0000,0x0000,0x0000,0x0000,0x0000,0x0000,0x0000,0x0000,
  0x0000,0x0000,0x0000,0x0000,0x0000,0x0000,0x0000,0x0000,0x0000,0x0000,0x0000,0x0000,
  0x0000,0x0000,0x0000,0x0000,0x0000,0x0000,0x0000,0x0000,0x0000,0x0000,0x0000,0x0000,
  0x0000,0x0000,0x0000,0x0000,0x0000,0x0000,0x0000,0x0000,0x0000,0x0000,0x0000,0x0000,
  0x0000,0x0000,0x0000,0x0000,0x0000,0x0000,0x0000,0x0000,0x0000,0x0000,0x0000,0x0000,
  0x0000,0x0000,0x0000,0x0000,0x0000,0x0000,0x0000,0x0000,0x0000,0x0000,0x0000,0x0000,
  0x0000,0x0000,0x0000,0x0000,0x0000,0x0000,0x0000,0x0000,0x0000,0x0000,0x0000,0x0000,
  0x0000,0x0000,0x0000,0x0000,0x0000,0x0000,0x0000,0x0000,0x0000,0x0000,0x0000,0x0000,
  0x0000,0x0000,0x0000,0x0000,0x0000,0x0000,0x0000,0x0000,0x0000,0x0000,0x0000,0x0000,
  0x0000,0x0000,0x0000,0x0000,0x0000,0x0000,0x0000,0x0000,0x0000,0x0000,0x0000,0x0000,
  0x0000,0x0000,0x0000,0x0000,0x0000,0x0000,0x0000,0x0000,0x0000,0x0000,0x0000,0x0000,
  0x0000,0x0000,0x0000,0x0000,0x0000,0x0000,0x0000,0x0000,0x0000,0x0000,0x0000,0x0000,
  0x0000,0x0000,0x0000,0x0000,0x0821,0x3044,0x2823,0x4824,0x7826,0xE313,0xFC98,0xDA31,
  0x7046,0x5045,0x2822,0x1001,0x0801,0x0000,0x0000,0x0000,0x0000,0x0000,0x0000,0x0000,
  0x0000,0x0000,0x0000,0x0000,0x0000,0x0001,0x0001,0x0001,0x0002,0x0044,0x0087,0x00A9,
  0x00CA,0x010C,0x09B0,0x12B4,0x1C5A,0x3CFB,0x4CBA,0x5CBA,0x8C7B,0x8172,0x3049,0x1026,
  0x08EB,0x0022,0x0001,0x0001,0x0001,0x0001,0x0001,0x0000,0x0000,0x0000,0x0000,0x0000,
  0x0000,0x0000,0x0000,0x0000,0x0000,0x0000,0x0000,0x0000,0x0000,0x0000,0x0000,0x0000,
  0x0000,0x0000,0x0000,0x0000,0x0000,0x0000,0x0000,0x0000,0x0000,0x0000,0x0000,0x0000,
  0x0000,0x0000,0x0000,0x0000,0x0000,0x0000,0x0000,0x0000,0x0000,0x0000,0x0000,0x0000,
  0x0000,0x0000,0x0000,0x0000,0x0000,0x0000,0x0000,0x0000,0x0000,0x0000,0x0000,0x0000,
  0x0000,0x0000,0x0000,0x0000,0x0000,0x0000,0x0000,0x0000,0x0000,0x0000,0x0000,0x0000,
  0x0000,0x0000,0x0000,0x0000,0x0000,0x0000,0x0000,0x0000,0x0000,0x0000,0x0000,0x0000,
  0x0000,0x0000,0x0000,0x0000,0x0000,0x0000,0x0000,0x0000,0x0000,0x0000,0x0000,0x0000,
  0x0000,0x0000,0x0000,0x0000,0x0000,0x0000,0x0000,0x0000,0x0000,0x0000,0x0000,0x0000,
  0x0000,0x0000,0x0000,0x0000,0x0000,0x0000,0x0000,0x0000,0x0000,0x0000,0x0000,0x0000,
  0x0000,0x0000,0x0000,0x0000,0x0000,0x0000,0x0000,0x0000,0x0000,0x0000,0x0000,0x0000,
  0x0000,0x0000,0x0000,0x0000,0x0000,0x0000,0x0000,0x0000,0x0000,0x0000,0x0000,0x0000,
  0x0000,0x0000,0x0000,0x0000,0x0000,0x0000,0x0000,0x0000,0x0000,0x0000,0x0000,0x0000,
  0x0000,0x0000,0x0000,0x0000,0x0000,0x0000,0x0000,0x0000,0x0000,0x0000,0x0000,0x0000,
  0x0000,0x0000,0x0000,0x0000,0x0000,0x0000,0x0000,0x0000,0x0000,0x0000,0x0000,0x0000,
  0x0000,0x0000,0x0000,0x0000,0x0000,0x0000,0x0000,0x0000,0x0000,0x0000,0x0000,0x0000,
  0x0000,0x0000,0x0000,0x0821,0x48A6,0x3825,0x3825,0x5025,0x8088,0xCB12,0xCAD2,0xB92C,
  0x9089,0x6867,0x4845,0x3044,0x2023,0x1022,0x0801,0x0001,0x0001,0x0001,0x0001,0x0001,
  0x0001,0x0001,0x0001,0x0001,0x0001,0x0022,0x0044,0x00A7,0x11AC,0x2AF0,0x43F4,0x4456,
  0x4477,0x4478,0x3418,0x3418,0x4C99,0x54B8,0x5BF5,0x4210,0x188B,0x1028,0x1027,0x1869,
  0x0930,0x094F,0x0001,0x0001,0x0001,0x0001,0x0001,0x0001,0x0001,0x0001,0x0000,0x0000,
  0x0000,0x0000,0x0000,0x0000,0x0000,0x0000,0x0000,0x0000,0x0000,0x0000,0x0000,0x0000,
  0x0000,0x0000,0x0000,0x0000,0x0000,0x0000,0x0000,0x0000,0x0000,0x0000,0x0000,0x0000,
  0x0000,0x0000,0x0000,0x0000,0x0000,0x0000,0x0000,0x0000,0x0000,0x0000,0x0000,0x0000,
  0x0000,0x0000,0x0000,0x0000,0x0000,0x0000,0x0000,0x0000,0x0000,0x0000,0x0000,0x0000,
  0x0000,0x0000,0x0000,0x0000,0x0000,0x0000,0x0000,0x0000,0x0000,0x0000,0x0000,0x0000,
  0x0000,0x0000,0x0000,0x0000,0x0000,0x0000,0x0000,0x0000,0x0000,0x0000,0x0000,0x0000,
  0x0000,0x0000,0x0000,0x0000,0x0000,0x0000,0x0000,0x0000,0x0000,0x0000,0x0000,0x0000,
  0x0000,0x0000,0x0000,0x0000,0x0000,0x0000,0x0000,0x0000,0x0000,0x0000,0x0000,0x0000,
  0x0000,0x0000,0x0000,0x0000,0x0000,0x0000,0x0000,0x0000,0x0000,0x0000,0x0000,0x0000,
  0x0000,0x0000,0x0000,0x0000,0x0000,0x0000,0x0000,0x0000,0x0000,0x0000,0x0000,0x0000,
  0x0000,0x0000,0x0000,0x0000,0x0000,0x0000,0x0000,0x0000,0x0000,0x0000,0x0000,0x0000,
  0x0000,0x0000,0x0000,0x0000,0x0000,0x0000,0x0000,0x0000,0x0000,0x0000,0x0000,0x0000,
  0x0000,0x0000,0x0000,0x0000,0x0000,0x0000,0x0000,0x0000,0x0000,0x0000,0x0000,0x0000,
  0x0000,0x0000,0x0000,0x0000,0x0000,0x0000,0x0000,0x0000,0x0000,0x0000,0x0000,0x0000,
  0x0000,0x0000,0x0000,0x0000,0x0000,0x0000,0x0000,0x0000,0x0000,0x0000,0x0000,0x0000,
  0x0000,0x0000,0x0000,0x1022,0x3864,0x3824,0x6866,0x9149,0xA20B,0xA1AB,0x8087,0x6025,
  0x4023,0x3003,0x2802,0x3023,0x3023,0x3043,0x3043,0x2043,0x1023,0x0823,0x0823,0x0023,
  0x0024,0x0045,0x0066,0x00A8,0x08EA,0x094C,0x1210,0x1AB3,0x2B95,0x3C16,0x4C56,0x5456,
  0x5C56,0x5C14,0x3B11,0x21CE,0x090C,0x090C,0x08ED,0x08CD,0x088C,0x10AD,0x28AE,0x38D1,
  0x10CE,0x1193,0x0023,0x0001,0x0001,0x0001,0x0001,0x0001,0x0001,0x0001,0x0000,0x0000,
  0x0000,0x0000,0x0000,0x0000,0x0000,0x0000,0x0000,0x0000,0x0000,0x0000,0x0000,0x0000,
  0x0000,0x0000,0x0000,0x0000,0x0000,0x0000,0x0000,0x0000,0x0000,0x0000,0x0000,0x0000,
  0x0000,0x0000,0x0000,0x0000,0x0000,0x0000,0x0000,0x0000,0x0000,0x0000,0x0000,0x0000,
  0x0000,0x0000,0x0000,0x0000,0x0000,0x0000,0x0000,0x0000,0x0000,0x0000,0x0000,0x0000,
  0x0000,0x0000,0x0000,0x0000,0x0000,0x0000,0x0000,0x0000,0x0000,0x0000,0x0000,0x0000,
  0x0000,0x0000,0x0000,0x0000,0x0000,0x0000,0x0000,0x0000,0x0000,0x0000,0x0000,0x0000,
  0x0000,0x0000,0x0000,0x0000,0x0000,0x0000,0x0000,0x0000,0x0000,0x0000,0x0000,0x0000,
  0x0000,0x0000,0x0000,0x0000,0x0000,0x0000,0x0000,0x0000,0x0000,0x0000,0x0000,0x0000,
  0x0000,0x0000,0x0000,0x0000,0x0000,0x0000,0x0000,0x0000,0x0000,0x0000,0x0000,0x0000,
  0x0000,0x0000,0x0000,0x0000,0x0000,0x0000,0x0000,0x0000,0x0000,0x0000,0x0000,0x0000,
  0x0000,0x0000,0x0000,0x0000,0x0000,0x0000,0x0000,0x0000,0x0000,0x0000,0x0000,0x0000,
  0x0000,0x0000,0x0000,0x0000,0x0000,0x0000,0x0000,0x0000,0x0000,0x0000,0x0000,0x0000,
  0x0000,0x0000,0x0000,0x0000,0x0000,0x0000,0x0000,0x0000,0x0000,0x0000,0x0000,0x0000,
  0x0000,0x0000,0x0000,0x0000,0x0000,0x0000,0x0000,0x0000,0x0000,0x0000,0x0000,0x0000,
  0x0000,0x0000,0x0000,0x0000,0x0000,0x0000,0x0000,0x0000,0x0000,0x0000,0x0000,0x0000,
  0x0000,0x0000,0x0000,0x0000,0x3064,0x5065,0x5045,0x7948,0x924C,0x99AC,0x88C9,0x78A8,
  0x6867,0x5866,0x5066,0x5086,0x50A7,0x48A6,0x4085,0x2044,0x1023,0x0823,0x0823,0x0023,
  0x0024,0x0044,0x0065,0x0087,0x08C8,0x08E9,0x0909,0x0929,0x0909,0x00C9,0x00C9,0x00CA,
  0x00EB,0x08EB,0x08EB,0x08EA,0x00AA,0x00AC,0x00EF,0x01D3,0x0B37,0x2A57,0x3114,0x2113,
  0x18AE,0x38ED,0x0002,0x0001,0x0001,0x0001,0x0001,0x0000,0x0000,0x0000,0x0000,0x0000,
  0x0000,0x0000,0x0000,0x0000,0x0000,0x0000,0x0000,0x0000,0x0000,0x0000,0x0000,0x0000,
  0x0000,0x0000,0x0000,0x0000,0x0000,0x0000,0x0000,0x0000,0x0000,0x0000,0x0000,0x0000,
  0x0000,0x0000,0x0000,0x0000,0x0000,0x0000,0x0000,0x0000,0x0000,0x0000,0x0000,0x0000,
  0x0000,0x0000,0x0000,0x0000,0x0000,0x0000,0x0000,0x0000,0x0000,0x0000,0x0000,0x0000,
  0x0000,0x0000,0x0000,0x0000,0x0000,0x0000,0x0000,0x0000,0x0000,0x0000,0x0000,0x0000,
  0x0000,0x0000,0x0000,0x0000,0x0000,0x0000,0x0000,0x0000,0x0000,0x0000,0x0000,0x0000,
  0x0000,0x0000,0x0000,0x0000,0x0000,0x0000,0x0000,0x0000,0x0000,0x0000,0x0000,0x0000,
  0x0000,0x0000,0x0000,0x0000,0x0000,0x0000,0x0000,0x0000,0x0000,0x0000,0x0000,0x0000,
  0x0000,0x0000,0x0000,0x0000,0x0000,0x0000,0x0000,0x0000,0x0000,0x0000,0x0000,0x0000,
  0x0000,0x0000,0x0000,0x0000,0x0000,0x0000,0x0000,0x0000,0x0000,0x0000,0x0000,0x0000,
  0x0000,0x0000,0x0000,0x0000,0x0000,0x0000,0x0000,0x0000,0x0000,0x0000,0x0000,0x0000,
  0x0000,0x0000,0x0000,0x0000,0x0000,0x0000,0x0000,0x0000,0x0000,0x0000,0x0000,0x0000,
  0x0000,0x0000,0x0000,0x0000,0x0000,0x0000,0x0000,0x0000,0x0000,0x0000,0x0000,0x0000,
  0x0000,0x0000,0x0000,0x0000,0x0000,0x0000,0x0000,0x0000,0x0000,0x0000,0x0000,0x0000,
  0x0000,0x0000,0x0000,0x0000,0x0000,0x0000,0x0000,0x0000,0x0000,0x0000,0x0000,0x0000,
  0x0000,0x0000,0x0000,0x0000,0x0000,0x2022,0x4844,0x6086,0x6886,0x6045,0x5845,0x5024,
  0x4845,0x50A6,0x4886,0x4866,0x4045,0x3044,0x2844,0x2043,0x2043,0x1843,0x1843,0x1043,
  0x1022,0x0822,0x0822,0x0822,0x0022,0x0022,0x0023,0x0043,0x0043,0x0023,0x0023,0x0024,
  0x0025,0x0046,0x0047,0x0089,0x00ED,0x0172,0x0AF8,0x4D7C,0x971E,0x5C5C,0x2974,0x206C,
  0x50AC,0x1824,0x0001,0x0001,0x0001,0x0001,0x0001,0x0000,0x0000,0x0000,0x0000,0x0000,
  0x0000,0x0000,0x0000,0x0000,0x0000,0x0000,0x0000,0x0000,0x0000,0x0000,0x0000,0x0000,
  0x0000,0x0000,0x0000,0x0000,0x0000,0x0000,0x0000,0x0000,0x0000,0x0000,0x0000,0x0000,
  0x0000,0x0000,0x0000,0x0000,0x0000,0x0000,0x0000,0x0000,0x0000,0x0000,0x0000,0x0000,
  0x0000,0x0000,0x0000,0x0000,0x0000,0x0000,0x0000,0x0000,0x0000,0x0000,0x0000,0x0000,
  0x0000,0x0000,0x0000,0x0000,0x0000,0x0000,0x0000,0x0000,0x0000,0x0000,0x0000,0x0000,
  0x0000,0x0000,0x0000,0x0000,0x0000,0x0000,0x0000,0x0000,0x0000,0x0000,0x0000,0x0000,
  0x0000,0x0000,0x0000,0x0000,0x0000,0x0000,0x0000,0x0000,0x0000,0x0000,0x0000,0x0000,
  0x0000,0x0000,0x0000,0x0000,0x0000,0x0000,0x0000,0x0000,0x0000,0x0000,0x0000,0x0000,
  0x0000,0x0000,0x0000,0x0000,0x0000,0x0000,0x0000,0x0000,0x0000,0x0000,0x0000,0x0000,
  0x0000,0x0000,0x0000,0x0000,0x0000,0x0000,0x0000,0x0000,0x0000,0x0000,0x0000,0x0000,
  0x0000,0x0000,0x0000,0x0000,0x0000,0x0000,0x0000,0x0000,0x0000,0x0000,0x0000,0x0000,
  0x0000,0x0000,0x0000,0x0000,0x0000,0x0000,0x0000,0x0000,0x0000,0x0000,0x0000,0x0000,
  0x0000,0x0000,0x0000,0x0000,0x0000,0x0000,0x0000,0x0000,0x0000,0x0000,0x0000,0x0000,
  0x0000,0x0000,0x0000,0x0000,0x0000,0x0000,0x0000,0x0000,0x0000,0x0000,0x0000,0x0000,
  0x0000,0x0000,0x0000,0x0000,0x0000,0x0000,0x0000,0x0000,0x0000,0x0000,0x0000,0x0000,
  0x0000,0x0000,0x0000,0x0000,0x0000,0x1001,0x2823,0x4023,0x4003,0x6886,0x7886,0x5024,
  0x3002,0x1802,0x1001,0x1001,0x0801,0x0801,0x0000,0x0000,0x0000,0x0000,0x0000,0x0000,
  0x0000,0x0000,0x0000,0x0000,0x0000,0x0001,0x0001,0x0001,0x0002,0x0023,0x0065,0x08C8,
  0x090A,0x090B,0x00AA,0x00AB,0x01B2,0x1399,0x6E9D,0x8F1E,0x655C,0x29D4,0x490F,0x58CC,
  0x1824,0x0001,0x0001,0x0001,0x0001,0x0001,0x0001,0x0000,0x0000,0x0001,0x0000,0x0000,
  0x0000,0x0000,0x0000,0x0000,0x0000,0x0000,0x0000,0x0000,0x0000,0x0000,0x0000,0x0000,
  0x0000,0x0000,0x0000,0x0000,0x0000,0x0000,0x0000,0x0000,0x0000,0x0000,0x0000,0x0000,
  0x0000,0x0000,0x0000,0x0000,0x0000,0x0000,0x0000,0x0000,0x0000,0x0000,0x0000,0x0000,
  0x0000,0x0000,0x0000,0x0000,0x0000,0x0000,0x0000,0x0000,0x0000,0x0000,0x0000,0x0000,
  0x0000,0x0000,0x0000,0x0000,0x0000,0x0000,0x0000,0x0000,0x0000,0x0000,0x0000,0x0000,
  0x0000,0x0000,0x0000,0x0000,0x0000,0x0000,0x0000,0x0000,0x0000,0x0000,0x0000,0x0000,
  0x0000,0x0000,0x0000,0x0000,0x0000,0x0000,0x0000,0x0000,0x0000,0x0000,0x0000,0x0000,
  0x0000,0x0000,0x0000,0x0000,0x0000,0x0000,0x0000,0x0000,0x0000,0x0000,0x0000,0x0000,
  0x0000,0x0000,0x0000,0x0000,0x0000,0x0000,0x0000,0x0000,0x0000,0x0000,0x0000,0x0000,
  0x0000,0x0000,0x0000,0x0000,0x0000,0x0000,0x0000,0x0000,0x0000,0x0000,0x0000,0x0000,
  0x0000,0x0000,0x0000,0x0000,0x0000,0x0000,0x0000,0x0000,0x0000,0x0000,0x0000,0x0000,
  0x0000,0x0000,0x0000,0x0000,0x0000,0x0000,0x0000,0x0000,0x0000,0x0000,0x0000,0x0000,
  0x0000,0x0000,0x0000,0x0000,0x0000,0x0000,0x0000,0x0000,0x0000,0x0000,0x0000,0x0000,
  0x0000,0x0000,0x0000,0x0000,0x0000,0x0000,0x0000,0x0000,0x0000,0x0000,0x0000,0x0000,
  0x0000,0x0000,0x0000,0x0000,0x0000,0x0000,0x0000,0x0000,0x0000,0x0000,0x0000,0x0000,
  0x0000,0x0000,0x0000,0x0000,0x1021,0x3844,0x2823,0x5045,0x6025,0xE2F3,0xFB95,0xD12D,
  0x7046,0x5845,0x2823,0x1001,0x0801,0x0000,0x0000,0x0000,0x0000,0x0000,0x0000,0x0000,
  0x0000,0x0000,0x0000,0x0000,0x0001,0x0001,0x0001,0x0002,0x0023,0x0045,0x0086,0x0088,
  0x00A9,0x010C,0x09D0,0x0AD6,0x0BBA,0x1C1A,0x2B76,0x2A54,0x72D6,0x81F2,0x386A,0x1026,
  0x0868,0x0001,0x0001,0x0001,0x0001,0x0001,0x0001,0x0001,0x0000,0x0001,0x0001,0x0000,
  0x0000,0x0000,0x0000,0x0000,0x0000,0x0000,0x0000,0x0000,0x0000,0x0000,0x0000,0x0000,
  0x0000,0x0000,0x0000,0x0000,0x0000,0x0000,0x0000,0x0000,0x0000,0x0000,0x0000,0x0000,
  0x0000,0x0000,0x0000,0x0000,0x0000,0x0000,0x0000,0x0000,0x0000,0x0000,0x0000,0x0000,
  0x0000,0x0000,0x0000,0x0000,0x0000,0x0000,0x0000,0x0000,0x0000,0x0000,0x0000,0x0000,
  0x0000,0x0000,0x0000,0x0000,0x0000,0x0000,0x0000,0x0000,0x0000,0x0000,0x0000,0x0000,
  0x0000,0x0000,0x0000,0x0000,0x0000,0x0000,0x0000,0x0000,0x0000,0x0000,0x0000,0x0000,
  0x0000,0x0000,0x0000,0x0000,0x0000,0x0000,0x0000,0x0000,0x0000,0x0000,0x0000,0x0000,
  0x0000,0x0000,0x0000,0x0000,0x0000,0x0000,0x0000,0x0000,0x0000,0x0000,0x0000,0x0000,
  0x0000,0x0000,0x0000,0x0000,0x0000,0x0000,0x0000,0x0000,0x0000,0x0000,0x0000,0x0000,
  0x0000,0x0000,0x0000,0x0000,0x0000,0x0000,0x0000,0x0000,0x0000,0x0000,0x0000,0x0000,
  0x0000,0x0000,0x0000,0x0000,0x0000,0x0000,0x0000,0x0000,0x0000,0x0000,0x0000,0x0000,
  0x0000,0x0000,0x0000,0x0000,0x0000,0x0000,0x0000,0x0000,0x0000,0x0000,0x0000,0x0000,
  0x0000,0x0000,0x0000,0x0000,0x0000,0x0000,0x0000,0x0000,0x0000,0x0000,0x0000,0x0000,
  0x0000,0x0000,0x0000,0x0000,0x0000,0x0000,0x0000,0x0000,0x0000,0x0000,0x0000,0x0000,
  0x0000,0x0000,0x0000,0x0000,0x0000,0x0000,0x0000,0x0000,0x0000,0x0000,0x0000,0x0000,
  0x0000,0x0000,0x0000,0x0821,0x4866,0x3024,0x2823,0x4824,0x7067,0xDBD5,0xE375,0xC16D,
  0x6846,0x4044,0x2022,0x1001,0x0800,0x0000,0x0000,0x0000,0x0000,0x0000,0x0000,0x0000,
  0x0000,0x0000,0x0000,0x0000,0x0001,0x0002,0x0044,0x0087,0x012B,0x1AD1,0x33F5,0x4CB8,
  0x5519,0x4C98,0x2355,0x0A52,0x22B3,0x4374,0x5B95,0x7293,0x30CC,0x1828,0x1026,0x1028,
  0x10CF,0x0888,0x0001,0x0001,0x0001,0x0001,0x0001,0x0001,0x0000,0x0000,0x0000,0x0000,
  0x0000,0x0000,0x0000,0x0000,0x0000,0x0000,0x0000,0x0000,0x0000,0x0000,0x0000,0x0000,
  0x0000,0x0000,0x0000,0x0000,0x0000,0x0000,0x0000,0x0000,0x0000,0x0000,0x0000,0x0000,
  0x0000,0x0000,0x0000,0x0000,0x0000,0x0000,0x0000,0x0000,0x0000,0x0000,0x0000,0x0000,
  0x0000,0x0000,0x0000,0x0000,0x0000,0x0000,0x0000,0x0000,0x0000,0x0000,0x0000,0x0000,
  0x0000,0x0000,0x0000,0x0000,0x0000,0x0000,0x0000,0x0000,0x0000,0x0000,0x0000,0x0000,
  0x0000,0x0000,0x0000,0x0000,0x0000,0x0000,0x0000,0x0000,0x0000,0x0000,0x0000,0x0000,
  0x0000,0x0000,0x0000,0x0000,0x0000,0x0000,0x0000,0x0000,0x0000,0x0000,0x0000,0x0000,
  0x0000,0x0000,0x0000,0x0000,0x0000,0x0000,0x0000,0x0000,0x0000,0x0000,0x0000,0x0000,
  0x0000,0x0000,0x0000,0x0000,0x0000,0x0000,0x0000,0x0000,0x0000,0x0000,0x0000,0x0000,
  0x0000,0x0000,0x0000,0x0000,0x0000,0x0000,0x0000,0x0000,0x0000,0x0000,0x0000,0x0000,
  0x0000,0x0000,0x0000,0x0000,0x0000,0x0000,0x0000,0x0000,0x0000,0x0000,0x0000,0x0000,
  0x0000,0x0000,0x0000,0x0000,0x0000,0x0000,0x0000,0x0000,0x0000,0x0000,0x0000,0x0000,
  0x0000,0x0000,0x0000,0x0000,0x0000,0x0000,0x0000,0x0000,0x0000,0x0000,0x0000,0x0000,
  0x0000,0x0000,0x0000,0x0000,0x0000,0x0000,0x0000,0x0000,0x0000,0x0000,0x0000,0x0000,
  0x0000,0x0000,0x0000,0x0000,0x0000,0x0000,0x0000,0x0000,0x0000,0x0000,0x0000,0x0000,
  0x0000,0x0000,0x0000,0x1022,0x4045,0x4045,0x5025,0x5825,0x5825,0x6025,0x6066,0x4844,
  0x3023,0x2022,0x1822,0x1022,0x1022,0x1022,0x1022,0x1022,0x0821,0x0001,0x0022,0x0022,
  0x0023,0x0043,0x0065,0x0086,0x00A8,0x00E9,0x012B,0x016C,0x018E,0x09EF,0x2291,0x3353,
  0x3BD5,0x43F5,0x3BB4,0x32F2,0x19AE,0x08AA,0x108A,0x108A,0x086B,0x084A,0x104B,0x188F,
  0x108D,0x1910,0x0001,0x0001,0x0001,0x0001,0x0001,0x0001,0x0000,0x0000,0x0000,0x0000,
  0x0000,0x0000,0x0000,0x0000,0x0000,0x0000,0x0000,0x0000,0x0000,0x0000,0x0000,0x0000,
  0x0000,0x0000,0x0000,0x0000,0x0000,0x0000,0x0000,0x0000,0x0000,0x0000,0x0000,0x0000,
  0x0000,0x0000,0x0000,0x0000,0x0000,0x0000,0x0000,0x0000,0x0000,0x0000,0x0000,0x0000,
  0x0000,0x0000,0x0000,0x0000,0x0000,0x0000,0x0000,0x0000,0x0000,0x0000,0x0000,0x0000,
  0x0000,0x0000,0x0000,0x0000,0x0000,0x0000,0x0000,0x0000,0x0000,0x0000,0x0000,0x0000,
  0x0000,0x0000,0x0000,0x0000,0x0000,0x0000,0x0000,0x0000,0x0000,0x0000,0x0000,0x0000,
  0x0000,0x0000,0x0000,0x0000,0x0000,0x0000,0x0000,0x0000,0x0000,0x0000,0x0000,0x0000,
  0x0000,0x0000,0x0000,0x0000,0x0000,0x0000,0x0000,0x0000,0x0000,0x0000,0x0000,0x0000,
  0x0000,0x0000,0x0000,0x0000,0x0000,0x0000,0x0000,0x0000,0x0000,0x0000,0x0000,0x0000,
  0x0000,0x0000,0x0000,0x0000,0x0000,0x0000,0x0000,0x0000,0x0000,0x0000,0x0000,0x0000,
  0x0000,0x0000,0x0000,0x0000,0x0000,0x0000,0x0000,0x0000,0x0000,0x0000,0x0000,0x0000,
  0x0000,0x0000,0x0000,0x0000,0x0000,0x0000,0x0000,0x0000,0x0000,0x0000,0x0000,0x0000,
  0x0000,0x0000,0x0000,0x0000,0x0000,0x0000,0x0000,0x0000,0x0000,0x0000,0x0000,0x0000,
  0x0000,0x0000,0x0000,0x0000,0x0000,0x0000,0x0000,0x0000,0x0000,0x0000,0x0000,0x0000,
  0x0000,0x0000,0x0000,0x0000,0x0000,0x0000,0x0000,0x0000,0x0000,0x0000,0x0000,0x0000,
  0x0000,0x0000,0x0000,0x0000,0x2843,0x4045,0x6887,0xAA0E,0xBB52,0xB2B0,0xA18C,0x80A8,
  0x6887,0x5866,0x4865,0x4865,0x58A6,0x7108,0x58C7,0x2864,0x1043,0x0822,0x0002,0x0003,
  0x0023,0x0044,0x0066,0x00A7,0x090A,0x094B,0x11AD,0x120E,0x224E,0x222E,0x19CC,0x092A,
  0x0088,0x0067,0x0066,0x0067,0x0888,0x0889,0x00AC,0x010F,0x0151,0x2912,0x40B1,0x388F,
  0x208D,0x38CD,0x0001,0x0001,0x0001,0x0001,0x0001,0x0000,0x0000,0x0000,0x0000,0x0000,
  0x0000,0x0000,0x0000,0x0000,0x0000,0x0000,0x0000,0x0000,0x0000,0x0000,0x0000,0x0000,
  0x0000,0x0000,0x0000,0x0000,0x0000,0x0000,0x0000,0x0000,0x0000,0x0000,0x0000,0x0000,
  0x0000,0x0000,0x0000,0x0000,0x0000,0x0000,0x0000,0x0000,0x0000,0x0000,0x0000,0x0000,
  0x0000,0x0000,0x0000,0x0000,0x0000,0x0000,0x0000,0x0000,0x0000,0x0000,0x0000,0x0000,
  0x0000,0x0000,0x0000,0x0000,0x0000,0x0000,0x0000,0x0000,0x0000,0x0000,0x0000,0x0000,
  0x0000,0x0000,0x0000,0x0000,0x0000,0x0000,0x0000,0x0000,0x0000,0x0000,0x0000,0x0000,
  0x0000,0x0000,0x0000,0x0000,0x0000,0x0000,0x0000,0x0000,0x0000,0x0000,0x0000,0x0000,
  0x0000,0x0000,0x0000,0x0000,0x0000,0x0000,0x0000,0x0000,0x0000,0x0000,0x0000,0x0000,
  0x0000,0x0000,0x0000,0x0000,0x0000,0x0000,0x0000,0x0000,0x0000,0x0000,0x0000,0x0000,
  0x0000,0x0000,0x0000,0x0000,0x0000,0x0000,0x0000,0x0000,0x0000,0x0000,0x0000,0x0000,
  0x0000,0x0000,0x0000,0x0000,0x0000,0x0000,0x0000,0x0000,0x0000,0x0000,0x0000,0x0000,
  0x0000,0x0000,0x0000,0x0000,0x0000,0x0000,0x0000,0x0000,0x0000,0x0000,0x0000,0x0000,
  0x0000,0x0000,0x0000,0x0000,0x0000,0x0000,0x0000,0x0000,0x0000,0x0000,0x0000,0x0000,
  0x0000,0x0000,0x0000,0x0000,0x0000,0x0000,0x0000,0x0000,0x0000,0x0000,0x0000,0x0000,
  0x0000,0x0000,0x0000,0x0000,0x0000,0x0000,0x0000,0x0000,0x0000,0x0000,0x0000,0x0000,
  0x0000,0x0000,0x0000,0x0000,0x0000,0x2022,0x4844,0x6045,0x7046,0x7046,0x5845,0x5045,
  0x4845,0x4045,0x4044,0x3864,0x3864,0x3064,0x2043,0x1823,0x1823,0x1823,0x1023,0x0823,
  0x0822,0x0822,0x0022,0x0022,0x0022,0x0022,0x0023,0x0023,0x0023,0x0024,0x0024,0x0024,
  0x0045,0x0066,0x0087,0x08A9,0x00CB,0x012F,0x01B4,0x1B38,0x65BC,0x7ADA,0x60D2,0x206C,
  0x38AC,0x1845,0x0001,0x0001,0x0001,0x0001,0x0001,0x0000,0x0000,0x0000,0x0000,0x0000,
  0x0000,0x0000,0x0000,0x0000,0x0000,0x0000,0x0000,0x0000,0x0000,0x0000,0x0000,0x0000,
  0x0000,0x0000,0x0000,0x0000,0x0000,0x0000,0x0000,0x0000,0x0000,0x0000,0x0000,0x0000,
  0x0000,0x0000,0x0000,0x0000,0x0000,0x0000,0x0000,0x0000,0x0000,0x0000,0x0000,0x0000,
  0x0000,0x0000,0x0000,0x0000,0x0000,0x0000,0x0000,0x0000,0x0000,0x0000,0x0000,0x0000,
  0x0000,0x0000,0x0000,0x0000,0x0000,0x0000,0x0000,0x0000,0x0000,0x0000,0x0000,0x0000,
  0x0000,0x0000,0x0000,0x0000,0x0000,0x0000,0x0000,0x0000,0x0000,0x0000,0x0000,0x0000,
  0x0000,0x0000,0x0000,0x0000,0x0000,0x0000,0x0000,0x0000,0x0000,0x0000,0x0000,0x0000,
  0x0000,0x0000,0x0000,0x0000,0x0000,0x0000,0x0000,0x0000,0x0000,0x0000,0x0000,0x0000,
  0x0000,0x0000,0x0000,0x0000,0x0000,0x0000,0x0000,0x0000,0x0000,0x0000,0x0000,0x0000,
  0x0000,0x0000,0x0000,0x0000,0x0000,0x0000,0x0000,0x0000,0x0000,0x0000,0x0000,0x0000,
  0x0000,0x0000,0x0000,0x0000,0x0000,0x0000,0x0000,0x0000,0x0000,0x0000,0x0000,0x0000,
  0x0000,0x0000,0x0000,0x0000,0x0000,0x0000,0x0000,0x0000,0x0000,0x0000,0x0000,0x0000,
  0x0000,0x0000,0x0000,0x0000,0x0000,0x0000,0x0000,0x0000,0x0000,0x0000,0x0000,0x0000,
  0x0000,0x0000,0x0000,0x0000,0x0000,0x0000,0x0000,0x0000,0x0000,0x0000,0x0000,0x0000,
  0x0000,0x0000,0x0000,0x0000,0x0000,0x0000,0x0000,0x0000,0x0000,0x0000,0x0000,0x0000,
  0x0000,0x0000,0x0000,0x0000,0x0000,0x1001,0x2822,0x2802,0x3803,0x4824,0x5824,0x4824,
  0x3823,0x3023,0x2823,0x2022,0x2022,0x1822,0x1022,0x1022,0x1021,0x0821,0x0801,0x0801,
  0x0001,0x0001,0x0001,0x0000,0x0001,0x0001,0x0001,0x0001,0x0002,0x0023,0x0024,0x0066,
  0x08C8,0x08C9,0x00A8,0x00A9,0x00ED,0x0214,0x1C7B,0x769D,0x95FC,0x41B4,0x306C,0x48AD,
  0x2046,0x0001,0x0001,0x0001,0x0001,0x0001,0x0001,0x0000,0x0000,0x0000,0x0000,0x0000,
  0x0000,0x0000,0x0000,0x0000,0x0000,0x0000,0x0000,0x0000,0x0000,0x0000,0x0000,0x0000,
  0x0000,0x0000,0x0000,0x0000,0x0000,0x0000,0x0000,0x0000,0x0000,0x0000,0x0000,0x0000,
  0x0000,0x0000,0x0000,0x0000,0x0000,0x0000,0x0000,0x0000,0x0000,0x0000,0x0000,0x0000,
  0x0000,0x0000,0x0000,0x0000,0x0000,0x0000,0x0000,0x0000,0x0000,0x0000,0x0000,0x0000,
  0x0000,0x0000,0x0000,0x0000,0x0000,0x0000,0x0000,0x0000,0x0000,0x0000,0x0000,0x0000,
  0x0000,0x0000,0x0000,0x0000,0x0000,0x0000,0x0000,0x0000,0x0000,0x0000,0x0000,0x0000,
  0x0000,0x0000,0x0000,0x0000,0x0000,0x0000,0x0000,0x0000,0x0000,0x0000,0x0000,0x0000,
  0x0000,0x0000,0x0000,0x0000,0x0000,0x0000,0x0000,0x0000,0x0000,0x0000,0x0000,0x0000,
  0x0000,0x0000,0x0000,0x0000,0x0000,0x0000,0x0000,0x0000,0x0000,0x0000,0x0000,0x0000,
  0x0000,0x0000,0x0000,0x0000,0x0000,0x0000,0x0000,0x0000,0x0000,0x0000,0x0000,0x0000,
  0x0000,0x0000,0x0000,0x0000,0x0000,0x0000,0x0000,0x0000,0x0000,0x0000,0x0000,0x0000,
  0x0000,0x0000,0x0000,0x0000,0x0000,0x0000,0x0000,0x0000,0x0000,0x0000,0x0000,0x0000,
  0x0000,0x0000,0x0000,0x0000,0x0000,0x0000,0x0000,0x0000,0x0000,0x0000,0x0000,0x0000,
  0x0000,0x0000,0x0000,0x0000,0x0000,0x0000,0x0000,0x0000,0x0000,0x0000,0x0000,0x0000,
  0x0000,0x0000,0x0000,0x0000,0x0000,0x0000,0x0000,0x0000,0x0000,0x0000,0x0000,0x0000,
  0x0000,0x0000,0x0000,0x0000,0x0801,0x2843,0x2802,0x3003,0x5004,0xA94C,0xB98D,0x7887,
  0x3003,0x1802,0x1001,0x0801,0x0801,0x0801,0x0801,0x0001,0x0001,0x0001,0x0001,0x0001,
  0x0000,0x0000,0x0000,0x0000,0x0000,0x0001,0x0001,0x0002,0x0023,0x0044,0x0066,0x0066,
  0x0066,0x0067,0x0089,0x012F,0x0297,0x0C1B,0x1BDA,0x2275,0x4171,0x6991,0x48CC,0x1847,
  0x10A9,0x0001,0x0001,0x0001,0x0001,0x0001,0x0001,0x0000,0x0000,0x0000,0x0000,0x0000,
  0x0000,0x0000,0x0000,0x0000,0x0000,0x0000,0x0000,0x0000,0x0000,0x0000,0x0000,0x0000,
  0x0000,0x0000,0x0000,0x0000,0x0000,0x0000,0x0000,0x0000,0x0000,0x0000,0x0000,0x0000,
  0x0000,0x0000,0x0000,0x0000,0x0000,0x0000,0x0000,0x0000,0x0000,0x0000,0x0000,0x0000,
  0x0000,0x0000,0x0000,0x0000,0x0000,0x0000,0x0000,0x0000,0x0000,0x0000,0x0000,0x0000,
  0x0000,0x0000,0x0000,0x0000,0x0000,0x0000,0x0000,0x0000,0x0000,0x0000,0x0000,0x0000,
  0x0000,0x0000,0x0000,0x0000,0x0000,0x0000,0x0000,0x0000,0x0000,0x0000,0x0000,0x0000,
  0x0000,0x0000,0x0000,0x0000,0x0000,0x0000,0x0000,0x0000,0x0000,0x0000,0x0000,0x0000,
  0x0000,0x0000,0x0000,0x0000,0x0000,0x0000,0x0000,0x0000,0x0000,0x0000,0x0000,0x0000,
  0x0000,0x0000,0x0000,0x0000,0x0000,0x0000,0x0000,0x0000,0x0000,0x0000,0x0000,0x0000,
  0x0000,0x0000,0x0000,0x0000,0x0000,0x0000,0x0000,0x0000,0x0000,0x0000,0x0000,0x0000,
  0x0000,0x0000,0x0000,0x0000,0x0000,0x0000,0x0000,0x0000,0x0000,0x0000,0x0000,0x0000,
  0x0000,0x0000,0x0000,0x0000,0x0000,0x0000,0x0000,0x0000,0x0000,0x0000,0x0000,0x0000,
  0x0000,0x0000,0x0000,0x0000,0x0000,0x0000,0x0000,0x0000,0x0000,0x0000,0x0000,0x0000,
  0x0000,0x0000,0x0000,0x0000,0x0000,0x0000,0x0000,0x0000,0x0000,0x0000,0x0000,0x0000,
  0x0000,0x0000,0x0000,0x0000,0x0000,0x0000,0x0000,0x0000,0x0000,0x0000,0x0000,0x0000,
  0x0000,0x0000,0x0000,0x0801,0x4065,0x3024,0x2803,0x3803,0x6826,0xE394,0xF335,0xB8CC,
  0x5825,0x5024,0x1802,0x1001,0x0800,0x0000,0x0000,0x0000,0x0000,0x0000,0x0000,0x0000,
  0x0000,0x0000,0x0000,0x0000,0x0000,0x0001,0x0001,0x0002,0x0023,0x0045,0x00E9,0x1A2E,
  0x3394,0x3C98,0x13FA,0x0317,0x0253,0x1A11,0x6313,0x8B14,0x6A10,0x1848,0x1026,0x1048,
  0x1172,0x08C9,0x0001,0x0001,0x0001,0x0001,0x0001,0x0000,0x0000,0x0000,0x0000,0x0000,
  0x0000,0x0000,0x0000,0x0000,0x0000,0x0000,0x0000,0x0000,0x0000,0x0000,0x0000,0x0000,
  0x0000,0x0000,0x0000,0x0000,0x0000,0x0000,0x0000,0x0000,0x0000,0x0000,0x0000,0x0000,
  0x0000,0x0000,0x0000,0x0000,0x0000,0x0000,0x0000,0x0000,0x0000,0x0000,0x0000,0x0000,
  0x0000,0x0000,0x0000,0x0000,0x0000,0x0000,0x0000,0x0000,0x0000,0x0000,0x0000,0x0000,
  0x0000,0x0000,0x0000,0x0000,0x0000,0x0000,0x0000,0x0000,0x0000,0x0000,0x0000,0x0000,
  0x0000,0x0000,0x0000,0x0000,0x0000,0x0000,0x0000,0x0000,0x0000,0x0000,0x0000,0x0000,
  0x0000,0x0000,0x0000,0x0000,0x0000,0x0000,0x0000,0x0000,0x0000,0x0000,0x0000,0x0000,
  0x0000,0x0000,0x0000,0x0000,0x0000,0x0000,0x0000,0x0000,0x0000,0x0000,0x0000,0x0000,
  0x0000,0x0000,0x0000,0x0000,0x0000,0x0000,0x0000,0x0000,0x0000,0x0000,0x0000,0x0000,
  0x0000,0x0000,0x0000,0x0000,0x0000,0x0000,0x0000,0x0000,0x0000,0x0000,0x0000,0x0000,
  0x0000,0x0000,0x0000,0x0000,0x0000,0x0000,0x0000,0x0000,0x0000,0x0000,0x0000,0x0000,
  0x0000,0x0000,0x0000,0x0000,0x0000,0x0000,0x0000,0x0000,0x0000,0x0000,0x0000,0x0000,
  0x0000,0x0000,0x0000,0x0000,0x0000,0x0000,0x0000,0x0000,0x0000,0x0000,0x0000,0x0000,
  0x0000,0x0000,0x0000,0x0000,0x0000,0x0000,0x0000,0x0000,0x0000,0x0000,0x0000,0x0000,
  0x0000,0x0000,0x0000,0x0000,0x0000,0x0000,0x0000,0x0000,0x0000,0x0000,0x0000,0x0000,
  0x0000,0x0000,0x0000,0x1822,0x4045,0x3023,0x3824,0x5025,0x6826,0xB9CD,0xC18E,0x8868,
  0x5825,0x4024,0x1802,0x1001,0x0801,0x0800,0x0000,0x0000,0x0000,0x0000,0x0000,0x0000,
  0x0001,0x0001,0x0022,0x0043,0x0085,0x00E8,0x094B,0x09AE,0x1250,0x1B13,0x2B73,0x22F1,
  0x22D1,0x3311,0x4372,0x3B92,0x3B52,0x3A90,0x190C,0x108A,0x1048,0x1027,0x1827,0x204C,
  0x0932,0x1150,0x0001,0x0001,0x0001,0x0001,0x0000,0x0000,0x0000,0x0000,0x0000,0x0000,
  0x0000,0x0000,0x0000,0x0000,0x0000,0x0000,0x0000,0x0000,0x0000,0x0000,0x0000,0x0000,
  0x0000,0x0000,0x0000,0x0000,0x0000,0x0000,0x0000,0x0000,0x0000,0x0000,0x0000,0x0000,
  0x0000,0x0000,0x0000,0x0000,0x0000,0x0000,0x0000,0x0000,0x0000,0x0000,0x0000,0x0000,
  0x0000,0x0000,0x0000,0x0000,0x0000,0x0000,0x0000,0x0000,0x0000,0x0000,0x0000,0x0000,
  0x0000,0x0000,0x0000,0x0000,0x0000,0x0000,0x0000,0x0000,0x0000,0x0000,0x0000,0x0000,
  0x0000,0x0000,0x0000,0x0000,0x0000,0x0000,0x0000,0x0000,0x0000,0x0000,0x0000,0x0000,
  0x0000,0x0000,0x0000,0x0000,0x0000,0x0000,0x0000,0x0000,0x0000,0x0000,0x0000,0x0000,
  0x0000,0x0000,0x0000,0x0000,0x0000,0x0000,0x0000,0x0000,0x0000,0x0000,0x0000,0x0000,
  0x0000,0x0000,0x0000,0x0000,0x0000,0x0000,0x0000,0x0000,0x0000,0x0000,0x0000,0x0000,
  0x0000,0x0000,0x0000,0x0000,0x0000,0x0000,0x0000,0x0000,0x0000,0x0000,0x0000,0x0000,
  0x0000,0x0000,0x0000,0x0000,0x0000,0x0000,0x0000,0x0000,0x0000,0x0000,0x0000,0x0000,
  0x0000,0x0000,0x0000,0x0000,0x0000,0x0000,0x0000,0x0000,0x0000,0x0000,0x0000,0x0000,
  0x0000,0x0000,0x0000,0x0000,0x0000,0x0000,0x0000,0x0000,0x0000,0x0000,0x0000,0x0000,
  0x0000,0x0000,0x0000,0x0000,0x0000,0x0000,0x0000,0x0000,0x0000,0x0000,0x0000,0x0000,
  0x0000,0x0000,0x0000,0x0000,0x0000,0x0000,0x0000,0x0000,0x0000,0x0000,0x0000,0x0000,
  0x0000,0x0000,0x0000,0x0000,0x3844,0x4825,0x6046,0x996B,0xAA6F,0x998B,0x70A7,0x4844,
  0x3823,0x3023,0x2022,0x2022,0x2022,0x2023,0x1822,0x1022,0x0822,0x0802,0x0002,0x0022,
  0x0023,0x0023,0x0044,0x0066,0x0087,0x08C8,0x092A,0x118C,0x1A0E,0x226F,0x32F0,0x3B31,
  0x3310,0x21ED,0x00C9,0x0068,0x0088,0x0067,0x0047,0x006A,0x10AC,0x30EF,0x308F,0x108E,
  0x106A,0x3089,0x0001,0x0001,0x0001,0x0001,0x0000,0x0000,0x0000,0x0000,0x0000,0x0000,
  0x0000,0x0000,0x0000,0x0000,0x0000,0x0000,0x0000,0x0000,0x0000,0x0000,0x0000,0x0000,
  0x0000,0x0000,0x0000,0x0000,0x0000,0x0000,0x0000,0x0000,0x0000,0x0000,0x0000,0x0000,
  0x0000,0x0000,0x0000,0x0000,0x0000,0x0000,0x0000,0x0000,0x0000,0x0000,0x0000,0x0000,
  0x0000,0x0000,0x0000,0x0000,0x0000,0x0000,0x0000,0x0000,0x0000,0x0000,0x0000,0x0000,
  0x0000,0x0000,0x0000,0x0000,0x0000,0x0000,0x0000,0x0000,0x0000,0x0000,0x0000,0x0000,
  0x0000,0x0000,0x0000,0x0000,0x0000,0x0000,0x0000,0x0000,0x0000,0x0000,0x0000,0x0000,
  0x0000,0x0000,0x0000,0x0000,0x0000,0x0000,0x0000,0x0000,0x0000,0x0000,0x0000,0x0000,
  0x0000,0x0000,0x0000,0x0000,0x0000,0x0000,0x0000,0x0000,0x0000,0x0000,0x0000,0x0000,
  0x0000,0x0000,0x0000,0x0000,0x0000,0x0000,0x0000,0x0000,0x0000,0x0000,0x0000,0x0000,
  0x0000,0x0000,0x0000,0x0000,0x0000,0x0000,0x0000,0x0000,0x0000,0x0000,0x0000,0x0000,
  0x0000,0x0000,0x0000,0x0000,0x0000,0x0000,0x0000,0x0000,0x0000,0x0000,0x0000,0x0000,
  0x0000,0x0000,0x0000,0x0000,0x0000,0x0000,0x0000,0x0000,0x0000,0x0000,0x0000,0x0000,
  0x0000,0x0000,0x0000,0x0000,0x0000,0x0000,0x0000,0x0000,0x0000,0x0000,0x0000,0x0000,
  0x0000,0x0000,0x0000,0x0000,0x0000,0x0000,0x0000,0x0000,0x0000,0x0000,0x0000,0x0000,
  0x0000,0x0000,0x0000,0x0000,0x0000,0x0000,0x0000,0x0000,0x0000,0x0000,0x0000,0x0000,
  0x0000,0x0000,0x0000,0x0000,0x0801,0x3823,0x5865,0x80A7,0xA14A,0x9109,0x6886,0x5065,
  0x4865,0x4065,0x4065,0x4085,0x48A6,0x48C6,0x40A5,0x3064,0x1823,0x1022,0x0822,0x0022,
  0x0022,0x0022,0x0043,0x0044,0x0065,0x0065,0x0064,0x0043,0x0023,0x0043,0x0044,0x0044,
  0x0044,0x0023,0x0003,0x0004,0x0025,0x0069,0x010F,0x4B55,0xA53C,0x51F8,0x188E,0x2049,
  0x3848,0x1023,0x0001,0x0001,0x0001,0x0000,0x0000,0x0000,0x0000,0x0000,0x0000,0x0000,
  0x0000,0x0000,0x0000,0x0000,0x0000,0x0000,0x0000,0x0000,0x0000,0x0000,0x0000,0x0000,
  0x0000,0x0000,0x0000,0x0000,0x0000,0x0000,0x0000,0x0000,0x0000,0x0000,0x0000,0x0000,
  0x0000,0x0000,0x0000,0x0000,0x0000,0x0000,0x0000,0x0000,0x0000,0x0000,0x0000,0x0000,
  0x0000,0x0000,0x0000,0x0000,0x0000,0x0000,0x0000,0x0000,0x0000,0x0000,0x0000,0x0000,
  0x0000,0x0000,0x0000,0x0000,0x0000,0x0000,0x0000,0x0000,0x0000,0x0000,0x0000,0x0000,
  0x0000,0x0000,0x0000,0x0000,0x0000,0x0000,0x0000,0x0000,0x0000,0x0000,0x0000,0x0000,
  0x0000,0x0000,0x0000,0x0000,0x0000,0x0000,0x0000,0x0000,0x0000,0x0000,0x0000,0x0000,
  0x0000,0x0000,0x0000,0x0000,0x0000,0x0000,0x0000,0x0000,0x0000,0x0000,0x0000,0x0000,
  0x0000,0x0000,0x0000,0x0000,0x0000,0x0000,0x0000,0x0000,0x0000,0x0000,0x0000,0x0000,
  0x0000,0x0000,0x0000,0x0000,0x0000,0x0000,0x0000,0x0000,0x0000,0x0000,0x0000,0x0000,
  0x0000,0x0000,0x0000,0x0000,0x0000,0x0000,0x0000,0x0000,0x0000,0x0000,0x0000,0x0000,
  0x0000,0x0000,0x0000,0x0000,0x0000,0x0000,0x0000,0x0000,0x0000,0x0000,0x0000,0x0000,
  0x0000,0x0000,0x0000,0x0000,0x0000,0x0000,0x0000,0x0000,0x0000,0x0000,0x0000,0x0000,
  0x0000,0x0000,0x0000,0x0000,0x0000,0x0000,0x0000,0x0000,0x0000,0x0000,0x0000,0x0000,
  0x0000,0x0000,0x0000,0x0000,0x0000,0x0000,0x0000,0x0000,0x0000,0x0000,0x0000,0x0000,
  0x0000,0x0000,0x0000,0x0000,0x0801,0x3023,0x2803,0x3803,0x5825,0x7087,0x7887,0x6066,
  0x4845,0x3824,0x3824,0x3824,0x3024,0x2824,0x2023,0x1823,0x1022,0x1022,0x1022,0x0801,
  0x0001,0x0001,0x0001,0x0001,0x0001,0x0001,0x0001,0x0001,0x0001,0x0001,0x0002,0x0002,
  0x0003,0x0003,0x0024,0x0046,0x00CB,0x0234,0x4D5C,0x8D1A,0x4A74,0x206C,0x2869,0x3047,
  0x2845,0x0001,0x0001,0x0001,0x0000,0x0000,0x0000,0x0000,0x0000,0x0000,0x0000,0x0000,
  0x0000,0x0000,0x0000,0x0000,0x0000,0x0000,0x0000,0x0000,0x0000,0x0000,0x0000,0x0000,
  0x0000,0x0000,0x0000,0x0000,0x0000,0x0000,0x0000,0x0000,0x0000,0x0000,0x0000,0x0000,
  0x0000,0x0000,0x0000,0x0000,0x0000,0x0000,0x0000,0x0000,0x0000,0x0000,0x0000,0x0000,
  0x0000,0x0000,0x0000,0x0000,0x0000,0x0000,0x0000,0x0000,0x0000,0x0000,0x0000,0x0000,
  0x0000,0x0000,0x0000,0x0000,0x0000,0x0000,0x0000,0x0000,0x0000,0x0000,0x0000,0x0000,
  0x0000,0x0000,0x0000,0x0000,0x0000,0x0000,0x0000,0x0000,0x0000,0x0000,0x0000,0x0000,
  0x0000,0x0000,0x0000,0x0000,0x0000,0x0000,0x0000,0x0000,0x0000,0x0000,0x0000,0x0000,
  0x0000,0x0000,0x0000,0x0000,0x0000,0x0000,0x0000,0x0000,0x0000,0x0000,0x0000,0x0000,
  0x0000,0x0000,0x0000,0x0000,0x0000,0x0000,0x0000,0x0000,0x0000,0x0000,0x0000,0x0000,
  0x0000,0x0000,0x0000,0x0000,0x0000,0x0000,0x0000,0x0000,0x0000,0x0000,0x0000,0x0000,
  0x0000,0x0000,0x0000,0x0000,0x0000,0x0000,0x0000,0x0000,0x0000,0x0000,0x0000,0x0000,
  0x0000,0x0000,0x0000,0x0000,0x0000,0x0000,0x0000,0x0000,0x0000,0x0000,0x0000,0x0000,
  0x0000,0x0000,0x0000,0x0000,0x0000,0x0000,0x0000,0x0000,0x0000,0x0000,0x0000,0x0000,
  0x0000,0x0000,0x0000,0x0000,0x0000,0x0000,0x0000,0x0000,0x0000,0x0000,0x0000,0x0000,
  0x0000,0x0000,0x0000,0x0000,0x0000,0x0000,0x0000,0x0000,0x0000,0x0000,0x0000,0x0000,
  0x0000,0x0000,0x0000,0x0000,0x0801,0x3844,0x5005,0x9048,0xA96C,0xA9ED,0x88C8,0x5824,
  0x3022,0x2022,0x1822,0x1002,0x1001,0x1001,0x1001,0x0821,0x0821,0x0821,0x0821,0x0001,
  0x0000,0x0000,0x0000,0x0000,0x0000,0x0000,0x0000,0x0001,0x0001,0x0002,0x0003,0x0044,
  0x00E9,0x0A0E,0x0A93,0x02B6,0x0274,0x0A11,0x114D,0x314F,0x390E,0x2889,0x1025,0x2846,
  0x0801,0x0001,0x0001,0x0000,0x0000,0x0000,0x0000,0x0000,0x0000,0x0000,0x0000,0x0000,
  0x0000,0x0000,0x0000,0x0000,0x0000,0x0000,0x0000,0x0000,0x0000,0x0000,0x0000,0x0000,
  0x0000,0x0000,0x0000,0x0000,0x0000,0x0000,0x0000,0x0000,0x0000,0x0000,0x0000,0x0000,
  0x0000,0x0000,0x0000,0x0000,0x0000,0x0000,0x0000,0x0000,0x0000,0x0000,0x0000,0x0000,
  0x0000,0x0000,0x0000,0x0000,0x0000,0x0000,0x0000,0x0000,0x0000,0x0000,0x0000,0x0000,
  0x0000,0x0000,0x0000,0x0000,0x0000,0x0000,0x0000,0x0000,0x0000,0x0000,0x0000,0x0000,
  0x0000,0x0000,0x0000,0x0000,0x0000,0x0000,0x0000,0x0000,0x0000,0x0000,0x0000,0x0000,
  0x0000,0x0000,0x0000,0x0000,0x0000,0x0000,0x0000,0x0000,0x0000,0x0000,0x0000,0x0000,
  0x0000,0x0000,0x0000,0x0000,0x0000,0x0000,0x0000,0x0000,0x0000,0x0000,0x0000,0x0000,
  0x0000,0x0000,0x0000,0x0000,0x0000,0x0000,0x0000,0x0000,0x0000,0x0000,0x0000,0x0000,
  0x0000,0x0000,0x0000,0x0000,0x0000,0x0000,0x0000,0x0000,0x0000,0x0000,0x0000,0x0000,
  0x0000,0x0000,0x0000,0x0000,0x0000,0x0000,0x0000,0x0000,0x0000,0x0000,0x0000,0x0000,
  0x0000,0x0000,0x0000,0x0000,0x0000,0x0000,0x0000,0x0000,0x0000,0x0000,0x0000,0x0000,
  0x0000,0x0000,0x0000,0x0000,0x0000,0x0000,0x0000,0x0000,0x0000,0x0000,0x0000,0x0000,
  0x0000,0x0000,0x0000,0x0000,0x0000,0x0000,0x0000,0x0000,0x0000,0x0000,0x0000,0x0000,
  0x0000,0x0000,0x0000,0x0000,0x0000,0x0000,0x0000,0x0000,0x0000,0x0000,0x0000,0x0000,
  0x0000,0x0000,0x0000,0x0000,0x0000,0x1822,0x4024,0x8068,0xEB54,0xFBD6,0xF211,0xB06A,
  0xA8AB,0x6846,0x2003,0x1002,0x0801,0x0801,0x0801,0x0000,0x0000,0x0000,0x0000,0x0000,
  0x0000,0x0000,0x0000,0x0000,0x0000,0x0021,0x0042,0x0085,0x0909,0x098D,0x1250,0x1B33,
  0x2BB4,0x1A90,0x11CE,0x11CE,0x11AD,0x19AD,0x218C,0x1067,0x0825,0x1025,0x2847,0x1023,
  0x0001,0x0001,0x0001,0x0000,0x0000,0x0000,0x0000,0x0000,0x0000,0x0000,0x0000,0x0000,
  0x0000,0x0000,0x0000,0x0000,0x0000,0x0000,0x0000,0x0000,0x0000,0x0000,0x0000,0x0000,
  0x0000,0x0000,0x0000,0x0000,0x0000,0x0000,0x0000,0x0000,0x0000,0x0000,0x0000,0x0000,
  0x0000,0x0000,0x0000,0x0000,0x0000,0x0000,0x0000,0x0000,0x0000,0x0000,0x0000,0x0000,
  0x0000,0x0000,0x0000,0x0000,0x0000,0x0000,0x0000,0x0000,0x0000,0x0000,0x0000,0x0000,
  0x0000,0x0000,0x0000,0x0000,0x0000,0x0000,0x0000,0x0000,0x0000,0x0000,0x0000,0x0000,
  0x0000,0x0000,0x0000,0x0000,0x0000,0x0000,0x0000,0x0000,0x0000,0x0000,0x0000,0x0000,
  0x0000,0x0000,0x0000,0x0000,0x0000,0x0000,0x0000,0x0000,0x0000,0x0000,0x0000,0x0000,
  0x0000,0x0000,0x0000,0x0000,0x0000,0x0000,0x0000,0x0000,0x0000,0x0000,0x0000,0x0000,
  0x0000,0x0000,0x0000,0x0000,0x0000,0x0000,0x0000,0x0000,0x0000,0x0000,0x0000,0x0000,
  0x0000,0x0000,0x0000,0x0000,0x0000,0x0000,0x0000,0x0000,0x0000,0x0000,0x0000,0x0000,
  0x0000,0x0000,0x0000,0x0000,0x0000,0x0000,0x0000,0x0000,0x0000,0x0000,0x0000,0x0000,
  0x0000,0x0000,0x0000,0x0000,0x0000,0x0000,0x0000,0x0000,0x0000,0x0000,0x0000,0x0000,
  0x0000,0x0000,0x0000,0x0000,0x0000,0x0000,0x0000,0x0000,0x0000,0x0000,0x0000,0x0000,
  0x0000,0x0000,0x0000,0x0000,0x0000,0x0000,0x0000,0x0000,0x0000,0x0000,0x0000,0x0000,
  0x0000,0x0000,0x0000,0x0000,0x0000,0x0000,0x0000,0x0000,0x0000,0x0000,0x0000,0x0000,
  0x0000,0x0000,0x0000,0x0000,0x0000,0x0000,0x2022,0x3824,0x5025,0x7908,0x98CA,0x9048,
  0x9049,0x5005,0x2804,0x2003,0x1802,0x1822,0x1002,0x0801,0x0001,0x0000,0x0000,0x0000,
  0x0000,0x0000,0x0000,0x0001,0x0002,0x0023,0x0044,0x0065,0x0066,0x08A7,0x112A,0x118C,
  0x19ED,0x1A0D,0x114B,0x0066,0x0005,0x0005,0x0826,0x2828,0x2027,0x2848,0x1824,0x0001,
  0x0001,0x0001,0x0000,0x0000,0x0000,0x0000,0x0000,0x0000,0x0000,0x0000,0x0000,0x0000,
  0x0000,0x0000,0x0000,0x0000,0x0000,0x0000,0x0000,0x0000,0x0000,0x0000,0x0000,0x0000,
  0x0000,0x0000,0x0000,0x0000,0x0000,0x0000,0x0000,0x0000,0x0000,0x0000,0x0000,0x0000,
  0x0000,0x0000,0x0000,0x0000,0x0000,0x0000,0x0000,0x0000,0x0000,0x0000,0x0000,0x0000,
  0x0000,0x0000,0x0000,0x0000,0x0000,0x0000,0x0000,0x0000,0x0000,0x0000,0x0000,0x0000,
  0x0000,0x0000,0x0000,0x0000,0x0000,0x0000,0x0000,0x0000,0x0000,0x0000,0x0000,0x0000,
  0x0000,0x0000,0x0000,0x0000,0x0000,0x0000,0x0000,0x0000,0x0000,0x0000,0x0000,0x0000,
  0x0000,0x0000,0x0000,0x0000,0x0000,0x0000,0x0000,0x0000,0x0000,0x0000,0x0000,0x0000,
  0x0000,0x0000,0x0000,0x0000,0x0000,0x0000,0x0000,0x0000,0x0000,0x0000,0x0000,0x0000,
  0x0000,0x0000,0x0000,0x0000,0x0000,0x0000,0x0000,0x0000,0x0000,0x0000,0x0000,0x0000,
  0x0000,0x0000,0x0000,0x0000,0x0000,0x0000,0x0000,0x0000,0x0000,0x0000,0x0000,0x0000,
  0x0000,0x0000,0x0000,0x0000,0x0000,0x0000,0x0000,0x0000,0x0000,0x0000,0x0000,0x0000,
  0x0000,0x0000,0x0000,0x0000,0x0000,0x0000,0x0000,0x0000,0x0000,0x0000,0x0000,0x0000,
  0x0000,0x0000,0x0000,0x0000,0x0000,0x0000,0x0000,0x0000,0x0000,0x0000,0x0000,0x0000,
  0x0000,0x0000,0x0000,0x0000,0x0000,0x0000,0x0000,0x0000,0x0000,0x0000,0x0000,0x0000,
  0x0000,0x0000,0x0000,0x0000,0x0000,0x0000,0x0000,0x0000,0x0000,0x0000,0x0000,0x0000,
  0x0000,0x0000,0x0000,0x0000,0x0000,0x0000,0x0000,0x2023,0x5046,0x4045,0x2802,0x2803,
  0x2803,0x2003,0x2003,0x2003,0x2824,0x3865,0x2824,0x1803,0x1002,0x1001,0x0801,0x0801,
  0x0801,0x0001,0x0001,0x0001,0x0002,0x0022,0x0023,0x0044,0x0044,0x0024,0x0024,0x0024,
  0x0025,0x0025,0x0005,0x0005,0x0806,0x2008,0x402B,0x402A,0x2848,0x2045,0x0001,0x0001,
  0x0001,0x0001,0x0000,0x0000,0x0000,0x0000,0x0000,0x0000,0x0000,0x0000,0x0000,0x0000,
  0x0000,0x0000,0x0000,0x0000,0x0000,0x0000,0x0000,0x0000,0x0000,0x0000,0x0000,0x0000,
  0x0000,0x0000,0x0000,0x0000,0x0000,0x0000,0x0000,0x0000,0x0000,0x0000,0x0000,0x0000,
  0x0000,0x0000,0x0000,0x0000,0x0000,0x0000,0x0000,0x0000,0x0000,0x0000,0x0000,0x0000,
  0x0000,0x0000,0x0000,0x0000,0x0000,0x0000,0x0000,0x0000,0x0000,0x0000,0x0000,0x0000,
  0x0000,0x0000,0x0000,0x0000,0x0000,0x0000,0x0000,0x0000,0x0000,0x0000,0x0000,0x0000,
  0x0000,0x0000,0x0000,0x0000,0x0000,0x0000,0x0000,0x0000,0x0000,0x0000,0x0000,0x0000,
  0x0000,0x0000,0x0000,0x0000,0x0000,0x0000,0x0000,0x0000,0x0000,0x0000,0x0000,0x0000,
  0x0000,0x0000,0x0000,0x0000,0x0000,0x0000,0x0000,0x0000,0x0000,0x0000,0x0000,0x0000,
  0x0000,0x0000,0x0000,0x0000,0x0000,0x0000,0x0000,0x0000,0x0000,0x0000,0x0000,0x0000,
  0x0000,0x0000,0x0000,0x0000,0x0000,0x0000,0x0000,0x0000,0x0000,0x0000,0x0000,0x0000,
  0x0000,0x0000,0x0000,0x0000,0x0000,0x0000,0x0000,0x0000,0x0000,0x0000,0x0000,0x0000,
  0x0000,0x0000,0x0000,0x0000,0x0000,0x0000,0x0000,0x0000,0x0000,0x0000,0x0000,0x0000,
  0x0000,0x0000,0x0000,0x0000,0x0000,0x0000,0x0000,0x0000,0x0000,0x0000,0x0000,0x0000,
  0x0000,0x0000,0x0000,0x0000,0x0000,0x0000,0x0000,0x0000,0x0000,0x0000,0x0000,0x0000,
  0x0000,0x0000,0x0000,0x0000,0x0000,0x0000,0x0000,0x0000,0x0000,0x0000,0x0000,0x0000,
  0x0000,0x0000,0x0000,0x0000,0x0000,0x0000,0x0000,0x0000,0x2023,0x6067,0x4845,0x2003,
  0x2003,0x2803,0x2003,0x2003,0x2003,0x2804,0x3805,0x5807,0x7048,0x6848,0x5027,0x4026,
  0x2805,0x2004,0x1804,0x1004,0x0803,0x0803,0x0003,0x0003,0x0003,0x0024,0x0024,0x0004,
  0x0025,0x0005,0x0005,0x0806,0x2808,0x400B,0x482C,0x3049,0x2046,0x0001,0x0001,0x0001,
  0x0001,0x0001,0x0000,0x0000,0x0000,0x0000,0x0000,0x0000,0x0000,0x0000,0x0000,0x0000,
  0x0000,0x0000,0x0000,0x0000,0x0000,0x0000,0x0000,0x0000,0x0000,0x0000,0x0000,0x0000,
  0x0000,0x0000,0x0000,0x0000,0x0000,0x0000,0x0000,0x0000,0x0000,0x0000,0x0000,0x0000,
  0x0000,0x0000,0x0000,0x0000,0x0000,0x0000,0x0000,0x0000,0x0000,0x0000,0x0000,0x0000,
  0x0000,0x0000,0x0000,0x0000,0x0000,0x0000,0x0000,0x0000,0x0000,0x0000,0x0000,0x0000,
  0x0000,0x0000,0x0000,0x0000,0x0000,0x0000,0x0000,0x0000,0x0000,0x0000,0x0000,0x0000,
  0x0000,0x0000,0x0000,0x0000,0x0000,0x0000,0x0000,0x0000,0x0000,0x0000,0x0000,0x0000,
  0x0000,0x0000,0x0000,0x0000,0x0000,0x0000,0x0000,0x0000,0x0000,0x0000,0x0000,0x0000,
  0x0000,0x0000,0x0000,0x0000,0x0000,0x0000,0x0000,0x0000,0x0000,0x0000,0x0000,0x0000,
  0x0000,0x0000,0x0000,0x0000,0x0000,0x0000,0x0000,0x0000,0x0000,0x0000,0x0000,0x0000,
  0x0000,0x0000,0x0000,0x0000,0x0000,0x0000,0x0000,0x0000,0x0000,0x0000,0x0000,0x0000,
  0x0000,0x0000,0x0000,0x0000,0x0000,0x0000,0x0000,0x0000,0x0000,0x0000,0x0000,0x0000,
  0x0000,0x0000,0x0000,0x0000,0x0000,0x0000,0x0000,0x0000,0x0000,0x0000,0x0000,0x0000,
  0x0000,0x0000,0x0000,0x0000,0x0000,0x0000,0x0000,0x0000,0x0000,0x0000,0x0000,0x0000,
  0x0000,0x0000,0x0000,0x0000,0x0000,0x0000,0x0000,0x0000,0x0000,0x0000,0x0000,0x0000,
  0x0000,0x0000,0x0000,0x0000,0x0000,0x0000,0x0000,0x0000,0x0000,0x0000,0x0000,0x0000,
  0x0000,0x0000,0x0000,0x0000,0x0000,0x0000,0x0000,0x0000,0x0001,0x1822,0x5867,0x5046,
  0x2003,0x2803,0x2804,0x2804,0x2804,0x2804,0x3805,0x6848,0x886A,0x906B,0x6828,0x4026,
  0x3005,0x2805,0x2004,0x1004,0x0803,0x0803,0x0003,0x0003,0x0024,0x0024,0x0024,0x0005,
  0x0005,0x0025,0x0826,0x2809,0x480B,0x480B,0x3849,0x2045,0x0001,0x0001,0x0001,0x0001,
  0x0000,0x0000,0x0000,0x0000,0x0000,0x0000,0x0000,0x0000,0x0000,0x0000,0x0000,0x0000,
  0x0000,0x0000,0x0000,0x0000,0x0000,0x0000,0x0000,0x0000,0x0000,0x0000,0x0000,0x0000,
  0x0000,0x0000,0x0000,0x0000,0x0000,0x0000,0x0000,0x0000,0x0000,0x0000,0x0000,0x0000,
  0x0000,0x0000,0x0000,0x0000,0x0000,0x0000,0x0000,0x0000,0x0000,0x0000,0x0000,0x0000,
  0x0000,0x0000,0x0000,0x0000,0x0000,0x0000,0x0000,0x0000,0x0000,0x0000,0x0000,0x0000,
  0x0000,0x0000,0x0000,0x0000,0x0000,0x0000,0x0000,0x0000,0x0000,0x0000,0x0000,0x0000,
  0x0000,0x0000,0x0000,0x0000,0x0000,0x0000,0x0000,0x0000,0x0000,0x0000,0x0000,0x0000,
  0x0000,0x0000,0x0000,0x0000,0x0000,0x0000,0x0000,0x0000,0x0000,0x0000,0x0000,0x0000,
  0x0000,0x0000,0x0000,0x0000,0x0000,0x0000,0x0000,0x0000,0x0000,0x0000,0x0000,0x0000,
  0x0000,0x0000,0x0000,0x0000,0x0000,0x0000,0x0000,0x0000,0x0000,0x0000,0x0000,0x0000,
  0x0000,0x0000,0x0000,0x0000,0x0000,0x0000,0x0000,0x0000,0x0000,0x0000,0x0000,0x0000,
  0x0000,0x0000,0x0000,0x0000,0x0000,0x0000,0x0000,0x0000,0x0000,0x0000,0x0000,0x0000,
  0x0000,0x0000,0x0000,0x0000,0x0000,0x0000,0x0000,0x0000,0x0000,0x0000,0x0000,0x0000,
  0x0000,0x0000,0x0000,0x0000,0x0000,0x0000,0x0000,0x0000,0x0000,0x0000,0x0000,0x0000,
  0x0000,0x0000,0x0000,0x0000,0x0000,0x0000,0x0000,0x0000,0x0000,0x0000,0x0000,0x0000,
  0x0000,0x0000,0x0000,0x0000,0x0000,0x0000,0x0000,0x0000,0x0000,0x0000,0x0000,0x0000,
  0x0000,0x0000,0x0000,0x0000,0x0000,0x0000,0x0000,0x0000,0x0000,0x0001,0x1822,0x5046,
  0x5866,0x2803,0x2803,0x3004,0x3005,0x4005,0x4006,0x5827,0x908B,0x988B,0x6828,0x4026,
  0x2805,0x2004,0x1804,0x1003,0x0803,0x0003,0x0003,0x0003,0x0024,0x0045,0x0024,0x0005,
  0x0025,0x0826,0x2808,0x580B,0x480A,0x3849,0x1845,0x0001,0x0001,0x0001,0x0001,0x0000,
  0x0000,0x0000,0x0000,0x0000,0x0000,0x0000,0x0000,0x0000,0x0000,0x0000,0x0000,0x0000,
  0x0000,0x0000,0x0000,0x0000,0x0000,0x0000,0x0000,0x0000,0x0000,0x0000,0x0000,0x0000,
  0x0000,0x0000,0x0000,0x0000,0x0000,0x0000,0x0000,0x0000,0x0000,0x0000,0x0000,0x0000,
  0x0000,0x0000,0x0000,0x0000,0x0000,0x0000,0x0000,0x0000,0x0000,0x0000,0x0000,0x0000,
  0x0000,0x0000,0x0000,0x0000,0x0000,0x0000,0x0000,0x0000,0x0000,0x0000,0x0000,0x0000,
  0x0000,0x0000,0x0000,0x0000,0x0000,0x0000,0x0000,0x0000,0x0000,0x0000,0x0000,0x0000,
  0x0000,0x0000,0x0000,0x0000,0x0000,0x0000,0x0000,0x0000,0x0000,0x0000,0x0000,0x0000,
  0x0000,0x0000,0x0000,0x0000,0x0000,0x0000,0x0000,0x0000,0x0000,0x0000,0x0000,0x0000,
  0x0000,0x0000,0x0000,0x0000,0x0000,0x0000,0x0000,0x0000,0x0000,0x0000,0x0000,0x0000,
  0x0000,0x0000,0x0000,0x0000,0x0000,0x0000,0x0000,0x0000,0x0000,0x0000,0x0000,0x0000,
  0x0000,0x0000,0x0000,0x0000,0x0000,0x0000,0x0000,0x0000,0x0000,0x0000,0x0000,0x0000,
  0x0000,0x0000,0x0000,0x0000,0x0000,0x0000,0x0000,0x0000,0x0000,0x0000,0x0000,0x0000,
  0x0000,0x0000,0x0000,0x0000,0x0000,0x0000,0x0000,0x0000,0x0000,0x0000,0x0000,0x0000,
  0x0000,0x0000,0x0000,0x0000,0x0000,0x0000,0x0000,0x0000,0x0000,0x0000,0x0000,0x0000,
  0x0000,0x0000,0x0000,0x0000,0x0000,0x0000,0x0000,0x0000,0x0000,0x0000,0x0000,0x0000,
  0x0000,0x0000,0x0000,0x0000,0x0000,0x0000,0x0000,0x0000,0x0000,0x0000,0x0000,0x0000,
  0x0000,0x0000,0x0000,0x0000,0x0000,0x0000,0x0000,0x0000,0x0000,0x0001,0x0001,0x1001,
  0x4845,0x68A8,0x2823,0x2803,0x3805,0x4005,0x5026,0x5826,0x8049,0xB0CD,0x7849,0x4826,
  0x3005,0x2004,0x1804,0x1004,0x0803,0x0003,0x0004,0x0004,0x0004,0x0024,0x0025,0x0025,
  0x0026,0x1807,0x482A,0x4029,0x3869,0x1824,0x0001,0x0001,0x0001,0x0001,0x0001,0x0000,
  0x0000,0x0000,0x0000,0x0000,0x0000,0x0000,0x0000,0x0000,0x0000,0x0000,0x0000,0x0000,
  0x0000,0x0000,0x0000,0x0000,0x0000,0x0000,0x0000,0x0000,0x0000,0x0000,0x0000,0x0000,
  0x0000,0x0000,0x0000,0x0000,0x0000,0x0000,0x0000,0x0000,0x0000,0x0000,0x0000,0x0000,
  0x0000,0x0000,0x0000,0x0000,0x0000,0x0000,0x0000,0x0000,0x0000,0x0000,0x0000,0x0000,
  0x0000,0x0000,0x0000,0x0000,0x0000,0x0000,0x0000,0x0000,0x0000,0x0000,0x0000,0x0000,
  0x0000,0x0000,0x0000,0x0000,0x0000,0x0000,0x0000,0x0000,0x0000,0x0000,0x0000,0x0000,
  0x0000,0x0000,0x0000,0x0000,0x0000,0x0000,0x0000,0x0000,0x0000,0x0000,0x0000,0x0000,
  0x0000,0x0000,0x0000,0x0000,0x0000,0x0000,0x0000,0x0000,0x0000,0x0000,0x0000,0x0000,
  0x0000,0x0000,0x0000,0x0000,0x0000,0x0000,0x0000,0x0000,0x0000,0x0000,0x0000,0x0000,
  0x0000,0x0000,0x0000,0x0000,0x0000,0x0000,0x0000,0x0000,0x0000,0x0000,0x0000,0x0000,
  0x0000,0x0000,0x0000,0x0000,0x0000,0x0000,0x0000,0x0000,0x0000,0x0000,0x0000,0x0000,
  0x0000,0x0000,0x0000,0x0000,0x0000,0x0000,0x0000,0x0000,0x0000,0x0000,0x0000,0x0000,
  0x0000,0x0000,0x0000,0x0000,0x0000,0x0000,0x0000,0x0000,0x0000,0x0000,0x0000,0x0000,
  0x0000,0x0000,0x0000,0x0000,0x0000,0x0000,0x0000,0x0000,0x0000,0x0000,0x0000,0x0000,
  0x0000,0x0000,0x0000,0x0000,0x0000,0x0000,0x0000,0x0000,0x0000,0x0000,0x0000,0x0000,
  0x0000,0x0000,0x0000,0x0000,0x0000,0x0000,0x0000,0x0000,0x0000,0x0000,0x0000,0x0000,
  0x0000,0x0000,0x0000,0x0000,0x0000,0x0000,0x0000,0x0000,0x0000,0x0001,0x0001,0x0001,
  0x0801,0x4044,0x6086,0x3023,0x3004,0x4005,0x4825,0x5826,0x6827,0xA06B,0x8049,0x5026,
  0x3805,0x2805,0x2005,0x1804,0x0804,0x0004,0x0004,0x0004,0x0025,0x0025,0x0025,0x0026,
  0x1027,0x3049,0x488A,0x3067,0x0822,0x0001,0x0001,0x0001,0x0001,0x0000,0x0001,0x0000,
  0x0000,0x0000,0x0000,0x0000,0x0000,0x0000,0x0000,0x0000,0x0000,0x0000,0x0000,0x0000,
  0x0000,0x0000,0x0000,0x0000,0x0000,0x0000,0x0000,0x0000,0x0000,0x0000,0x0000,0x0000,
  0x0000,0x0000,0x0000,0x0000,0x0000,0x0000,0x0000,0x0000,0x0000,0x0000,0x0000,0x0000,
  0x0000,0x0000,0x0000,0x0000,0x0000,0x0000,0x0000,0x0000,0x0000,0x0000,0x0000,0x0000,
  0x0000,0x0000,0x0000,0x0000,0x0000,0x0000,0x0000,0x0000,0x0000,0x0000,0x0000,0x0000,
  0x0000,0x0000,0x0000,0x0000,0x0000,0x0000,0x0000,0x0000,0x0000,0x0000,0x0000,0x0000,
  0x0000,0x0000,0x0000,0x0000,0x0000,0x0000,0x0000,0x0000,0x0000,0x0000,0x0000,0x0000,
  0x0000,0x0000,0x0000,0x0000,0x0000,0x0000,0x0000,0x0000,0x0000,0x0000,0x0000,0x0000,
  0x0000,0x0000,0x0000,0x0000,0x0000,0x0000,0x0000,0x0000,0x0000,0x0000,0x0000,0x0000,
  0x0000,0x0000,0x0000,0x0000,0x0000,0x0000,0x0000,0x0000,0x0000,0x0000,0x0000,0x0000,
  0x0000,0x0000,0x0000,0x0000,0x0000,0x0000,0x0000,0x0000,0x0000,0x0000,0x0000,0x0000,
  0x0000,0x0000,0x0000,0x0000,0x0000,0x0000,0x0000,0x0000,0x0000,0x0000,0x0000,0x0000,
  0x0000,0x0000,0x0000,0x0000,0x0000,0x0000,0x0000,0x0000,0x0000,0x0000,0x0000,0x0000,
  0x0000,0x0000,0x0000,0x0000,0x0000,0x0000,0x0000,0x0000,0x0000,0x0000,0x0000,0x0000,
  0x0000,0x0000,0x0000,0x0000,0x0000,0x0000,0x0000,0x0000,0x0000,0x0000,0x0000,0x0000,
  0x0000,0x0000,0x0000,0x0000,0x0000,0x0000,0x0000,0x0000,0x0000,0x0000,0x0000,0x0000,
  0x0000,0x0000,0x0000,0x0000,0x0000,0x0000,0x0000,0x0000,0x0000,0x0001,0x0001,0x0001,
  0x0001,0x0801,0x4064,0x2022,0x1801,0x1802,0x2803,0x3824,0x5826,0x8889,0x7848,0x5026,
  0x3806,0x3006,0x2805,0x1825,0x0825,0x0025,0x0046,0x0046,0x0067,0x0067,0x0046,0x0045,
  0x0824,0x1023,0x2044,0x1864,0x0001,0x0001,0x0001,0x0001,0x0001,0x0001,0x0001,0x0000,
  0x0000,0x0000,0x0000,0x0000,0x0000,0x0000,0x0000,0x0000,0x0000,0x0000,0x0000,0x0000,
  0x0000,0x0000,0x0000,0x0000,0x0000,0x0000,0x0000,0x0000,0x0000,0x0000,0x0000,0x0000,
  0x0000,0x0000,0x0000,0x0000,0x0000,0x0000,0x0000,0x0000,0x0000,0x0000,0x0000,0x0000,
  0x0000,0x0000,0x0000,0x0000,0x0000,0x0000,0x0000,0x0000,0x0000,0x0000,0x0000,0x0000,
  0x0000,0x0000,0x0000,0x0000,0x0000,0x0000,0x0000,0x0000,0x0000,0x0000,0x0000,0x0000,
  0x0000,0x0000,0x0000,0x0000,0x0000,0x0000,0x0000,0x0000,0x0000,0x0000,0x0000,0x0000,
  0x0000,0x0000,0x0000,0x0000,0x0000,0x0000,0x0000,0x0000,0x0000,0x0000,0x0000,0x0000,
  0x0000,0x0000,0x0000,0x0000,0x0000,0x0000,0x0000,0x0000,0x0000,0x0000,0x0000,0x0000,
  0x0000,0x0000,0x0000,0x0000,0x0000,0x0000,0x0000,0x0000,0x0000,0x0000,0x0000,0x0000,
  0x0000,0x0000,0x0000,0x0000,0x0000,0x0000,0x0000,0x0000,0x0000,0x0000,0x0000,0x0000,
  0x0000,0x0000,0x0000,0x0000,0x0000,0x0000,0x0000,0x0000,0x0000,0x0000,0x0000,0x0000,
  0x0000,0x0000,0x0000,0x0000,0x0000,0x0000,0x0000,0x0000,0x0000,0x0000,0x0000,0x0000,
  0x0000,0x0000,0x0000,0x0000,0x0000,0x0000,0x0000,0x0000,0x0000,0x0000,0x0000,0x0000,
  0x0000,0x0000,0x0000,0x0000,0x0000,0x0000,0x0000,0x0000,0x0000,0x0000,0x0000,0x0000,
  0x0000,0x0000,0x0000,0x0000,0x0000,0x0000,0x0000,0x0000,0x0000,0x0000,0x0000,0x0000,
  0x0000,0x0000,0x0000,0x0000,0x0000,0x0000,0x0000,0x0000,0x0000,0x0000,0x0000,0x0000,
  0x0000,0x0000,0x0000,0x0000,0x0000,0x0000,0x0000,0x0000,0x0000,0x0000,0x0001,0x0001,
  0x0001,0x0001,0x2042,0x3043,0x2022,0x0800,0x0000,0x0000,0x1000,0x3042,0x1821,0x0801,
  0x0801,0x0801,0x0001,0x0001,0x0001,0x0001,0x0001,0x0001,0x0001,0x0001,0x0001,0x0001,
  0x0823,0x1844,0x2045,0x0821,0x0001,0x0001,0x0000,0x0000,0x0000,0x0000,0x0000,0x0000,
  0x0000,0x0000,0x0000,0x0000,0x0000,0x0000,0x0000,0x0000,0x0000,0x0000,0x0000,0x0000,
  0x0000,0x0000,0x0000,0x0000,0x0000,0x0000,0x0000,0x0000,0x0000,0x0000,0x0000,0x0000,
  0x0000,0x0000,0x0000,0x0000,0x0000,0x0000,0x0000,0x0000,0x0000,0x0000,0x0000,0x0000,
  0x0000,0x0000,0x0000,0x0000,0x0000,0x0000,0x0000,0x0000,0x0000,0x0000,0x0000,0x0000,
  0x0000,0x0000,0x0000,0x0000,0x0000,0x0000,0x0000,0x0000,0x0000,0x0000,0x0000,0x0000,
  0x0000,0x0000,0x0000,0x0000,0x0000,0x0000,0x0000,0x0000,0x0000,0x0000,0x0000,0x0000,
  0x0000,0x0000,0x0000,0x0000,0x0000,0x0000,0x0000,0x0000,0x0000,0x0000,0x0000,0x0000,
  0x0000,0x0000,0x0000,0x0000,0x0000,0x0000,0x0000,0x0000,0x0000,0x0000,0x0000,0x0000,
  0x0000,0x0000,0x0000,0x0000,0x0000,0x0000,0x0000,0x0000,0x0000,0x0000,0x0000,0x0000,
  0x0000,0x0000,0x0000,0x0000,0x0000,0x0000,0x0000,0x0000,0x0000,0x0000,0x0000,0x0000,
  0x0000,0x0000,0x0000,0x0000,0x0000,0x0000,0x0000,0x0000,0x0000,0x0000,0x0000,0x0000,
  0x0000,0x0000,0x0000,0x0000,0x0000,0x0000,0x0000,0x0000,0x0000,0x0000,0x0000,0x0000,
  0x0000,0x0000,0x0000,0x0000,0x0000,0x0000,0x0000,0x0000,0x0000,0x0000,0x0000,0x0000,
  0x0000,0x0000,0x0000,0x0000,0x0000,0x0000,0x0000,0x0000,0x0000,0x0000,0x0000,0x0000,
  0x0000,0x0000,0x0000,0x0000,0x0000,0x0000,0x0000,0x0000,0x0000,0x0000,0x0000,0x0000,
  0x0000,0x0000,0x0000,0x0000,0x0000,0x0000,0x0000,0x0000,0x0000,0x0000,0x0000,0x0000,
  0x0000,0x0000,0x0000,0x0000,0x0000,0x0000,0x0000,0x0000,0x0000,0x0000,0x0001,0x0000,
  0x0001,0x0001,0x0001,0x0801,0x2022,0x2843,0x3043,0x3863,0x40A4,0x50A4,0x2862,0x0821,
  0x0821,0x0000,0x0000,0x0001,0x0021,0x0022,0x0043,0x0064,0x08C7,0x08C8,0x0886,0x1886,
  0x2044,0x1022,0x0021,0x0001,0x0001,0x0000,0x0000,0x0000,0x0000,0x0000,0x0000,0x0000,
  0x0000,0x0000,0x0000,0x0000,0x0000,0x0000,0x0000,0x0000,0x0000,0x0000,0x0000,0x0000,
  0x0000,0x0000,0x0000,0x0000,0x0000,0x0000,0x0000,0x0000,0x0000,0x0000,0x0000,0x0000,
  0x0000,0x0000,0x0000,0x0000,0x0000,0x0000,0x0000,0x0000,0x0000,0x0000,0x0000,0x0000,
  0x0000,0x0000,0x0000,0x0000,0x0000,0x0000,0x0000,0x0000,0x0000,0x0000,0x0000,0x0000,
  0x0000,0x0000,0x0000,0x0000,0x0000,0x0000,0x0000,0x0000,0x0000,0x0000,0x0000,0x0000,
  0x0000,0x0000,0x0000,0x0000,0x0000,0x0000,0x0000,0x0000,0x0000,0x0000,0x0000,0x0000,
  0x0000,0x0000,0x0000,0x0000,0x0000,0x0000,0x0000,0x0000,0x0000,0x0000,0x0000,0x0000,
  0x0000,0x0000,0x0000,0x0000,0x0000,0x0000,0x0000,0x0000,0x0000,0x0000,0x0000,0x0000,
  0x0000,0x0000,0x0000,0x0000,0x0000,0x0000,0x0000,0x0000,0x0000,0x0000,0x0000,0x0000,
  0x0000,0x0000,0x0000,0x0000,0x0000,0x0000,0x0000,0x0000,0x0000,0x0000,0x0000,0x0000,
  0x0000,0x0000,0x0000,0x0000,0x0000,0x0000,0x0000,0x0000,0x0000,0x0000,0x0000,0x0000,
  0x0000,0x0000,0x0000,0x0000,0x0000,0x0000,0x0000,0x0000,0x0000,0x0000,0x0000,0x0000,
  0x0000,0x0000,0x0000,0x0000,0x0000,0x0000,0x0000,0x0000,0x0000,0x0000,0x0000,0x0000,
  0x0000,0x0000,0x0000,0x0000,0x0000,0x0000,0x0000,0x0000,0x0000,0x0000,0x0000,0x0000,
  0x0000,0x0000,0x0000,0x0000,0x0000,0x0000,0x0000,0x0000,0x0000,0x0000,0x0000,0x0000,
  0x0000,0x0000,0x0000,0x0000,0x0000,0x0000,0x0000,0x0000,0x0000,0x0000,0x0000,0x0000,
  0x0000,0x0000,0x0000,0x0000,0x0000,0x0000,0x0000,0x0000,0x0000,0x0000,0x0001,0x0000,
  0x0001,0x0001,0x0001,0x0001,0x0801,0x1801,0x1001,0x1000,0x0800,0x0800,0x0820,0x0821,
  0x0821,0x0821,0x0021,0x0021,0x0021,0x0021,0x0021,0x0001,0x0001,0x0001,0x0802,0x1803,
  0x1823,0x0001,0x0001,0x0001,0x0000,0x0000,0x0000,0x0000,0x0000,0x0000,0x0000,0x0000,
  0x0000,0x0000,0x0000,0x0000,0x0000,0x0000,0x0000,0x0000,0x0000,0x0000,0x0000,0x0000,
  0x0000,0x0000,0x0000,0x0000,0x0000,0x0000,0x0000,0x0000,0x0000,0x0000,0x0000,0x0000,
  0x0000,0x0000,0x0000,0x0000,0x0000,0x0000,0x0000,0x0000,0x0000,0x0000,0x0000,0x0000,
  0x0000,0x0000,0x0000,0x0000,0x0000,0x0000,0x0000,0x0000,0x0000,0x0000,0x0000,0x0000,
  0x0000,0x0000,0x0000,0x0000,0x0000,0x0000,0x0000,0x0000,0x0000,0x0000,0x0000,0x0000,
  0x0000,0x0000,0x0000,0x0000,0x0000,0x0000,0x0000,0x0000,0x0000,0x0000,0x0000,0x0000,
  0x0000,0x0000,0x0000,0x0000,0x0000,0x0000,0x0000,0x0000,0x0000,0x0000,0x0000,0x0000,
  0x0000,0x0000,0x0000,0x0000,0x0000,0x0000,0x0000,0x0000,0x0000,0x0000,0x0000,0x0000,
  0x0000,0x0000,0x0000,0x0000,0x0000,0x0000,0x0000,0x0000,0x0000,0x0000,0x0000,0x0000,
  0x0000,0x0000,0x0000,0x0000,0x0000,0x0000,0x0000,0x0000,0x0000,0x0000,0x0000,0x0000,
  0x0000,0x0000,0x0000,0x0000,0x0000,0x0000,0x0000,0x0000,0x0000,0x0000,0x0000,0x0000,
  0x0000,0x0000,0x0000,0x0000,0x0000,0x0000,0x0000,0x0000,0x0000,0x0000,0x0000,0x0000,
  0x0000,0x0000,0x0000,0x0000,0x0000,0x0000,0x0000,0x0000,0x0000,0x0000,0x0000,0x0000,
  0x0000,0x0000,0x0000,0x0000,0x0000,0x0000,0x0000,0x0000,0x0000,0x0000,0x0000,0x0000,
  0x0000,0x0000,0x0000,0x0000,0x0000,0x0000,0x0000,0x0000,0x0000,0x0000,0x0000,0x0000,
  0x0000,0x0000,0x0000,0x0000,0x0000,0x0000,0x0000,0x0000,0x0000,0x0000,0x0000,0x0000,
  0x0000,0x0000,0x0000,0x0000,0x0000,0x0000,0x0000,0x0000,0x0000,0x0000,0x0001,0x0001,
  0x0001,0x0001,0x0001,0x0001,0x0001,0x0801,0x1802,0x0801,0x0000,0x0000,0x0000,0x0000,
  0x0000,0x0000,0x0000,0x0000,0x0000,0x0000,0x0000,0x0000,0x0001,0x0001,0x0802,0x2023,
  0x0001,0x0001,0x0001,0x0001,0x0000,0x0000,0x0000,0x0000,0x0000,0x0000,0x0001,0x0000,
  0x0000,0x0000,0x0000,0x0000,0x0000,0x0000,0x0000,0x0000,0x0000,0x0000,0x0000,0x0000,
  0x0000,0x0000,0x0000,0x0000,0x0000,0x0000,0x0000,0x0000,0x0000,0x0000,0x0000,0x0000,
  0x0000,0x0000,0x0000,0x0000,0x0000,0x0000,0x0000,0x0000,0x0000,0x0000,0x0000,0x0000,
  0x0000,0x0000,0x0000,0x0000,0x0000,0x0000,0x0000,0x0000,0x0000,0x0000,0x0000,0x0000,
  0x0000,0x0000,0x0000,0x0000,0x0000,0x0000,0x0000,0x0000,0x0000,0x0000,0x0000,0x0000,
  0x0000,0x0000,0x0000,0x0000,0x0000,0x0000,0x0000,0x0000,0x0000,0x0000,0x0000,0x0000,
  0x0000,0x0000,0x0000,0x0000,0x0000,0x0000,0x0000,0x0000,0x0000,0x0000,0x0000,0x0000,
  0x0000,0x0000,0x0000,0x0000,0x0000,0x0000,0x0000,0x0000,0x0000,0x0000,0x0000,0x0000,
  0x0000,0x0000,0x0000,0x0000,0x0000,0x0000,0x0000,0x0000,0x0000,0x0000,0x0000,0x0000,
  0x0000,0x0000,0x0000,0x0000,0x0000,0x0000,0x0000,0x0000,0x0000,0x0000,0x0000,0x0000,
  0x0000,0x0000,0x0000,0x0000,0x0000,0x0000,0x0000,0x0000,0x0000,0x0000,0x0000,0x0000,
  0x0000,0x0000,0x0000,0x0000,0x0000,0x0000,0x0000,0x0000,0x0000,0x0000,0x0000,0x0000,
  0x0000,0x0000,0x0000,0x0000,0x0000,0x0000,0x0000,0x0000,0x0000,0x0000,0x0000,0x0000,
  0x0000,0x0000,0x0000,0x0000,0x0000,0x0000,0x0000,0x0000,0x0000,0x0000,0x0000,0x0000,
  0x0000,0x0000,0x0000,0x0000,0x0000,0x0000,0x0000,0x0000,0x0000,0x0000,0x0000,0x0000,
  0x0000,0x0000,0x0000,0x0000,0x0000,0x0000,0x0000,0x0000,0x0000,0x0000,0x0000,0x0000,
  0x0000,0x0000,0x0000,0x0000,0x0000,0x0000,0x0000,0x0000,0x0000,0x0000,0x0001,0x0001,
  0x0001,0x0001,0x0001,0x0001,0x0001,0x0001,0x0801,0x1001,0x0800,0x0000,0x0000,0x0000,
  0x0000,0x0000,0x0000,0x0000,0x0000,0x0000,0x0000,0x0000,0x0001,0x0001,0x1823,0x0821,
  0x0001,0x0001,0x0001,0x0001,0x0000,0x0000,0x0000,0x0000,0x0000,0x0000,0x0001,0x0000,
  0x0000,0x0000,0x0000,0x0000,0x0000,0x0000,0x0000,0x0000,0x0000,0x0000,0x0000,0x0000,
  0x0000,0x0000,0x0000,0x0000,0x0000,0x0000,0x0000,0x0000,0x0000,0x0000,0x0000,0x0000,
  0x0000,0x0000,0x0000,0x0000,0x0000,0x0000,0x0000,0x0000,0x0000,0x0000,0x0000,0x0000,
  0x0000,0x0000,0x0000,0x0000,0x0000,0x0000,0x0000,0x0000,0x0000,0x0000,0x0000,0x0000,
  0x0000,0x0000,0x0000,0x0000,0x0000,0x0000,0x0000,0x0000,0x0000,0x0000,0x0000,0x0000,
  0x0000,0x0000,0x0000,0x0000,0x0000,0x0000,0x0000,0x0000,0x0000,0x0000,0x0000,0x0000,
  0x0000,0x0000,0x0000,0x0000,0x0000,0x0000,0x0000,0x0000,0x0000,0x0000,0x0000,0x0000,
  0x0000,0x0000,0x0000,0x0000,0x0000,0x0000,0x0000,0x0000,0x0000,0x0000,0x0000,0x0000,
  0x0000,0x0000,0x0000,0x0000,0x0000,0x0000,0x0000,0x0000,0x0000,0x0000,0x0000,0x0000,
  0x0000,0x0000,0x0000,0x0000,0x0000,0x0000,0x0000,0x0000,0x0000,0x0000,0x0000,0x0000,
  0x0000,0x0000,0x0000,0x0000,0x0000,0x0000,0x0000,0x0000,0x0000,0x0000,0x0801,0x0000,
  0x0000,0x0000,0x0000,0x0000,0x0000,0x0000,0x0000,0x0000,0x0000,0x0000,0x0000,0x0000,
  0x0000,0x0000,0x0000,0x0000,0x0000,0x0000,0x0000,0x0000,0x0000,0x0000,0x0000,0x0000,
  0x0000,0x0000,0x0000,0x0000,0x0000,0x0000,0x0000,0x0000,0x0000,0x0000,0x0000,0x0000,
  0x0000,0x0000,0x0000,0x0000,0x0000,0x0000,0x0000,0x0000,0x0000,0x0000,0x0000,0x0000,
  0x0000,0x0000,0x0000,0x0000,0x0000,0x0000,0x0000,0x0000,0x0000,0x0000,0x0000,0x0000,
  0x0000,0x0000,0x0000,0x0000,0x0000,0x0000,0x0000,0x0000,0x0000,0x0000,0x0001,0x0001,
  0x0001,0x0001,0x0001,0x0001,0x0001,0x0001,0x0001,0x0821,0x2022,0x1000,0x0000,0x0000,
  0x0000,0x0000,0x0000,0x0000,0x0000,0x0000,0x0000,0x0001,0x0822,0x0802,0x0821,0x0001,
  0x0001,0x0001,0x0001,0x0001,0x0001,0x0000,0x0000,0x0000,0x0001,0x0001,0x0001,0x0000,
  0x0000,0x0000,0x0000,0x0000,0x0000,0x0000,0x0000,0x0000,0x0000,0x0000,0x0000,0x0000,
  0x0000,0x0000,0x0000,0x0000,0x0000,0x0000,0x0000,0x0000,0x0000,0x0000,0x0000,0x0000,
  0x0000,0x0000,0x0000,0x0000,0x0000,0x0000,0x0000,0x0000,0x0000,0x0000,0x0000,0x0000,
  0x0000,0x0000,0x0000,0x0000,0x0000,0x0000,0x0000,0x0000,0x0000,0x0000,0x0000,0x0000,
  0x0000,0x0000,0x0000,0x0000,0x0000,0x0000,0x0000,0x0000,0x0000,0x0000,0x0000,0x0000,
  0x0000,0x0000,0x0000,0x0000,0x0000,0x0000,0x0000,0x0000,0x0000,0x0000,0x0000,0x0000,
  0x0000,0x0000,0x0000,0x0000,0x0000,0x0000,0x0000,0x0000,0x0000,0x0000,0x0000,0x0000,
  0x0000,0x0000,0x0000,0x0000,0x0000,0x0000,0x0000,0x0000,0x0000,0x0000,0x0000,0x0000,
  0x0000,0x0000,0x0000,0x0000,0x0000,0x0000,0x0000,0x0000,0x0000,0x0000,0x0000,0x0000,
  0x0801,0x0801,0x0801,0x0000,0x0801,0x0800,0x0801,0x0801,0x0800,0x0801,0x0800,0x0801,
  0x0000,0x0000,0x0000,0x0801,0x0801,0x0000,0x0801,0x0801,0x0801,0x0000,0x0801,0x0000,
  0x0000,0x0000,0x0000,0x0000,0x0000,0x0000,0x0000,0x0000,0x0000,0x0000,0x0000,0x0000,
  0x0000,0x0000,0x0000,0x0000,0x0000,0x0000,0x0000,0x0000,0x0000,0x0000,0x0000,0x0000,
  0x0000,0x0000,0x0000,0x0000,0x0000,0x0000,0x0000,0x0000,0x0000,0x0000,0x0000,0x0000,
  0x0000,0x0000,0x0000,0x0000,0x0000,0x0000,0x0000,0x0000,0x0000,0x0000,0x0000,0x0000,
  0x0000,0x0000,0x0000,0x0000,0x0000,0x0000,0x0000,0x0000,0x0000,0x0000,0x0000,0x0000,
  0x0000,0x0000,0x0000,0x0000,0x0000,0x0000,0x0000,0x0000,0x0000,0x0001,0x0001,0x0001,
  0x0001,0x0001,0x0001,0x0001,0x0001,0x0001,0x0001,0x0021,0x38A4,0x50A5,0x3043,0x1822,
  0x1021,0x0821,0x0001,0x0001,0x0001,0x0001,0x0023,0x0865,0x20C8,0x1863,0x0001,0x0001,
  0x0001,0x0001,0x0001,0x0001,0x0001,0x0001,0x0001,0x0001,0x0001,0x0001,0x0001,0x0000,
  0x0000,0x0000,0x0000,0x0000,0x0000,0x0000,0x0000,0x0000,0x0000,0x0000,0x0000,0x0000,
  0x0000,0x0000,0x0000,0x0000,0x0000,0x0000,0x0000,0x0000,0x0000,0x0000,0x0000,0x0000,
  0x0000,0x0000,0x0000,0x0000,0x0000,0x0000,0x0000,0x0000,0x0000,0x0000,0x0000,0x0000,
  0x0000,0x0000,0x0000,0x0000,0x0000,0x0000,0x0000,0x0000,0x0000,0x0000,0x0000,0x0000,
  0x0000,0x0000,0x0000,0x0000,0x0000,0x0000,0x0000,0x0000,0x0000,0x0000,0x0000,0x0000,
  0x0000,0x0000,0x0000,0x0000,0x0000,0x0000,0x0000,0x0000,0x0000,0x0000,0x0000,0x0000,
  0x0000,0x0000,0x0000,0x0000,0x0000,0x0000,0x0000,0x0000,0x0000,0x0000,0x0000,0x0000,
  0x0000,0x0000,0x0000,0x0000,0x0000,0x0000,0x0000,0x0000,0x0000,0x0000,0x0000,0x0000,
  0x0000,0x0000,0x0000,0x0000,0x0000,0x0000,0x0000,0x0000,0x0000,0x0000,0x0000,0x0000,
  0x0801,0x0801,0x0801,0x0000,0x0801,0x0801,0x0801,0x0801,0x0000,0x0801,0x0801,0x0801,
  0x0000,0x0000,0x0000,0x0801,0x0801,0x0801,0x0801,0x0801,0x0801,0x0801,0x0801,0x0000,
  0x0801,0x0000,0x0000,0x0000,0x0000,0x0000,0x0000,0x0000,0x0000,0x0000,0x0000,0x0000,
  0x0000,0x0000,0x0000,0x0000,0x0000,0x0000,0x0000,0x0000,0x0000,0x0000,0x0000,0x0000,
  0x0000,0x0000,0x0000,0x0000,0x0000,0x0000,0x0000,0x0000,0x0000,0x0000,0x0000,0x0000,
  0x0000,0x0000,0x0000,0x0000,0x0000,0x0000,0x0000,0x0000,0x0000,0x0000,0x0000,0x0000,
  0x0000,0x0000,0x0000,0x0000,0x0000,0x0000,0x0000,0x0000,0x0000,0x0000,0x0000,0x0000,
  0x0000,0x0000,0x0000,0x0000,0x0000,0x0000,0x0000,0x0001,0x0001,0x0001,0x0001,0x0001,
  0x0001,0x0001,0x0001,0x0001,0x0001,0x0001,0x0001,0x0001,0x0001,0x0821,0x1022,0x1842,
  0x1043,0x1843,0x1043,0x0823,0x0823,0x0844,0x0844,0x0822,0x0021,0x0001,0x0001,0x0001,
  0x0001,0x0001,0x0001,0x0001,0x0001,0x0001,0x0001,0x0001,0x0001,0x0001,0x0001,0x0000,
  0x0000,0x0000,0x0000,0x0000,0x0000,0x0000,0x0000,0x0000,0x0000,0x0000,0x0000,0x0000,
  0x0000,0x0000,0x0000,0x0000,0x0000,0x0000,0x0000,0x0000,0x0000,0x0000,0x0000,0x0000,
  0x0000,0x0000,0x0000,0x0000,0x0000,0x0000,0x0000,0x0000,0x0000,0x0000,0x0000,0x0000,
  0x0000,0x0000,0x0000,0x0000,0x0000,0x0000,0x0000,0x0000,0x0000,0x0000,0x0000,0x0000,
  0x0000,0x0000,0x0000,0x0000,0x0000,0x0000,0x0000,0x0000,0x0000,0x0000,0x0000,0x0000,
  0x0000,0x0000,0x0000,0x0000,0x0000,0x0000,0x0000,0x0000,0x0000,0x0000,0x0000,0x0000,
  0x0000,0x0000,0x0000,0x0000,0x0000,0x0000,0x0000,0x0000,0x0000,0x0000,0x0000,0x0000,
  0x0000,0x0000,0x0000,0x0000,0x0000,0x0000,0x0000,0x0000,0x0000,0x0000,0x0000,0x0000,
  0x0000,0x0000,0x0000,0x0000,0x0000,0x0000,0x0000,0x0000,0x0000,0x0000,0x0000,0x0000,
  0x0000,0x0000,0x0000,0x0000,0x0000,0x0000,0x0000,0x0000,0x0000,0x0000,0x0000,0x0000,
  0x0000,0x0801,0x0000,0x0000,0x0000,0x0000,0x0000,0x0000,0x0000,0x0000,0x0000,0x0000,
  0x0000,0x0000,0x0000,0x0000,0x0000,0x0000,0x0000,0x0000,0x0000,0x0000,0x0000,0x0000,
  0x0000,0x0000,0x0000,0x0000,0x0000,0x0000,0x0000,0x0000,0x0000,0x0000,0x0000,0x0000,
  0x0000,0x0000,0x0000,0x0000,0x0000,0x0000,0x0000,0x0000,0x0000,0x0000,0x0000,0x0000,
  0x0000,0x0000,0x0000,0x0000,0x0000,0x0000,0x0000,0x0000,0x0000,0x0000,0x0000,0x0000,
  0x0000,0x0000,0x0000,0x0000,0x0000,0x0000,0x0000,0x0000,0x0000,0x0000,0x0000,0x0000,
  0x0000,0x0000,0x0000,0x0000,0x0000,0x0000,0x0000,0x0000,0x0000,0x0001,0x0001,0x0001,
  0x0001,0x0001,0x0001,0x0001,0x0001,0x0001,0x0001,0x0001,0x0001,0x0001,0x0001,0x0001,
  0x0001,0x0001,0x0001,0x0001,0x0001,0x0001,0x0001,0x0001,0x0001,0x0001,0x0001,0x0001,
  0x0001,0x0001,0x0001,0x0001,0x0001,0x0001,0x0001,0x0001,0x0001,0x0001,0x0001,0x0001,
  0x0001,0x0001,0x0001,0x0001,0x0000,0x0000,0x0000,0x0000,0x0000,0x0000,0x0000,0x0000,
  0x0000,0x0000,0x0000,0x0000,0x0000,0x0000,0x0000,0x0000,0x0000,0x0000,0x0000,0x0000,
  0x0000,0x0000,0x0000,0x0000,0x0000,0x0000,0x0000,0x0000,0x0000,0x0000,0x0000,0x0000,
  0x0000,0x0000,0x0000,0x0000,0x0000,0x0000,0x0000,0x0000,0x0000,0x0000,0x0000,0x0000,
  0x0000,0x0000,0x0000,0x0000,0x0000,0x0000,0x0000,0x0000,0x0000,0x0000,0x0000,0x0000,
  0x0000,0x0000,0x0000,0x0000,0x0000,0x0000,0x0000,0x0000,0x0000,0x0000,0x0000,0x0000,
  0x0000,0x0000,0x0000,0x0000,0x0000,0x0000,0x0000,0x0000,0x0000,0x0000,0x0000,0x0000,
  0x0000,0x0000,0x0000,0x0000,0x0000,0x0000,0x0000,0x0000,0x0000,0x0000,0x0000,0x0000,
  0x0000,0x0000,0x0000,0x0000,0x0000,0x0000,0x0000,0x0000,0x0000,0x0000,0x0000,0x0000,
  0x0000,0x0000,0x0000,0x0000,0x0000,0x0000,0x0000,0x0000,0x0000,0x0000,0x0000,0x0000,
  0x0000,0x0000,0x0000,0x0000,0x0000,0x0000,0x0000,0x0000,0x0000,0x0000,0x0000,0x0000,
  0x0000,0x0000,0x0000,0x0000,0x0000,0x0000,0x0000,0x0000,0x0000,0x0000,0x0000,0x0000,
  0x0000,0x0000,0x0000,0x0000,0x0000,0x0000,0x0000,0x0000,0x0000,0x0000,0x0000,0x0000,
  0x0000,0x0000,0x0000,0x0000,0x0000,0x0000,0x0000,0x0000,0x0000,0x0000,0x0000,0x0000,
  0x0000,0x0000,0x0000,0x0000,0x0000,0x0000,0x0000,0x0000,0x0000,0x0000,0x0000,0x0000,
  0x0000,0x0000,0x0000,0x0000,0x0000,0x0000,0x0000,0x0000,0x0000,0x0000,0x0000,0x0000,
  0x0000,0x0000,0x0000,0x0000,0x0000,0x0000,0x0000,0x0001,0x0001,0x0001,0x0001,0x0001,
  0x0001,0x0001,0x0001,0x0001,0x0001,0x0001,0x0001,0x0001,0x0001,0x0001,0x0001,0x0001,
  0x0001,0x0001,0x0001,0x0001,0x0001,0x0001,0x0001,0x0001,0x0001,0x0001,0x0001,0x0001,
  0x0001,0x0001,0x0001,0x0001,0x0001,0x0001,0x0001,0x0001,0x0001,0x0001,0x0001,0x0001,
  0x0001,0x0001,0x0001,0x0001,0x0001,0x0001,0x0001,0x0001,0x0001,0x0001,0x0000,0x0000,
  0x0000,0x0000,0x0000,0x0000,0x0000,0x0000,0x0000,0x0000,0x0000,0x0000,0x0000,0x0000,
  0x0000,0x0000,0x0000,0x0000,0x0000,0x0000,0x0000,0x0000,0x0000,0x0000,0x0000,0x0000,
  0x0000,0x0000,0x0000,0x0000,0x0000,0x0000,0x0000,0x0000,0x0000,0x0000,0x0000,0x0000,
  0x0000,0x0000,0x0000,0x0000,0x0000,0x0000,0x0000,0x0000,0x0000,0x0000,0x0000,0x0000,
  0x0000,0x0000,0x0000,0x0000,0x0000,0x0000,0x0000,0x0000,0x0000,0x0000,0x0000,0x0000,
  0x0000,0x0000,0x0000,0x0000,0x0000,0x0000,0x0000,0x0000,0x0000,0x0000,0x0000,0x0000,
  0x0000,0x0000,0x0000,0x0000,0x0000,0x0000,0x0000,0x0000,0x0000,0x0000,0x0000,0x0000,
  0x0000,0x0000,0x0000,0x0000,0x0000,0x0000,0x0000,0x0000,0x0000,0x0000,0x0000,0x0000,
  0x0000,0x0000,0x0000,0x0000,0x0000,0x0000,0x0000,0x0000,0x0000,0x0000,0x0000,0x0000,
  0x0000,0x0000,0x0000,0x0000,0x0000,0x0000,0x0000,0x0000,0x0000,0x0000,0x0801,0x0000,
  0x0001,0x0000,0x0000,0x0000,0x0000,0x0000,0x0000,0x0801,0x0000,0x0801,0x0000,0x0000,
  0x0000,0x0000,0x0000,0x0000,0x0801,0x0801,0x0801,0x0001,0x0000,0x0000,0x0000,0x0000,
  0x0000,0x0000,0x0000,0x0000,0x0000,0x0000,0x0000,0x0000,0x0000,0x0000,0x0000,0x0000,
  0x0000,0x0000,0x0000,0x0000,0x0000,0x0000,0x0000,0x0000,0x0000,0x0000,0x0000,0x0000,
  0x0000,0x0000,0x0000,0x0000,0x0000,0x0000,0x0000,0x0000,0x0000,0x0000,0x0000,0x0000,
  0x0000,0x0000,0x0000,0x0000,0x0000,0x0000,0x0000,0x0001,0x0001,0x0001,0x0001,0x0001,
  0x0001,0x0001,0x0001,0x0001,0x0001,0x0001,0x0001,0x0001,0x0001,0x0001,0x0001,0x0001,
  0x0001,0x0001,0x0001,0x0001,0x0001,0x0001,0x0001,0x0001,0x0001,0x0001,0x0001,0x0001,
  0x0001,0x0001,0x0001,0x0001,0x0001,0x0001,0x0001,0x0001,0x0001,0x0001,0x0001,0x0001,
  0x0001,0x0001,0x0001,0x0001,0x0001,0x0001,0x0001,0x0000,0x0001,0x0001,0x0000,0x0000,
  0x0000,0x0000,0x0000,0x0000,0x0000,0x0000,0x0000,0x0000,0x0000,0x0000,0x0000,0x0000,
  0x0000,0x0000,0x0000,0x0000,0x0000,0x0000,0x0000,0x0000,0x0000,0x0000,0x0000,0x0000,
  0x0000,0x0000,0x0000,0x0000,0x0000,0x0000,0x0000,0x0000,0x0000,0x0000,0x0000,0x0000,
  0x0000,0x0000,0x0000,0x0000,0x0000,0x0000,0x0000,0x0000,0x0000,0x0000,0x0000,0x0000,
  0x0000,0x0000,0x0000,0x0000,0x0000,0x0000,0x0000,0x0000,0x0000,0x0000,0x0000,0x0000,
  0x0000,0x0000,0x0000,0x0000,0x0000,0x0000,0x0000,0x0000,0x0000,0x0000,0x0000,0x0000,
  0x0000,0x0000,0x0000,0x0000,0x0000,0x0000,0x0000,0x0000,0x0000,0x0000,0x0000,0x0000,
  0x0000,0x0000,0x0000,0x0000,0x0000,0x0000,0x0000,0x0000,0x0000,0x0000,0x0000,0x0000,
  0x0801,0x0801,0x0801,0x0801,0x0801,0x0801,0x0001,0x0801,0x0000,0x0000,0x0000,0x0801,
  0x0801,0x0801,0x0801,0x0801,0x0801,0x0000,0x0801,0x0000,0x0000,0x0000,0x0801,0x0000,
  0x0801,0x0000,0x0001,0x0000,0x0000,0x0000,0x0000,0x0801,0x0801,0x0801,0x0000,0x0000,
  0x0000,0x0000,0x0801,0x0801,0x0801,0x0000,0x0801,0x0000,0x0801,0x0000,0x0000,0x0000,
  0x0000,0x0000,0x0000,0x0000,0x0000,0x0000,0x0000,0x0000,0x0000,0x0000,0x0000,0x0000,
  0x0000,0x0000,0x0000,0x0000,0x0000,0x0000,0x0000,0x0000,0x0000,0x0000,0x0000,0x0000,
  0x0000,0x0000,0x0000,0x0000,0x0000,0x0000,0x0000,0x0000,0x0000,0x0000,0x0000,0x0001,
  0x0000,0x0001,0x0001,0x0001,0x0001,0x0001,0x0001,0x0001,0x0001,0x0001,0x0001,0x0001,
  0x0001,0x0001,0x0001,0x0001,0x0001,0x0001,0x0001,0x0001,0x0001,0x0001,0x0001,0x0001,
  0x0001,0x0001,0x0001,0x0001,0x0001,0x0001,0x0001,0x0001,0x0001,0x0001,0x0001,0x0001,
  0x0001,0x0001,0x0001,0x0001,0x0001,0x0001,0x0001,0x0001,0x0001,0x0001,0x0001,0x0001,
  0x0001,0x0001,0x0001,0x0001,0x0001,0x0001,0x0001,0x0001,0x0001,0x0001,0x0001,0x0001,
  0x0001,0x0001,0x0000,0x0000,0x0000,0x0000,0x0000,0x0000,0x0000,0x0000,0x0000,0x0000,
  0x0000,0x0000,0x0000,0x0000,0x0000,0x0000,0x0000,0x0000,0x0000,0x0000,0x0000,0x0000,
  0x0000,0x0000,0x0000,0x0000,0x0000,0x0000,0x0000,0x0000,0x0000,0x0000,0x0000,0x0000,
  0x0000,0x0000,0x0000,0x0000,0x0000,0x0000,0x0000,0x0000,0x0000,0x0000,0x0000,0x0000,
  0x0000,0x0000,0x0000,0x0000,0x0000,0x0000,0x0000,0x0000,0x0000,0x0000,0x0000,0x0000,
  0x0000,0x0000,0x0000,0x0000,0x0000,0x0000,0x0000,0x0000,0x0000,0x0000,0x0000,0x0000,
  0x0000,0x0000,0x0000,0x0000,0x0000,0x0000,0x0000,0x0000,0x0000,0x0000,0x0000,0x0000,
  0x0000,0x0000,0x0000,0x0000,0x0000,0x0000,0x0000,0x0000,0x0000,0x0000,0x0000,0x0000,
  0x0801,0x0801,0x0801,0x0801,0x0801,0x0801,0x0801,0x0801,0x0000,0x0000,0x0000,0x0801,
  0x0821,0x0801,0x0801,0x0801,0x0801,0x0000,0x0801,0x0000,0x0000,0x0000,0x0801,0x0000,
  0x0801,0x0000,0x0801,0x0000,0x0000,0x0000,0x0000,0x0801,0x0801,0x0801,0x0801,0x0000,
  0x0000,0x0000,0x0801,0x0821,0x0801,0x0801,0x0801,0x0001,0x0801,0x0000,0x0000,0x0000,
  0x0000,0x0000,0x0000,0x0000,0x0000,0x0000,0x0000,0x0000,0x0000,0x0000,0x0000,0x0000,
  0x0000,0x0000,0x0000,0x0000,0x0000,0x0000,0x0000,0x0000,0x0000,0x0000,0x0000,0x0001,
  0x0000,0x0000,0x0000,0x0000,0x0000,0x0000,0x0001,0x0001,0x0001,0x0001,0x0001,0x0001,
  0x0001,0x0001,0x0001,0x0001,0x0001,0x0001,0x0001,0x0001,0x0001,0x0001,0x0001,0x0001,
  0x0001,0x0001,0x0001,0x0001,0x0001,0x0001,0x0001,0x0001,0x0001,0x0001,0x0001,0x0001,
  0x0001,0x0001,0x0001,0x0001,0x0001,0x0001,0x0001,0x0001,0x0001,0x0001,0x0001,0x0001,
  0x0001,0x0001,0x0001,0x0001,0x0001,0x0001,0x0001,0x0001,0x0001,0x0001,0x0001,0x0001,
  0x0001,0x0001,0x0001,0x0001,0x0001,0x0001,0x0001,0x0001,0x0001,0x0001,0x0001,0x0001,
  0x0001,0x0001,0x0001,0x0001,0x0001,0x0001,0x0001,0x0001,0x0001,0x0001,0x0000,0x0000,
  0x0000,0x0000,0x0000,0x0000,0x0000,0x0000,0x0000,0x0000,0x0000,0x0000,0x0000,0x0000,
  0x0000,0x0000,0x0000,0x0000,0x0000,0x0000,0x0000,0x0000,0x0000,0x0000,0x0000,0x0000,
  0x0000,0x0000,0x0000,0x0000,0x0000,0x0000,0x0000,0x0000,0x0000,0x0000,0x0000,0x0000,
  0x0000,0x0000,0x0000,0x0000,0x0000,0x0000,0x0000,0x0000,0x0000,0x0000,0x0000,0x0000,
  0x0000,0x0000,0x0000,0x0000,0x0000,0x0000,0x0000,0x0000,0x0000,0x0000,0x0000,0x0000,
  0x0000,0x0000,0x0000,0x0000,0x0000,0x0000,0x0000,0x0000,0x0000,0x0000,0x0000,0x0000,
  0x0000,0x0000,0x0000,0x0000,0x0000,0x0000,0x0000,0x0000,0x0000,0x0000,0x0000,0x0000,
  0x0000,0x0000,0x0000,0x0000,0x0000,0x0000,0x0000,0x0000,0x0000,0x0001,0x0000,0x0000,
  0x0000,0x0000,0x0000,0x0000,0x0000,0x0000,0x0000,0x0000,0x0000,0x0000,0x0000,0x0000,
  0x0000,0x0000,0x0000,0x0000,0x0000,0x0000,0x0000,0x0000,0x0000,0x0000,0x0000,0x0000,
  0x0000,0x0000,0x0000,0x0000,0x0000,0x0000,0x0000,0x0001,0x0000,0x0000,0x0000,0x0000,
  0x0000,0x0000,0x0000,0x0000,0x0000,0x0000,0x0000,0x0000,0x0000,0x0000,0x0000,0x0000,
  0x0000,0x0000,0x0000,0x0000,0x0000,0x0000,0x0000,0x0000,0x0000,0x0000,0x0000,0x0001,
  0x0000,0x0000,0x0000,0x0000,0x0000,0x0000,0x0001,0x0001,0x0001,0x0001,0x0001,0x0001,
  0x0001,0x0001,0x0001,0x0001,0x0001,0x0001,0x0001,0x0001,0x0001,0x0001,0x0001,0x0001,
  0x0001,0x0001,0x0001,0x0001,0x0001,0x0001,0x0001,0x0001,0x0001,0x0001,0x0001,0x0001,
  0x0001,0x0001,0x0001,0x0001,0x0001,0x0001,0x0001,0x0001,0x0001,0x0001,0x0001,0x0001,
  0x0001,0x0001,0x0001,0x0001,0x0001,0x0001,0x0001,0x0001,0x0001,0x0001,0x0001,0x0001,
  0x0001,0x0001,0x0001,0x0001,0x0001,0x0001,0x0001,0x0001,0x0001,0x0001,0x0001,0x0001,
  0x0001,0x0001,0x0001,0x0001,0x0001,0x0001,0x0001,0x0001,0x0001,0x0001,0x0001,0x0001,
  0x0000,0x0000,0x0000,0x0000,0x0000,0x0000,0x0000,0x0000,0x0000,0x0000,0x0000,0x0000,
  0x0000,0x0000,0x0000,0x0000,0x0000,0x0000,0x0000,0x0000,0x0000,0x0000,0x0000,0x0000,
  0x0000,0x0000,0x0000,0x0000,0x0000,0x0000,0x0000,0x0000,0x0000,0x0000,0x0000,0x0000,
  0x0000,0x0000,0x0000,0x0000,0x0000,0x0000,0x0000,0x0000,0x0000,0x0000,0x0000,0x0000,
  0x0000,0x0000,0x0000,0x0000,0x0000,0x0000,0x0000,0x0000,0x0000,0x0000,0x0000,0x0000,
  0x0000,0x0000,0x0000,0x0000,0x0000,0x0000,0x0000,0x0000,0x0000,0x0000,0x0000,0x0000,
  0x0000,0x0000,0x0000,0x0000,0x0000,0x0000,0x0000,0x0000,0x0000,0x0000,0x0000,0x0000,
  0x0000,0x0000,0x0000,0x0000,0x0000,0x0000,0x0000,0x0000,0x0000,0x0000,0x0000,0x0000,
  0x0000,0x0000,0x0000,0x0000,0x0000,0x0000,0x0000,0x0000,0x0000,0x0000,0x0000,0x0000,
  0x0000,0x0000,0x0000,0x0000,0x0000,0x0000,0x0000,0x0000,0x0000,0x0000,0x0000,0x0000,
  0x0000,0x0000,0x0000,0x0000,0x0000,0x0000,0x0000,0x0000,0x0000,0x0000,0x0000,0x0000,
  0x0000,0x0000,0x0000,0x0000,0x0000,0x0000,0x0000,0x0000,0x0000,0x0000,0x0000,0x0000,
  0x0000,0x0000,0x0000,0x0000,0x0000,0x0000,0x0001,0x0000,0x0001,0x0000,0x0000,0x0001,
  0x0000,0x0000,0x0000,0x0000,0x0000,0x0001,0x0000,0x0001,0x0001,0x0001,0x0001,0x0001,
  0x0001,0x0001,0x0001,0x0001,0x0001,0x0001,0x0001,0x0001,0x0001,0x0001,0x0001,0x0001,
  0x0001,0x0001,0x0001,0x0001,0x0001,0x0001,0x0001,0x0001,0x0001,0x0001,0x0002,0x0001,
  0x0001,0x0001,0x0001,0x0001,0x0001,0x0001,0x0001,0x0001,0x0001,0x0001,0x0001,0x0001,
  0x0001,0x0001,0x0001,0x0001,0x0001,0x0001,0x0001,0x0001,0x0001,0x0001,0x0001,0x0001,
  0x0001,0x0001,0x0001,0x0001,0x0001,0x0001,0x0001,0x0001,0x0001,0x0001,0x0001,0x0001,
  0x0001,0x0001,0x0001,0x0001,0x0001,0x0001,0x0001,0x0001,0x0001,0x0001,0x0001,0x0001,
  0x0001,0x0000,0x0000,0x0000,0x0000,0x0000,0x0000,0x0000,0x0000,0x0000,0x0000,0x0000,
  0x0000,0x0000,0x0000,0x0000,0x0000,0x0000,0x0000,0x0000,0x0000,0x0000,0x0000,0x0000,
  0x0000,0x0000,0x0000,0x0000,0x0000,0x0000,0x0000,0x0000,0x0000,0x0000,0x0000,0x0000,
  0x0000,0x0000,0x0000,0x0000,0x0000,0x0000,0x0000,0x0000,0x0000,0x0000,0x0000,0x0000,
  0x0000,0x0000,0x0000,0x0000,0x0000,0x0000,0x0000,0x0000,0x0000,0x0000,0x0000,0x0000,
  0x0000,0x0000,0x0000,0x0000,0x0000,0x0000,0x0000,0x0000,0x0000,0x0000,0x0000,0x0000,
  0x0000,0x0000,0x0000,0x0000,0x0000,0x0000,0x0000,0x0000,0x0000,0x0000,0x0000,0x0000,
  0x0000,0x0000,0x0000,0x0000,0x0000,0x0000,0x0000,0x0000,0x0000,0x0000,0x0000,0x0000,
  0x0000,0x0000,0x0000,0x0000,0x0000,0x0000,0x0000,0x0000,0x0000,0x0000,0x0000,0x0000,
  0x0000,0x0000,0x0000,0x0000,0x0000,0x0000,0x0000,0x0801,0x0000,0x0000,0x0000,0x0801,
  0x0000,0x0000,0x0000,0x0000,0x0000,0x0000,0x0000,0x0000,0x0000,0x0000,0x0000,0x0000,
  0x0000,0x0000,0x0000,0x0000,0x0000,0x0000,0x0000,0x0000,0x0000,0x0000,0x0000,0x0000,
  0x0000,0x0000,0x0001,0x0000,0x0000,0x0000,0x0001,0x0001,0x0001,0x0001,0x0001,0x0001,
  0x0001,0x0001,0x0001,0x0001,0x0001,0x0001,0x0001,0x0001,0x0001,0x0001,0x0001,0x0001,
  0x0001,0x0001,0x0001,0x0001,0x0001,0x0001,0x0001,0x0001,0x0001,0x0001,0x0001,0x0001,
  0x0001,0x0001,0x0001,0x0001,0x0001,0x0001,0x0001,0x0001,0x0001,0x0001,0x0002,0x0001,
  0x0001,0x0001,0x0001,0x0001,0x0001,0x0001,0x0001,0x0001,0x0001,0x0001,0x0001,0x0001,
  0x0001,0x0001,0x0001,0x0001,0x0001,0x0001,0x0001,0x0001,0x0001,0x0001,0x0001,0x0001,
  0x0001,0x0001,0x0001,0x0001,0x0001,0x0001,0x0001,0x0001,0x0001,0x0001,0x0001,0x0001,
  0x0001,0x0001,0x0001,0x0001,0x0001,0x0001,0x0001,0x0001,0x0001,0x0001,0x0001,0x0001,
  0x0001,0x0001,0x0001,0x0001,0x0000,0x0000,0x0000,0x0001,0x0000,0x0000,0x0000,0x0000,
  0x0000,0x0000,0x0000,0x0000,0x0000,0x0000,0x0000,0x0000,0x0000,0x0000,0x0000,0x0000,
  0x0000,0x0000,0x0000,0x0000,0x0000,0x0000,0x0000,0x0000,0x0000,0x0000,0x0000,0x0000,
  0x0000,0x0000,0x0000,0x0000,0x0000,0x0000,0x0000,0x0000,0x0000,0x0000,0x0000,0x0000,
  0x0000,0x0000,0x0000,0x0000,0x0000,0x0000,0x0000,0x0000,0x0000,0x0000,0x0000,0x0000,
  0x0000,0x0000,0x0000,0x0000,0x0000,0x0000,0x0000,0x0000,0x0000,0x0000,0x0000,0x0000,
  0x0000,0x0000,0x0000,0x0000,0x0000,0x0000,0x0000,0x0000,0x0000,0x0000,0x0000,0x0000,
  0x0000,0x0801,0x0801,0x0000,0x0801,0x0801,0x0000,0x0800,0x0801,0x0801,0x0000,0x0801,
  0x0801,0x0801,0x0000,0x0801,0x0801,0x0000,0x0801,0x0000,0x0801,0x0000,0x0801,0x0000,
  0x0801,0x0000,0x0000,0x0000,0x0000,0x0000,0x0000,0x0801,0x0000,0x0801,0x0801,0x0801,
  0x0000,0x0000,0x0000,0x0000,0x0000,0x0000,0x0000,0x0000,0x0000,0x0000,0x0000,0x0000,
  0x0000,0x0000,0x0000,0x0000,0x0000,0x0000,0x0000,0x0000,0x0000,0x0000,0x0001,0x0001,
  0x0001,0x0001,0x0001,0x0001,0x0001,0x0001,0x0001,0x0001,0x0001,0x0001,0x0001,0x0001,
  0x0001,0x0001,0x0001,0x0001,0x0001,0x0001,0x0001,0x0001,0x0001,0x0001,0x0001,0x0001,
  0x0001,0x0001,0x0001,0x0001,0x0001,0x0001,0x0001,0x0001,0x0001,0x0001,0x0001,0x0001,
  0x0001,0x0001,0x0001,0x0001,0x0001,0x0001,0x0001,0x0001,0x0002,0x0002,0x0002,0x0001,
  0x0002,0x0002,0x0002,0x0002,0x0001,0x0002,0x0002,0x0002,0x0002,0x0001,0x0002,0x0002,
  0x0002,0x0001,0x0001,0x0001,0x0002,0x0001,0x0001,0x0001,0x0002,0x0001,0x0002,0x0001,
  0x0001,0x0001,0x0001,0x0001,0x0001,0x0001,0x0001,0x0001,0x0001,0x0001,0x0001,0x0001,
  0x0001,0x0001,0x0001,0x0001,0x0001,0x0001,0x0001,0x0001,0x0001,0x0001,0x0001,0x0001,
  0x0001,0x0001,0x0001,0x0001,0x0001,0x0001,0x0001,0x0001,0x0001,0x0001,0x0001,0x0001,
  0x0000,0x0000,0x0000,0x0000,0x0000,0x0000,0x0000,0x0000,0x0000,0x0000,0x0000,0x0000,
  0x0000,0x0000,0x0000,0x0000,0x0000,0x0000,0x0000,0x0000,0x0000,0x0000,0x0000,0x0000,
  0x0000,0x0000,0x0000,0x0000,0x0000,0x0000,0x0000,0x0000,0x0000,0x0000,0x0000,0x0000,
  0x0000,0x0000,0x0000,0x0000,0x0000,0x0000,0x0000,0x0000,0x0000,0x0000,0x0000,0x0000,
  0x0000,0x0000,0x0000,0x0000,0x0000,0x0000,0x0000,0x0000,0x0000,0x0000,0x0000,0x0000,
  0x0000,0x0000,0x0000,0x0000,0x0000,0x0000,0x0000,0x0000,0x0000,0x0000,0x0000,0x0000,
  0x0801,0x0801,0x0801,0x0800,0x0801,0x0801,0x0801,0x0801,0x0801,0x0801,0x0801,0x0801,
  0x0801,0x0801,0x0001,0x0801,0x0801,0x0000,0x0801,0x0000,0x0801,0x0000,0x0801,0x0801,
  0x0801,0x0801,0x0000,0x0000,0x0000,0x0000,0x0000,0x0801,0x0000,0x0801,0x0801,0x0801,
  0x0000,0x0000,0x0000,0x0000,0x0000,0x0000,0x0000,0x0000,0x0000,0x0000,0x0000,0x0000,
  0x0000,0x0000,0x0000,0x0000,0x0000,0x0001,0x0000,0x0001,0x0001,0x0001,0x0001,0x0001,
  0x0001,0x0001,0x0001,0x0001,0x0001,0x0001,0x0001,0x0001,0x0001,0x0001,0x0001,0x0001,
  0x0001,0x0001,0x0001,0x0001,0x0001,0x0001,0x0001,0x0001,0x0001,0x0001,0x0001,0x0001,
  0x0001,0x0001,0x0001,0x0001,0x0001,0x0001,0x0001,0x0001,0x0002,0x0002,0x0002,0x0001,
  0x0002,0x0002,0x0001,0x0002,0x0002,0x0002,0x0002,0x0002,0x0002,0x0002,0x0002,0x0002,
  0x0002,0x0002,0x0002,0x0002,0x0002,0x0002,0x0002,0x0002,0x0002,0x0002,0x0002,0x0002,
  0x0002,0x0002,0x0002,0x0002,0x0002,0x0002,0x0002,0x0002,0x0001,0x0001,0x0002,0x0001,
  0x0002,0x0001,0x0001,0x0001,0x0001,0x0001,0x0001,0x0001,0x0001,0x0001,0x0001,0x0001,
  0x0001,0x0001,0x0001,0x0001,0x0001,0x0001,0x0001,0x0001,0x0001,0x0001,0x0001,0x0001,
  0x0001,0x0001,0x0001,0x0001,0x0001,0x0001,0x0001,0x0001,0x0001,0x0001,0x0001,0x0001,
  0x0001,0x0001,0x0001,0x0001,0x0001,0x0001,0x0000,0x0000,0x0000,0x0000,0x0000,0x0000,
  0x0000,0x0000,0x0000,0x0000,0x0000,0x0000,0x0000,0x0000,0x0000,0x0000,0x0000,0x0000,
  0x0000,0x0000,0x0000,0x0000,0x0000,0x0000,0x0000,0x0000,0x0000,0x0000,0x0000,0x0000,
  0x0000,0x0000,0x0000,0x0000,0x0000,0x0000,0x0000,0x0000,0x0000,0x0000,0x0000,0x0000,
  0x0000,0x0000,0x0000,0x0000,0x0000,0x0000,0x0000,0x0000,0x0000,0x0000,0x0000,0x0000,
  0x0000,0x0000,0x0000,0x0000,0x0000,0x0000,0x0000,0x0000,0x0000,0x0000,0x0000,0x0000,
  0x0000,0x0000,0x0801,0x0000,0x0801,0x0000,0x0000,0x0001,0x0800,0x0000,0x0000,0x0001,
  0x0000,0x0801,0x0000,0x0801,0x0801,0x0000,0x0801,0x0000,0x0801,0x0000,0x0801,0x0000,
  0x0801,0x0000,0x0000,0x0000,0x0000,0x0000,0x0000,0x0001,0x0000,0x0801,0x0000,0x0801,
  0x0000,0x0000,0x0000,0x0000,0x0000,0x0000,0x0000,0x0000,0x0000,0x0001,0x0000,0x0001,
  0x0000,0x0000,0x0001,0x0001,0x0001,0x0001,0x0001,0x0001,0x0001,0x0001,0x0001,0x0001,
  0x0001,0x0001,0x0001,0x0001,0x0001,0x0001,0x0001,0x0001,0x0001,0x0001,0x0001,0x0001,
  0x0001,0x0001,0x0001,0x0001,0x0001,0x0001,0x0001,0x0001,0x0801,0x0801,0x0801,0x0802,
  0x0002,0x0002,0x0802,0x0802,0x0802,0x0802,0x0802,0x0802,0x0802,0x0802,0x0802,0x0802,
  0x0802,0x0802,0x0802,0x0802,0x0802,0x0802,0x0802,0x0802,0x0802,0x0802,0x0802,0x0802,
  0x0002,0x0002,0x0002,0x0002,0x0002,0x0002,0x0802,0x0002,0x0002,0x0002,0x0002,0x0002,
  0x0002,0x0002,0x0002,0x0002,0x0002,0x0002,0x0002,0x0002,0x0002,0x0002,0x0002,0x0002,
  0x0002,0x0002,0x0002,0x0002,0x0002,0x0002,0x0002,0x0002,0x0802,0x0002,0x0002,0x0002,
  0x0001,0x0001,0x0001,0x0001,0x0001,0x0001,0x0001,0x0001,0x0001,0x0001,0x0001,0x0001,
  0x0001,0x0001,0x0001,0x0001,0x0001,0x0001,0x0001,0x0001,0x0001,0x0001,0x0001,0x0001,
  0x0001,0x0001,0x0001,0x0001,0x0001,0x0001,0x0001,0x0001,0x0001,0x0001,0x0001,0x0001,
  0x0000,0x0000,0x0000,0x0000,0x0000,0x0000,0x0000,0x0000,0x0000,0x0000,0x0000,0x0000,
  0x0000,0x0000,0x0000,0x0000,0x0000,0x0000,0x0000,0x0000,0x0000,0x0000,0x0000,0x0000,
  0x0000,0x0000,0x0000,0x0000,0x0000,0x0000,0x0000,0x0000,0x0000,0x0000,0x0000,0x0000,
  0x0000,0x0000,0x0000,0x0000,0x0000,0x0000,0x0000,0x0000,0x0000,0x0000,0x0000,0x0000,
  0x0000,0x0000,0x0000,0x0000,0x0000,0x0000,0x0000,0x0000,0x0000,0x0000,0x0000,0x0000,
  0x0000,0x0000,0x0000,0x0000,0x0000,0x0000,0x0000,0x0000,0x0000,0x0000,0x0000,0x0000,
  0x0000,0x0000,0x0000,0x0000,0x0000,0x0000,0x0000,0x0000,0x0000,0x0000,0x0000,0x0000,
  0x0000,0x0000,0x0000,0x0000,0x0000,0x0000,0x0000,0x0000,0x0000,0x0000,0x0000,0x0000,
  0x0000,0x0000,0x0000,0x0000,0x0000,0x0000,0x0000,0x0001,0x0001,0x0001,0x0001,0x0001,
  0x0001,0x0001,0x0001,0x0001,0x0001,0x0001,0x0001,0x0001,0x0001,0x0001,0x0001,0x0001,
  0x0001,0x0801,0x0801,0x0801,0x0801,0x0801,0x0801,0x0801,0x0801,0x0801,0x0801,0x0802,
  0x0801,0x0802,0x0802,0x0802,0x0802,0x0802,0x0801,0x0801,0x0802,0x0802,0x0802,0x0802,
  0x0802,0x0802,0x0802,0x0802,0x0802,0x0802,0x0802,0x0802,0x0802,0x0802,0x0802,0x0802,
  0x0802,0x0802,0x0802,0x0802,0x0802,0x0802,0x0802,0x0802,0x0802,0x0802,0x0802,0x0802,
  0x0802,0x0802,0x0802,0x0802,0x0802,0x0802,0x0802,0x0802,0x0802,0x0802,0x0802,0x0802,
  0x0802,0x0802,0x0802,0x0802,0x0802,0x0802,0x0802,0x0802,0x0802,0x0802,0x0802,0x0802,
  0x0802,0x0802,0x0802,0x0802,0x0802,0x0802,0x0802,0x0802,0x0802,0x0802,0x0802,0x0802,
  0x0802,0x0802,0x0802,0x0802,0x0802,0x0802,0x0801,0x0801,0x0801,0x0801,0x0001,0x0801,
  0x0801,0x0001,0x0001,0x0001,0x0001,0x0001,0x0001,0x0001,0x0001,0x0001,0x0001,0x0001,
  0x0001,0x0001,0x0001,0x0001,0x0001,0x0001,0x0001,0x0001,0x0001,0x0001,0x0001,0x0001,
  0x0001,0x0001,0x0001,0x0000,0x0000,0x0000,0x0000,0x0000,0x0000,0x0000,0x0000,0x0000,
  0x0000,0x0000,0x0000,0x0000,0x0000,0x0000,0x0000,0x0000,0x0000,0x0000,0x0000,0x0000,
  0x0000,0x0000,0x0000,0x0000,0x0000,0x0000,0x0000,0x0000,0x0000,0x0000,0x0000,0x0000,
  0x0000,0x0000,0x0000,0x0000,0x0000,0x0000,0x0000,0x0000,0x0000,0x0000,0x0000,0x0000,
  0x0000,0x0000,0x0000,0x0000,0x0000,0x0000,0x0000,0x0000,0x0000,0x0000,0x0000,0x0000,
  0x0000,0x0000,0x0000,0x0000,0x0000,0x0000,0x0000,0x0000,0x0000,0x0000,0x0000,0x0000,
  0x0000,0x0001,0x0000,0x0000,0x0000,0x0000,0x0000,0x0000,0x0000,0x0000,0x0000,0x0000,
  0x0000,0x0000,0x0000,0x0801,0x0000,0x0000,0x0000,0x0001,0x0000,0x0000,0x0000,0x0000,
  0x0000,0x0000,0x0000,0x0001,0x0001,0x0001,0x0001,0x0001,0x0001,0x0001,0x0001,0x0001,
  0x0001,0x0001,0x0001,0x0001,0x0001,0x0001,0x0001,0x0001,0x0801,0x0801,0x0801,0x0801,
  0x0801,0x0801,0x0801,0x0801,0x0801,0x0801,0x0801,0x0801,0x0802,0x0802,0x0801,0x0802,
  0x0802,0x0802,0x0802,0x0802,0x0802,0x0802,0x0802,0x0802,0x0802,0x0802,0x0802,0x0802,
  0x0802,0x0802,0x0802,0x0802,0x0802,0x0802,0x0802,0x0802,0x0802,0x0802,0x0802,0x0802,
  0x0802,0x0802,0x0802,0x0802,0x0802,0x0803,0x0802,0x0803,0x0803,0x0803,0x0803,0x0802,
  0x0802,0x0802,0x0802,0x0802,0x0802,0x0802,0x0802,0x0803,0x0803,0x0803,0x0803,0x0803,
  0x0802,0x0802,0x0802,0x0802,0x0802,0x0802,0x0802,0x0802,0x0802,0x0802,0x0802,0x0802,
  0x0802,0x0802,0x0802,0x0802,0x0802,0x0802,0x0802,0x0802,0x0802,0x0802,0x0802,0x0802,
  0x0802,0x0802,0x0802,0x0802,0x0802,0x0802,0x0802,0x0802,0x0802,0x0802,0x0802,0x0802,
  0x0802,0x0801,0x0801,0x0801,0x0801,0x0801,0x0801,0x0801,0x0801,0x0001,0x0001,0x0001,
  0x0001,0x0001,0x0001,0x0001,0x0001,0x0001,0x0001,0x0001,0x0001,0x0001,0x0001,0x0001,
  0x0001,0x0001,0x0001,0x0001,0x0001,0x0001,0x0000,0x0000,0x0000,0x0000,0x0000,0x0000,
  0x0000,0x0000,0x0000,0x0000,0x0000,0x0000,0x0000,0x0000,0x0000,0x0000,0x0000,0x0000,
  0x0000,0x0000,0x0000,0x0000,0x0000,0x0000,0x0000,0x0000,0x0000,0x0000,0x0000,0x0000,
  0x0000,0x0000,0x0000,0x0000,0x0000,0x0000,0x0000,0x0000,0x0000,0x0000,0x0000,0x0000,
  0x0000,0x0000,0x0000,0x0000,0x0000,0x0000,0x0000,0x0000,0x0000,0x0000,0x0000,0x0000,
  0x0001,0x0000,0x0801,0x0000,0x0801,0x0001,0x0000,0x0801,0x0801,0x0000,0x0801,0x0801,
  0x0000,0x0801,0x0000,0x0000,0x0000,0x0000,0x0801,0x0801,0x0801,0x0000,0x0801,0x0801,
  0x0801,0x0801,0x0801,0x0801,0x0801,0x0801,0x0801,0x0801,0x0801,0x0000,0x0000,0x0000,
  0x0000,0x0000,0x0001,0x0001,0x0001,0x0001,0x0001,0x0001,0x0001,0x0001,0x0001,0x0001,
  0x0001,0x0001,0x0001,0x0801,0x0801,0x0801,0x0801,0x0801,0x0801,0x0801,0x0801,0x0801,
  0x0801,0x0801,0x0801,0x0801,0x0801,0x0801,0x0802,0x0802,0x0802,0x0802,0x0802,0x0802,
  0x0802,0x0802,0x0802,0x0802,0x1002,0x1002,0x1002,0x1002,0x1002,0x1002,0x1002,0x1002,
  0x1002,0x1002,0x1002,0x1002,0x1002,0x1002,0x1002,0x1002,0x1003,0x1003,0x1003,0x1003,
  0x1003,0x1003,0x1003,0x1003,0x1003,0x1003,0x1003,0x1003,0x1003,0x1003,0x1003,0x1003,
  0x1003,0x1003,0x1003,0x1003,0x1003,0x1003,0x1003,0x1003,0x1003,0x1003,0x1003,0x1003,
  0x1003,0x1003,0x1003,0x1003,0x1003,0x1003,0x1003,0x1003,0x1003,0x1003,0x1003,0x1003,
  0x0803,0x0803,0x1003,0x1002,0x1002,0x0802,0x0802,0x0802,0x0802,0x0802,0x0802,0x0802,
  0x0802,0x0802,0x0802,0x0802,0x0802,0x0802,0x0802,0x0802,0x0802,0x0802,0x0802,0x0802,
  0x0802,0x0802,0x0802,0x0802,0x0802,0x0801,0x0801,0x0801,0x0801,0x0801,0x0801,0x0801,
  0x0001,0x0001,0x0001,0x0001,0x0001,0x0001,0x0001,0x0001,0x0001,0x0001,0x0001,0x0001,
  0x0001,0x0001,0x0001,0x0001,0x0001,0x0001,0x0001,0x0000,0x0000,0x0000,0x0000,0x0000,
  0x0000,0x0000,0x0000,0x0000,0x0000,0x0000,0x0000,0x0000,0x0000,0x0000,0x0000,0x0000,
  0x0000,0x0000,0x0000,0x0000,0x0000,0x0000,0x0000,0x0000,0x0000,0x0000,0x0000,0x0000,
  0x0000,0x0000,0x0000,0x0000,0x0000,0x0000,0x0000,0x0000,0x0000,0x0000,0x0000,0x0000,
  0x0000,0x0000,0x0000,0x0000,0x0000,0x0000,0x0000,0x0000,0x0000,0x0001,0x0000,0x0000,
  0x0801,0x0000,0x0801,0x0801,0x0801,0x0801,0x0801,0x1001,0x0801,0x0801,0x0801,0x0801,
  0x0000,0x0801,0x0000,0x0000,0x0000,0x0000,0x0801,0x0801,0x0801,0x0801,0x0801,0x0801,
  0x0801,0x0801,0x0801,0x0801,0x0801,0x1002,0x0801,0x0801,0x0801,0x0000,0x0001,0x0001,
  0x0001,0x0001,0x0001,0x0001,0x0001,0x0001,0x0001,0x0001,0x0001,0x0001,0x0801,0x0801,
  0x0801,0x0801,0x0801,0x0801,0x0801,0x0801,0x0801,0x0801,0x0801,0x0801,0x0802,0x0802,
  0x0802,0x0802,0x0802,0x0802,0x0802,0x0802,0x0802,0x0802,0x1002,0x1002,0x1002,0x1002,
  0x1002,0x1002,0x1002,0x1002,0x1002,0x1002,0x1002,0x1002,0x1002,0x1002,0x1002,0x1002,
  0x1002,0x1002,0x1003,0x1003,0x1003,0x1003,0x1003,0x1003,0x1803,0x1003,0x1003,0x1003,
  0x1003,0x1003,0x1003,0x1003,0x1003,0x1003,0x1003,0x1003,0x1003,0x1003,0x1003,0x1003,
  0x1003,0x1003,0x1003,0x1003,0x1003,0x1003,0x1003,0x1003,0x1003,0x1003,0x1003,0x1003,
  0x1003,0x1003,0x1003,0x1003,0x1003,0x1003,0x1003,0x1003,0x1003,0x1003,0x1003,0x1003,
  0x1003,0x1003,0x1003,0x1003,0x1003,0x1003,0x1003,0x1003,0x1003,0x1002,0x1002,0x1002,
  0x1002,0x1002,0x1002,0x1002,0x1002,0x1002,0x1002,0x1002,0x1002,0x0802,0x0802,0x0802,
  0x0802,0x0802,0x0802,0x0802,0x0802,0x0802,0x0802,0x0801,0x0801,0x0801,0x0801,0x0802,
  0x0801,0x0801,0x0801,0x0801,0x0001,0x0001,0x0001,0x0001,0x0001,0x0001,0x0001,0x0001,
  0x0001,0x0001,0x0001,0x0001,0x0001,0x0001,0x0001,0x0001,0x0000,0x0000,0x0000,0x0000,
  0x0000,0x0000,0x0000,0x0000,0x0000,0x0000,0x0000,0x0000,0x0000,0x0000,0x0000,0x0000,
  0x0000,0x0000,0x0000,0x0000,0x0000,0x0000,0x0000,0x0000,0x0000,0x0000,0x0000,0x0000,
  0x0000,0x0000,0x0000,0x0000,0x0000,0x0000,0x0000,0x0000,0x0000,0x0000,0x0000,0x0000,
  0x0000,0x0000,0x0000,0x0000,0x0000,0x0000,0x0000,0x0000,0x0000,0x0000,0x0000,0x0000,
  0x0000,0x0000,0x0801,0x0000,0x0801,0x0801,0x0000,0x0801,0x0801,0x0000,0x0801,0x0801,
  0x0000,0x0801,0x0000,0x0000,0x0000,0x0000,0x0001,0x0801,0x0801,0x0001,0x0801,0x0801,
  0x0801,0x0801,0x0801,0x0801,0x0801,0x0801,0x0801,0x0801,0x0001,0x0001,0x0001,0x0001,
  0x0001,0x0001,0x0001,0x0001,0x0001,0x0001,0x0001,0x0801,0x0801,0x0801,0x0801,0x0801,
  0x0801,0x0801,0x0801,0x0801,0x0801,0x0801,0x0801,0x0802,0x0802,0x0802,0x0802,0x0802,
  0x1002,0x1002,0x1002,0x1002,0x1002,0x1002,0x1002,0x1002,0x1002,0x1002,0x1002,0x1002,
  0x1002,0x1002,0x1002,0x1002,0x1802,0x1802,0x1802,0x1803,0x1803,0x1803,0x1803,0x1803,
  0x1803,0x1803,0x1803,0x1803,0x1803,0x1803,0x1803,0x1803,0x1803,0x1803,0x1804,0x1803,
  0x1803,0x1804,0x1804,0x1804,0x1804,0x1804,0x1804,0x1804,0x1804,0x1804,0x1804,0x1804,
  0x1804,0x1804,0x1804,0x1804,0x1804,0x1804,0x1804,0x1804,0x1804,0x1804,0x1804,0x1804,
  0x1804,0x1804,0x1804,0x1804,0x1804,0x1804,0x1804,0x1804,0x1804,0x1804,0x1804,0x1803,
  0x1803,0x1803,0x1803,0x1803,0x1803,0x1803,0x1803,0x1003,0x1003,0x1003,0x1003,0x1003,
  0x1003,0x1003,0x1002,0x1003,0x1002,0x1002,0x1002,0x1002,0x1002,0x1002,0x1002,0x1002,
  0x1002,0x1002,0x1002,0x1002,0x0802,0x0802,0x0802,0x0802,0x0802,0x0802,0x0802,0x0802,
  0x0802,0x0801,0x0801,0x0801,0x0801,0x0801,0x0001,0x0001,0x0001,0x0001,0x0001,0x0001,
  0x0001,0x0001,0x0001,0x0001,0x0001,0x0001,0x0001,0x0001,0x0001,0x0001,0x0000,0x0001,
  0x0000,0x0000,0x0000,0x0000,0x0000,0x0000,0x0000,0x0000,0x0000,0x0000,0x0000,0x0000,
  0x0000,0x0000,0x0000,0x0000,0x0000,0x0000,0x0000,0x0000,0x0000,0x0000,0x0000,0x0000,
  0x0000,0x0000,0x0000,0x0000,0x0000,0x0000,0x0000,0x0000,0x0000,0x0000,0x0000,0x0000,
  0x0000,0x0000,0x0000,0x0000,0x0000,0x0000,0x0000,0x0000,0x0000,0x0000,0x0000,0x0000,
  0x0000,0x0000,0x0000,0x0000,0x0000,0x0000,0x0000,0x0000,0x0000,0x0000,0x0000,0x0000,
  0x0000,0x0000,0x0000,0x0000,0x0000,0x0000,0x0000,0x0000,0x0000,0x0000,0x0000,0x0000,
  0x0000,0x0000,0x0000,0x0000,0x0000,0x0000,0x0000,0x0000,0x0001,0x0001,0x0001,0x0001,
  0x0001,0x0001,0x0001,0x0001,0x0801,0x0801,0x0801,0x0801,0x0801,0x0801,0x0801,0x0801,
  0x0801,0x0801,0x0801,0x0802,0x0802,0x0802,0x0802,0x1002,0x1002,0x1002,0x1002,0x1002,
  0x1002,0x1002,0x1002,0x1002,0x1002,0x1002,0x1002,0x1002,0x1802,0x1802,0x1802,0x1802,
  0x1802,0x1802,0x1802,0x1802,0x1803,0x1803,0x1803,0x1803,0x1803,0x1803,0x1803,0x1803,
  0x2003,0x2003,0x2003,0x2003,0x2003,0x2003,0x2003,0x2004,0x2004,0x2004,0x2004,0x2004,
  0x2004,0x2004,0x2004,0x2004,0x2004,0x2004,0x2004,0x2004,0x2004,0x2004,0x2004,0x2004,
  0x2004,0x2004,0x2004,0x2004,0x2004,0x2004,0x2004,0x2004,0x2004,0x2004,0x2004,0x1804,
  0x1804,0x1804,0x1804,0x1804,0x1804,0x1804,0x1804,0x1804,0x1804,0x1804,0x1804,0x1804,
  0x1804,0x1804,0x1804,0x1804,0x1804,0x1803,0x1803,0x1803,0x1803,0x1803,0x1803,0x1803,
  0x1803,0x1803,0x1803,0x1803,0x1803,0x1803,0x1003,0x1003,0x1002,0x1002,0x1002,0x1002,
  0x1002,0x1002,0x1002,0x1002,0x1002,0x1002,0x1002,0x1002,0x1002,0x1002,0x0802,0x0802,
  0x0802,0x0802,0x0802,0x0802,0x0801,0x0801,0x0801,0x0801,0x0801,0x0801,0x0001,0x0001,
  0x0001,0x0001,0x0001,0x0001,0x0001,0x0001,0x0001,0x0001,0x0001,0x0001,0x0001,0x0001,
  0x0000,0x0000,0x0000,0x0000,0x0000,0x0000,0x0000,0x0000,0x0000,0x0000,0x0000,0x0000,
  0x0000,0x0000,0x0000,0x0000,0x0000,0x0000,0x0000,0x0000,0x0000,0x0000,0x0000,0x0000,
  0x0000,0x0000,0x0000,0x0000,0x0000,0x0000,0x0000,0x0000,0x0000,0x0000,0x0000,0x0000,
  0x0000,0x0000,0x0000,0x0000,0x0000,0x0000,0x0000,0x0000,0x0000,0x0000,0x0000,0x0000,
  0x0000,0x0000,0x0000,0x0000,0x0000,0x0000,0x0000,0x0000,0x0000,0x0000,0x0000,0x0000,
  0x0000,0x0000,0x0000,0x0000,0x0000,0x0000,0x0000,0x0000,0x0000,0x0000,0x0000,0x0000,
  0x0000,0x0000,0x0000,0x0000,0x0000,0x0001,0x0001,0x0001,0x0001,0x0001,0x0001,0x0001,
  0x0001,0x0801,0x0801,0x0801,0x0801,0x0801,0x0801,0x0801,0x0801,0x0801,0x0802,0x0802,
  0x0802,0x0802,0x0802,0x0802,0x1002,0x1002,0x1002,0x1002,0x1002,0x1002,0x1002,0x1002,
  0x1002,0x1802,0x1802,0x1802,0x1802,0x1802,0x1802,0x1802,0x1802,0x1803,0x1803,0x1803,
  0x1803,0x1803,0x1803,0x2003,0x2003,0x2003,0x2003,0x2003,0x2003,0x2003,0x2003,0x2003,
  0x2004,0x2004,0x2004,0x2004,0x2004,0x2004,0x2004,0x2804,0x2804,0x2804,0x2804,0x2804,
  0x2804,0x2004,0x2805,0x2805,0x2805,0x2805,0x2805,0x2805,0x2805,0x2805,0x2005,0x2005,
  0x2005,0x2005,0x2005,0x2005,0x2005,0x2005,0x2005,0x2005,0x2005,0x2005,0x2005,0x2005,
  0x2005,0x2005,0x2005,0x2005,0x2005,0x2005,0x2005,0x2005,0x2005,0x2005,0x2005,0x2004,
  0x2004,0x2004,0x2004,0x2004,0x2004,0x2004,0x2004,0x2004,0x2004,0x1804,0x1803,0x1803,
  0x1803,0x1803,0x1803,0x1803,0x1803,0x1803,0x1803,0x1803,0x1803,0x1803,0x1803,0x1803,
  0x1003,0x1002,0x1002,0x1002,0x1002,0x1002,0x1002,0x1002,0x1002,0x1002,0x1002,0x1002,
  0x1002,0x0802,0x0802,0x0802,0x0802,0x0802,0x0801,0x0801,0x0801,0x0801,0x0801,0x0801,
  0x0001,0x0001,0x0001,0x0001,0x0001,0x0001,0x0001,0x0001,0x0001,0x0001,0x0001,0x0001,
  0x0001,0x0001,0x0001,0x0000,0x0000,0x0000,0x0000,0x0000,0x0000,0x0000,0x0000,0x0000,
  0x0000,0x0000,0x0000,0x0000,0x0000,0x0000,0x0000,0x0000,0x0000,0x0000,0x0000,0x0000,
  0x0000,0x0000,0x0000,0x0000,0x0000,0x0000,0x0000,0x0000,0x0000,0x0000,0x0000,0x0000,
  0x0000,0x0000,0x0000,0x0000,0x0000,0x0000,0x0000,0x0000,0x0000,0x0000,0x0000,0x0000,
  0x0001,0x0000,0x0801,0x0000,0x0001,0x0000,0x0001,0x0000,0x0000,0x0000,0x0000,0x0000,
  0x0000,0x0801,0x0000,0x0801,0x0001,0x0801,0x0000,0x0000,0x0000,0x0000,0x0000,0x0000,
  0x0000,0x0000,0x0000,0x0000,0x0000,0x0000,0x0001,0x0001,0x0001,0x0001,0x0001,0x0001,
  0x0001,0x0001,0x0801,0x0801,0x0801,0x0801,0x0801,0x0801,0x0801,0x0802,0x0802,0x0802,
  0x0802,0x1002,0x1002,0x1002,0x1002,0x1002,0x1002,0x1002,0x1002,0x1002,0x1802,0x1802,
  0x1802,0x1802,0x1802,0x1802,0x1803,0x1803,0x1803,0x1803,0x1803,0x1803,0x2003,0x2003,
  0x2003,0x2003,0x2003,0x2003,0x2003,0x2003,0x2003,0x2003,0x2003,0x2804,0x2804,0x2804,
  0x2804,0x2804,0x2804,0x2804,0x2804,0x2804,0x2804,0x2804,0x2804,0x2804,0x2805,0x2805,
  0x2805,0x2805,0x2805,0x2805,0x2805,0x2805,0x2805,0x2805,0x2805,0x2805,0x2805,0x2805,
  0x2805,0x2805,0x2805,0x2805,0x2805,0x2805,0x2805,0x2805,0x2805,0x2805,0x2805,0x2805,
  0x2805,0x2805,0x2805,0x2805,0x2805,0x2805,0x2805,0x2805,0x2805,0x2805,0x2805,0x2805,
  0x2805,0x2805,0x2004,0x2004,0x2004,0x2004,0x2004,0x2004,0x2004,0x2004,0x2004,0x2004,
  0x2004,0x2004,0x1803,0x1803,0x1803,0x1803,0x1803,0x1803,0x1803,0x1803,0x1803,0x1803,
  0x1803,0x1803,0x1803,0x1803,0x1002,0x1002,0x1002,0x1002,0x1002,0x1002,0x1002,0x1002,
  0x1002,0x1002,0x0802,0x0802,0x0802,0x0802,0x0802,0x0801,0x0801,0x0801,0x0801,0x0801,
  0x0001,0x0001,0x0001,0x0001,0x0001,0x0001,0x0001,0x0001,0x0001,0x0001,0x0001,0x0001,
  0x0000,0x0000,0x0000,0x0000,0x0000,0x0000,0x0000,0x0000,0x0000,0x0000,0x0000,0x0000,
  0x0000,0x0000,0x0000,0x0000,0x0000,0x0000,0x0000,0x0000,0x0000,0x0000,0x0000,0x0000,
  0x0000,0x0000,0x0000,0x0000,0x0000,0x0000,0x0000,0x0000,0x0000,0x0000,0x0000,0x0000,
  0x0000,0x0000,0x0000,0x0000,0x0000,0x0000,0x0000,0x0000,0x0000,0x0000,0x0000,0x0000,
  0x0801,0x0000,0x0801,0x0001,0x0801,0x0801,0x0801,0x0801,0x0801,0x0801,0x0000,0x0000,
  0x0000,0x0801,0x0000,0x0801,0x0000,0x0801,0x0000,0x0000,0x0000,0x0000,0x0000,0x0000,
  0x0000,0x0000,0x0000,0x0000,0x0000,0x0001,0x0001,0x0001,0x0001,0x0001,0x0001,0x0801,
  0x0801,0x0801,0x0801,0x0801,0x0801,0x0801,0x0801,0x0802,0x0802,0x0802,0x0802,0x1002,
  0x1002,0x1002,0x1002,0x1002,0x1002,0x1002,0x1002,0x1002,0x1002,0x1802,0x1802,0x1802,
  0x1802,0x1803,0x1803,0x1803,0x1803,0x1803,0x1803,0x1803,0x2003,0x2003,0x2003,0x2003,
  0x2003,0x2003,0x2003,0x2003,0x2003,0x2803,0x2803,0x2803,0x2803,0x2804,0x2804,0x2804,
  0x2804,0x2804,0x2804,0x2804,0x2804,0x2804,0x2804,0x2804,0x2804,0x2804,0x2804,0x2804,
  0x2804,0x2804,0x2805,0x2805,0x2805,0x2805,0x2805,0x2805,0x2805,0x2805,0x2805,0x2805,
  0x2805,0x2805,0x2805,0x2805,0x2805,0x2805,0x2805,0x2805,0x2805,0x2805,0x2805,0x2805,
  0x2805,0x2805,0x2805,0x2805,0x2805,0x2805,0x2805,0x2805,0x2805,0x2805,0x2805,0x2805,
  0x2805,0x2805,0x2805,0x2005,0x2004,0x2004,0x2004,0x2004,0x2004,0x2004,0x2004,0x2004,
  0x2004,0x2003,0x2003,0x2003,0x1803,0x1803,0x1803,0x1803,0x1803,0x1803,0x1803,0x1803,
  0x1803,0x1803,0x1803,0x1803,0x1803,0x1002,0x1002,0x1002,0x1002,0x1002,0x1002,0x1002,
  0x1002,0x1002,0x1002,0x0802,0x0802,0x0802,0x0802,0x0802,0x0801,0x0801,0x0801,0x0801,
  0x0001,0x0001,0x0001,0x0001,0x0001,0x0001,0x0001,0x0001,0x0001,0x0001,0x0001,0x0001,
  0x0000,0x0000,0x0000,0x0000,0x0000,0x0000,0x0000,0x0000,0x0000,0x0000,0x0000,0x0000,
  0x0000,0x0000,0x0000,0x0000,0x0000,0x0000,0x0000,0x0000,0x0000,0x0000,0x0000,0x0000,
  0x0000,0x0000,0x0000,0x0000,0x0000,0x0000,0x0000,0x0000,0x0000,0x0000,0x0000,0x0000,
  0x0000,0x0000,0x0000,0x0000,0x0000,0x0000,0x0000,0x0000,0x0000,0x0000,0x0000,0x0000,
  0x0801,0x0000,0x0801,0x0000,0x0801,0x0801,0x0801,0x0801,0x0801,0x0801,0x0000,0x0000,
  0x0000,0x0801,0x0000,0x0001,0x0000,0x0000,0x0000,0x0000,0x0000,0x0000,0x0000,0x0000,
  0x0000,0x0000,0x0000,0x0000,0x0001,0x0001,0x0001,0x0001,0x0001,0x0001,0x0001,0x0801,
  0x0801,0x0801,0x0801,0x0801,0x0801,0x0801,0x0801,0x0802,0x0802,0x0802,0x0802,0x1002,
  0x1002,0x1002,0x1002,0x1002,0x1002,0x1002,0x1002,0x1002,0x1802,0x1802,0x1802,0x1803,
  0x1803,0x1803,0x1803,0x1803,0x1803,0x1803,0x1803,0x2003,0x2003,0x2003,0x2003,0x2003,
  0x2003,0x2003,0x2003,0x2003,0x2003,0x2803,0x2803,0x2803,0x2803,0x2804,0x2804,0x2804,
  0x2804,0x2804,0x2804,0x2803,0x2803,0x2803,0x2804,0x2803,0x2004,0x2004,0x2004,0x2004,
  0x2004,0x2003,0x2004,0x2004,0x2004,0x1804,0x1803,0x1803,0x1803,0x1803,0x1803,0x1803,
  0x1803,0x1003,0x1003,0x1003,0x1004,0x1804,0x1804,0x1804,0x1804,0x1804,0x1804,0x1804,
  0x1804,0x1804,0x1804,0x1804,0x2004,0x2004,0x2004,0x2004,0x2004,0x2005,0x2004,0x2004,
  0x2004,0x2004,0x2004,0x2004,0x2004,0x2004,0x2004,0x2004,0x2004,0x2004,0x2004,0x2004,
  0x2004,0x2004,0x2004,0x2003,0x1803,0x1803,0x1803,0x1803,0x1803,0x1803,0x1803,0x1803,
  0x1803,0x1803,0x1803,0x1803,0x1803,0x1003,0x1002,0x1002,0x1002,0x1002,0x1002,0x1002,
  0x1002,0x1002,0x1002,0x0802,0x0802,0x0802,0x0802,0x0802,0x0801,0x0801,0x0801,0x0801,
  0x0001,0x0001,0x0001,0x0001,0x0001,0x0001,0x0001,0x0001,0x0001,0x0001,0x0001,0x0001,
  0x0000,0x0000,0x0000,0x0000,0x0000,0x0000,0x0000,0x0000,0x0000,0x0000,0x0000,0x0000,
  0x0000,0x0000,0x0000,0x0000,0x0000,0x0000,0x0000,0x0000,0x0000,0x0000,0x0000,0x0000,
  0x0000,0x0000,0x0000,0x0000,0x0000,0x0000,0x0000,0x0000,0x0000,0x0000,0x0000,0x0000,
  0x0000,0x0000,0x0000,0x0000,0x0000,0x0000,0x0000,0x0000,0x0000,0x0000,0x0000,0x0000,
  0x0000,0x0000,0x0000,0x0000,0x0000,0x0000,0x0000,0x0000,0x0000,0x0000,0x0000,0x0000,
  0x0000,0x0000,0x0000,0x0000,0x0000,0x0000,0x0000,0x0000,0x0000,0x0000,0x0000,0x0000,
  0x0000,0x0000,0x0000,0x0000,0x0000,0x0000,0x0001,0x0001,0x0001,0x0001,0x0001,0x0801,
  0x0801,0x0801,0x0801,0x0801,0x0801,0x0801,0x0801,0x0802,0x0802,0x0802,0x0802,0x1002,
  0x1002,0x1002,0x1002,0x1002,0x1002,0x1002,0x1002,0x1002,0x1802,0x1802,0x1802,0x1803,
  0x1803,0x1803,0x1803,0x1803,0x1803,0x1803,0x2003,0x2003,0x2003,0x2003,0x2003,0x2003,
  0x2003,0x2003,0x2003,0x2003,0x2003,0x2003,0x2003,0x2003,0x2003,0x2003,0x2003,0x2003,
  0x2003,0x2003,0x2003,0x2003,0x2003,0x2003,0x2003,0x2003,0x1803,0x1803,0x1803,0x1803,
  0x1803,0x1803,0x1002,0x1002,0x1002,0x1002,0x1002,0x1002,0x0802,0x0802,0x0802,0x0802,
  0x0802,0x0802,0x0802,0x0802,0x0802,0x0802,0x0802,0x0802,0x0802,0x0802,0x0802,0x0803,
  0x0803,0x1003,0x1003,0x1003,0x1003,0x1003,0x1003,0x1804,0x1804,0x1804,0x1804,0x1804,
  0x1804,0x1804,0x2004,0x2004,0x2004,0x2004,0x2004,0x2004,0x2004,0x2004,0x2004,0x2004,
  0x2004,0x2003,0x1803,0x1803,0x1803,0x1803,0x1803,0x1803,0x1803,0x1803,0x1803,0x1803,
  0x1803,0x1803,0x1803,0x1803,0x1803,0x1003,0x1002,0x1002,0x1002,0x1002,0x1002,0x1002,
  0x1002,0x1002,0x0802,0x0802,0x0802,0x0802,0x0802,0x0802,0x0801,0x0802,0x0802,0x0801,
  0x0001,0x0001,0x0001,0x0001,0x0001,0x0001,0x0001,0x0001,0x0001,0x0001,0x0001,0x0001,
  0x0000,0x0000,0x0000,0x0000,0x0000,0x0000,0x0000,0x0000,0x0000,0x0000,0x0000,0x0000,
  0x0000,0x0000,0x0000,0x0000,0x0000,0x0000,0x0000,0x0000,0x0000,0x0000,0x0000,0x0000,
  0x0000,0x0000,0x0000,0x0000,0x0000,0x0000,0x0000,0x0000,0x0000,0x0000,0x0000,0x0000,
  0x0000,0x0000,0x0000,0x0000,0x0000,0x0000,0x0000,0x0000,0x0000,0x0000,0x0000,0x0000,
  0x0000,0x0000,0x0000,0x0000,0x0000,0x0000,0x0000,0x0000,0x0000,0x0000,0x0000,0x0000,
  0x0000,0x0000,0x0000,0x0000,0x0000,0x0000,0x0000,0x0000,0x0000,0x0000,0x0000,0x0000,
  0x0000,0x0000,0x0000,0x0000,0x0000,0x0000,0x0001,0x0001,0x0001,0x0001,0x0801,0x0801,
  0x0801,0x0801,0x0801,0x0801,0x0801,0x0801,0x0801,0x0802,0x0802,0x0802,0x0802,0x1002,
  0x1002,0x1002,0x1002,0x1002,0x1002,0x1002,0x1002,0x1002,0x1802,0x1802,0x1802,0x1803,
  0x1803,0x1803,0x1803,0x1803,0x1803,0x1803,0x1803,0x2003,0x2003,0x2003,0x2003,0x2003,
  0x2003,0x2003,0x2003,0x2003,0x2003,0x2003,0x2003,0x2003,0x2003,0x2003,0x2003,0x2003,
  0x2003,0x2003,0x2003,0x2003,0x2003,0x2003,0x1803,0x1803,0x1802,0x1802,0x1803,0x1002,
  0x1002,0x1002,0x1002,0x1002,0x1002,0x0802,0x0802,0x0802,0x0802,0x0802,0x0802,0x0002,
  0x0001,0x0001,0x0021,0x0021,0x0002,0x0002,0x0002,0x0802,0x0802,0x0802,0x0802,0x0802,
  0x0802,0x0803,0x0803,0x1003,0x1003,0x1003,0x1003,0x1003,0x1003,0x1003,0x1803,0x1803,
  0x1803,0x1803,0x1803,0x1804,0x1804,0x1804,0x1804,0x2004,0x2004,0x1804,0x1804,0x1803,
  0x1803,0x1803,0x1803,0x1803,0x1803,0x1803,0x1803,0x1803,0x1803,0x1803,0x1803,0x1803,
  0x1803,0x1803,0x1803,0x1803,0x1803,0x1003,0x1003,0x1003,0x1002,0x1002,0x1002,0x1002,
  0x1002,0x1002,0x0802,0x0802,0x0802,0x0802,0x0802,0x0802,0x0802,0x0801,0x0801,0x0801,
  0x0001,0x0001,0x0001,0x0001,0x0001,0x0001,0x0001,0x0001,0x0001,0x0001,0x0001,0x0001,
  0x0001,0x0000,0x0000,0x0000,0x0000,0x0000,0x0000,0x0000,0x0000,0x0000,0x0000,0x0000,
  0x0000,0x0000,0x0000,0x0000,0x0000,0x0000,0x0000,0x0000,0x0000,0x0000,0x0000,0x0000,
  0x0000,0x0000,0x0000,0x0000,0x0000,0x0000,0x0000,0x0000,0x0000,0x0000,0x0000,0x0000,
  0x0000,0x0000,0x0000,0x0000,0x0000,0x0000,0x0000,0x0000,0x0000,0x0000,0x0000,0x0000,
  0x0000,0x0000,0x0000,0x0000,0x0000,0x0000,0x0000,0x0000,0x0000,0x0000,0x0000,0x0000,
  0x0000,0x0000,0x0000,0x0000,0x0000,0x0000,0x0000,0x0000,0x0000,0x0000,0x0000,0x0000,
  0x0000,0x0000,0x0000,0x0000,0x0000,0x0001,0x0001,0x0001,0x0001,0x0001,0x0001,0x0801,
  0x0801,0x0801,0x0801,0x0801,0x0801,0x0801,0x0801,0x0801,0x0802,0x0802,0x0802,0x1002,
  0x1002,0x1002,0x1002,0x1002,0x1002,0x1002,0x1002,0x1002,0x1802,0x1802,0x1802,0x1803,
  0x1803,0x1803,0x1803,0x1803,0x1803,0x1803,0x1803,0x1803,0x2003,0x2003,0x2003,0x2003,
  0x2003,0x2003,0x2003,0x2003,0x2003,0x2003,0x2003,0x2003,0x2003,0x2003,0x2003,0x2003,
  0x2003,0x2003,0x2003,0x2003,0x2003,0x2003,0x1803,0x1803,0x1803,0x1802,0x1802,0x1802,
  0x1002,0x1002,0x1002,0x1002,0x1002,0x1002,0x0802,0x0802,0x0802,0x0802,0x0802,0x0802,
  0x0802,0x0802,0x0802,0x0802,0x0802,0x0802,0x0802,0x0802,0x0802,0x0802,0x0802,0x0802,
  0x0802,0x0803,0x1003,0x1003,0x1003,0x1003,0x1003,0x1003,0x1003,0x1803,0x1803,0x1803,
  0x1803,0x1803,0x1803,0x1804,0x1804,0x1804,0x1804,0x1804,0x1804,0x1803,0x1803,0x1803,
  0x1803,0x1803,0x1803,0x1803,0x1803,0x1803,0x1803,0x1803,0x1803,0x1803,0x1803,0x1803,
  0x1803,0x1803,0x1803,0x1003,0x1003,0x1003,0x1003,0x1003,0x1002,0x1002,0x1002,0x1002,
  0x1002,0x0802,0x0802,0x0802,0x0802,0x0802,0x0802,0x0801,0x0801,0x0001,0x0001,0x0001,
  0x0001,0x0001,0x0001,0x0001,0x0001,0x0801,0x0001,0x0001,0x0001,0x0001,0x0001,0x0001,
  0x0001,0x0001,0x0001,0x0801,0x0001,0x0000,0x0000,0x0801,0x0000,0x0000,0x0000,0x0000,
  0x0000,0x0000,0x0000,0x0000,0x0000,0x0000,0x0000,0x0000,0x0000,0x0000,0x0000,0x0000,
  0x0000,0x0000,0x0000,0x0000,0x0000,0x0000,0x0000,0x0000,0x0000,0x0000,0x0000,0x0000,
  0x0000,0x0000,0x0000,0x0000,0x0000,0x0000,0x0000,0x0000,0x0000,0x0000,0x0000,0x0000,
  0x0000,0x0000,0x0000,0x0000,0x0000,0x0000,0x0000,0x0000,0x0000,0x0000,0x0000,0x0000,
  0x0000,0x0000,0x0000,0x0000,0x0000,0x0000,0x0000,0x0000,0x0000,0x0000,0x0000,0x0000,
  0x0000,0x0000,0x0000,0x0000,0x0000,0x0000,0x0001,0x0001,0x0001,0x0001,0x0001,0x0001,
  0x0801,0x0801,0x0801,0x0801,0x0801,0x0801,0x0801,0x0802,0x0802,0x0802,0x0802,0x1002,
  0x1002,0x1002,0x1002,0x1002,0x1002,0x1002,0x1002,0x1002,0x1002,0x1802,0x1802,0x1803,
  0x1803,0x1803,0x1803,0x1803,0x1803,0x1803,0x1803,0x2003,0x2003,0x2003,0x2003,0x2003,
  0x2003,0x2003,0x2003,0x2003,0x2003,0x2003,0x2003,0x2003,0x2003,0x2003,0x2003,0x2003,
  0x2003,0x2003,0x2003,0x2003,0x2003,0x2003,0x2003,0x2003,0x2003,0x2003,0x2003,0x2003,
  0x1803,0x1803,0x1803,0x1803,0x1803,0x1803,0x1802,0x1002,0x1002,0x1002,0x1002,0x1002,
  0x1002,0x1002,0x1002,0x1002,0x1002,0x1002,0x1002,0x1003,0x1003,0x1003,0x1003,0x1003,
  0x1003,0x1003,0x1803,0x1803,0x1803,0x1803,0x1803,0x1803,0x1804,0x1804,0x1804,0x1804,
  0x1804,0x2004,0x2004,0x2004,0x2004,0x2004,0x2004,0x2004,0x2004,0x2004,0x2004,0x1803,
  0x1803,0x1803,0x1803,0x1803,0x1803,0x1803,0x1803,0x1803,0x1803,0x1803,0x1803,0x1803,
  0x1803,0x1803,0x1803,0x1003,0x1003,0x1003,0x1003,0x1003,0x1002,0x1002,0x1002,0x1002,
  0x1002,0x0802,0x0802,0x0802,0x0802,0x0802,0x0822,0x0801,0x0001,0x1002,0x1002,0x0802,
  0x1002,0x0802,0x1002,0x0801,0x0822,0x1022,0x0001,0x0001,0x0001,0x1002,0x0802,0x0802,
  0x0801,0x0802,0x0802,0x0801,0x0801,0x0802,0x0801,0x1022,0x0001,0x0000,0x0000,0x0000,
  0x0000,0x0000,0x0000,0x0000,0x0000,0x0000,0x0000,0x0000,0x0000,0x0000,0x0000,0x0000,
  0x0000,0x0000,0x0000,0x0000,0x0000,0x0000,0x0000,0x0000,0x0000,0x0000,0x0000,0x0000,
  0x0000,0x0000,0x0000,0x0000,0x0000,0x0000,0x0000,0x0000,0x0000,0x0000,0x0000,0x0000,
  0x0000,0x0000,0x0000,0x0000,0x0000,0x0000,0x0000,0x0000,0x0000,0x0000,0x0000,0x0000,
  0x0000,0x0000,0x0000,0x0000,0x0000,0x0000,0x0000,0x0000,0x0000,0x0000,0x0000,0x0000,
  0x0000,0x0000,0x0000,0x0000,0x0000,0x0000,0x0001,0x0001,0x0001,0x0001,0x0001,0x0001,
  0x0001,0x0001,0x0801,0x0801,0x0801,0x0801,0x0801,0x0801,0x0802,0x0802,0x0802,0x1002,
  0x1002,0x1002,0x1002,0x1002,0x1002,0x1002,0x1002,0x1002,0x1002,0x1802,0x1802,0x1803,
  0x1803,0x1803,0x1803,0x1803,0x1803,0x1803,0x1803,0x1803,0x2003,0x2003,0x2003,0x2003,
  0x2003,0x2003,0x2003,0x2003,0x2003,0x2003,0x2003,0x2803,0x2803,0x2803,0x2803,0x2803,
  0x2804,0x2804,0x2804,0x2804,0x2804,0x2804,0x2804,0x2804,0x2804,0x2804,0x2804,0x2804,
  0x2804,0x2804,0x2804,0x2004,0x2004,0x2004,0x2004,0x2004,0x2004,0x2004,0x2004,0x2004,
  0x2004,0x2004,0x2004,0x2004,0x2004,0x2004,0x2004,0x2004,0x2004,0x2004,0x2004,0x2004,
  0x2004,0x2004,0x2004,0x2004,0x2004,0x2004,0x2004,0x2004,0x2004,0x2004,0x2004,0x2004,
  0x2004,0x2004,0x2004,0x2004,0x2004,0x2004,0x2004,0x2004,0x2004,0x2004,0x2004,0x2004,
  0x2004,0x1804,0x1804,0x1804,0x1803,0x1803,0x1803,0x1803,0x1803,0x1803,0x1803,0x1803,
  0x1803,0x1803,0x1003,0x1003,0x1003,0x1003,0x1003,0x1003,0x1002,0x1002,0x1002,0x1002,
  0x0802,0x0802,0x0802,0x0802,0x0802,0x0802,0x0802,0x0002,0x0001,0x1022,0x0802,0x0822,
  0x1022,0x0802,0x1002,0x0801,0x0822,0x0822,0x0801,0x0001,0x0001,0x1022,0x0801,0x0822,
  0x0801,0x0801,0x0801,0x0801,0x0801,0x0822,0x0801,0x1022,0x0001,0x0000,0x0000,0x0000,
  0x0000,0x0000,0x0000,0x0000,0x0000,0x0000,0x0000,0x0000,0x0000,0x0000,0x0000,0x0000,
  0x0000,0x0000,0x0000,0x0000,0x0000,0x0000,0x0000,0x0000,0x0000,0x0000,0x0000,0x0000,
  0x0000,0x0000,0x0000,0x0000,0x0000,0x0000,0x0000,0x0000,0x0000,0x0000,0x0000,0x0000,
  0x0000,0x0000,0x0000,0x0000,0x0000,0x0000,0x0000,0x0000,0x0000,0x0000,0x0000,0x0000,
  0x0000,0x0000,0x0000,0x0000,0x0000,0x0000,0x0000,0x0000,0x0000,0x0000,0x0000,0x0000,
  0x0000,0x0000,0x0000,0x0000,0x0000,0x0000,0x0000,0x0001,0x0001,0x0001,0x0001,0x0001,
  0x0001,0x0001,0x0801,0x0801,0x0801,0x0801,0x0801,0x0801,0x0802,0x0802,0x0802,0x0802,
  0x0802,0x1002,0x1002,0x1002,0x1002,0x1002,0x1002,0x1002,0x1002,0x1802,0x1802,0x1803,
  0x1803,0x1803,0x1803,0x1803,0x1803,0x1803,0x1803,0x2003,0x2003,0x2003,0x2003,0x2003,
  0x2003,0x2003,0x2003,0x2003,0x2803,0x2803,0x2803,0x2803,0x2804,0x2804,0x2804,0x2804,
  0x2804,0x2804,0x2804,0x3004,0x3004,0x3004,0x3004,0x3004,0x3004,0x3004,0x3004,0x3004,
  0x3004,0x3004,0x3004,0x3004,0x3005,0x3005,0x3005,0x3005,0x3005,0x3005,0x3005,0x3005,
  0x2805,0x2805,0x2805,0x2805,0x2805,0x2805,0x2805,0x2805,0x2805,0x2805,0x2805,0x2805,
  0x2805,0x2805,0x2805,0x2805,0x2805,0x2805,0x2805,0x2805,0x2805,0x2805,0x2805,0x2805,
  0x2805,0x2805,0x2805,0x2804,0x2804,0x2004,0x2004,0x2004,0x2004,0x2004,0x2004,0x2004,
  0x2004,0x2004,0x2004,0x2004,0x1804,0x1804,0x1804,0x1803,0x1803,0x1803,0x1803,0x1803,
  0x1803,0x1803,0x1003,0x1003,0x1003,0x1003,0x1003,0x1003,0x1002,0x1002,0x1002,0x1002,
  0x0802,0x0802,0x0802,0x0802,0x0802,0x0802,0x0802,0x0002,0x0001,0x0001,0x0001,0x0001,
  0x0001,0x0001,0x0001,0x0001,0x0001,0x0001,0x0001,0x0801,0x0801,0x0001,0x0001,0x0001,
  0x0000,0x0000,0x0000,0x0000,0x0000,0x0000,0x0000,0x0000,0x0000,0x0000,0x0000,0x0000,
  0x0000,0x0000,0x0000,0x0000,0x0000,0x0000,0x0000,0x0000,0x0000,0x0000,0x0000,0x0000,
  0x0000,0x0000,0x0000,0x0000,0x0000,0x0000,0x0000,0x0000,0x0000,0x0000,0x0000,0x0000,
  0x0000,0x0000,0x0000,0x0000,0x0000,0x0000,0x0000,0x0000,0x0000,0x0000,0x0000,0x0000,
  0x0000,0x0000,0x0000,0x0000,0x0000,0x0000,0x0000,0x0000,0x0000,0x0000,0x0000,0x0000,
  0x0000,0x0000,0x0000,0x0000,0x0000,0x0000,0x0000,0x0000,0x0000,0x0000,0x0000,0x0000,
  0x0000,0x0000,0x0000,0x0000,0x0000,0x0000,0x0000,0x0001,0x0001,0x0001,0x0001,0x0001,
  0x0001,0x0001,0x0001,0x0801,0x0801,0x0801,0x0801,0x0801,0x0802,0x0802,0x0802,0x0802,
  0x0802,0x0802,0x1002,0x1002,0x1002,0x1002,0x1002,0x1002,0x1002,0x1002,0x1802,0x1803,
  0x1803,0x1803,0x1803,0x1803,0x1803,0x1803,0x1803,0x2003,0x2003,0x2003,0x2003,0x2003,
  0x2003,0x2003,0x2003,0x2803,0x2804,0x2804,0x2804,0x2804,0x2804,0x2804,0x2804,0x3004,
  0x3004,0x3004,0x3004,0x3004,0x3004,0x3004,0x3005,0x3005,0x3005,0x3805,0x3805,0x3805,
  0x3805,0x3805,0x3805,0x3805,0x3805,0x3805,0x3805,0x3805,0x3805,0x3805,0x3805,0x3805,
  0x3805,0x3805,0x3805,0x3805,0x3805,0x3806,0x3806,0x3006,0x3006,0x3006,0x3006,0x3006,
  0x3006,0x3006,0x3006,0x3006,0x3006,0x3006,0x3006,0x3006,0x3005,0x3005,0x3005,0x2805,
  0x2805,0x2805,0x2805,0x2805,0x2805,0x2805,0x2805,0x2805,0x2005,0x2004,0x2004,0x2004,
  0x2004,0x2004,0x2004,0x2004,0x1804,0x1804,0x1804,0x1804,0x1803,0x1803,0x1803,0x1803,
  0x1803,0x1003,0x1003,0x1003,0x1003,0x1003,0x1003,0x1003,0x1003,0x1003,0x1002,0x0802,
  0x0802,0x0802,0x0802,0x0802,0x0802,0x0802,0x0802,0x0002,0x0001,0x0001,0x0001,0x0001,
  0x0001,0x0001,0x0001,0x0001,0x0001,0x0001,0x0001,0x0001,0x0001,0x0001,0x0001,0x0001,
  0x0000,0x0000,0x0000,0x0000,0x0000,0x0000,0x0000,0x0000,0x0000,0x0000,0x0000,0x0000,
  0x0000,0x0000,0x0000,0x0000,0x0000,0x0000,0x0000,0x0000,0x0000,0x0000,0x0000,0x0000,
  0x0000,0x0000,0x0000,0x0000,0x0000,0x0000,0x0000,0x0000,0x0000,0x0000,0x0000,0x0000,
  0x0000,0x0000,0x0000,0x0000,0x0000,0x0000,0x0000,0x0000,0x0000,0x0000,0x0000,0x0000,
  0x0000,0x0000,0x0000,0x0000,0x0000,0x0000,0x0000,0x0000,0x0000,0x0000,0x0000,0x0000,
  0x0000,0x0000,0x0000,0x0000,0x0000,0x0000,0x0000,0x0000,0x0000,0x0000,0x0000,0x0000,
  0x0000,0x0000,0x0000,0x0000,0x0000,0x0000,0x0000,0x0000,0x0001,0x0001,0x0001,0x0001,
  0x0001,0x0001,0x0001,0x0801,0x0801,0x0801,0x0801,0x0802,0x0801,0x0801,0x0802,0x0802,
  0x0802,0x0802,0x0802,0x1002,0x1002,0x1002,0x1002,0x1002,0x1002,0x1002,0x1002,0x1802,
  0x1802,0x1803,0x1803,0x1803,0x1803,0x1803,0x1803,0x2003,0x2003,0x2003,0x2003,0x2003,
  0x2003,0x2004,0x2004,0x2804,0x2804,0x2804,0x2804,0x2804,0x2804,0x2804,0x3004,0x3004,
  0x3004,0x3004,0x3004,0x3004,0x3005,0x3005,0x3805,0x3805,0x3805,0x3805,0x3805,0x3805,
  0x3805,0x3805,0x3805,0x3806,0x3806,0x3806,0x3806,0x3806,0x3806,0x3806,0x3806,0x3806,
  0x3806,0x3806,0x3806,0x3806,0x3806,0x3806,0x3806,0x3806,0x3806,0x3806,0x3806,0x3806,
  0x3806,0x3806,0x3806,0x3806,0x3806,0x3806,0x3806,0x3006,0x3006,0x3006,0x3006,0x3006,
  0x3005,0x3005,0x2805,0x2805,0x2805,0x2805,0x2805,0x2805,0x2005,0x2005,0x2005,0x2004,
  0x2005,0x2004,0x2004,0x2004,0x1804,0x1804,0x1804,0x1804,0x1804,0x1804,0x1804,0x1803,
  0x1803,0x1003,0x1003,0x1003,0x1003,0x1003,0x1003,0x1003,0x1003,0x1003,0x0802,0x0802,
  0x0802,0x0802,0x0802,0x0802,0x0802,0x0802,0x0002,0x0002,0x0002,0x0001,0x0001,0x0001,
  0x0801,0x0001,0x0001,0x0001,0x0001,0x0001,0x0801,0x0801,0x0001,0x0001,0x0001,0x0001,
  0x0001,0x0001,0x0001,0x0001,0x0001,0x0000,0x0000,0x0001,0x0001,0x0000,0x0001,0x0001,
  0x0000,0x0000,0x0000,0x0801,0x0801,0x0801,0x0000,0x0000,0x0000,0x0000,0x0000,0x0001,
  0x0000,0x0801,0x0000,0x0000,0x0000,0x0000,0x0000,0x0000,0x0000,0x0000,0x0000,0x0000,
  0x0000,0x0000,0x0000,0x0000,0x0000,0x0000,0x0000,0x0000,0x0000,0x0000,0x0000,0x0000,
  0x0000,0x0000,0x0000,0x0000,0x0000,0x0000,0x0000,0x0000,0x0000,0x0000,0x0000,0x0000,
  0x0000,0x0000,0x0000,0x0000,0x0000,0x0000,0x0000,0x0000,0x0000,0x0000,0x0000,0x0000,
  0x0000,0x0000,0x0000,0x0000,0x0000,0x0001,0x0000,0x0001,0x0001,0x0001,0x0001,0x0001,
  0x0001,0x0001,0x0001,0x0001,0x0801,0x0801,0x0801,0x0801,0x0802,0x0802,0x0802,0x0802,
  0x0802,0x0802,0x0802,0x0802,0x1002,0x1002,0x1002,0x1002,0x1002,0x1002,0x1002,0x1802,
  0x1803,0x1803,0x1803,0x1803,0x1803,0x1803,0x1803,0x2003,0x2003,0x2003,0x2003,0x2003,
  0x2003,0x2004,0x2804,0x2804,0x2804,0x2804,0x2804,0x2804,0x2804,0x3004,0x3004,0x3004,
  0x3004,0x3004,0x3005,0x3805,0x3805,0x3805,0x3805,0x3805,0x3805,0x3805,0x3805,0x3805,
  0x4006,0x4006,0x4006,0x4006,0x4006,0x4006,0x4006,0x4006,0x4006,0x4006,0x4006,0x4006,
  0x3806,0x3806,0x3806,0x3806,0x3806,0x3806,0x3806,0x3806,0x3806,0x3806,0x3806,0x3806,
  0x3806,0x3806,0x3806,0x3806,0x3806,0x3806,0x3806,0x3806,0x3006,0x3006,0x3006,0x3006,
  0x3006,0x3006,0x3005,0x2805,0x2805,0x2805,0x2805,0x2805,0x2805,0x2005,0x2005,0x2005,
  0x2005,0x2004,0x2004,0x2004,0x1804,0x1804,0x1804,0x1804,0x1804,0x1804,0x1804,0x1803,
  0x1003,0x1003,0x1003,0x1003,0x1003,0x1003,0x1003,0x1003,0x1003,0x0803,0x0803,0x0802,
  0x0802,0x0802,0x0802,0x0802,0x0802,0x0802,0x0822,0x0001,0x0001,0x0802,0x0802,0x0822,
  0x1022,0x0802,0x1002,0x0802,0x0802,0x0802,0x0802,0x0801,0x0801,0x0802,0x0802,0x1022,
  0x0802,0x0802,0x0801,0x0801,0x0801,0x0000,0x0000,0x0802,0x0801,0x0801,0x0801,0x0802,
  0x0801,0x0801,0x0801,0x0801,0x0801,0x0001,0x0801,0x0801,0x0801,0x0801,0x0801,0x0801,
  0x0001,0x0801,0x0000,0x0000,0x0000,0x0000,0x0000,0x0000,0x0000,0x0000,0x0000,0x0000,
  0x0000,0x0000,0x0000,0x0000,0x0000,0x0000,0x0000,0x0000,0x0000,0x0000,0x0000,0x0000,
  0x0000,0x0000,0x0000,0x0000,0x0000,0x0000,0x0000,0x0000,0x0000,0x0000,0x0000,0x0000,
  0x0000,0x0000,0x0000,0x0000,0x0000,0x0000,0x0000,0x0000,0x0000,0x0000,0x0000,0x0000,
  0x0000,0x0000,0x0000,0x0000,0x0000,0x0000,0x0000,0x0001,0x0001,0x0001,0x0001,0x0001,
  0x0001,0x0001,0x0001,0x0001,0x0001,0x0001,0x0801,0x0801,0x0801,0x0801,0x0801,0x0802,
  0x0802,0x0802,0x0802,0x0802,0x0802,0x1002,0x1002,0x1002,0x1002,0x1002,0x1002,0x1002,
  0x1803,0x1803,0x1803,0x1803,0x1803,0x1803,0x1803,0x2003,0x2003,0x2003,0x2003,0x2004,
  0x2003,0x2004,0x2804,0x2804,0x2804,0x2804,0x2804,0x2804,0x2804,0x3004,0x3004,0x3004,
  0x3004,0x3005,0x3005,0x3805,0x3805,0x3805,0x3805,0x3805,0x3805,0x3805,0x3805,0x4006,
  0x4006,0x4006,0x4006,0x4006,0x4006,0x4006,0x4006,0x4006,0x4006,0x4006,0x4006,0x4006,
  0x4006,0x4006,0x4006,0x4006,0x3806,0x3806,0x3806,0x3806,0x3806,0x4006,0x3806,0x3806,
  0x3806,0x3806,0x3806,0x3807,0x3806,0x3806,0x3806,0x3806,0x3806,0x3006,0x3006,0x3006,
  0x3006,0x3006,0x2806,0x2805,0x2805,0x2805,0x2805,0x2805,0x2005,0x2005,0x2005,0x2005,
  0x2005,0x2005,0x2005,0x1804,0x1804,0x1804,0x1804,0x1804,0x1804,0x1804,0x1804,0x1804,
  0x1003,0x1003,0x1003,0x1003,0x1003,0x1003,0x1003,0x1003,0x0803,0x0803,0x0803,0x0803,
  0x0802,0x0802,0x0802,0x0802,0x0802,0x0802,0x0802,0x0001,0x0001,0x1022,0x0822,0x0822,
  0x1022,0x0822,0x1002,0x0802,0x0802,0x0802,0x0822,0x0801,0x0802,0x0801,0x0822,0x1022,
  0x0822,0x0822,0x0822,0x0801,0x0801,0x0000,0x0000,0x0802,0x0801,0x0801,0x0801,0x0801,
  0x0801,0x0801,0x0801,0x0801,0x0801,0x0001,0x0801,0x0801,0x0801,0x0801,0x0801,0x0801,
  0x0801,0x0801,0x0000,0x0000,0x0000,0x0000,0x0000,0x0000,0x0000,0x0000,0x0000,0x0000,
  0x0000,0x0000,0x0000,0x0000,0x0000,0x0000,0x0000,0x0000,0x0000,0x0000,0x0000,0x0000,
  0x0000,0x0000,0x0000,0x0000,0x0000,0x0000,0x0000,0x0000,0x0000,0x0000,0x0000,0x0000,
  0x0000,0x0000,0x0000,0x0000,0x0000,0x0000,0x0000,0x0000,0x0000,0x0000,0x0000,0x0000,
  0x0000,0x0000,0x0000,0x0000,0x0000,0x0000,0x0000,0x0000,0x0000,0x0001,0x0001,0x0001,
  0x0001,0x0001,0x0001,0x0001,0x0001,0x0001,0x0801,0x0801,0x0801,0x0801,0x0801,0x0802,
  0x0801,0x0802,0x0802,0x0802,0x0802,0x0802,0x1002,0x1002,0x1002,0x1002,0x1002,0x1002,
  0x1002,0x1802,0x1802,0x1803,0x1803,0x1803,0x1803,0x1803,0x2003,0x2003,0x2003,0x2004,
  0x2003,0x2004,0x2004,0x2804,0x2804,0x2804,0x2804,0x2804,0x2804,0x2804,0x3004,0x3004,
  0x3004,0x3005,0x3005,0x3005,0x3805,0x3805,0x3805,0x3805,0x3805,0x3805,0x4006,0x4006,
  0x4006,0x4006,0x4006,0x4006,0x4006,0x4006,0x4006,0x4006,0x4006,0x4006,0x4006,0x4006,
  0x4006,0x4006,0x4006,0x4006,0x4006,0x4006,0x4006,0x4006,0x4006,0x4006,0x4006,0x3806,
  0x3806,0x3806,0x3807,0x3807,0x3807,0x3806,0x3806,0x3806,0x3806,0x3006,0x3006,0x3006,
  0x3006,0x3006,0x3006,0x2806,0x2805,0x2805,0x2805,0x2805,0x2005,0x2005,0x2005,0x2005,
  0x2005,0x2005,0x2005,0x1804,0x1804,0x1804,0x1804,0x1804,0x1804,0x1804,0x1004,0x1004,
  0x1003,0x1003,0x1003,0x1003,0x1003,0x1003,0x0803,0x0803,0x0803,0x0803,0x0802,0x0802,
  0x0802,0x0802,0x0802,0x0802,0x0802,0x0002,0x0002,0x0001,0x0001,0x0001,0x0001,0x0001,
  0x0001,0x0001,0x0001,0x0001,0x0001,0x0001,0x0001,0x0801,0x0001,0x0001,0x0001,0x0001,
  0x0001,0x0001,0x0001,0x0001,0x0000,0x0000,0x0000,0x0001,0x0000,0x0000,0x0000,0x0000,
  0x0000,0x0000,0x0000,0x0001,0x0000,0x0001,0x0001,0x0000,0x0000,0x0000,0x0000,0x0000,
  0x0000,0x0001,0x0000,0x0000,0x0000,0x0000,0x0000,0x0000,0x0000,0x0000,0x0000,0x0000,
  0x0000,0x0000,0x0000,0x0000,0x0000,0x0000,0x0000,0x0000,0x0000,0x0000,0x0000,0x0000,
  0x0000,0x0000,0x0000,0x0000,0x0000,0x0000,0x0000,0x0000,0x0000,0x0000,0x0000,0x0000,
  0x0000,0x0000,0x0000,0x0000,0x0000,0x0000,0x0000,0x0000,0x0000,0x0000,0x0000,0x0000,
  0x0000,0x0000,0x0000,0x0000,0x0000,0x0000,0x0000,0x0000,0x0000,0x0000,0x0001,0x0001,
  0x0001,0x0001,0x0001,0x0001,0x0001,0x0001,0x0001,0x0801,0x0801,0x0802,0x0801,0x0802,
  0x0801,0x0802,0x0802,0x0802,0x0802,0x0802,0x0802,0x1002,0x1002,0x1002,0x1002,0x1002,
  0x1002,0x1002,0x1802,0x1803,0x1803,0x1803,0x1803,0x1803,0x1803,0x2003,0x2003,0x2004,
  0x2003,0x2004,0x2004,0x2004,0x2804,0x2804,0x2804,0x2804,0x2804,0x2804,0x2804,0x3004,
  0x3004,0x3004,0x3005,0x3005,0x3805,0x3805,0x3805,0x3805,0x3805,0x3805,0x3806,0x4006,
  0x4006,0x4006,0x4006,0x4006,0x4006,0x4006,0x4006,0x4006,0x4006,0x4006,0x4006,0x4006,
  0x4006,0x4006,0x4006,0x4006,0x4006,0x4006,0x4006,0x4007,0x4007,0x4007,0x4007,0x3807,
  0x3807,0x3807,0x3807,0x3807,0x3807,0x3807,0x3807,0x3807,0x3807,0x3006,0x3006,0x3006,
  0x3006,0x3006,0x2806,0x2806,0x2806,0x2805,0x2805,0x2005,0x2005,0x2005,0x2005,0x2005,
  0x2005,0x1804,0x1804,0x1804,0x1804,0x1804,0x1804,0x1804,0x1004,0x1004,0x1004,0x1004,
  0x1003,0x1003,0x1003,0x1003,0x1003,0x0803,0x0803,0x0803,0x0803,0x0802,0x0802,0x0802,
  0x0802,0x0802,0x0802,0x0802,0x0002,0x0002,0x0002,0x0001,0x0001,0x0001,0x0001,0x0001,
  0x0001,0x0001,0x0001,0x0001,0x0001,0x0001,0x0001,0x0001,0x0001,0x0001,0x0001,0x0000,
  0x0000,0x0000,0x0000,0x0000,0x0000,0x0000,0x0000,0x0000,0x0000,0x0000,0x0000,0x0000,
  0x0000,0x0000,0x0000,0x0000,0x0000,0x0000,0x0000,0x0000,0x0000,0x0000,0x0000,0x0000,
  0x0000,0x0000,0x0000,0x0000,0x0000,0x0000,0x0000,0x0000,0x0000,0x0000,0x0000,0x0000,
  0x0000,0x0000,0x0000,0x0000,0x0000,0x0000,0x0000,0x0000,0x0000,0x0000,0x0000,0x0000,
  0x0000,0x0000,0x0000,0x0000,0x0000,0x0000,0x0000,0x0000,0x0000,0x0000,0x0000,0x0000,
  0x0000,0x0000,0x0000,0x0000,0x0000,0x0000,0x0000,0x0000,0x0000,0x0000,0x0000,0x0000,
  0x0000,0x0000,0x0000,0x0000,0x0000,0x0000,0x0000,0x0000,0x0000,0x0000,0x0000,0x0001,
  0x0001,0x0001,0x0001,0x0001,0x0001,0x0001,0x0001,0x0001,0x0801,0x0801,0x0801,0x0801,
  0x0801,0x0801,0x0802,0x0802,0x0802,0x0802,0x0802,0x1002,0x1002,0x1002,0x1002,0x1002,
  0x1002,0x1002,0x1002,0x1803,0x1803,0x1803,0x1803,0x1803,0x1803,0x1803,0x2003,0x2004,
  0x2003,0x2004,0x2004,0x2004,0x2004,0x2804,0x2804,0x2804,0x2804,0x2804,0x2804,0x2804,
  0x3004,0x3005,0x3005,0x3005,0x3805,0x3805,0x3805,0x3805,0x3805,0x3806,0x4006,0x4006,
  0x4006,0x4006,0x4006,0x4006,0x4006,0x4006,0x4006,0x4006,0x4006,0x4006,0x4006,0x4006,
  0x4006,0x4006,0x4007,0x4007,0x4007,0x4007,0x4007,0x4007,0x4007,0x4007,0x4007,0x4007,
  0x3807,0x3807,0x3807,0x3807,0x3807,0x3807,0x3807,0x3807,0x3807,0x3006,0x3006,0x3006,
  0x3006,0x2806,0x2806,0x2806,0x2806,0x2805,0x2005,0x2005,0x2005,0x2005,0x2005,0x2005,
  0x1805,0x1805,0x1804,0x1804,0x1804,0x1804,0x1804,0x1004,0x1004,0x1004,0x1003,0x1003,
  0x1003,0x1003,0x1003,0x1003,0x0803,0x0803,0x0803,0x0802,0x0803,0x0803,0x0802,0x0802,
  0x0802,0x0802,0x0002,0x0002,0x0002,0x0002,0x0001,0x0001,0x0001,0x0001,0x0001,0x0001,
  0x0001,0x0001,0x0001,0x0001,0x0001,0x0001,0x0001,0x0001,0x0001,0x0001,0x0001,0x0000,
  0x0000,0x0000,0x0000,0x0000,0x0000,0x0000,0x0001,0x0801,0x0000,0x0000,0x0000,0x0000,
  0x0000,0x0801,0x0000,0x0001,0x0801,0x0001,0x0801,0x0000,0x0000,0x0000,0x0000,0x0000,
  0x0000,0x0000,0x0000,0x0000,0x0000,0x0000,0x0000,0x0000,0x0000,0x0000,0x0000,0x0000,
  0x0000,0x0000,0x0000,0x0000,0x0000,0x0000,0x0000,0x0000,0x0000,0x0000,0x0000,0x0000,
  0x0000,0x0000,0x0000,0x0000,0x0000,0x0000,0x0000,0x0000,0x0000,0x0000,0x0000,0x0000,
  0x0000,0x0000,0x0000,0x0000,0x0000,0x0000,0x0000,0x0000,0x0000,0x0000,0x0000,0x0000,
  0x0000,0x0000,0x0000,0x0000,0x0000,0x0000,0x0000,0x0000,0x0000,0x0000,0x0000,0x0001,
  0x0001,0x0001,0x0001,0x0001,0x0001,0x0001,0x0001,0x0001,0x0801,0x0801,0x0801,0x0801,
  0x0801,0x0801,0x0801,0x0801,0x0802,0x0802,0x0802,0x0802,0x1002,0x1002,0x1002,0x1002,
  0x1002,0x1002,0x1002,0x1802,0x1803,0x1803,0x1803,0x1803,0x1803,0x1803,0x1803,0x2004,
  0x2003,0x2003,0x2004,0x2004,0x2004,0x2004,0x2804,0x2804,0x2804,0x2804,0x2804,0x2804,
  0x3004,0x3004,0x3005,0x3005,0x3805,0x3805,0x3805,0x3805,0x3805,0x3806,0x4006,0x4006,
  0x4006,0x4006,0x4006,0x4006,0x4006,0x4006,0x4006,0x4006,0x4006,0x4007,0x4007,0x4007,
  0x4007,0x4007,0x4007,0x4007,0x4007,0x4007,0x4007,0x4007,0x4007,0x4007,0x4007,0x4007,
  0x4007,0x4007,0x3807,0x3807,0x3807,0x3807,0x3807,0x3807,0x3807,0x3007,0x3007,0x3006,
  0x3006,0x2806,0x2806,0x2806,0x2806,0x2806,0x2005,0x2005,0x2005,0x2005,0x2005,0x1805,
  0x1805,0x1804,0x1804,0x1804,0x1804,0x1804,0x1004,0x1004,0x1004,0x1004,0x1004,0x1003,
  0x1003,0x1003,0x1003,0x1003,0x0803,0x0803,0x0802,0x0802,0x0802,0x0802,0x0802,0x0802,
  0x0802,0x0802,0x0802,0x0002,0x0002,0x0802,0x0822,0x0001,0x0001,0x0802,0x0802,0x0802,
  0x1002,0x0802,0x0802,0x0802,0x1002,0x0802,0x1002,0x0001,0x0000,0x0802,0x0801,0x0802,
  0x0802,0x0801,0x0802,0x0801,0x0802,0x0802,0x0801,0x0801,0x0001,0x0001,0x0000,0x0000,
  0x0000,0x0822,0x0801,0x0801,0x0801,0x0001,0x0801,0x0000,0x0000,0x0000,0x0000,0x0000,
  0x0000,0x0000,0x0000,0x0000,0x0000,0x0000,0x0000,0x0000,0x0000,0x0000,0x0000,0x0000,
  0x0000,0x0000,0x0000,0x0000,0x0000,0x0000,0x0000,0x0000,0x0000,0x0000,0x0000,0x0000,
  0x0000,0x0000,0x0000,0x0000,0x0000,0x0000,0x0000,0x0000,0x0000,0x0000,0x0000,0x0000,
  0x0000,0x0000,0x0000,0x0000,0x0000,0x0000,0x0000,0x0000,0x0000,0x0000,0x0000,0x0000,
  0x0000,0x0000,0x0000,0x0000,0x0000,0x0000,0x0000,0x0000,0x0000,0x0000,0x0000,0x0001,
  0x0001,0x0001,0x0001,0x0001,0x0001,0x0001,0x0001,0x0001,0x0001,0x0801,0x0801,0x0801,
  0x0801,0x0801,0x0801,0x0801,0x0802,0x0802,0x0802,0x0802,0x0802,0x1002,0x1002,0x1002,
  0x1002,0x1002,0x1002,0x1002,0x1002,0x1803,0x1803,0x1803,0x1803,0x1803,0x1803,0x1803,
  0x2003,0x2003,0x2003,0x2004,0x2004,0x2004,0x2004,0x2804,0x2804,0x2804,0x2804,0x2804,
  0x2804,0x3004,0x3005,0x3005,0x3805,0x3805,0x3805,0x3805,0x3805,0x4006,0x4006,0x4006,
  0x4006,0x4006,0x4006,0x4006,0x4006,0x4006,0x4006,0x4007,0x4007,0x4007,0x4007,0x4007,
  0x4007,0x4007,0x4007,0x4007,0x4007,0x4007,0x4007,0x4007,0x4007,0x4007,0x4007,0x4007,
  0x4007,0x4007,0x3807,0x3807,0x3807,0x3807,0x3807,0x3807,0x3007,0x3007,0x3007,0x3007,
  0x3007,0x2806,0x2806,0x2806,0x2806,0x2006,0x2005,0x2005,0x2005,0x2005,0x2005,0x1805,
  0x1805,0x1805,0x1804,0x1804,0x1804,0x1004,0x1004,0x1004,0x1004,0x1004,0x1004,0x1003,
  0x1003,0x1003,0x1003,0x0803,0x0803,0x0803,0x0803,0x0803,0x0802,0x0802,0x0802,0x0802,
  0x0802,0x0802,0x0002,0x0002,0x0002,0x0802,0x0822,0x0001,0x0001,0x0822,0x0802,0x0822,
  0x1022,0x0802,0x0802,0x0802,0x1022,0x0802,0x1002,0x0001,0x0001,0x0822,0x0801,0x0802,
  0x0822,0x0801,0x0801,0x0801,0x0822,0x0822,0x0821,0x0801,0x0001,0x0001,0x0000,0x0000,
  0x0000,0x0822,0x0801,0x0801,0x0801,0x0001,0x0821,0x0000,0x0000,0x0000,0x0000,0x0000,
  0x0000,0x0000,0x0000,0x0000,0x0000,0x0000,0x0000,0x0000,0x0000,0x0000,0x0000,0x0000,
  0x0000,0x0000,0x0000,0x0000,0x0000,0x0000,0x0000,0x0000,0x0000,0x0000,0x0000,0x0000,
  0x0000,0x0000,0x0000,0x0000,0x0000,0x0000,0x0000,0x0000,0x0000,0x0000,0x0000,0x0000,
  0x0000,0x0000,0x0000,0x0000,0x0000,0x0000,0x0000,0x0000,0x0000,0x0000,0x0000,0x0000,
  0x0000,0x0000,0x0000,0x0000,0x0000,0x0000,0x0000,0x0000,0x0000,0x0000,0x0000,0x0001,
  0x0000,0x0001,0x0001,0x0001,0x0001,0x0001,0x0001,0x0001,0x0001,0x0801,0x0801,0x0801,
  0x0801,0x0801,0x0801,0x0801,0x0802,0x0802,0x0802,0x0802,0x0802,0x1002,0x1002,0x1002,
  0x1002,0x1002,0x1002,0x1002,0x1002,0x1803,0x1803,0x1803,0x1803,0x1803,0x1803,0x1803,
  0x1803,0x2003,0x2003,0x2003,0x2004,0x2004,0x2004,0x2804,0x2804,0x2804,0x2804,0x2804,
  0x2804,0x3004,0x3005,0x3005,0x3805,0x3805,0x3805,0x3805,0x4006,0x4006,0x4006,0x4006,
  0x4006,0x4006,0x4006,0x4006,0x4006,0x4807,0x4807,0x4807,0x4807,0x4007,0x4007,0x4007,
  0x4007,0x4007,0x4007,0x4007,0x4007,0x4007,0x4007,0x4007,0x4007,0x4007,0x4007,0x4008,
  0x4008,0x4008,0x3808,0x3808,0x3808,0x3807,0x3807,0x3807,0x3807,0x3007,0x3007,0x3007,
  0x3007,0x2807,0x2806,0x2806,0x2806,0x2006,0x2006,0x2005,0x2005,0x2005,0x1805,0x1805,
  0x1805,0x1805,0x1804,0x1804,0x1004,0x1004,0x1004,0x1004,0x1004,0x1004,0x1003,0x1003,
  0x0803,0x0803,0x0803,0x0803,0x0803,0x0803,0x0803,0x0802,0x0802,0x0802,0x0802,0x0802,
  0x0802,0x0002,0x0002,0x0002,0x0002,0x0002,0x0002,0x0001,0x0001,0x0001,0x0001,0x0001,
  0x0001,0x0001,0x0001,0x0001,0x0001,0x0001,0x0001,0x0801,0x0822,0x0001,0x0001,0x0001,
  0x0001,0x0000,0x0000,0x0000,0x0000,0x0000,0x0000,0x0000,0x0000,0x0000,0x0000,0x0000,
  0x0000,0x0000,0x0000,0x0000,0x0000,0x0000,0x0000,0x0000,0x0000,0x0000,0x0000,0x0000,
  0x0000,0x0000,0x0000,0x0000,0x0000,0x0000,0x0000,0x0000,0x0000,0x0000,0x0000,0x0000,
  0x0000,0x0000,0x0000,0x0000,0x0000,0x0000,0x0000,0x0000,0x0000,0x0000,0x0000,0x0000,
  0x0000,0x0000,0x0000,0x0000,0x0000,0x0000,0x0000,0x0000,0x0000,0x0000,0x0000,0x0000,
  0x0000,0x0000,0x0000,0x0000,0x0000,0x0000,0x0000,0x0000,0x0000,0x0000,0x0000,0x0000,
  0x0000,0x0000,0x0000,0x0000,0x0000,0x0000,0x0000,0x0000,0x0000,0x0000,0x0000,0x0001,
  0x0000,0x0001,0x0001,0x0001,0x0001,0x0001,0x0001,0x0001,0x0001,0x0801,0x0801,0x0801,
  0x0801,0x0801,0x0801,0x0801,0x0802,0x0802,0x0802,0x0802,0x0802,0x1002,0x1002,0x1002,
  0x1002,0x1002,0x1002,0x1002,0x1002,0x1002,0x1803,0x1803,0x1803,0x1803,0x1803,0x1803,
  0x1803,0x1803,0x2003,0x2003,0x2004,0x2004,0x2004,0x2804,0x2804,0x2804,0x2804,0x2804,
  0x2804,0x3004,0x3005,0x3005,0x3805,0x3805,0x3805,0x3806,0x4006,0x4006,0x4006,0x4006,
  0x4006,0x4006,0x4006,0x4007,0x4807,0x4807,0x4807,0x4807,0x4807,0x4807,0x4807,0x4807,
  0x4807,0x4807,0x4807,0x4007,0x4007,0x4008,0x4008,0x4008,0x4008,0x4008,0x4008,0x4008,
  0x4008,0x4008,0x3808,0x3808,0x3808,0x3808,0x3808,0x3807,0x3807,0x3007,0x3007,0x3007,
  0x3007,0x2807,0x2806,0x2806,0x2806,0x2006,0x2006,0x2005,0x2005,0x2005,0x1805,0x1805,
  0x1805,0x1805,0x1804,0x1004,0x1004,0x1004,0x1004,0x1004,0x1004,0x1003,0x1003,0x1003,
  0x0803,0x0803,0x0803,0x0803,0x0803,0x0803,0x0802,0x0802,0x0802,0x0802,0x0802,0x0802,
  0x0802,0x0002,0x0002,0x0002,0x0002,0x0001,0x0001,0x0001,0x0001,0x0001,0x0001,0x0001,
  0x0001,0x0001,0x0001,0x0001,0x0001,0x0001,0x0001,0x0001,0x0001,0x0001,0x0001,0x0000,
  0x0000,0x0000,0x0000,0x0000,0x0000,0x0000,0x0000,0x0000,0x0000,0x0000,0x0000,0x0000,
  0x0000,0x0000,0x0000,0x0000,0x0000,0x0000,0x0000,0x0000,0x0000,0x0000,0x0000,0x0000,
  0x0000,0x0000,0x0000,0x0000,0x0000,0x0000,0x0000,0x0000,0x0000,0x0000,0x0000,0x0000,
  0x0000,0x0000,0x0000,0x0000,0x0000,0x0000,0x0000,0x0000,0x0000,0x0000,0x0000,0x0000,
  0x0000,0x0000,0x0000,0x0000,0x0000,0x0000,0x0000,0x0000,0x0000,0x0000,0x0000,0x0000,
  0x0000,0x0000,0x0000,0x0000,0x0000,0x0000,0x0000,0x0000,0x0000,0x0000,0x0000,0x0000,
  0x0000,0x0000,0x0000,0x0000,0x0000,0x0000,0x0000,0x0000,0x0000,0x0000,0x0000,0x0001,
  0x0000,0x0000,0x0001,0x0001,0x0001,0x0001,0x0001,0x0001,0x0001,0x0801,0x0801,0x0801,
  0x0801,0x0801,0x0801,0x0801,0x0801,0x0802,0x0802,0x0802,0x0802,0x0802,0x0802,0x1002,
  0x1002,0x1002,0x1002,0x1002,0x1002,0x1002,0x1803,0x1803,0x1803,0x1803,0x1803,0x1803,
  0x1803,0x1803,0x2003,0x2003,0x2004,0x2004,0x2004,0x2004,0x2804,0x2804,0x2804,0x2804,
  0x3004,0x3004,0x3005,0x3005,0x3805,0x3805,0x3805,0x3805,0x4006,0x4006,0x4006,0x4006,
  0x4006,0x4006,0x4807,0x4807,0x4807,0x4807,0x4807,0x4807,0x4807,0x4807,0x4807,0x4807,
  0x4807,0x4807,0x4808,0x4808,0x4808,0x4008,0x4008,0x4008,0x4008,0x4008,0x4008,0x4008,
  0x4008,0x4008,0x4008,0x3808,0x3808,0x3808,0x3808,0x3808,0x3808,0x3008,0x3007,0x3007,
  0x3007,0x2807,0x2807,0x2806,0x2806,0x2006,0x2006,0x2006,0x2005,0x1805,0x1805,0x1805,
  0x1805,0x1805,0x1804,0x1004,0x1004,0x1004,0x1004,0x1004,0x1003,0x1003,0x1003,0x1003,
  0x0803,0x0803,0x0803,0x0803,0x0803,0x0802,0x0802,0x0802,0x0802,0x0802,0x0002,0x0002,
  0x0002,0x0002,0x0002,0x0002,0x0002,0x0002,0x0001,0x0001,0x0001,0x0001,0x0001,0x0001,
  0x0001,0x0001,0x0001,0x0001,0x0001,0x0001,0x0001,0x0001,0x0801,0x0001,0x0001,0x0001,
  0x0000,0x0000,0x0000,0x0000,0x0000,0x0000,0x0000,0x0000,0x0000,0x0001,0x0000,0x0801,
  0x0000,0x0000,0x0000,0x0000,0x0000,0x0000,0x0000,0x0000,0x0000,0x0000,0x0000,0x0000,
  0x0000,0x0000,0x0000,0x0000,0x0000,0x0000,0x0000,0x0000,0x0000,0x0000,0x0000,0x0000,
  0x0000,0x0000,0x0000,0x0000,0x0000,0x0000,0x0000,0x0000,0x0000,0x0000,0x0000,0x0000,
  0x0000,0x0000,0x0000,0x0000,0x0000,0x0000,0x0000,0x0000,0x0000,0x0000,0x0000,0x0000,
  0x0000,0x0000,0x0000,0x0000,0x0000,0x0000,0x0000,0x0000,0x0000,0x0000,0x0000,0x0000,
  0x0000,0x0000,0x0000,0x0000,0x0000,0x0000,0x0000,0x0000,0x0000,0x0000,0x0000,0x0000,
  0x0000,0x0000,0x0000,0x0001,0x0000,0x0001,0x0001,0x0001,0x0001,0x0001,0x0001,0x0801,
  0x0801,0x0801,0x0801,0x0801,0x0801,0x0801,0x0802,0x0802,0x0802,0x0802,0x0802,0x0802,
  0x1002,0x1002,0x1002,0x1002,0x1002,0x1002,0x1002,0x1802,0x1803,0x1803,0x1803,0x1803,
  0x1803,0x1803,0x1803,0x2003,0x2003,0x2004,0x2004,0x2004,0x2804,0x2804,0x2804,0x2804,
  0x3004,0x3005,0x3005,0x3005,0x3805,0x3805,0x3806,0x3806,0x4006,0x4006,0x4006,0x4006,
  0x4006,0x4807,0x4807,0x4807,0x4807,0x4807,0x4807,0x4807,0x4807,0x4807,0x4807,0x4807,
  0x4807,0x4807,0x4808,0x4808,0x4808,0x4808,0x4008,0x4008,0x4008,0x4008,0x4008,0x4008,
  0x4008,0x4008,0x4008,0x3808,0x3808,0x3808,0x3808,0x3808,0x3808,0x3008,0x3007,0x3007,
  0x3007,0x2807,0x2807,0x2806,0x2806,0x2006,0x2006,0x2006,0x2005,0x1805,0x1805,0x1805,
  0x1805,0x1805,0x1004,0x1004,0x1004,0x1004,0x1004,0x1004,0x1003,0x1003,0x1003,0x1003,
  0x0803,0x0803,0x0803,0x0803,0x0803,0x0802,0x0802,0x0802,0x0802,0x0802,0x0002,0x0002,
  0x0002,0x0002,0x0002,0x0002,0x0002,0x0802,0x0822,0x0001,0x0001,0x0802,0x1002,0x0802,
  0x1002,0x0802,0x0802,0x0802,0x1002,0x0802,0x1002,0x0802,0x1002,0x0801,0x0802,0x0801,
  0x0001,0x0801,0x0000,0x0000,0x0801,0x0801,0x0801,0x0801,0x0801,0x0802,0x0801,0x0801,
  0x0801,0x0801,0x0801,0x0801,0x0000,0x0000,0x0000,0x0000,0x0000,0x0000,0x0000,0x0000,
  0x0000,0x0000,0x0000,0x0000,0x0000,0x0000,0x0000,0x0000,0x0000,0x0000,0x0000,0x0000,
  0x0000,0x0000,0x0000,0x0000,0x0000,0x0000,0x0000,0x0000,0x0000,0x0000,0x0000,0x0000,
  0x0000,0x0000,0x0000,0x0000,0x0000,0x0000,0x0000,0x0000,0x0000,0x0000,0x0000,0x0000,
  0x0000,0x0000,0x0000,0x0000,0x0000,0x0000,0x0000,0x0000,0x0000,0x0000,0x0000,0x0000,
  0x0000,0x0000,0x0000,0x0000,0x0000,0x0000,0x0000,0x0000,0x0000,0x0000,0x0000,0x0000,
  0x0000,0x0000,0x0000,0x0000,0x0000,0x0001,0x0001,0x0001,0x0001,0x0001,0x0001,0x0801,
  0x0001,0x0801,0x0801,0x0801,0x0801,0x0801,0x0801,0x0802,0x0802,0x0802,0x0802,0x0802,
  0x0802,0x1002,0x1002,0x1002,0x1002,0x1002,0x1002,0x1002,0x1803,0x1803,0x1803,0x1803,
  0x1803,0x1803,0x1803,0x2003,0x2003,0x2003,0x2004,0x2004,0x2804,0x2804,0x2804,0x2804,
  0x3004,0x3004,0x3005,0x3005,0x3805,0x3805,0x3806,0x3806,0x4006,0x4006,0x4006,0x4006,
  0x4006,0x4807,0x4807,0x4807,0x4807,0x4807,0x4807,0x4807,0x4807,0x4807,0x4807,0x4807,
  0x4808,0x4808,0x4808,0x4808,0x4808,0x4808,0x4808,0x4808,0x4008,0x4008,0x4008,0x4008,
  0x4008,0x4008,0x4008,0x3808,0x3808,0x3808,0x3808,0x3808,0x3808,0x3008,0x3008,0x3007,
  0x3007,0x2807,0x2807,0x2807,0x2806,0x2006,0x2006,0x2006,0x2005,0x1805,0x1805,0x1805,
  0x1805,0x1805,0x1004,0x1004,0x1004,0x1004,0x1004,0x1004,0x1003,0x1003,0x1003,0x0803,
  0x0803,0x0803,0x0803,0x0803,0x0803,0x0802,0x0802,0x0802,0x0802,0x0802,0x0002,0x0002,
  0x0002,0x0002,0x0002,0x0002,0x0002,0x0822,0x0822,0x0001,0x0001,0x0822,0x1022,0x0802,
  0x1002,0x0802,0x1022,0x1022,0x0802,0x0802,0x1002,0x0802,0x0802,0x0801,0x0802,0x0001,
  0x0802,0x0001,0x0000,0x0000,0x0822,0x0802,0x0802,0x0802,0x0801,0x1002,0x0801,0x0802,
  0x0801,0x0801,0x0801,0x0801,0x0000,0x0000,0x0000,0x0000,0x0000,0x0000,0x0000,0x0000,
  0x0000,0x0000,0x0000,0x0000,0x0000,0x0000,0x0000,0x0000,0x0000,0x0000,0x0000,0x0000,
  0x0000,0x0000,0x0000,0x0000,0x0000,0x0000,0x0000,0x0000,0x0000,0x0000,0x0000,0x0000,
  0x0000,0x0000,0x0000,0x0000,0x0000,0x0000,0x0000,0x0000,0x0000,0x0000,0x0000,0x0000,
  0x0000,0x0000,0x0000,0x0000,0x0000,0x0000,0x0000,0x0000,0x0000,0x0000,0x0000,0x0000,
  0x0000,0x0000,0x0000,0x0000,0x0000,0x0000,0x0000,0x0000,0x0000,0x0000,0x0000,0x0000,
  0x0000,0x0000,0x0000,0x0000,0x0000,0x0000,0x0000,0x0001,0x0001,0x0001,0x0001,0x0001,
  0x0001,0x0801,0x0801,0x0801,0x0801,0x0801,0x0801,0x0801,0x0802,0x0802,0x0802,0x0802,
  0x0802,0x1002,0x1002,0x1002,0x1002,0x1002,0x1002,0x1002,0x1002,0x1803,0x1803,0x1803,
  0x1803,0x1803,0x1803,0x1803,0x2003,0x2003,0x2004,0x2004,0x2804,0x2804,0x2804,0x2804,
  0x3004,0x3004,0x3005,0x3005,0x3805,0x3805,0x3806,0x4006,0x4006,0x4006,0x4006,0x4006,
  0x4007,0x4807,0x4807,0x4807,0x4807,0x4807,0x4807,0x4807,0x4807,0x4807,0x4807,0x4808,
  0x4808,0x4808,0x4808,0x4808,0x4808,0x4808,0x4808,0x4808,0x4008,0x4008,0x4008,0x4008,
  0x4008,0x4008,0x4008,0x3808,0x3808,0x3808,0x3808,0x3808,0x3808,0x3008,0x3008,0x3007,
  0x3007,0x2807,0x2807,0x2807,0x2006,0x2006,0x2006,0x2006,0x2006,0x1805,0x1805,0x1805,
  0x1805,0x1805,0x1004,0x1004,0x1004,0x1004,0x1004,0x1004,0x1003,0x0803,0x0803,0x0803,
  0x0803,0x0803,0x0803,0x0803,0x0803,0x0802,0x0802,0x0802,0x0002,0x0002,0x0002,0x0002,
  0x0002,0x0002,0x0002,0x0001,0x0001,0x0001,0x0001,0x0001,0x0001,0x0802,0x0802,0x0802,
  0x0802,0x0801,0x0802,0x0801,0x0801,0x0001,0x0801,0x0001,0x0801,0x0001,0x0001,0x0001,
  0x0802,0x0001,0x0001,0x0001,0x0001,0x0001,0x0001,0x0001,0x0001,0x0001,0x0001,0x0001,
  0x0000,0x0001,0x0000,0x0000,0x0000,0x0000,0x0000,0x0000,0x0000,0x0000,0x0000,0x0000,
  0x0000,0x0000,0x0000,0x0000,0x0000,0x0000,0x0000,0x0000,0x0000,0x0000,0x0000,0x0000,
  0x0000,0x0000,0x0000,0x0000,0x0000,0x0000,0x0000,0x0000,0x0000,0x0000,0x0000,0x0000,
  0x0000,0x0000,0x0000,0x0000,0x0000,0x0000,0x0000,0x0000,0x0000,0x0000,0x0000,0x0000,
  0x0000,0x0000,0x0000,0x0000,0x0000,0x0000,0x0000,0x0000,0x0000,0x0000,0x0000,0x0000,
  0x0000,0x0000,0x0000,0x0000,0x0000,0x0000,0x0000,0x0000,0x0000,0x0000,0x0000,0x0001,
  0x0000,0x0000,0x0000,0x0000,0x0001,0x0001,0x0001,0x0001,0x0001,0x0001,0x0001,0x0001,
  0x0001,0x0001,0x0801,0x0801,0x0801,0x0801,0x0802,0x0802,0x0802,0x0802,0x0802,0x0802,
  0x0802,0x1002,0x1002,0x1002,0x1002,0x1002,0x1002,0x1002,0x1003,0x1803,0x1803,0x1803,
  0x1803,0x1803,0x1803,0x1803,0x2003,0x2003,0x2004,0x2004,0x2004,0x2804,0x2804,0x2804,
  0x2804,0x3005,0x3005,0x3005,0x3805,0x3805,0x3806,0x4006,0x4006,0x4006,0x4006,0x4006,
  0x4007,0x4807,0x4807,0x4807,0x4807,0x4807,0x4807,0x4807,0x4807,0x4807,0x4808,0x4808,
  0x4808,0x4808,0x4808,0x4808,0x4808,0x4808,0x4808,0x4808,0x4808,0x4008,0x4008,0x4009,
  0x4009,0x4009,0x4009,0x4009,0x3808,0x3808,0x3808,0x3808,0x3808,0x3008,0x3008,0x3008,
  0x3008,0x2807,0x2807,0x2807,0x2006,0x2006,0x2006,0x2006,0x1806,0x1805,0x1805,0x1805,
  0x1805,0x1005,0x1004,0x1004,0x1004,0x1004,0x1004,0x1004,0x1004,0x1003,0x0803,0x0803,
  0x0803,0x0803,0x0803,0x0803,0x0803,0x0803,0x0802,0x0802,0x0002,0x0002,0x0002,0x0002,
  0x0002,0x0002,0x0002,0x0002,0x0002,0x0002,0x0002,0x0002,0x0002,0x0001,0x0002,0x0002,
  0x0001,0x0001,0x0001,0x0001,0x0001,0x0001,0x0001,0x0001,0x0001,0x0001,0x0001,0x0001,
  0x0001,0x0001,0x0001,0x0001,0x0001,0x0001,0x0001,0x0001,0x0001,0x0001,0x0000,0x0001,
  0x0000,0x0000,0x0000,0x0000,0x0000,0x0000,0x0000,0x0000,0x0000,0x0000,0x0000,0x0000,
  0x0000,0x0000,0x0000,0x0000,0x0000,0x0000,0x0000,0x0000,0x0000,0x0000,0x0000,0x0000,
  0x0000,0x0000,0x0000,0x0000,0x0000,0x0000,0x0000,0x0000,0x0000,0x0000,0x0000,0x0000,
  0x0000,0x0000,0x0000,0x0000,0x0000,0x0000,0x0000,0x0000,0x0000,0x0000,0x0000,0x0000,
  0x0000,0x0000,0x0000,0x0000,0x0000,0x0000,0x0000,0x0000,0x0000,0x0000,0x0000,0x0000,
  0x0000,0x0000,0x0000,0x0000,0x0000,0x0000,0x0000,0x0000,0x0000,0x0000,0x0000,0x0000,
  0x0000,0x0000,0x0000,0x0000,0x0000,0x0000,0x0000,0x0000,0x0001,0x0001,0x0001,0x0001,
  0x0001,0x0001,0x0001,0x0801,0x0801,0x0801,0x0801,0x0801,0x0801,0x0802,0x0802,0x0802,
  0x0802,0x0802,0x1002,0x1002,0x1002,0x1002,0x1002,0x1002,0x1002,0x1802,0x1802,0x1803,
  0x1803,0x1803,0x1803,0x1803,0x2003,0x2003,0x2004,0x2004,0x2004,0x2804,0x2804,0x2804,
  0x2804,0x3005,0x3005,0x3005,0x3805,0x3805,0x3806,0x4006,0x4006,0x4006,0x4006,0x4006,
  0x4007,0x4807,0x4807,0x4807,0x4807,0x4807,0x4807,0x4807,0x4807,0x4808,0x4808,0x4808,
  0x4808,0x4808,0x4808,0x4808,0x4808,0x4808,0x4808,0x4808,0x4808,0x4008,0x4008,0x4009,
  0x4009,0x4009,0x4009,0x4009,0x3808,0x3808,0x3808,0x3808,0x3808,0x3008,0x3008,0x3008,
  0x3008,0x2807,0x2807,0x2807,0x2006,0x2006,0x2006,0x2006,0x1806,0x1805,0x1805,0x1805,
  0x1805,0x1005,0x1004,0x1004,0x1004,0x1004,0x1004,0x1004,0x0803,0x0803,0x0803,0x0803,
  0x0803,0x0803,0x0803,0x0803,0x0802,0x0802,0x0002,0x0002,0x0002,0x0002,0x0002,0x0002,
  0x0002,0x0002,0x0002,0x0002,0x0001,0x0001,0x0001,0x0001,0x0001,0x0001,0x0001,0x0001,
  0x0001,0x0001,0x0001,0x0001,0x0001,0x0001,0x0001,0x0001,0x0001,0x0001,0x0001,0x0001,
  0x0001,0x0001,0x0001,0x0001,0x0001,0x0001,0x0001,0x0000,0x0000,0x0000,0x0000,0x0000,
  0x0000,0x0000,0x0000,0x0000,0x0000,0x0000,0x0000,0x0000,0x0000,0x0000,0x0000,0x0000,
  0x0000,0x0000,0x0000,0x0000,0x0000,0x0000,0x0000,0x0000,0x0000,0x0000,0x0000,0x0000,
  0x0000,0x0000,0x0000,0x0000,0x0000,0x0000,0x0000,0x0000,0x0000,0x0000,0x0000,0x0000,
  0x0000,0x0000,0x0000,0x0000,0x0000,0x0000,0x0000,0x0000,0x0000,0x0000,0x0000,0x0000,
  0x0000,0x0000,0x0000,0x0000,0x0000,0x0000,0x0000,0x0000,0x0000,0x0000,0x0000,0x0000,
  0x0000,0x0000,0x0000,0x0000,0x0000,0x0000,0x0000,0x0000,0x0000,0x0000,0x0000,0x0000,
  0x0000,0x0000,0x0000,0x0000,0x0000,0x0000,0x0000,0x0000,0x0000,0x0001,0x0001,0x0001,
  0x0001,0x0001,0x0001,0x0801,0x0801,0x0801,0x0801,0x0801,0x0801,0x0802,0x0802,0x0802,
  0x0802,0x0802,0x1002,0x1002,0x1002,0x1002,0x1002,0x1002,0x1002,0x1802,0x1802,0x1803,
  0x1803,0x1803,0x1803,0x1803,0x2003,0x2003,0x2004,0x2004,0x2004,0x2804,0x2804,0x2804,
  0x3004,0x3005,0x3005,0x3005,0x3805,0x3805,0x3806,0x4006,0x4006,0x4006,0x4006,0x4007,
  0x4807,0x4807,0x4807,0x4807,0x4807,0x4807,0x4807,0x4807,0x4807,0x4808,0x4808,0x4808,
  0x4808,0x4808,0x4808,0x4808,0x4808,0x4808,0x4808,0x4808,0x4808,0x4808,0x4008,0x4009,
  0x4009,0x4009,0x4009,0x4009,0x3808,0x3808,0x3808,0x3808,0x3808,0x3008,0x3008,0x3008,
  0x3007,0x2807,0x2807,0x2807,0x2006,0x2006,0x2006,0x2006,0x1806,0x1805,0x1805,0x1805,
  0x1805,0x1005,0x1004,0x1004,0x1004,0x1004,0x1004,0x1004,0x0803,0x0803,0x0803,0x0803,
  0x0803,0x0803,0x0803,0x0802,0x0802,0x0802,0x0002,0x0002,0x0002,0x0002,0x0002,0x0002,
  0x0002,0x0002,0x0002,0x0002,0x0002,0x0001,0x0001,0x0001,0x0001,0x0001,0x0001,0x0001,
  0x0001,0x0001,0x0001,0x0001,0x0001,0x0001,0x0001,0x0001,0x0001,0x0001,0x0001,0x0001,
  0x0001,0x0001,0x0001,0x0001,0x0001,0x0001,0x0000,0x0000,0x0000,0x0000,0x0000,0x0000,
  0x0000,0x0000,0x0000,0x0000,0x0000,0x0000,0x0000,0x0000,0x0000,0x0000,0x0000,0x0000,
  0x0000,0x0000,0x0000,0x0000,0x0000,0x0000,0x0000,0x0000,0x0000,0x0000,0x0000,0x0000,
  0x0000,0x0000,0x0000,0x0000,0x0000,0x0000,0x0000,0x0000,0x0000,0x0000,0x0000,0x0000,
  0x0000,0x0000,0x0000,0x0000,0x0000,0x0000,0x0000,0x0000,0x0000,0x0000,0x0000,0x0000,
  0x0000,0x0000,0x0000,0x0000,0x0000,0x0000,0x0000,0x0000,0x0000,0x0000,0x0000,0x0000,
  0x0000,0x0000,0x0000,0x0000,0x0000,0x0000,0x0000,0x0000,0x0000,0x0000,0x0000,0x0000,
  0x0000,0x0000,0x0000,0x0000,0x0000,0x0000,0x0000,0x0000,0x0001,0x0001,0x0001,0x0001,
  0x0001,0x0001,0x0001,0x0001,0x0801,0x0801,0x0801,0x0801,0x0801,0x0801,0x0802,0x0802,
  0x0802,0x0802,0x1002,0x1002,0x1002,0x1002,0x1002,0x1002,0x1002,0x1002,0x1802,0x1803,
  0x1803,0x1803,0x1803,0x1803,0x2003,0x2003,0x2004,0x2004,0x2004,0x2804,0x2804,0x2804,
  0x3004,0x3005,0x3005,0x3005,0x3805,0x3805,0x3806,0x4006,0x4006,0x4006,0x4006,0x4006,
  0x4807,0x4807,0x4807,0x4807,0x4807,0x4807,0x4807,0x4807,0x4807,0x4808,0x4808,0x4808,
  0x4808,0x4808,0x4808,0x4808,0x4808,0x4808,0x4808,0x4808,0x4809,0x4809,0x4009,0x4009,
  0x4009,0x4009,0x4009,0x4009,0x3808,0x3808,0x3808,0x3808,0x3808,0x3008,0x3008,0x3008,
  0x3008,0x2807,0x2807,0x2807,0x2006,0x2006,0x2006,0x2006,0x1806,0x1805,0x1805,0x1805,
  0x1805,0x1005,0x1004,0x1004,0x1004,0x1004,0x1004,0x1003,0x0803,0x0803,0x0803,0x0803,
  0x0803,0x0803,0x0803,0x0802,0x0802,0x0802,0x0002,0x0002,0x0002,0x0002,0x0002,0x0002,
  0x0002,0x0002,0x0002,0x0002,0x0002,0x0002,0x0001,0x0002,0x0001,0x0001,0x0001,0x0001,
  0x0001,0x0001,0x0001,0x0001,0x0001,0x0001,0x0001,0x0001,0x0001,0x0001,0x0001,0x0001,
  0x0001,0x0001,0x0001,0x0001,0x0001,0x0001,0x0001,0x0001,0x0000,0x0000,0x0000,0x0000,
  0x0000,0x0000,0x0000,0x0000,0x0000,0x0000,0x0000,0x0000,0x0000,0x0000,0x0000,0x0000,
  0x0000,0x0000,0x0000,0x0000,0x0000,0x0000,0x0000,0x0000,0x0000,0x0000,0x0000,0x0000,
  0x0000,0x0000,0x0000,0x0000,0x0000,0x0000,0x0000,0x0000,0x0000,0x0000,0x0000,0x0000,
  0x0000,0x0000,0x0000,0x0000,0x0000,0x0000,0x0000,0x0000,0x0000,0x0000,0x0000,0x0000,
  0x0000,0x0000,0x0000,0x0000,0x0000,0x0000,0x0000,0x0000,0x0000,0x0000,0x0000,0x0000,
  0x0000,0x0000,0x0000,0x0000,0x0000,0x0000,0x0000,0x0000,0x0000,0x0000,0x0000,0x0000,
  0x0000,0x0000,0x0000,0x0000,0x0000,0x0000,0x0000,0x0000,0x0000,0x0001,0x0001,0x0001,
  0x0001,0x0001,0x0001,0x0801,0x0801,0x0801,0x0801,0x0801,0x0801,0x0801,0x0802,0x0802,
  0x0802,0x0802,0x1002,0x1002,0x1002,0x1002,0x1002,0x1002,0x1002,0x1002,0x1802,0x1803,
  0x1803,0x1803,0x1803,0x1803,0x2003,0x2003,0x2004,0x2004,0x2004,0x2804,0x2804,0x2804,
  0x3004,0x3005,0x3005,0x3005,0x3805,0x3805,0x3806,0x4006,0x4006,0x4006,0x4006,0x4006,
  0x4007,0x4807,0x4807,0x4807,0x4807,0x4807,0x4807,0x4807,0x4807,0x4808,0x4808,0x4808,
  0x4808,0x4808,0x4808,0x4808,0x4808,0x4808,0x4808,0x4808,0x4809,0x4809,0x4009,0x4009,
  0x4009,0x4009,0x4009,0x4009,0x3809,0x3809,0x3808,0x3808,0x3808,0x3008,0x3008,0x3008,
  0x2808,0x2807,0x2807,0x2807,0x2007,0x2006,0x2006,0x2006,0x1806,0x1805,0x1805,0x1805,
  0x1805,0x1005,0x1004,0x1004,0x1004,0x1004,0x1004,0x1004,0x0803,0x0803,0x0803,0x0803,
  0x0803,0x0803,0x0803,0x0802,0x0802,0x0002,0x0002,0x0002,0x0002,0x0002,0x0002,0x0002,
  0x0002,0x0002,0x0002,0x0002,0x0001,0x0001,0x0001,0x0001,0x0001,0x0001,0x0001,0x0001,
  0x0001,0x0001,0x0001,0x0001,0x0001,0x0001,0x0001,0x0001,0x0001,0x0001,0x0001,0x0001,
  0x0001,0x0001,0x0001,0x0001,0x0001,0x0001,0x0001,0x0001,0x0001,0x0000,0x0000,0x0000,
  0x0000,0x0000,0x0000,0x0000,0x0000,0x0000,0x0000,0x0000,0x0000,0x0000,0x0000,0x0000,
  0x0000,0x0000,0x0000,0x0000,0x0000,0x0000,0x0000,0x0000,0x0000,0x0000,0x0000,0x0000,
  0x0000,0x0000,0x0000,0x0000,0x0000,0x0000,0x0000,0x0000,0x0000,0x0000,0x0000,0x0000,
  0x0000,0x0000,0x0000,0x0000,0x0000,0x0000,0x0000,0x0000,0x0000,0x0000,0x0000,0x0000,
  0x0000,0x0000,0x0000,0x0000,0x0000,0x0000,0x0000,0x0000,0x0000,0x0000,0x0000,0x0000,
  0x0000,0x0000,0x0000,0x0000,0x0000,0x0000,0x0000,0x0000,0x0000,0x0000,0x0000,0x0000,
  0x0000,0x0000,0x0000,0x0000,0x0000,0x0000,0x0000,0x0000,0x0001,0x0001,0x0001,0x0001,
  0x0001,0x0001,0x0001,0x0801,0x0801,0x0801,0x0801,0x0801,0x0801,0x0801,0x0801,0x0802,
  0x0802,0x0802,0x0802,0x1002,0x1002,0x1002,0x1002,0x1002,0x1002,0x1002,0x1802,0x1803,
  0x1803,0x1803,0x1803,0x1803,0x2003,0x2003,0x2003,0x2004,0x2004,0x2804,0x2804,0x2804,
  0x3004,0x3004,0x3005,0x3005,0x3805,0x3805,0x3806,0x4006,0x4006,0x4006,0x4006,0x4006,
  0x4007,0x4807,0x4807,0x4807,0x4807,0x4807,0x4807,0x4807,0x4807,0x4808,0x4808,0x4808,
  0x4808,0x4808,0x4808,0x4808,0x4808,0x4808,0x4808,0x4808,0x4809,0x4809,0x4009,0x4009,
  0x4009,0x4009,0x4009,0x3809,0x3809,0x3808,0x3808,0x3808,0x3008,0x3008,0x3008,0x3008,
  0x2807,0x2807,0x2807,0x2807,0x2007,0x2006,0x2006,0x2006,0x1806,0x1805,0x1805,0x1805,
  0x1805,0x1005,0x1004,0x1004,0x1004,0x1004,0x1004,0x1004,0x0803,0x0803,0x0803,0x0803,
  0x0803,0x0803,0x0803,0x0802,0x0802,0x0002,0x0002,0x0002,0x0002,0x0002,0x0002,0x0002,
  0x0002,0x0002,0x0002,0x0002,0x0002,0x0001,0x0001,0x0001,0x0001,0x0001,0x0001,0x0001,
  0x0001,0x0001,0x0001,0x0001,0x0001,0x0001,0x0001,0x0001,0x0001,0x0001,0x0001,0x0001,
  0x0001,0x0001,0x0001,0x0001,0x0001,0x0001,0x0001,0x0001,0x0000,0x0000,0x0000,0x0000,
  0x0000,0x0000,0x0000,0x0000,0x0000,0x0000,0x0000,0x0000,0x0000,0x0000,0x0000,0x0000,
  0x0000,0x0000,0x0000,0x0000,0x0000,0x0000,0x0000,0x0000,0x0000,0x0000,0x0000,0x0000,
  0x0000,0x0000,0x0000,0x0000,0x0000,0x0000,0x0000,0x0000,0x0000,0x0000,0x0000,0x0000,
  0x0000,0x0000,0x0000,0x0000,0x0000,0x0000,0x0000,0x0000,0x0000,0x0000,0x0000,0x0000,
  0x0000,0x0000,0x0000,0x0000,0x0000,0x0000,0x0000,0x0000,0x0000,0x0000,0x0000,0x0000,
  0x0000,0x0000,0x0000,0x0000,0x0000,0x0000,0x0000,0x0000,0x0000,0x0000,0x0000,0x0000,
  0x0000,0x0000,0x0000,0x0000,0x0000,0x0000,0x0000,0x0000,0x0000,0x0000,0x0000,0x0001,
  0x0001,0x0001,0x0001,0x0001,0x0801,0x0801,0x0801,0x0801,0x0801,0x0801,0x0801,0x0802,
  0x0802,0x0802,0x0802,0x1002,0x1002,0x1002,0x1002,0x1002,0x1002,0x1002,0x1802,0x1803,
  0x1803,0x1803,0x1803,0x1803,0x2003,0x2003,0x2003,0x2004,0x2004,0x2804,0x2804,0x2804,
  0x3004,0x3004,0x3005,0x3005,0x3805,0x3805,0x3805,0x3806,0x4006,0x4006,0x4006,0x4006,
  0x4007,0x4007,0x4807,0x4807,0x4807,0x4807,0x4807,0x4807,0x4808,0x4808,0x4808,0x4808,
  0x4808,0x4808,0x4808,0x4808,0x4808,0x4808,0x4808,0x4808,0x4808,0x4009,0x4009,0x4009,
  0x4009,0x4009,0x4009,0x3809,0x3809,0x3808,0x3808,0x3808,0x3008,0x3008,0x3008,0x2808,
  0x2807,0x2807,0x2807,0x2807,0x2007,0x2006,0x2006,0x2006,0x1806,0x1805,0x1805,0x1805,
  0x1805,0x1005,0x1004,0x1004,0x1004,0x1004,0x1004,0x1004,0x0803,0x0803,0x0803,0x0803,
  0x0803,0x0803,0x0803,0x0002,0x0002,0x0002,0x0002,0x0002,0x0002,0x0002,0x0002,0x0002,
  0x0002,0x0002,0x0001,0x0001,0x0001,0x0001,0x0001,0x0001,0x0001,0x0001,0x0001,0x0001,
  0x0001,0x0001,0x0001,0x0001,0x0001,0x0001,0x0001,0x0001,0x0001,0x0001,0x0001,0x0001,
  0x0001,0x0001,0x0001,0x0001,0x0001,0x0001,0x0001,0x0001,0x0000,0x0000,0x0000,0x0000,
  0x0000,0x0000,0x0000,0x0000,0x0000,0x0000,0x0000,0x0000,0x0000,0x0000,0x0000,0x0000,
  0x0000,0x0000,0x0000,0x0000,0x0000,0x0000,0x0000,0x0000,0x0000,0x0000,0x0000,0x0000,
  0x0000,0x0000,0x0000,0x0000,0x0000,0x0000,0x0000,0x0000,0x0000,0x0000,0x0000,0x0000,
  0x0000,0x0000,0x0000,0x0000,0x0000,0x0000,0x0000,0x0000,0x0000,0x0000,0x0000,0x0000,
  0x0000,0x0000,0x0000,0x0000,0x0000,0x0000,0x0000,0x0000,0x0000,0x0000,0x0000,0x0000,
  0x0000,0x0000,0x0000,0x0000,0x0000,0x0000,0x0000,0x0000,0x0000,0x0000,0x0000,0x0000,
  0x0000,0x0000,0x0000,0x0000,0x0000,0x0000,0x0000,0x0000,0x0000,0x0000,0x0001,0x0001,
  0x0001,0x0001,0x0001,0x0001,0x0801,0x0801,0x0801,0x0801,0x0801,0x0801,0x0801,0x0801,
  0x0802,0x0802,0x0802,0x0802,0x1002,0x1002,0x1002,0x1002,0x1002,0x1002,0x1802,0x1803,
  0x1803,0x1803,0x1803,0x1803,0x2003,0x2003,0x2003,0x2004,0x2004,0x2804,0x2804,0x2804,
  0x3004,0x3004,0x3005,0x3005,0x3805,0x3805,0x3805,0x3806,0x4006,0x4006,0x4006,0x4006,
  0x4006,0x4007,0x4807,0x4807,0x4807,0x4807,0x4807,0x4807,0x4807,0x4807,0x4808,0x4808,
  0x4808,0x4808,0x4808,0x4808,0x4808,0x4808,0x4808,0x4808,0x4009,0x4009,0x4009,0x4009,
  0x4009,0x4009,0x4009,0x3809,0x3808,0x3808,0x3808,0x3008,0x3008,0x3008,0x3008,0x2808,
  0x2807,0x2807,0x2807,0x2007,0x2007,0x2006,0x2006,0x2006,0x1806,0x1806,0x1805,0x1805,
  0x1805,0x1005,0x1004,0x1004,0x1004,0x1004,0x1004,0x1003,0x0803,0x0803,0x0803,0x0803,
  0x0803,0x0803,0x0803,0x0802,0x0802,0x0002,0x0002,0x0002,0x0002,0x0002,0x0002,0x0002,
  0x0001,0x0001,0x0001,0x0001,0x0001,0x0001,0x0001,0x0001,0x0001,0x0001,0x0001,0x0001,
  0x0001,0x0001,0x0001,0x0001,0x0001,0x0001,0x0001,0x0001,0x0001,0x0001,0x0001,0x0001,
  0x0001,0x0001,0x0001,0x0001,0x0001,0x0001,0x0001,0x0000,0x0000,0x0000,0x0000,0x0000,
  0x0000,0x0000,0x0000,0x0000,0x0000,0x0000,0x0000,0x0000,0x0000,0x0000,0x0000,0x0000,
  0x0000,0x0000,0x0000,0x0000,0x0000,0x0000,0x0000,0x0000,0x0000,0x0000,0x0000,0x0000,
  0x0000,0x0000,0x0000,0x0000,0x0000,0x0000,0x0000,0x0000,0x0000,0x0000,0x0000,0x0000,
  0x0000,0x0000,0x0000,0x0000,0x0000,0x0000,0x0000,0x0000,0x0000,0x0000,0x0000,0x0000,
  0x0000,0x0000,0x0000,0x0000,0x0000,0x0000,0x0000,0x0000,0x0000,0x0000,0x0000,0x0000,
  0x0000,0x0000,0x0000,0x0000,0x0000,0x0000,0x0000,0x0000,0x0000,0x0000,0x0000,0x0000,
  0x0000,0x0000,0x0000,0x0000,0x0000,0x0000,0x0000,0x0000,0x0000,0x0000,0x0001,0x0001,
  0x0001,0x0001,0x0001,0x0001,0x0001,0x0801,0x0801,0x0801,0x0801,0x0801,0x0801,0x0801,
  0x0802,0x0802,0x0802,0x0802,0x1002,0x1002,0x1002,0x1002,0x1002,0x1002,0x1002,0x1803,
  0x1803,0x1803,0x1803,0x1803,0x1803,0x2003,0x2003,0x2004,0x2004,0x2804,0x2804,0x2804,
  0x2804,0x3004,0x3005,0x3005,0x3805,0x3805,0x3805,0x3805,0x3806,0x4006,0x4006,0x4006,
  0x4006,0x4006,0x4007,0x4007,0x4007,0x4807,0x4807,0x4807,0x4807,0x4807,0x4808,0x4808,
  0x4808,0x4808,0x4808,0x4808,0x4808,0x4808,0x4008,0x4008,0x4008,0x4008,0x4009,0x4009,
  0x4009,0x4008,0x3809,0x3808,0x3808,0x3808,0x3808,0x3008,0x3008,0x3008,0x3008,0x2808,
  0x2807,0x2807,0x2807,0x2007,0x2007,0x2006,0x2006,0x1806,0x1806,0x1805,0x1805,0x1805,
  0x1005,0x1005,0x1004,0x1004,0x1004,0x1004,0x1004,0x0804,0x0803,0x0803,0x0803,0x0803,
  0x0803,0x0803,0x0803,0x0002,0x0002,0x0002,0x0002,0x0002,0x0002,0x0002,0x0002,0x0002,
  0x0001,0x0001,0x0001,0x0001,0x0001,0x0001,0x0001,0x0001,0x0001,0x0001,0x0001,0x0001,
  0x0001,0x0001,0x0001,0x0001,0x0001,0x0001,0x0001,0x0001,0x0001,0x0001,0x0001,0x0001,
  0x0001,0x0001,0x0001,0x0001,0x0001,0x0001,0x0001,0x0000,0x0000,0x0000,0x0000,0x0000,
  0x0000,0x0000,0x0000,0x0000,0x0000,0x0000,0x0000,0x0000,0x0000,0x0000,0x0000,0x0000,
  0x0000,0x0000,0x0000,0x0000,0x0000,0x0000,0x0000,0x0000,0x0000,0x0000,0x0000,0x0000,
  0x0000,0x0000,0x0000,0x0000,0x0000,0x0000,0x0000,0x0000,0x0000,0x0000,0x0000,0x0000,
  0x0000,0x0000,0x0000,0x0000,0x0000,0x0000,0x0000,0x0000,0x0000,0x0000,0x0000,0x0000,
  0x0000,0x0000,0x0000,0x0000,0x0000,0x0000,0x0000,0x0000,0x0000,0x0000,0x0000,0x0000,
  0x0000,0x0000,0x0000,0x0000,0x0000,0x0000,0x0000,0x0000,0x0000,0x0000,0x0000,0x0000,
  0x0000,0x0000,0x0000,0x0000,0x0000,0x0000,0x0000,0x0000,0x0000,0x0000,0x0000,0x0001,
  0x0001,0x0001,0x0001,0x0001,0x0001,0x0801,0x0801,0x0801,0x0801,0x0801,0x0801,0x0801,
  0x0801,0x0801,0x0802,0x0802,0x0802,0x1002,0x1002,0x1002,0x1002,0x1002,0x1002,0x1802,
  0x1802,0x1803,0x1803,0x1803,0x1803,0x2003,0x2003,0x2003,0x2004,0x2804,0x2804,0x2804,
  0x2804,0x3004,0x3005,0x3005,0x3005,0x3805,0x3805,0x3805,0x3806,0x4006,0x4006,0x4006,
  0x4006,0x4006,0x4006,0x4007,0x4007,0x4007,0x4807,0x4807,0x4807,0x4807,0x4007,0x4808,
  0x4808,0x4808,0x4808,0x4008,0x4008,0x4008,0x4008,0x4008,0x4008,0x4008,0x4008,0x4008,
  0x4008,0x3808,0x3808,0x3808,0x3808,0x3808,0x3808,0x3008,0x3008,0x3008,0x3008,0x2807,
  0x2807,0x2807,0x2807,0x2007,0x2006,0x2006,0x2006,0x1806,0x1806,0x1806,0x1805,0x1805,
  0x1005,0x1005,0x1004,0x1004,0x1004,0x1004,0x1004,0x0803,0x0803,0x0803,0x0803,0x0803,
  0x0803,0x0803,0x0003,0x0002,0x0002,0x0002,0x0002,0x0002,0x0002,0x0002,0x0002,0x0002,
  0x0002,0x0002,0x0001,0x0001,0x0001,0x0001,0x0001,0x0001,0x0001,0x0001,0x0001,0x0001,
  0x0001,0x0001,0x0001,0x0001,0x0001,0x0001,0x0001,0x0001,0x0001,0x0001,0x0001,0x0001,
  0x0001,0x0001,0x0001,0x0001,0x0001,0x0000,0x0000,0x0000,0x0000,0x0000,0x0000,0x0000,
  0x0000,0x0000,0x0000,0x0000,0x0000,0x0000,0x0000,0x0000,0x0000,0x0000,0x0000,0x0000,
  0x0000,0x0000,0x0000,0x0000,0x0000,0x0000,0x0000,0x0000,0x0000,0x0000,0x0000,0x0000,
  0x0000,0x0000,0x0000,0x0000,0x0000,0x0000,0x0000,0x0000,0x0000,0x0000,0x0000,0x0000,
  0x0000,0x0000,0x0000,0x0000,0x0000,0x0000,0x0000,0x0000,0x0000,0x0000,0x0000,0x0000,
  0x0000,0x0000,0x0000,0x0000,0x0000,0x0000,0x0000,0x0000,0x0000,0x0000,0x0000,0x0000,
  0x0000,0x0000,0x0000,0x0000,0x0000,0x0000,0x0000,0x0000,0x0000,0x0000,0x0000,0x0000,
  0x0000,0x0000,0x0000,0x0000,0x0000,0x0000,0x0000,0x0000,0x0000,0x0000,0x0000,0x0001,
  0x0001,0x0001,0x0001,0x0001,0x0001,0x0801,0x0801,0x0801,0x0801,0x0801,0x0801,0x0801,
  0x0802,0x0801,0x0802,0x0802,0x0802,0x1002,0x1002,0x1002,0x1002,0x1002,0x1002,0x1802,
  0x1802,0x1803,0x1803,0x1803,0x1803,0x2003,0x2003,0x2003,0x2003,0x2804,0x2804,0x2804,
  0x2804,0x3004,0x3004,0x3005,0x3005,0x3805,0x3805,0x3805,0x3806,0x4006,0x4006,0x4006,
  0x4006,0x4006,0x4006,0x4007,0x4007,0x4007,0x4007,0x4007,0x4007,0x4007,0x4007,0x4007,
  0x4808,0x4008,0x4008,0x4008,0x4008,0x4008,0x4008,0x4008,0x4008,0x4008,0x4008,0x4008,
  0x4008,0x3808,0x3808,0x3808,0x3808,0x3808,0x3008,0x3008,0x3008,0x3008,0x2808,0x2807,
  0x2807,0x2807,0x2807,0x2007,0x2006,0x2006,0x2006,0x1806,0x1806,0x1805,0x1805,0x1805,
  0x1005,0x1004,0x1004,0x1004,0x1004,0x1004,0x0804,0x0803,0x0803,0x0803,0x0803,0x0803,
  0x0803,0x0803,0x0003,0x0002,0x0002,0x0002,0x0002,0x0002,0x0002,0x0002,0x0002,0x0002,
  0x0002,0x0002,0x0001,0x0001,0x0001,0x0001,0x0001,0x0001,0x0001,0x0001,0x0001,0x0001,
  0x0001,0x0001,0x0001,0x0001,0x0001,0x0001,0x0001,0x0001,0x0001,0x0001,0x0001,0x0001,
  0x0001,0x0001,0x0001,0x0001,0x0001,0x0000,0x0000,0x0000,0x0000,0x0000,0x0000,0x0000,
  0x0000,0x0000,0x0000,0x0000,0x0000,0x0000,0x0000,0x0000,0x0000,0x0000,0x0000,0x0000,
  0x0000,0x0000,0x0000,0x0000,0x0000,0x0000,0x0000,0x0000,0x0000,0x0000,0x0000,0x0000,
  0x0000,0x0000,0x0000,0x0000,0x0000,0x0000,0x0000,0x0000,0x0000,0x0000,0x0000,0x0000,
  0x0000,0x0000,0x0000,0x0000,0x0000,0x0000,0x0000,0x0000,0x0000,0x0000,0x0000,0x0000,
  0x0000,0x0000,0x0000,0x0000,0x0000,0x0000,0x0000,0x0000,0x0000,0x0000,0x0000,0x0000,
  0x0000,0x0000,0x0000,0x0000,0x0000,0x0000,0x0000,0x0000,0x0000,0x0000,0x0000,0x0000,
  0x0000,0x0000,0x0000,0x0000,0x0000,0x0000,0x0000,0x0000,0x0000,0x0000,0x0000,0x0001,
  0x0001,0x0001,0x0001,0x0001,0x0001,0x0001,0x0801,0x0801,0x0801,0x0801,0x0801,0x0801,
  0x0801,0x0801,0x0802,0x0802,0x0802,0x1002,0x1002,0x1002,0x1002,0x1002,0x1002,0x1802,
  0x1802,0x1802,0x1803,0x1803,0x1803,0x1803,0x2003,0x2003,0x2003,0x2004,0x2804,0x2804,
  0x2804,0x3004,0x3004,0x3005,0x3005,0x3805,0x3805,0x3805,0x3806,0x3806,0x4006,0x4006,
  0x4006,0x4006,0x4006,0x4006,0x4007,0x4007,0x4007,0x4007,0x4007,0x4007,0x4007,0x4007,
  0x4008,0x4008,0x4008,0x4008,0x4008,0x4008,0x4008,0x4008,0x4008,0x4008,0x4008,0x4008,
  0x3808,0x3808,0x3808,0x3808,0x3808,0x3808,0x3008,0x3008,0x3008,0x3008,0x2807,0x2807,
  0x2807,0x2807,0x2007,0x2007,0x2006,0x2006,0x1806,0x1806,0x1806,0x1805,0x1805,0x1005,
  0x1005,0x1004,0x1004,0x1004,0x1004,0x1004,0x0804,0x0803,0x0803,0x0803,0x0803,0x0803,
  0x0803,0x0803,0x0002,0x0002,0x0002,0x0002,0x0002,0x0002,0x0002,0x0002,0x0002,0x0002,
  0x0001,0x0002,0x0001,0x0001,0x0001,0x0001,0x0001,0x0001,0x0001,0x0001,0x0001,0x0001,
  0x0001,0x0001,0x0001,0x0001,0x0001,0x0001,0x0001,0x0001,0x0001,0x0001,0x0001,0x0001,
  0x0001,0x0001,0x0001,0x0001,0x0001,0x0000,0x0000,0x0000,0x0000,0x0000,0x0000,0x0000,
  0x0000,0x0000,0x0000,0x0000,0x0000,0x0000,0x0000,0x0000,0x0000,0x0000,0x0000,0x0000,
  0x0000,0x0000,0x0000,0x0000,0x0000,0x0000,0x0000,0x0000,0x0000,0x0000,0x0000,0x0000,
  0x0000,0x0000,0x0000,0x0000,0x0000,0x0000,0x0000,0x0000,0x0000,0x0000,0x0000,0x0000,
  0x0000,0x0000,0x0000,0x0000,0x0000,0x0000,0x0000,0x0000,0x0000,0x0000,0x0000,0x0000,
  0x0000,0x0000,0x0000,0x0000,0x0000,0x0000,0x0000,0x0000,0x0000,0x0000,0x0000,0x0000,
  0x0000,0x0000,0x0000,0x0000,0x0000,0x0000,0x0000,0x0000,0x0000,0x0000,0x0000,0x0000,
  0x0000,0x0000,0x0000,0x0000,0x0000,0x0000,0x0000,0x0000,0x0000,0x0001,0x0001,0x0001,
  0x0001,0x0001,0x0001,0x0001,0x0001,0x0001,0x0801,0x0801,0x0801,0x0801,0x0801,0x0801,
  0x0801,0x0801,0x0802,0x0802,0x0802,0x1002,0x1002,0x1002,0x1002,0x1002,0x1002,0x1803,
  0x1802,0x1803,0x1803,0x1803,0x1803,0x2003,0x2003,0x2003,0x2004,0x2004,0x2804,0x2804,
  0x2804,0x3004,0x3004,0x3005,0x3005,0x3805,0x3805,0x3806,0x3806,0x3806,0x4006,0x4006,
  0x4006,0x4006,0x4006,0x4006,0x4007,0x4007,0x4007,0x4007,0x4007,0x4007,0x4007,0x4007,
  0x4008,0x4008,0x4008,0x4008,0x4008,0x4008,0x4008,0x4008,0x4008,0x4008,0x4008,0x3808,
  0x3808,0x3808,0x3808,0x3808,0x3808,0x3008,0x3008,0x3008,0x3008,0x3008,0x2807,0x2807,
  0x2807,0x2807,0x2007,0x2007,0x2006,0x2006,0x1806,0x1806,0x1806,0x1805,0x1805,0x1005,
  0x1005,0x1005,0x1004,0x1004,0x1004,0x1004,0x0804,0x0803,0x0803,0x0803,0x0803,0x0803,
  0x0803,0x0803,0x0002,0x0002,0x0002,0x0002,0x0002,0x0002,0x0002,0x0002,0x0002,0x0022,
  0x0002,0x0002,0x0002,0x0002,0x0002,0x0001,0x0001,0x0001,0x0001,0x0001,0x0001,0x0001,
  0x0001,0x0001,0x0001,0x0001,0x0001,0x0001,0x0001,0x0001,0x0001,0x0001,0x0001,0x0001,
  0x0001,0x0001,0x0001,0x0001,0x0001,0x0000,0x0001,0x0000,0x0000,0x0000,0x0000,0x0001,
  0x0000,0x0000,0x0000,0x0000,0x0000,0x0000,0x0000,0x0000,0x0000,0x0000,0x0000,0x0000,
  0x0000,0x0000,0x0000,0x0000,0x0000,0x0000,0x0000,0x0000,0x0000,0x0000,0x0000,0x0000,
  0x0000,0x0000,0x0000,0x0000,0x0000,0x0000,0x0000,0x0000,0x0000,0x0000,0x0000,0x0000,
  0x0000,0x0000,0x0000,0x0000,0x0000,0x0000,0x0000,0x0000,0x0000,0x0000,0x0000,0x0000,
  0x0000,0x0000,0x0000,0x0000,0x0000,0x0000,0x0000,0x0000,0x0000,0x0000,0x0000,0x0000,
  0x0000,0x0000,0x0000,0x0000,0x0000,0x0000,0x0000,0x0000,0x0000,0x0000,0x0000,0x0000,
  0x0000,0x0000,0x0000,0x0000,0x0000,0x0000,0x0000,0x0000,0x0000,0x0000,0x0000,0x0001,
  0x0001,0x0001,0x0001,0x0001,0x0001,0x0001,0x0001,0x0801,0x0801,0x0801,0x0801,0x0801,
  0x0801,0x0801,0x0802,0x0802,0x0802,0x1002,0x1002,0x1002,0x1002,0x1002,0x1002,0x1802,
  0x1802,0x1802,0x1803,0x1803,0x1803,0x1803,0x2003,0x2003,0x2003,0x2004,0x2804,0x2804,
  0x2804,0x2804,0x3004,0x3005,0x3005,0x3005,0x3805,0x3805,0x3806,0x3806,0x3806,0x4006,
  0x4006,0x4006,0x4006,0x4006,0x4007,0x4007,0x4007,0x4007,0x4007,0x4007,0x4007,0x4007,
  0x4007,0x4008,0x4008,0x4008,0x4008,0x4008,0x4008,0x4008,0x4008,0x4008,0x3808,0x3808,
  0x3808,0x3808,0x3808,0x3808,0x3008,0x3008,0x3008,0x3008,0x3008,0x2808,0x2807,0x2807,
  0x2807,0x2007,0x2007,0x2007,0x2006,0x1806,0x1806,0x1806,0x1806,0x1805,0x1805,0x1005,
  0x1005,0x1004,0x1004,0x1004,0x1004,0x1004,0x0804,0x0803,0x0803,0x0803,0x0803,0x0803,
  0x0803,0x0003,0x0002,0x0002,0x0002,0x0002,0x0002,0x0002,0x0002,0x0002,0x0002,0x0002,
  0x0002,0x0002,0x0002,0x0002,0x0001,0x0001,0x0001,0x0001,0x0001,0x0001,0x0001,0x0001,
  0x0001,0x0001,0x0001,0x0001,0x0001,0x0001,0x0001,0x0001,0x0001,0x0001,0x0001,0x0001,
  0x0000,0x0001,0x0001,0x0001,0x0001,0x0000,0x0000,0x0000,0x0000,0x0000,0x0000,0x0000,
  0x0000,0x0000,0x0000,0x0000,0x0000,0x0000,0x0000,0x0000,0x0000,0x0000,0x0000,0x0000,
  0x0000,0x0000,0x0000,0x0000,0x0000,0x0000,0x0000,0x0000,0x0000,0x0000,0x0000,0x0000,
  0x0000,0x0000,0x0000,0x0000,0x0000,0x0000,0x0000,0x0000,0x0000,0x0000,0x0000,0x0000,
  0x0000,0x0000,0x0000,0x0000,0x0000,0x0000,0x0000,0x0000,0x0000,0x0000,0x0000,0x0000,
  0x0000,0x0000,0x0000,0x0000,0x0000,0x0000,0x0000,0x0000,0x0000,0x0000,0x0000,0x0000,
  0x0000,0x0000,0x0000,0x0000,0x0000,0x0000,0x0000,0x0000,0x0000,0x0000,0x0000,0x0000,
  0x0000,0x0000,0x0000,0x0000,0x0000,0x0000,0x0000,0x0000,0x0000,0x0000,0x0000,0x0001,
  0x0001,0x0001,0x0001,0x0001,0x0001,0x0001,0x0801,0x0801,0x0801,0x0801,0x0801,0x0801,
  0x0801,0x0801,0x0801,0x0802,0x0802,0x1002,0x1002,0x1002,0x1002,0x1002,0x1002,0x1802,
  0x1802,0x1802,0x1803,0x1803,0x1803,0x1803,0x2003,0x2003,0x2003,0x2004,0x2804,0x2804,
  0x2804,0x2804,0x3004,0x3005,0x3005,0x3005,0x3805,0x3805,0x3806,0x3806,0x3806,0x3806,
  0x4006,0x4006,0x4006,0x4006,0x4007,0x4007,0x4007,0x4007,0x4007,0x4007,0x4007,0x4007,
  0x4007,0x4008,0x4008,0x4008,0x4008,0x4008,0x4008,0x4008,0x4008,0x3808,0x3808,0x3808,
  0x3808,0x3808,0x3808,0x3808,0x3008,0x3008,0x3008,0x3008,0x3008,0x2808,0x2807,0x2807,
  0x2807,0x2007,0x2007,0x2007,0x2006,0x1806,0x1806,0x1806,0x1806,0x1805,0x1805,0x1005,
  0x1005,0x1005,0x1004,0x1004,0x1004,0x1004,0x0804,0x0803,0x0803,0x0803,0x0803,0x0803,
  0x0803,0x0003,0x0002,0x0002,0x0002,0x0002,0x0002,0x0002,0x0002,0x0002,0x0002,0x0002,
  0x0002,0x0002,0x0002,0x0001,0x0001,0x0001,0x0001,0x0001,0x0001,0x0001,0x0001,0x0001,
  0x0001,0x0001,0x0001,0x0001,0x0001,0x0001,0x0001,0x0001,0x0001,0x0001,0x0001,0x0001,
  0x0000,0x0001,0x0000,0x0001,0x0001,0x0000,0x0000,0x0000,0x0000,0x0000,0x0000,0x0000,
  0x0000,0x0000,0x0000,0x0000,0x0000,0x0000,0x0000,0x0000,0x0000,0x0000,0x0000,0x0000,
  0x0000,0x0000,0x0000,0x0000,0x0000,0x0000,0x0000,0x0000,0x0000,0x0000,0x0000,0x0000,
  0x0000,0x0000,0x0000,0x0000,0x0000,0x0000,0x0000,0x0000,0x0000,0x0000,0x0000,0x0000,
  0x0000,0x0000,0x0000,0x0000,0x0000,0x0000,0x0000,0x0000,0x0000,0x0000,0x0000,0x0000,
  0x0000,0x0000,0x0000,0x0000,0x0000,0x0000,0x0000,0x0000,0x0000,0x0000,0x0000,0x0000,
  0x0000,0x0000,0x0000,0x0000,0x0000,0x0000,0x0000,0x0000,0x0000,0x0000,0x0000,0x0000,
  0x0000,0x0000,0x0000,0x0000,0x0000,0x0000,0x0000,0x0000,0x0000,0x0000,0x0000,0x0001,
  0x0001,0x0001,0x0001,0x0001,0x0001,0x0001,0x0801,0x0801,0x0801,0x0801,0x0801,0x0801,
  0x0801,0x0801,0x0802,0x0802,0x0802,0x1002,0x1002,0x1002,0x1002,0x1002,0x1002,0x1802,
  0x1802,0x1802,0x1803,0x1803,0x1803,0x1803,0x2003,0x2003,0x2003,0x2004,0x2804,0x2804,
  0x2804,0x2804,0x3004,0x3004,0x3005,0x3005,0x3805,0x3805,0x3805,0x3806,0x3806,0x3806,
  0x3806,0x4006,0x4006,0x4006,0x4006,0x4007,0x4007,0x4007,0x4007,0x4007,0x4007,0x4007,
  0x4007,0x4008,0x4008,0x4008,0x4008,0x4008,0x4008,0x4008,0x3808,0x3808,0x3808,0x3808,
  0x3808,0x3808,0x3808,0x3808,0x3008,0x3008,0x3008,0x3008,0x3008,0x2807,0x2807,0x2807,
  0x2807,0x2007,0x2007,0x2006,0x2006,0x1806,0x1806,0x1806,0x1806,0x1805,0x1805,0x1005,
  0x1005,0x1004,0x1004,0x1004,0x1004,0x1004,0x0804,0x0803,0x0803,0x0803,0x0803,0x0803,
  0x0003,0x0003,0x0002,0x0002,0x0002,0x0002,0x0002,0x0002,0x0002,0x0002,0x0002,0x0002,
  0x0002,0x0002,0x0002,0x0001,0x0001,0x0001,0x0001,0x0001,0x0001,0x0001,0x0001,0x0001,
  0x0001,0x0001,0x0001,0x0001,0x0001,0x0001,0x0001,0x0001,0x0001,0x0001,0x0001,0x0001,
  0x0001,0x0001,0x0001,0x0001,0x0000,0x0001,0x0000,0x0000,0x0000,0x0000,0x0000,0x0000,
  0x0000,0x0000,0x0000,0x0000,0x0000,0x0000,0x0000,0x0000,0x0000,0x0000,0x0000,0x0000,
  0x0000,0x0000,0x0000,0x0000,0x0000,0x0000,0x0000,0x0000,0x0000,0x0000,0x0000,0x0000,
  0x0000,0x0000,0x0000,0x0000,0x0000,0x0000,0x0000,0x0000,0x0000,0x0000,0x0000,0x0000,
  0x0000,0x0000,0x0000,0x0000,0x0000,0x0000,0x0000,0x0000,0x0000,0x0000,0x0000,0x0000,
  0x0000,0x0000,0x0000,0x0000,0x0000,0x0000,0x0000,0x0000,0x0000,0x0000,0x0000,0x0000,
  0x0000,0x0000,0x0000,0x0000,0x0000,0x0000,0x0000,0x0000,0x0000,0x0000,0x0000,0x0000,
  0x0000,0x0000,0x0000,0x0000,0x0000,0x0000,0x0000,0x0000,0x0000,0x0000,0x0000,0x0001,
  0x0001,0x0001,0x0001,0x0001,0x0001,0x0001,0x0801,0x0801,0x0801,0x0801,0x0801,0x0801,
  0x0801,0x0801,0x0802,0x0802,0x0802,0x1002,0x1002,0x1002,0x1002,0x1002,0x1002,0x1002,
  0x1802,0x1802,0x1802,0x1803,0x1803,0x1803,0x2003,0x2003,0x2003,0x2004,0x2804,0x2804,
  0x2804,0x2804,0x3004,0x3005,0x3005,0x3005,0x3005,0x3805,0x3806,0x3806,0x3806,0x3806,
  0x3806,0x3806,0x4006,0x4006,0x4006,0x4007,0x4007,0x4007,0x4007,0x4007,0x4007,0x4007,
  0x4007,0x4007,0x4007,0x4008,0x4008,0x4008,0x4008,0x3808,0x3808,0x3808,0x3808,0x3808,
  0x3808,0x3808,0x3808,0x3008,0x3008,0x3008,0x3008,0x3008,0x2808,0x2807,0x2807,0x2807,
  0x2007,0x2007,0x2006,0x2006,0x2006,0x1806,0x1806,0x1806,0x1806,0x1805,0x1805,0x1005,
  0x1005,0x1005,0x1004,0x1004,0x1004,0x0804,0x0803,0x0803,0x0803,0x0803,0x0803,0x0803,
  0x0003,0x0003,0x0002,0x0002,0x0002,0x0002,0x0002,0x0002,0x0002,0x0002,0x0002,0x0002,
  0x0002,0x0002,0x0001,0x0001,0x0001,0x0001,0x0001,0x0001,0x0001,0x0001,0x0001,0x0001,
  0x0001,0x0001,0x0021,0x0001,0x0001,0x0001,0x0001,0x0001,0x0001,0x0001,0x0000,0x0001,
  0x0000,0x0001,0x0000,0x0000,0x0000,0x0000,0x0000,0x0000,0x0000,0x0000,0x0000,0x0000,
  0x0000,0x0000,0x0000,0x0000,0x0000,0x0000,0x0000,0x0000,0x0000,0x0000,0x0000,0x0000,
  0x0000,0x0000,0x0000,0x0000,0x0000,0x0000,0x0000,0x0000,0x0000,0x0000,0x0000,0x0000,
  0x0000,0x0000,0x0000,0x0000,0x0000,0x0000,0x0000,0x0000,0x0000,0x0000,0x0000,0x0000,
  0x0000,0x0000,0x0000,0x0000,0x0000,0x0000,0x0000,0x0000,0x0000,0x0000,0x0000,0x0000,
  0x0000,0x0000,0x0000,0x0000,0x0000,0x0000,0x0000,0x0000,0x0000,0x0000,0x0000,0x0000,
  0x0000,0x0000,0x0000,0x0000,0x0000,0x0000,0x0000,0x0000,0x0000,0x0000,0x0000,0x0000,
  0x0000,0x0000,0x0000,0x0000,0x0000,0x0000,0x0000,0x0000,0x0000,0x0000,0x0000,0x0001,
  0x0000,0x0001,0x0001,0x0001,0x0001,0x0001,0x0801,0x0801,0x0801,0x0801,0x0801,0x0801,
  0x0801,0x0801,0x0801,0x0801,0x0802,0x0802,0x1002,0x1002,0x1002,0x1002,0x1002,0x1002,
  0x1802,0x1802,0x1802,0x1803,0x1803,0x1803,0x2003,0x2003,0x2003,0x2004,0x2804,0x2804,
  0x2804,0x2804,0x2804,0x3005,0x3005,0x3005,0x3005,0x3805,0x3805,0x3806,0x3806,0x3806,
  0x3806,0x3806,0x3806,0x4006,0x4006,0x4007,0x4007,0x4007,0x4007,0x4007,0x4007,0x4007,
  0x4007,0x4007,0x4007,0x4008,0x4008,0x4008,0x3808,0x3808,0x3808,0x3808,0x3808,0x3808,
  0x3808,0x3808,0x3808,0x3008,0x3008,0x3008,0x3008,0x3008,0x2807,0x2807,0x2807,0x2807,
  0x2007,0x2007,0x2006,0x2006,0x2006,0x1806,0x1806,0x1806,0x1806,0x1805,0x1005,0x1005,
  0x1005,0x1004,0x1004,0x1004,0x1004,0x0804,0x0804,0x0803,0x0803,0x0803,0x0803,0x0803,
  0x0803,0x0003,0x0002,0x0002,0x0002,0x0002,0x0002,0x0002,0x0002,0x0002,0x0002,0x0002,
  0x0002,0x0002,0x0002,0x0002,0x0001,0x0001,0x0001,0x0001,0x0001,0x0001,0x0001,0x0001,
  0x0001,0x0001,0x0001,0x0001,0x0001,0x0001,0x0001,0x0001,0x0001,0x0001,0x0001,0x0001,
  0x0000,0x0001,0x0001,0x0000,0x0000,0x0000,0x0000,0x0000,0x0000,0x0000,0x0000,0x0000,
  0x0000,0x0000,0x0000,0x0000,0x0000,0x0000,0x0000,0x0000,0x0000,0x0000,0x0000,0x0000,
  0x0000,0x0000,0x0000,0x0000,0x0000,0x0000,0x0000,0x0000,0x0000,0x0000,0x0000,0x0000,
  0x0000,0x0000,0x0000,0x0000,0x0000,0x0000,0x0000,0x0000,0x0000,0x0000,0x0000,0x0000,
  0x0000,0x0000,0x0000,0x0000,0x0000,0x0000,0x0000,0x0000,0x0000,0x0000,0x0000,0x0000,
  0x0000,0x0000,0x0000,0x0000,0x0000,0x0000,0x0000,0x0000,0x0000,0x0000,0x0000,0x0000,
  0x0000,0x0000,0x0000,0x0000,0x0000,0x0000,0x0000,0x0000,0x0000,0x0000,0x0000,0x0000,
  0x0000,0x0000,0x0000,0x0000,0x0000,0x0000,0x0000,0x0000,0x0000,0x0000,0x0000,0x0001,
  0x0000,0x0001,0x0001,0x0001,0x0001,0x0001,0x0801,0x0801,0x0801,0x0801,0x0801,0x0801,
  0x0801,0x0801,0x0802,0x0802,0x0802,0x0802,0x1002,0x1002,0x1002,0x1002,0x1002,0x1002,
  0x1802,0x1802,0x1803,0x1803,0x1803,0x1803,0x2003,0x2003,0x2003,0x2004,0x2004,0x2804,
  0x2804,0x2804,0x2804,0x3005,0x3005,0x3005,0x3005,0x3005,0x3805,0x3806,0x3806,0x3806,
  0x3806,0x3806,0x3806,0x4006,0x3806,0x3807,0x4007,0x4007,0x4007,0x4007,0x4007,0x4007,
  0x4007,0x4007,0x4007,0x4008,0x3808,0x3808,0x3808,0x3808,0x3808,0x3808,0x3808,0x3808,
  0x3808,0x3808,0x3008,0x3008,0x3008,0x3008,0x3008,0x2808,0x2807,0x2807,0x2807,0x2807,
  0x2007,0x2007,0x2006,0x2006,0x1806,0x1806,0x1806,0x1806,0x1805,0x1805,0x1005,0x1005,
  0x1005,0x1004,0x1004,0x1004,0x1004,0x0804,0x0804,0x0803,0x0803,0x0803,0x0803,0x0803,
  0x0003,0x0003,0x0002,0x0002,0x0002,0x0002,0x0002,0x0002,0x0002,0x0002,0x0002,0x0002,
  0x0002,0x0002,0x0002,0x0002,0x0021,0x0001,0x0001,0x0001,0x0001,0x0001,0x0001,0x0001,
  0x0001,0x0001,0x0001,0x0001,0x0001,0x0001,0x0001,0x0001,0x0001,0x0001,0x0001,0x0001,
  0x0001,0x0001,0x0001,0x0001,0x0001,0x0001,0x0001,0x0001,0x0000,0x0000,0x0000,0x0000,
  0x0000,0x0000,0x0000,0x0000,0x0000,0x0000,0x0000,0x0000,0x0000,0x0000,0x0000,0x0000,
  0x0000,0x0000,0x0000,0x0000,0x0000,0x0000,0x0000,0x0000,0x0000,0x0000,0x0000,0x0000,
  0x0000,0x0000,0x0000,0x0000,0x0000,0x0000,0x0000,0x0000,0x0000,0x0000,0x0000,0x0000,
  0x0000,0x0000,0x0000,0x0000,0x0000,0x0000,0x0000,0x0000,0x0000,0x0000,0x0000,0x0000,
  0x0000,0x0000,0x0000,0x0000,0x0000,0x0000,0x0000,0x0000,0x0000,0x0000,0x0000,0x0000,
  0x0000,0x0000,0x0000,0x0000,0x0000,0x0000,0x0000,0x0000,0x0000,0x0000,0x0000,0x0000,
  0x0000,0x0000,0x0000,0x0000,0x0000,0x0000,0x0000,0x0000,0x0000,0x0000,0x0000,0x0001,
  0x0000,0x0001,0x0001,0x0001,0x0001,0x0001,0x0801,0x0801,0x0801,0x0801,0x0801,0x0801,
  0x0801,0x0801,0x0802,0x0802,0x0802,0x1002,0x1002,0x1002,0x1002,0x1002,0x1002,0x1002,
  0x1002,0x1802,0x1802,0x1803,0x1803,0x1803,0x2003,0x2003,0x2003,0x2004,0x2004,0x2804,
  0x2804,0x2804,0x2804,0x3005,0x3005,0x3005,0x3005,0x3005,0x3805,0x3806,0x3806,0x3806,
  0x3806,0x3806,0x3806,0x3806,0x3806,0x3807,0x3807,0x4007,0x4007,0x4007,0x4007,0x4007,
  0x4007,0x4007,0x4007,0x3808,0x3808,0x3808,0x3808,0x3808,0x3808,0x3808,0x3808,0x3808,
  0x3808,0x3008,0x3008,0x3008,0x3008,0x3008,0x3008,0x2808,0x2807,0x2807,0x2807,0x2807,
  0x2007,0x2007,0x2006,0x2006,0x1806,0x1806,0x1806,0x1806,0x1806,0x1805,0x1005,0x1005,
  0x1005,0x1004,0x1004,0x1004,0x1004,0x0804,0x0804,0x0803,0x0803,0x0803,0x0803,0x0803,
  0x0803,0x0003,0x0002,0x0002,0x0002,0x0002,0x0002,0x0002,0x0002,0x0002,0x0002,0x0002,
  0x0002,0x0002,0x0002,0x0002,0x0002,0x0001,0x0001,0x0001,0x0001,0x0001,0x0001,0x0001,
  0x0001,0x0001,0x0001,0x0001,0x0001,0x0001,0x0001,0x0001,0x0001,0x0001,0x0001,0x0001,
  0x0001,0x0001,0x0001,0x0001,0x0001,0x0001,0x0001,0x0001,0x0001,0x0000,0x0000,0x0000,
  0x0000,0x0000,0x0000,0x0000,0x0000,0x0000,0x0000,0x0000,0x0000,0x0000,0x0000,0x0000,
  0x0000,0x0000,0x0000,0x0000,0x0000,0x0000,0x0000,0x0000,0x0000,0x0000,0x0000,0x0000,
  0x0000,0x0000,0x0000,0x0000,0x0000,0x0000,0x0000,0x0000,0x0000,0x0000,0x0000,0x0000,
  0x0000,0x0000,0x0000,0x0000,0x0000,0x0000,0x0000,0x0000,0x0000,0x0000,0x0000,0x0000,
  0x0000,0x0000,0x0000,0x0000,0x0000,0x0000,0x0000,0x0000,0x0000,0x0000,0x0000,0x0000,
  0x0000,0x0000,0x0000,0x0000,0x0000,0x0000,0x0000,0x0000,0x0000,0x0000,0x0000,0x0000,
  0x0000,0x0000,0x0000,0x0000,0x0000,0x0000,0x0000,0x0000,0x0000,0x0001,0x0001,0x0001,
  0x0001,0x0001,0x0001,0x0001,0x0001,0x0001,0x0001,0x0801,0x0801,0x0801,0x0801,0x0801,
  0x0801,0x0802,0x0802,0x0802,0x0802,0x0802,0x1002,0x1002,0x1002,0x1002,0x1002,0x1002,
  0x1002,0x1802,0x1803,0x1803,0x1803,0x1803,0x1803,0x2003,0x2003,0x2004,0x2004,0x2004,
  0x2804,0x2804,0x2804,0x2805,0x3005,0x3005,0x3005,0x3005,0x3005,0x3006,0x3806,0x3806,
  0x3806,0x3806,0x3806,0x3806,0x3806,0x3807,0x3807,0x3807,0x3807,0x3807,0x3807,0x3807,
  0x3827,0x3827,0x3827,0x3828,0x3828,0x3828,0x3828,0x3828,0x3828,0x3828,0x3808,0x3008,
  0x3008,0x3028,0x3028,0x3028,0x3028,0x2828,0x2828,0x2827,0x2827,0x2827,0x2827,0x2027,
  0x2027,0x2027,0x2026,0x1826,0x1826,0x1826,0x1826,0x1806,0x1805,0x1005,0x1005,0x1005,
  0x1025,0x1025,0x1004,0x1004,0x0804,0x0804,0x0804,0x0804,0x0803,0x0803,0x0803,0x0803,
  0x0003,0x0003,0x0003,0x0003,0x0022,0x0002,0x0022,0x0022,0x0002,0x0022,0x0002,0x0002,
  0x0002,0x0002,0x0002,0x0022,0x0022,0x0022,0x0022,0x0022,0x0022,0x0021,0x0001,0x0001,
  0x0001,0x0001,0x0001,0x0001,0x0001,0x0001,0x0001,0x0001,0x0021,0x0001,0x0001,0x0021,
  0x0001,0x0001,0x0021,0x0021,0x0021,0x0021,0x0021,0x0021,0x0021,0x0021,0x0001,0x0001,
  0x0001,0x0001,0x0001,0x0000,0x0000,0x0000,0x0000,0x0000,0x0000,0x0000,0x0000,0x0000,
  0x0000,0x0000,0x0000,0x0000,0x0000,0x0000,0x0000,0x0000,0x0000,0x0000,0x0000,0x0000,
};

#endif
